step,batch,lr,loss,perplexity,ms_per_step,s_per_norm_seq,delta_word,delta_char1,word_loss
10,1,2.0000002e-6,6.028525,415.1024,14001.07,9.6715,0.033295,0.096059,31.376535
20,2,4.0000004e-6,5.898123,364.3530,14161.68,9.4584,0.033111,0.094777,30.319693
30,3,6e-6,5.688246,295.3750,17223.12,9.5642,0.032286,0.091772,29.855539
40,5,1.0000001e-5,5.396403,220.6115,14870.03,9.5073,0.030530,0.081628,27.397068
50,6,1.2e-5,5.057994,157.2747,12967.42,8.9262,0.027630,0.068025,26.439642
60,7,1.4000001e-5,4.802050,121.7598,15874.20,9.4004,0.024670,0.057262,24.740688
70,8,1.6000002e-5,4.638509,103.3901,11876.20,8.7896,0.022634,0.049612,24.664234
80,10,2.0000001e-5,4.379064,79.7633,13524.70,9.2687,0.019613,0.041845,22.208744
90,11,2.2e-5,4.247474,69.9286,14695.66,8.8302,0.017637,0.034947,22.649979
