step,batch,lr,loss,perplexity,ms_per_step,s_per_norm_seq
10,1,6.6666666e-7,6.020296,411.7005,783.41,0.0886
20,2,1.3333333e-6,5.997267,402.3276,844.54,0.0774
30,3,2e-6,5.983230,396.7196,761.55,0.0853
40,5,3.3333333e-6,5.922574,373.3716,620.65,0.0816
50,6,4e-6,5.878006,357.0965,672.18,0.0839
60,7,4.6666664e-6,5.782208,324.4750,548.49,0.0876
70,8,5.3333333e-6,5.686239,294.7829,675.97,0.0838
80,10,6.6666666e-6,5.631530,279.0887,574.66,0.0921
90,11,7.3333326e-6,5.559475,259.6866,722.80,0.0846
100,12,8e-6,5.414793,224.7060,755.47,0.0848
110,13,8.666666e-6,5.321239,204.6373,909.02,0.1073
120,15,1e-5,5.242564,189.1544,881.31,0.0760
130,16,1.0666667e-5,5.155779,173.4309,653.71,0.0858
140,17,1.13333335e-5,4.965669,143.4044,482.17,0.0862
150,18,1.19999995e-5,4.848593,127.5608,534.24,0.0876
160,20,1.3333333e-5,4.726869,112.9413,736.45,0.0841
170,21,1.3999999e-5,4.695663,109.4714,623.30,0.0916
180,22,1.4666665e-5,4.577987,97.3183,779.35,0.0792
190,23,1.5333333e-5,4.405538,81.9032,833.65,0.0889
200,25,1.6666667e-5,4.333274,76.1933,829.99,0.0903
210,26,1.7333332e-5,4.202052,66.8233,3268.95,0.3333
220,27,1.8e-5,4.203511,66.9209,728.74,0.0624
230,28,1.8666666e-5,4.074730,58.8346,1092.26,0.0549
240,30,2e-5,3.958477,52.3775,689.13,0.0562
250,31,2.0666666e-5,3.928756,50.8437,510.62,0.0613
260,32,2.1333333e-5,3.890322,48.9266,341.28,0.0571
270,33,2.2e-5,3.769378,43.3531,535.43,0.0591
280,35,2.3333332e-5,3.764707,43.1511,522.81,0.0621
290,36,2.3999999e-5,3.694613,40.2300,478.98,0.0624
300,37,2.4666666e-5,3.675771,39.4791,386.89,0.0625
310,38,2.5333333e-5,3.630771,37.7419,1072.08,0.0739
320,40,2.6666667e-5,3.482737,32.5487,705.88,0.0595
330,41,2.7333333e-5,3.505423,33.2955,823.42,0.0579
340,42,2.7999999e-5,3.443525,31.2971,763.58,0.0584
350,43,2.8666665e-5,3.412472,30.3402,628.15,0.0623
360,45,3.0000001e-5,3.335910,28.1040,638.06,0.0625
370,46,3.0666666e-5,3.306559,27.2911,619.32,0.0606
380,47,3.1333333e-5,3.241182,25.5639,413.33,0.0623
390,48,3.2e-5,3.196929,24.4573,575.25,0.0583
400,50,3.3333334e-5,3.121022,22.6695,492.15,0.0616
410,51,3.4e-5,3.147560,23.2792,844.27,0.0834
420,52,3.4666664e-5,3.121743,22.6859,852.59,0.0528
430,53,3.533333e-5,3.060308,21.3341,1040.53,0.0279
440,55,3.6666668e-5,3.042946,20.9669,581.12,0.0582
450,56,3.733333e-5,3.036074,20.8233,414.72,0.0600
460,57,3.8e-5,3.031604,20.7305,714.40,0.0586
470,58,3.8666665e-5,2.913504,18.4212,381.11,0.0711
480,60,4e-5,2.941877,18.9514,538.79,0.0605
490,61,4.0666666e-5,2.915505,18.4581,649.44,0.0601
500,62,4.1333333e-5,2.776334,16.0600,651.87,0.0591
510,63,4.1999996e-5,2.906850,18.2991,3199.08,0.3578
520,65,4.3333333e-5,2.789248,16.2688,146.44,0.0303
530,66,4.4e-5,2.801175,16.4640,196.20,0.0306
540,67,4.4666664e-5,2.778848,16.1005,256.30,0.0368
550,68,4.5333334e-5,2.689157,14.7193,206.29,0.0283
560,70,4.6666664e-5,2.704792,14.9512,241.34,0.0302
570,71,4.733333e-5,2.701262,14.8985,334.36,0.0311
580,72,4.7999998e-5,2.599668,13.4593,226.28,0.0280
590,73,4.8666665e-5,2.588149,13.3051,333.36,0.0349
600,75,5e-5,2.597023,13.4237,334.14,0.0314
610,76,5.0666666e-5,2.624995,13.8045,3456.10,0.1927
620,77,5.1333333e-5,2.654226,14.2140,272.84,0.0209
630,78,5.1999996e-5,2.560273,12.9393,217.33,0.0158
640,80,5.3333333e-5,2.508494,12.2864,200.79,0.0180
650,81,5.4e-5,2.508193,12.2827,147.24,0.0158
660,82,5.4666667e-5,2.478649,11.9251,339.56,0.0214
670,83,5.5333334e-5,2.481282,11.9566,211.28,0.0208
680,85,5.6666664e-5,2.409241,11.1255,269.31,0.0197
690,86,5.733333e-5,2.359784,10.5887,170.96,0.0183
700,87,5.7999998e-5,2.462641,11.7358,86.07,0.0167
710,88,5.866666e-5,2.325520,10.2320,397.07,0.0631
720,90,6.0000002e-5,2.318824,10.1637,117.99,0.0180
730,91,6.0666665e-5,2.322391,10.2000,122.44,0.0161
740,92,6.133333e-5,2.293794,9.9125,421.15,0.0212
750,93,6.2e-5,2.291015,9.8850,175.61,0.0178
760,95,6.333333e-5,2.303812,10.0123,151.30,0.0164
770,96,6.4e-5,2.304531,10.0195,398.85,0.0251
780,97,6.466666e-5,2.251309,9.5002,145.90,0.0174
790,98,6.5333326e-5,2.224368,9.2476,196.86,0.0200
800,100,6.666667e-5,2.233787,9.3351,166.73,0.0159
810,101,6.7333334e-5,2.146232,8.5526,365.72,0.0452
820,102,6.8e-5,2.195454,8.9841,152.33,0.0156
830,103,6.866667e-5,2.166224,8.7253,147.50,0.0167
840,105,6.9999995e-5,2.157946,8.6533,148.36,0.0163
850,106,7.066666e-5,2.162022,8.6887,198.47,0.0151
860,107,7.133333e-5,2.196380,8.9924,163.56,0.0174
870,108,7.2e-5,2.117867,8.3134,116.14,0.0173
880,110,7.3333336e-5,2.088324,8.0714,127.33,0.0161
890,111,7.3999996e-5,2.147483,8.5633,160.80,0.0173
900,112,7.466666e-5,2.120135,8.3323,96.42,0.0182
910,113,7.533333e-5,2.120622,8.3363,365.34,0.0434
920,115,7.666666e-5,2.083002,8.0285,129.67,0.0151
930,116,7.733333e-5,2.015950,7.5079,201.86,0.0183
940,117,7.8e-5,2.125498,8.3771,250.87,0.0187
950,118,7.8666664e-5,2.006827,7.4397,145.81,0.0155
960,120,8e-5,2.028249,7.6008,188.64,0.0201
970,121,8.0666665e-5,1.976825,7.2198,158.76,0.0147
980,122,8.133333e-5,2.036148,7.6610,351.59,0.0188
990,123,8.2e-5,1.991020,7.3230,256.78,0.0188
1000,125,8.333333e-5,1.958875,7.0913,127.47,0.0157
1010,126,8.399999e-5,2.029349,7.6091,3083.86,0.2844
1020,127,8.4666666e-5,2.114146,8.2825,138.30,0.0163
1030,128,8.533333e-5,2.035624,7.6570,362.42,0.0306
1040,130,8.666667e-5,2.015690,7.5059,97.38,0.0169
1050,131,8.7333334e-5,2.009221,7.4575,145.32,0.0162
1060,132,8.8e-5,2.061843,7.8604,109.93,0.0164
1070,133,8.866666e-5,1.964882,7.1341,234.22,0.0141
1080,135,8.9999994e-5,2.020640,7.5431,98.35,0.0169
1090,136,9.066667e-5,1.957033,7.0783,186.07,0.0157
1100,137,9.1333335e-5,2.000488,7.3927,130.94,0.0163
1110,138,9.2e-5,1.963619,7.1251,446.19,0.0378
1120,140,9.333333e-5,1.978998,7.2355,123.58,0.0156
1130,141,9.3999995e-5,1.940506,6.9623,155.26,0.0148
1140,142,9.466666e-5,1.935749,6.9292,187.01,0.0143
1150,143,9.533333e-5,1.882297,6.5686,197.65,0.0143
1160,145,9.666666e-5,1.941736,6.9708,162.81,0.0155
1170,146,9.733333e-5,1.906074,6.7266,123.17,0.0159
1180,147,9.8e-5,1.907271,6.7347,113.98,0.0164
1190,148,9.8666664e-5,1.895919,6.6587,130.55,0.0157
1200,150,9.999977e-5,1.876020,6.5275,134.16,0.0162
1210,151,9.999977e-5,1.916222,6.7952,385.52,0.0403
1220,152,9.999977e-5,1.865903,6.4618,192.52,0.0142
1230,153,9.999977e-5,1.866346,6.4646,122.53,0.0160
1240,155,9.999977e-5,1.895512,6.6560,214.17,0.0152
1250,156,9.999976e-5,1.982089,7.2579,100.56,0.0171
1260,157,9.999976e-5,1.846892,6.3401,187.92,0.0145
1270,158,9.999976e-5,1.916336,6.7960,168.91,0.0152
1280,160,9.999974e-5,1.845720,6.3327,110.45,0.0165
1290,161,9.999974e-5,1.845879,6.3337,172.26,0.0152
1300,162,9.999974e-5,1.811512,6.1197,114.59,0.0171
1310,163,9.999974e-5,1.831123,6.2409,440.06,0.0297
1320,165,9.999973e-5,1.877834,6.5393,162.21,0.0163
1330,166,9.999973e-5,1.851652,6.3703,95.26,0.0168
1340,167,9.999973e-5,1.829854,6.2330,99.12,0.0163
1350,168,9.999973e-5,1.848034,6.3473,136.58,0.0156
1360,170,9.9999714e-5,1.769787,5.8696,173.40,0.0141
1370,171,9.9999714e-5,1.725705,5.6165,149.42,0.0152
1380,172,9.9999714e-5,1.847663,6.3450,99.80,0.0155
1390,173,9.99997e-5,1.750329,5.7565,192.61,0.0149
1400,175,9.99997e-5,1.860316,6.4258,69.01,0.0182
1410,176,9.99997e-5,1.746319,5.7335,325.87,0.0555
1420,177,9.9999685e-5,1.803862,6.0731,116.24,0.0158
1430,178,9.9999685e-5,1.791991,6.0014,169.59,0.0149
1440,180,9.9999685e-5,1.764364,5.8379,95.15,0.0171
1450,181,9.9999685e-5,1.727909,5.6289,128.76,0.0162
1460,182,9.999967e-5,1.745372,5.7280,126.33,0.0156
1470,183,9.999967e-5,1.750807,5.7592,197.03,0.0146
1480,185,9.999967e-5,1.750112,5.7552,187.15,0.0153
1490,186,9.9999656e-5,1.729363,5.6371,160.35,0.0153
1500,187,9.9999656e-5,1.747101,5.7379,163.89,0.0149
1510,188,9.9999656e-5,1.732457,5.6545,357.34,0.0423
1520,190,9.999964e-5,1.756309,5.7910,65.55,0.0191
1530,191,9.999964e-5,1.721562,5.5933,132.11,0.0151
1540,192,9.999964e-5,1.719784,5.5833,207.31,0.0141
1550,193,9.999964e-5,1.731834,5.6510,159.35,0.0149
1560,195,9.999963e-5,1.722365,5.5978,79.27,0.0174
1570,196,9.999963e-5,1.713590,5.5488,152.51,0.0149
1580,197,9.999961e-5,1.704114,5.4965,135.96,0.0151
1590,198,9.999961e-5,1.753237,5.7733,182.82,0.0148
1600,200,9.99996e-5,1.749211,5.7501,144.37,0.0156
1610,201,9.99996e-5,1.681903,5.3758,324.78,0.0542
1620,202,9.99996e-5,1.687268,5.4047,186.80,0.0148
1630,203,9.99996e-5,1.746912,5.7369,224.80,0.0140
1640,205,9.999958e-5,1.707176,5.5134,203.67,0.0152
1650,206,9.999958e-5,1.685787,5.3967,112.94,0.0157
1660,207,9.999958e-5,1.643361,5.1725,103.60,0.0158
1670,208,9.999957e-5,1.663687,5.2787,139.29,0.0154
1680,210,9.999957e-5,1.652179,5.2183,207.33,0.0136
1690,211,9.999957e-5,1.692703,5.4341,130.05,0.0156
1700,212,9.999957e-5,1.625105,5.0790,118.33,0.0152
1710,213,9.9999554e-5,1.728409,5.6317,3011.77,0.3765
1720,215,9.999954e-5,1.856427,6.4008,102.90,0.0148
1730,216,9.999954e-5,1.764065,5.8361,257.34,0.0215
1740,217,9.999954e-5,1.742340,5.7107,175.22,0.0133
1750,218,9.9999525e-5,1.717711,5.5718,114.75,0.0140
1760,220,9.9999525e-5,1.686459,5.4003,128.89,0.0141
1770,221,9.9999525e-5,1.697860,5.4622,123.74,0.0151
1780,222,9.9999525e-5,1.707485,5.5151,159.15,0.0131
1790,223,9.999951e-5,1.689248,5.4154,111.02,0.0146
1800,225,9.9999495e-5,1.636571,5.1375,96.02,0.0151
1810,226,9.9999495e-5,1.728178,5.6304,347.67,0.0849
1820,227,9.9999495e-5,1.668908,5.3064,103.04,0.0143
1830,228,9.999948e-5,1.640724,5.1589,142.68,0.0137
1840,230,9.999948e-5,1.668755,5.3056,104.94,0.0143
1850,231,9.999948e-5,1.670218,5.3133,92.27,0.0151
1860,232,9.9999466e-5,1.640417,5.1573,209.37,0.0126
1870,233,9.9999466e-5,1.661812,5.2688,110.32,0.0139
1880,235,9.999945e-5,1.603309,4.9694,95.48,0.0146
1890,236,9.999945e-5,1.606207,4.9839,144.64,0.0136
1900,237,9.999944e-5,1.664026,5.2805,135.51,0.0142
1910,238,9.999944e-5,1.670208,5.3133,341.72,0.0490
1920,240,9.999944e-5,1.662885,5.2745,86.05,0.0161
1930,241,9.999942e-5,1.653017,5.2227,111.87,0.0146
1940,242,9.999942e-5,1.594557,4.9261,167.65,0.0132
1950,243,9.999942e-5,1.655434,5.2354,121.85,0.0139
1960,245,9.999941e-5,1.731921,5.6515,105.60,0.0141
1970,246,9.999939e-5,1.613319,5.0194,82.27,0.0154
1980,247,9.999939e-5,1.636258,5.1359,141.01,0.0134
1990,248,9.999939e-5,1.685512,5.3952,164.71,0.0131
2000,250,9.999938e-5,1.594224,4.9245,120.21,0.0139
2010,251,9.999938e-5,1.636863,5.1390,419.69,0.0304
2020,252,9.999938e-5,1.657212,5.2447,152.91,0.0130
2030,253,9.9999364e-5,1.651557,5.2151,158.39,0.0130
2040,255,9.9999364e-5,1.691017,5.4250,109.05,0.0147
2050,256,9.9999364e-5,1.510403,4.5286,153.51,0.0130
2060,257,9.999935e-5,1.598719,4.9467,198.24,0.0127
2070,258,9.999935e-5,1.549376,4.7085,87.78,0.0151
2080,260,9.9999335e-5,1.574260,4.8272,106.17,0.0139
2090,261,9.999932e-5,1.626737,5.0872,87.95,0.0155
2100,262,9.999932e-5,1.646714,5.1899,131.13,0.0137
2110,263,9.999932e-5,1.567755,4.7959,375.27,0.0382
2120,265,9.9999306e-5,1.630570,5.1068,146.42,0.0140
2130,266,9.9999306e-5,1.559646,4.7571,122.02,0.0130
2140,267,9.999929e-5,1.568149,4.7978,161.99,0.0130
2150,268,9.999929e-5,1.644049,5.1761,97.67,0.0140
2160,270,9.999928e-5,1.591836,4.9128,214.94,0.0129
2170,271,9.999928e-5,1.625011,5.0785,134.95,0.0140
2180,272,9.999928e-5,1.595569,4.9311,114.14,0.0140
2190,273,9.999926e-5,1.575840,4.8348,101.59,0.0157
2200,275,9.999926e-5,1.554557,4.7330,133.18,0.0138
2210,276,9.999925e-5,1.544376,4.6850,363.72,0.0417
2220,277,9.999925e-5,1.536723,4.6493,218.44,0.0123
2230,278,9.999923e-5,1.569140,4.8025,128.21,0.0142
2240,280,9.999923e-5,1.542335,4.6755,144.11,0.0125
2250,281,9.999922e-5,1.592053,4.9138,145.53,0.0136
2260,282,9.999922e-5,1.614045,5.0231,100.20,0.0143
2270,283,9.9999204e-5,1.532829,4.6313,117.36,0.0145
2280,285,9.999919e-5,1.523881,4.5900,110.96,0.0144
2290,286,9.999919e-5,1.565140,4.7833,167.34,0.0133
2300,287,9.999919e-5,1.550034,4.7116,158.14,0.0131
2310,288,9.999919e-5,1.499940,4.4814,379.11,0.0362
2320,290,9.9999175e-5,1.563521,4.7756,118.98,0.0151
2330,291,9.999916e-5,1.596927,4.9378,149.42,0.0145
2340,292,9.999916e-5,1.535281,4.6426,88.98,0.0153
2350,293,9.999916e-5,1.522201,4.5823,130.95,0.0135
2360,295,9.9999146e-5,1.534140,4.6373,126.60,0.0141
2370,296,9.999913e-5,1.513632,4.5432,226.59,0.0124
2380,297,9.999913e-5,1.492163,4.4467,132.45,0.0137
2390,298,9.999912e-5,1.490500,4.4393,180.91,0.0124
2400,300,9.999912e-5,1.549140,4.7074,142.88,0.0133
2410,301,9.999912e-5,1.446881,4.2498,427.12,0.0288
2420,302,9.99991e-5,1.520073,4.5726,103.24,0.0142
2430,303,9.999909e-5,1.560888,4.7630,177.29,0.0133
2440,305,9.999909e-5,1.550413,4.7134,150.71,0.0135
2450,306,9.999907e-5,1.491032,4.4417,210.91,0.0127
2460,307,9.999907e-5,1.571429,4.8135,96.51,0.0147
2470,308,9.999907e-5,1.559583,4.7568,130.58,0.0136
2480,310,9.999906e-5,1.459216,4.3026,100.04,0.0146
2490,311,9.9999044e-5,1.528947,4.6133,98.79,0.0144
2500,312,9.9999044e-5,1.508908,4.5218,112.72,0.0142
2510,313,9.999903e-5,1.540024,4.6647,390.93,0.0352
2520,315,9.999903e-5,1.473066,4.3626,103.66,0.0152
2530,316,9.9999015e-5,1.487888,4.4277,217.18,0.0129
2540,317,9.9999015e-5,1.552730,4.7243,96.25,0.0145
2550,318,9.9999e-5,1.508067,4.5180,154.60,0.0130
2560,320,9.9998986e-5,1.543135,4.6792,109.39,0.0139
2570,321,9.9998986e-5,1.514579,4.5475,160.91,0.0131
2580,322,9.999897e-5,1.481653,4.4002,150.84,0.0133
2590,323,9.999897e-5,1.518471,4.5652,94.57,0.0147
2600,325,9.999896e-5,1.451122,4.2679,122.49,0.0139
2610,326,9.999894e-5,1.467372,4.3378,347.82,0.0422
2620,327,9.999894e-5,1.444136,4.2382,99.71,0.0146
2630,328,9.999894e-5,1.540866,4.6686,126.42,0.0147
2640,330,9.999893e-5,1.470485,4.3513,121.80,0.0143
2650,331,9.999891e-5,1.458018,4.2974,121.02,0.0150
2660,332,9.999891e-5,1.522884,4.5854,120.79,0.0152
2670,333,9.999891e-5,1.666129,5.2916,211.49,0.0130
2680,335,9.99989e-5,1.475050,4.3713,180.94,0.0126
2690,336,9.9998884e-5,1.466718,4.3350,140.37,0.0134
2700,337,9.9998884e-5,1.433355,4.1927,117.08,0.0138
2710,338,9.999887e-5,1.582608,4.8676,423.57,0.0295
2720,340,9.999887e-5,1.528862,4.6129,139.28,0.0138
2730,341,9.9998855e-5,1.512104,4.5363,236.14,0.0130
2740,342,9.999884e-5,1.468477,4.3426,98.07,0.0148
2750,343,9.999884e-5,1.429862,4.1781,141.08,0.0128
2760,345,9.9998826e-5,1.461049,4.3105,123.88,0.0145
2770,346,9.9998826e-5,1.432691,4.1900,131.07,0.0139
2780,347,9.999881e-5,1.430211,4.1796,155.63,0.0138
2790,348,9.999881e-5,1.483746,4.4094,102.57,0.0148
2800,350,9.999878e-5,1.474141,4.3673,122.66,0.0143
2810,351,9.999878e-5,1.495715,4.4625,385.69,0.0347
2820,352,9.999878e-5,1.413999,4.1124,105.37,0.0140
2830,353,9.999877e-5,1.444672,4.2405,109.00,0.0143
2840,355,9.999875e-5,1.444573,4.2400,115.40,0.0146
2850,356,9.999875e-5,1.498919,4.4768,97.51,0.0158
2860,357,9.999874e-5,1.405931,4.0793,147.82,0.0139
2870,358,9.999874e-5,1.463006,4.3189,237.79,0.0123
2880,360,9.9998724e-5,1.394879,4.0345,134.04,0.0136
2890,361,9.999871e-5,1.441848,4.2285,136.28,0.0136
2900,362,9.999871e-5,1.548060,4.7023,137.37,0.0141
2910,363,9.999871e-5,1.444605,4.2402,394.03,0.0314
2920,365,9.999868e-5,1.404724,4.0744,121.73,0.0141
2930,366,9.999868e-5,1.479234,4.3896,93.64,0.0151
2940,367,9.9998666e-5,1.458465,4.2994,138.14,0.0137
2950,368,9.9998666e-5,1.481441,4.3993,127.03,0.0141
2960,370,9.999865e-5,1.501583,4.4888,167.76,0.0132
2970,371,9.999864e-5,1.430055,4.1789,144.10,0.0135
2980,372,9.999864e-5,1.449616,4.2615,120.18,0.0135
2990,373,9.999862e-5,1.450923,4.2670,166.39,0.0136
3000,375,9.999862e-5,1.420051,4.1373,172.93,0.0132
3010,376,9.999861e-5,1.381120,3.9794,353.79,0.0425
3020,377,9.999859e-5,1.412168,4.1048,139.60,0.0139
3030,378,9.999859e-5,1.367937,3.9272,131.05,0.0140
3040,380,9.999858e-5,1.456771,4.2921,83.02,0.0158
3050,381,9.9998564e-5,1.406098,4.0800,253.18,0.0123
3060,382,9.9998564e-5,1.445238,4.2429,154.18,0.0140
3070,383,9.999855e-5,1.427073,4.1665,101.36,0.0143
3080,385,9.9998535e-5,1.396297,4.0402,163.64,0.0130
3090,386,9.9998535e-5,1.464728,4.3264,110.99,0.0150
3100,387,9.999852e-5,1.432248,4.1881,97.44,0.0144
3110,388,9.999852e-5,1.434510,4.1976,364.37,0.0409
3120,390,9.9998506e-5,1.451240,4.2684,100.02,0.0159
3130,391,9.999849e-5,1.411774,4.1032,82.50,0.0156
3140,392,9.999849e-5,1.426044,4.1622,111.24,0.0141
3150,393,9.999848e-5,1.426049,4.1622,90.84,0.0149
3160,395,9.999846e-5,1.432200,4.1879,90.87,0.0152
3170,396,9.999846e-5,1.439193,4.2173,184.04,0.0129
3180,397,9.999845e-5,1.481115,4.3978,134.76,0.0136
3190,398,9.999843e-5,1.391594,4.0213,159.52,0.0134
3200,400,9.999842e-5,1.366197,3.9204,155.56,0.0133
3210,401,9.999842e-5,1.399317,4.0524,408.68,0.0323
3220,402,9.9998404e-5,1.428013,4.1704,132.89,0.0141
3230,403,9.9998404e-5,1.389599,4.0132,120.01,0.0146
3240,405,9.9998375e-5,1.355001,3.8768,158.79,0.0127
3250,406,9.9998375e-5,1.415897,4.1202,161.75,0.0125
3260,407,9.999836e-5,1.413683,4.1111,165.27,0.0135
3270,408,9.999836e-5,1.482193,4.4026,236.80,0.0138
3280,410,9.999833e-5,1.391252,4.0199,80.70,0.0162
3290,411,9.999833e-5,1.410414,4.0976,102.40,0.0146
3300,412,9.999833e-5,1.416442,4.1224,95.84,0.0150
3310,413,9.999832e-5,1.377732,3.9659,336.29,0.0509
3320,415,9.99983e-5,1.375011,3.9551,126.18,0.0141
3330,416,9.99983e-5,1.397300,4.0443,123.09,0.0144
3340,417,9.999829e-5,1.298595,3.6641,98.34,0.0149
3350,418,9.999827e-5,1.408297,4.0890,147.86,0.0128
3360,420,9.999826e-5,1.369541,3.9335,79.35,0.0155
3370,421,9.999826e-5,1.365876,3.9192,102.13,0.0142
3380,422,9.9998244e-5,1.488054,4.4285,269.02,0.0119
3390,423,9.999823e-5,1.384675,3.9935,146.04,0.0138
3400,425,9.9998215e-5,1.369111,3.9319,105.56,0.0148
3410,426,9.9998215e-5,1.343581,3.8327,378.02,0.0348
3420,427,9.99982e-5,1.377091,3.9634,106.23,0.0146
3430,428,9.99982e-5,1.366913,3.9232,132.53,0.0138
3440,430,9.999817e-5,1.428855,4.1739,97.70,0.0160
3450,431,9.999817e-5,1.344762,3.8373,93.79,0.0142
3460,432,9.999816e-5,1.410754,4.0990,182.65,0.0131
3470,433,9.999816e-5,1.340276,3.8201,80.83,0.0164
3480,435,9.999813e-5,1.432076,4.1874,103.00,0.0150
3490,436,9.999813e-5,1.331883,3.7882,226.64,0.0135
3500,437,9.999811e-5,1.378843,3.9703,125.54,0.0144
3510,438,9.999811e-5,1.410166,4.0966,364.63,0.0382
3520,440,9.99981e-5,1.582130,4.8653,284.69,0.0139
3530,441,9.9998084e-5,1.337255,3.8086,181.64,0.0129
3540,442,9.999807e-5,1.322352,3.7522,157.13,0.0128
3550,443,9.999807e-5,1.404071,4.0717,132.36,0.0134
3560,445,9.9998055e-5,1.429089,4.1749,91.76,0.0165
3570,446,9.999804e-5,1.358319,3.8896,106.08,0.0139
3580,447,9.9998026e-5,1.331912,3.7883,102.57,0.0149
3590,448,9.999801e-5,1.379725,3.9738,128.22,0.0141
3600,450,9.999801e-5,1.406131,4.0801,98.85,0.0145
3610,451,9.9998e-5,1.390053,4.0151,330.89,0.0508
3620,452,9.999798e-5,1.416853,4.1241,183.60,0.0133
3630,453,9.999797e-5,1.405063,4.0758,115.14,0.0142
3640,455,9.999795e-5,1.421749,4.1444,109.68,0.0142
3650,456,9.999795e-5,1.329318,3.7785,151.41,0.0131
3660,457,9.999794e-5,1.389904,4.0145,133.09,0.0130
3670,458,9.9997924e-5,1.353113,3.8695,125.32,0.0145
3680,460,9.999791e-5,1.376056,3.9593,141.11,0.0132
3690,461,9.999791e-5,1.332605,3.7909,128.19,0.0136
3700,462,9.9997895e-5,1.336930,3.8073,179.16,0.0130
3710,463,9.9997895e-5,1.309273,3.7035,362.19,0.0387
3720,465,9.9997866e-5,1.320705,3.7461,192.13,0.0129
3730,466,9.999785e-5,1.384504,3.9928,158.08,0.0137
3740,467,9.999785e-5,1.307051,3.6953,166.54,0.0129
3750,468,9.999784e-5,1.399631,4.0537,126.19,0.0144
3760,470,9.999782e-5,1.330657,3.7835,198.45,0.0141
3770,471,9.999781e-5,1.280113,3.5970,115.32,0.0147
3780,472,9.999781e-5,1.360133,3.8967,136.46,0.0134
3790,473,9.999779e-5,1.365099,3.9161,166.23,0.0131
3800,475,9.999778e-5,1.379284,3.9721,99.88,0.0146
3810,476,9.9997764e-5,1.302482,3.6784,375.80,0.0327
3820,477,9.9997764e-5,1.417840,4.1282,125.79,0.0143
3830,478,9.999775e-5,1.385717,3.9977,141.80,0.0137
3840,480,9.999772e-5,1.295693,3.6535,95.19,0.0143
3850,481,9.999772e-5,1.297734,3.6610,206.60,0.0128
3860,482,9.9997706e-5,1.325032,3.7623,131.30,0.0135
3870,483,9.9997706e-5,1.324540,3.7605,122.79,0.0139
3880,485,9.999768e-5,1.307411,3.6966,136.08,0.0135
3890,486,9.999768e-5,1.352826,3.8683,208.37,0.0134
3900,487,9.999766e-5,1.324799,3.7614,117.91,0.0146
3910,488,9.999765e-5,1.287976,3.6254,349.52,0.0425
3920,490,9.999763e-5,1.353883,3.8724,106.21,0.0147
3930,491,9.999762e-5,1.345631,3.8406,197.65,0.0178
3940,492,9.9997604e-5,1.292575,3.6422,120.49,0.0136
3950,493,9.9997604e-5,1.292461,3.6417,179.63,0.0124
3960,495,9.9997575e-5,1.351992,3.8651,110.04,0.0144
3970,496,9.9997575e-5,1.327620,3.7721,145.03,0.0139
3980,497,9.999756e-5,1.348019,3.8498,125.39,0.0135
3990,498,9.999756e-5,1.407054,4.0839,137.39,0.0135
4000,500,9.999753e-5,1.361378,3.9016,119.34,0.0137
4010,501,9.999752e-5,1.547244,4.6985,357.17,0.0396
4020,502,9.999752e-5,1.298509,3.6638,86.91,0.0153
4030,503,9.99975e-5,1.393446,4.0287,215.70,0.0126
4040,505,9.999749e-5,1.321363,3.7485,161.51,0.0129
4050,506,9.999747e-5,1.321487,3.7490,108.21,0.0149
4060,507,9.999746e-5,1.323693,3.7573,130.01,0.0139
4070,508,9.999746e-5,1.342026,3.8268,157.91,0.0135
4080,510,9.999744e-5,1.362017,3.9041,124.27,0.0140
4090,511,9.999743e-5,1.355241,3.8777,128.37,0.0142
4100,512,9.9997415e-5,1.328102,3.7739,89.65,0.0156
4110,513,9.99974e-5,1.346404,3.8436,334.66,0.0494
4120,515,9.9997385e-5,1.313725,3.7200,116.60,0.0148
4130,516,9.999737e-5,1.304047,3.6842,92.93,0.0151
4140,517,9.9997356e-5,1.289230,3.6300,112.21,0.0134
4150,518,9.9997356e-5,1.326915,3.7694,83.84,0.0153
4160,520,9.999733e-5,1.350609,3.8598,140.70,0.0137
4170,521,9.999731e-5,1.329346,3.7786,185.63,0.0134
4180,522,9.999731e-5,1.304700,3.6866,142.73,0.0139
4190,523,9.99973e-5,1.350469,3.8592,161.91,0.0138
4200,525,9.999728e-5,1.285491,3.6164,113.98,0.0141
4210,526,9.999727e-5,1.341325,3.8241,352.75,0.0397
4220,527,9.9997254e-5,1.292912,3.6434,139.36,0.0132
4230,528,9.9997254e-5,1.330865,3.7843,141.03,0.0137
4240,530,9.9997225e-5,1.319149,3.7402,110.67,0.0141
4250,531,9.999721e-5,1.373923,3.9508,130.71,0.0142
4260,532,9.999721e-5,1.366717,3.9225,119.34,0.0146
4270,533,9.9997196e-5,1.311540,3.7119,182.31,0.0130
4280,535,9.999718e-5,1.330966,3.7847,127.18,0.0139
4290,536,9.999717e-5,1.296732,3.6573,164.62,0.0138
4300,537,9.999715e-5,1.334870,3.7995,137.73,0.0137
4310,538,9.999715e-5,1.212197,3.3609,423.40,0.0327
4320,540,9.999712e-5,1.345111,3.8386,156.21,0.0160
4330,541,9.999711e-5,1.363299,3.9091,107.72,0.0145
4340,542,9.999711e-5,1.428097,4.1708,178.66,0.0130
4350,543,9.9997094e-5,1.396340,4.0404,355.62,0.0129
4360,545,9.9997065e-5,1.288015,3.6256,123.52,0.0142
4370,546,9.9997065e-5,1.289158,3.6297,94.01,0.0167
4380,547,9.999705e-5,1.332545,3.7907,233.04,0.0127
4390,548,9.9997036e-5,1.360987,3.9000,130.76,0.0146
4400,550,9.999702e-5,1.373982,3.9511,172.65,0.0129
4410,551,9.999701e-5,1.354063,3.8731,352.71,0.0427
4420,552,9.999699e-5,1.271897,3.5676,102.05,0.0144
4430,553,9.999699e-5,1.365787,3.9188,203.41,0.0134
4440,555,9.999696e-5,1.370081,3.9357,167.54,0.0136
4450,556,9.999695e-5,1.274190,3.5758,223.26,0.0154
4460,557,9.9996934e-5,1.386714,4.0017,110.80,0.0146
4470,558,9.9996934e-5,1.344755,3.8372,178.97,0.0135
4480,560,9.9996905e-5,1.345459,3.8399,98.17,0.0150
4490,561,9.999689e-5,1.362278,3.9051,129.12,0.0132
4500,562,9.999689e-5,1.265669,3.5455,152.12,0.0133
4510,563,9.9996876e-5,1.321942,3.7507,331.06,0.0497
4520,565,9.999685e-5,1.299345,3.6669,120.53,0.0142
4530,566,9.999683e-5,1.253024,3.5009,115.46,0.0140
4540,567,9.999683e-5,1.275712,3.5812,169.73,0.0130
4550,568,9.999682e-5,1.295835,3.6540,140.03,0.0139
4560,570,9.999679e-5,1.290570,3.6349,127.77,0.0141
4570,571,9.999679e-5,1.271321,3.5656,148.13,0.0139
4580,572,9.9996774e-5,1.289784,3.6320,135.49,0.0133
4590,573,9.999676e-5,1.250598,3.4924,150.40,0.0131
4600,575,9.9996745e-5,1.274129,3.5756,183.72,0.0135
4610,576,9.999673e-5,1.287735,3.6246,380.64,0.0364
4620,577,9.9996716e-5,1.308210,3.6995,120.67,0.0146
4630,578,9.99967e-5,1.242996,3.4660,170.14,0.0129
4640,580,9.999669e-5,1.265946,3.5464,119.17,0.0137
4650,581,9.999667e-5,1.334574,3.7984,286.24,0.0141
4660,582,9.999666e-5,1.352857,3.8685,325.57,0.0127
4670,583,9.999664e-5,1.338444,3.8131,167.92,0.0135
4680,585,9.999663e-5,1.272094,3.5683,151.81,0.0129
4690,586,9.9996614e-5,1.299448,3.6673,159.67,0.0133
4700,587,9.99966e-5,1.282467,3.6055,169.18,0.0124
4710,588,9.9996585e-5,1.231496,3.4264,389.26,0.0328
4720,590,9.999657e-5,1.290628,3.6351,185.73,0.0125
4730,591,9.9996556e-5,1.331737,3.7876,205.94,0.0133
4740,592,9.999654e-5,1.309394,3.7039,215.16,0.0127
4750,593,9.999653e-5,1.317231,3.7331,120.15,0.0148
4760,595,9.99965e-5,1.237966,3.4486,114.25,0.0146
4770,596,9.99965e-5,1.273503,3.5733,212.68,0.0146
4780,597,9.999648e-5,1.278829,3.5924,111.22,0.0146
4790,598,9.999647e-5,1.230740,3.4238,147.41,0.0136
4800,600,9.9996454e-5,1.271590,3.5665,114.54,0.0140
4810,601,9.999644e-5,1.303350,3.6816,321.95,0.0519
4820,602,9.9996425e-5,1.356828,3.8839,153.04,0.0139
4830,603,9.999641e-5,1.371774,3.9423,171.04,0.0135
4840,605,9.999638e-5,1.326815,3.7690,122.13,0.0138
4850,606,9.999638e-5,1.239254,3.4530,110.27,0.0141
4860,607,9.999637e-5,1.256359,3.5126,80.52,0.0157
4870,608,9.999635e-5,1.288076,3.6258,187.44,0.0131
4880,610,9.999634e-5,1.255521,3.5097,128.91,0.0135
4890,611,9.999631e-5,1.328088,3.7738,102.94,0.0143
4900,612,9.999631e-5,1.246169,3.4770,142.82,0.0137
4910,613,9.9996294e-5,1.247385,3.4812,389.52,0.0340
4920,615,9.9996265e-5,1.346371,3.8435,79.23,0.0150
4930,616,9.999625e-5,1.235747,3.4409,122.56,0.0135
4940,617,9.999625e-5,1.263670,3.5384,124.65,0.0141
4950,618,9.9996236e-5,1.292529,3.6420,97.53,0.0150
4960,620,9.999621e-5,1.208852,3.3496,132.16,0.0140
4970,621,9.999619e-5,1.335263,3.8010,109.72,0.0143
4980,622,9.999618e-5,1.256114,3.5117,113.95,0.0138
4990,623,9.999618e-5,1.267722,3.5528,101.73,0.0145
5000,625,9.999615e-5,1.225728,3.4066,128.36,0.0136
5010,626,9.9996134e-5,1.283255,3.6084,356.16,0.0399
5020,627,9.999612e-5,1.269580,3.5594,169.84,0.0138
5030,628,9.9996105e-5,1.255807,3.5107,106.44,0.0146
5040,630,9.999609e-5,1.316017,3.7285,188.75,0.0139
5050,631,9.9996076e-5,1.247691,3.4823,130.06,0.0138
5060,632,9.999606e-5,1.320034,3.7435,118.58,0.0139
5070,633,9.999605e-5,1.303455,3.6820,105.96,0.0136
5080,635,9.999602e-5,1.289452,3.6308,106.83,0.0153
5090,636,9.9996e-5,1.245991,3.4764,136.85,0.0129
5100,637,9.9996e-5,1.211474,3.3584,91.01,0.0162
5110,638,9.999599e-5,1.281486,3.6020,343.82,0.0455
5120,640,9.999596e-5,1.297486,3.6601,128.08,0.0141
5130,641,9.9995945e-5,1.261701,3.5314,150.40,0.0133
5140,642,9.999593e-5,1.267971,3.5536,120.37,0.0137
5150,643,9.999593e-5,1.245627,3.4751,108.15,0.0144
5160,645,9.999589e-5,1.303014,3.6804,105.29,0.0141
5170,646,9.999589e-5,1.296749,3.6574,144.54,0.0176
5180,647,9.999587e-5,1.240138,3.4561,146.48,0.0133
5190,648,9.999586e-5,1.261794,3.5318,157.46,0.0136
5200,650,9.999583e-5,1.247732,3.4824,139.16,0.0139
5210,651,9.9995814e-5,1.294819,3.6503,315.76,0.0606
5220,652,9.99958e-5,1.308257,3.6997,131.77,0.0139
5230,653,9.99958e-5,1.274380,3.5765,180.12,0.0128
5240,655,9.999577e-5,1.236879,3.4448,99.35,0.0150
5250,656,9.9995756e-5,1.160360,3.1911,78.02,0.0150
5260,657,9.999574e-5,1.195576,3.3055,95.09,0.0153
5270,658,9.999573e-5,1.277517,3.5877,114.18,0.0145
5280,660,9.99957e-5,1.252192,3.4980,118.29,0.0147
5290,661,9.999568e-5,1.262162,3.5331,119.96,0.0139
5300,662,9.999568e-5,1.288520,3.6274,124.19,0.0136
5310,663,9.999567e-5,1.291600,3.6386,330.57,0.0505
5320,665,9.999564e-5,1.254747,3.5070,106.67,0.0154
5330,666,9.9995625e-5,1.279913,3.5963,137.15,0.0131
5340,667,9.999561e-5,1.342350,3.8280,105.58,0.0148
5350,668,9.9995596e-5,1.295162,3.6516,163.28,0.0161
5360,670,9.999557e-5,1.197584,3.3121,95.20,0.0147
5370,671,9.999557e-5,1.227732,3.4135,152.08,0.0144
5380,672,9.999554e-5,1.265846,3.5461,163.68,0.0131
5390,673,9.999552e-5,1.291640,3.6388,210.33,0.0129
5400,675,9.999551e-5,1.275869,3.5818,158.75,0.0138
5410,676,9.9995494e-5,1.284909,3.6143,376.71,0.0341
5420,677,9.999548e-5,1.235954,3.4417,167.56,0.0135
5430,678,9.9995465e-5,1.341948,3.8265,118.83,0.0148
5440,680,9.9995435e-5,1.281778,3.6030,307.52,0.0127
5450,681,9.999542e-5,1.233295,3.4325,143.45,0.0136
5460,682,9.9995406e-5,1.238897,3.4518,102.30,0.0151
5470,683,9.999539e-5,1.254709,3.5068,86.66,0.0143
5480,685,9.999536e-5,1.264118,3.5400,128.50,0.0139
5490,686,9.999536e-5,1.156772,3.1797,202.48,0.0126
5500,687,9.999535e-5,1.194871,3.3031,72.58,0.0154
5510,688,9.999533e-5,1.267666,3.5526,458.51,0.0341
5520,690,9.9995304e-5,1.291160,3.6370,140.22,0.0146
5530,691,9.999529e-5,1.276574,3.5843,190.15,0.0131
5540,692,9.9995275e-5,1.253640,3.5031,145.67,0.0137
5550,693,9.999526e-5,1.280059,3.5969,132.35,0.0143
5560,695,9.999523e-5,1.229715,3.4203,140.32,0.0141
5570,696,9.999522e-5,1.257973,3.5183,101.78,0.0141
5580,697,9.99952e-5,1.202609,3.3288,83.04,0.0156
5590,698,9.999519e-5,1.216692,3.3760,101.99,0.0140
5600,700,9.999516e-5,1.232442,3.4296,162.12,0.0131
5610,701,9.9995144e-5,1.289348,3.6304,407.16,0.0307
5620,702,9.9995144e-5,1.304240,3.6849,91.36,0.0162
5630,703,9.999513e-5,1.344113,3.8348,83.96,0.0149
5640,705,9.99951e-5,1.275246,3.5796,114.44,0.0142
5650,706,9.9995086e-5,1.333651,3.7949,95.82,0.0151
5660,707,9.999507e-5,1.266985,3.5501,167.17,0.0126
5670,708,9.999506e-5,1.216071,3.3739,111.96,0.0142
5680,710,9.999503e-5,1.222759,3.3965,166.68,0.0140
5690,711,9.999501e-5,1.250715,3.4928,97.22,0.0154
5700,712,9.9995e-5,1.264289,3.5406,91.58,0.0147
5710,713,9.9994984e-5,1.207239,3.3442,331.15,0.0524
5720,715,9.9994955e-5,1.170331,3.2231,91.12,0.0147
5730,716,9.999494e-5,1.244779,3.4722,169.30,0.0131
5740,717,9.9994926e-5,1.300825,3.6723,112.20,0.0132
5750,718,9.999491e-5,1.311592,3.7121,122.61,0.0152
5760,720,9.999488e-5,1.191839,3.2931,167.65,0.0135
5770,721,9.999487e-5,1.286599,3.6205,85.99,0.0153
5780,722,9.999485e-5,1.197159,3.3107,85.42,0.0156
5790,723,9.999484e-5,1.204628,3.3355,113.26,0.0142
5800,725,9.999481e-5,1.371350,3.9407,119.04,0.0141
5810,726,9.9994795e-5,1.158867,3.1863,379.84,0.0349
5820,727,9.999478e-5,1.291509,3.6383,147.62,0.0145
5830,728,9.9994766e-5,1.242472,3.4642,92.22,0.0145
5840,730,9.999474e-5,1.308945,3.7023,72.35,0.0168
5850,731,9.999472e-5,1.202645,3.3289,91.76,0.0158
5860,732,9.999471e-5,1.250964,3.4937,134.55,0.0135
5870,733,9.999471e-5,1.207923,3.3465,119.68,0.0135
5880,735,9.9994664e-5,1.199037,3.3169,112.52,0.0144
5890,736,9.9994664e-5,1.252576,3.4993,200.67,0.0143
5900,737,9.9994635e-5,1.169102,3.2191,149.16,0.0143
5910,738,9.999462e-5,1.334337,3.7975,328.63,0.0573
5920,740,9.999459e-5,1.247234,3.4807,125.34,0.0140
5930,741,9.999458e-5,1.276096,3.5826,128.99,0.0148
5940,742,9.999456e-5,1.241646,3.4613,134.17,0.0133
5950,743,9.999455e-5,1.279465,3.5947,133.85,0.0132
5960,745,9.999452e-5,1.269727,3.5599,77.79,0.0171
5970,746,9.9994504e-5,1.266438,3.5482,221.95,0.0127
5980,747,9.9994504e-5,1.265737,3.5457,111.37,0.0139
5990,748,9.9994475e-5,1.273352,3.5728,91.45,0.0160
6000,750,9.9994446e-5,1.231509,3.4264,101.26,0.0138
6010,751,9.999443e-5,1.264564,3.5415,327.36,0.0540
6020,752,9.999442e-5,1.305242,3.6886,294.68,0.0123
6030,753,9.99944e-5,1.148830,3.1545,183.83,0.0129
6040,755,9.999437e-5,1.253403,3.5022,204.85,0.0129
6050,756,9.999436e-5,1.174872,3.2377,171.18,0.0150
6060,757,9.9994344e-5,1.221904,3.3936,127.41,0.0138
6070,758,9.999433e-5,1.303656,3.6827,152.80,0.0139
6080,760,9.99943e-5,1.136799,3.1168,142.81,0.0124
6090,761,9.9994286e-5,1.218775,3.3830,226.68,0.0125
6100,762,9.999427e-5,1.114542,3.0482,148.71,0.0130
6110,763,9.999426e-5,1.288581,3.6276,314.48,0.0664
6120,765,9.999423e-5,1.213111,3.3639,91.39,0.0146
6130,766,9.999421e-5,1.156831,3.1798,124.55,0.0138
6140,767,9.99942e-5,1.189828,3.2865,137.06,0.0132
6150,768,9.9994184e-5,1.301290,3.6740,148.10,0.0138
6160,770,9.9994155e-5,1.196116,3.3072,150.38,0.0129
6170,771,9.9994126e-5,1.207202,3.3441,128.90,0.0138
6180,772,9.9994126e-5,1.194083,3.3005,98.36,0.0150
6190,773,9.99941e-5,1.148058,3.1521,176.88,0.0126
6200,775,9.999407e-5,1.231823,3.4275,125.96,0.0140
6210,776,9.999405e-5,1.296401,3.6561,496.87,0.0280
6220,777,9.999405e-5,1.171886,3.2281,141.04,0.0131
6230,778,9.9994024e-5,1.287910,3.6252,250.91,0.0162
6240,780,9.9993995e-5,1.281697,3.6027,122.92,0.0139
6250,781,9.999398e-5,1.204298,3.3344,128.76,0.0135
6260,782,9.9993966e-5,1.134027,3.1081,122.14,0.0139
6270,783,9.999395e-5,1.256842,3.5143,143.49,0.0136
6280,785,9.999392e-5,1.191868,3.2932,89.39,0.0153
6290,786,9.999391e-5,1.173182,3.2323,97.55,0.0155
6300,787,9.999389e-5,1.219010,3.3838,103.29,0.0144
6310,788,9.999388e-5,1.206539,3.3419,345.65,0.0447
6320,790,9.999385e-5,1.275277,3.5797,211.58,0.0126
6330,791,9.999382e-5,1.202066,3.3270,159.54,0.0136
6340,792,9.9993806e-5,1.231805,3.4274,112.41,0.0148
6350,793,9.999379e-5,1.186376,3.2752,150.08,0.0136
6360,795,9.999376e-5,1.277023,3.5859,128.34,0.0135
6370,796,9.999375e-5,1.191501,3.2920,165.36,0.0131
6380,797,9.999373e-5,1.184906,3.2704,125.32,0.0143
6390,798,9.999372e-5,1.233098,3.4318,186.24,0.0126
6400,800,9.9993675e-5,1.165624,3.2079,138.72,0.0131
6410,801,9.9993675e-5,1.185437,3.2721,406.50,0.0305
6420,802,9.9993646e-5,1.184884,3.2703,103.88,0.0152
6430,803,9.9993646e-5,1.257371,3.5162,96.18,0.0137
6440,805,9.99936e-5,1.198225,3.3142,152.90,0.0133
6450,806,9.999359e-5,1.361800,3.9032,128.26,0.0147
6460,807,9.999357e-5,1.201925,3.3265,177.66,0.0133
6470,808,9.999356e-5,1.259152,3.5224,100.32,0.0146
6480,810,9.999353e-5,1.273668,3.5739,79.06,0.0165
6490,811,9.9993515e-5,1.330529,3.7830,106.95,0.0142
6500,812,9.99935e-5,1.214814,3.3697,145.55,0.0133
6510,813,9.999347e-5,1.215863,3.3732,301.71,0.0711
6520,815,9.999344e-5,1.267655,3.5525,83.60,0.0152
6530,816,9.999343e-5,1.235182,3.4390,151.49,0.0131
6540,817,9.999341e-5,1.253535,3.5027,128.74,0.0138
6550,818,9.99934e-5,1.184138,3.2679,126.33,0.0136
6560,820,9.999337e-5,1.219751,3.3863,148.46,0.0144
6570,821,9.9993355e-5,1.259077,3.5222,240.06,0.0128
6580,822,9.999334e-5,1.272545,3.5699,213.97,0.0155
6590,823,9.999331e-5,1.144137,3.1397,104.72,0.0145
6600,825,9.999328e-5,1.215034,3.3704,107.02,0.0146
6610,826,9.999327e-5,1.235137,3.4388,349.67,0.0438
6620,827,9.999325e-5,1.122323,3.0720,137.35,0.0124
6630,828,9.999324e-5,1.137150,3.1179,157.06,0.0132
6640,830,9.9993194e-5,1.174379,3.2361,155.58,0.0131
6650,831,9.9993194e-5,1.269081,3.5576,168.96,0.0137
6660,832,9.9993165e-5,1.195950,3.3067,169.36,0.0133
6670,833,9.999315e-5,1.300629,3.6716,123.17,0.0141
6680,835,9.999312e-5,1.190031,3.2872,87.90,0.0157
6690,836,9.999311e-5,1.272249,3.5689,252.30,0.0124
6700,837,9.999309e-5,1.172802,3.2310,163.70,0.0137
6710,838,9.999306e-5,1.204299,3.3344,336.00,0.0471
6720,840,9.9993034e-5,1.187643,3.2793,151.78,0.0130
6730,841,9.999302e-5,1.145866,3.1452,159.67,0.0134
6740,842,9.9993005e-5,1.231971,3.4280,237.68,0.0154
6750,843,9.999299e-5,1.209409,3.3515,143.97,0.0140
6760,845,9.999295e-5,1.287142,3.6224,172.70,0.0155
6770,846,9.999293e-5,1.234665,3.4372,163.38,0.0136
6780,847,9.999292e-5,1.197978,3.3134,97.01,0.0152
6790,848,9.99929e-5,1.148265,3.1527,143.76,0.0135
6800,850,9.9992874e-5,1.233737,3.4340,150.40,0.0138
6810,851,9.999286e-5,1.129719,3.0948,307.85,0.0642
6820,852,9.999283e-5,1.208998,3.3501,167.83,0.0127
6830,853,9.999283e-5,1.146522,3.1472,143.65,0.0133
6840,855,9.999279e-5,1.231262,3.4255,184.13,0.0130
6850,856,9.999277e-5,1.247506,3.4816,101.78,0.0149
6860,857,9.999276e-5,1.203249,3.3309,178.03,0.0128
6870,858,9.999274e-5,1.148928,3.1548,150.49,0.0137
6880,860,9.99927e-5,1.203787,3.3327,267.12,0.0127
6890,861,9.9992685e-5,1.212655,3.3624,119.01,0.0146
6900,862,9.999267e-5,1.170438,3.2234,82.03,0.0161
6910,863,9.9992656e-5,1.174721,3.2372,355.63,0.0425
6920,865,9.999263e-5,1.183595,3.2661,125.55,0.0129
6930,866,9.99926e-5,1.193772,3.2995,64.52,0.0177
6940,867,9.999258e-5,1.196707,3.3092,97.61,0.0155
6950,868,9.999257e-5,1.283110,3.6078,110.94,0.0146
6960,870,9.999254e-5,1.169646,3.2209,104.45,0.0153
6970,871,9.999251e-5,1.311532,3.7119,109.25,0.0156
6980,872,9.9992496e-5,1.206248,3.3409,150.70,0.0136
6990,873,9.999248e-5,1.228881,3.4174,134.01,0.0135
7000,875,9.999245e-5,1.308445,3.7004,118.17,0.0140
7010,876,9.999242e-5,1.186092,3.2743,375.00,0.0390
7020,877,9.999241e-5,1.212364,3.3614,90.72,0.0159
7030,878,9.9992394e-5,1.159597,3.1886,112.98,0.0146
7040,880,9.9992365e-5,1.226561,3.4095,136.00,0.0133
7050,881,9.9992336e-5,1.235450,3.4399,80.25,0.0174
7060,882,9.999232e-5,1.189670,3.2860,157.17,0.0135
7070,883,9.999231e-5,1.220729,3.3897,133.91,0.0141
7080,885,9.999228e-5,1.208592,3.3488,165.10,0.0153
7090,886,9.999225e-5,1.171758,3.2277,112.44,0.0140
7100,887,9.9992234e-5,1.198727,3.3159,122.28,0.0156
7110,888,9.999222e-5,1.183090,3.2644,390.09,0.0328
7120,890,9.9992176e-5,1.130650,3.0977,114.79,0.0137
7130,891,9.9992176e-5,1.202309,3.3278,104.17,0.0137
7140,892,9.999215e-5,1.138886,3.1233,98.55,0.0146
7150,893,9.999213e-5,1.153022,3.1678,101.93,0.0136
7160,895,9.999209e-5,1.159357,3.1879,108.40,0.0145
7170,896,9.9992074e-5,1.235291,3.4394,198.70,0.0133
7180,897,9.999206e-5,1.154842,3.1735,204.96,0.0119
7190,898,9.9992045e-5,1.133862,3.1076,270.04,0.0126
7200,900,9.9992e-5,1.275209,3.5795,172.74,0.0194
7210,901,9.999199e-5,1.147627,3.1507,416.11,0.0299
7220,902,9.999197e-5,1.222190,3.3946,126.07,0.0139
7230,903,9.999196e-5,1.158487,3.1851,142.27,0.0135
7240,905,9.9991914e-5,1.189306,3.2848,156.56,0.0142
7250,906,9.99919e-5,1.148966,3.1549,230.57,0.0152
7260,907,9.9991885e-5,1.072984,2.9241,127.36,0.0131
7270,908,9.999187e-5,1.211661,3.3591,149.97,0.0132
7280,910,9.999183e-5,1.190944,3.2902,135.23,0.0138
7290,911,9.999181e-5,1.230265,3.4221,139.30,0.0138
7300,912,9.99918e-5,1.166493,3.2107,144.53,0.0137
7310,913,9.999177e-5,1.236208,3.4425,438.42,0.0272
7320,915,9.999174e-5,1.222620,3.3961,239.12,0.0130
7330,916,9.9991725e-5,1.262747,3.5351,139.51,0.0131
7340,917,9.9991696e-5,1.173110,3.2320,82.06,0.0158
7350,918,9.999168e-5,1.172073,3.2287,110.14,0.0141
7360,920,9.999165e-5,1.205287,3.3377,136.68,0.0141
7370,921,9.999164e-5,1.181331,3.2587,118.23,0.0148
7380,922,9.999161e-5,1.252936,3.5006,161.95,0.0136
7390,923,9.9991594e-5,1.196620,3.3089,109.65,0.0143
7400,925,9.9991565e-5,1.134325,3.1091,155.52,0.0129
7410,926,9.9991536e-5,1.278611,3.5916,311.48,0.0628
7420,927,9.999152e-5,1.162624,3.1983,162.09,0.0161
7430,928,9.999151e-5,1.180378,3.2556,107.53,0.0145
7440,930,9.999146e-5,1.179624,3.2532,85.87,0.0160
7450,931,9.999145e-5,1.139768,3.1260,175.98,0.0131
7460,932,9.9991434e-5,1.172991,3.2316,138.28,0.0135
7470,933,9.9991405e-5,1.135301,3.1121,138.02,0.0139
7480,935,9.9991375e-5,1.171335,3.2263,103.41,0.0146
7490,936,9.999136e-5,1.128610,3.0914,110.36,0.0142
7500,937,9.999133e-5,1.203398,3.3314,91.65,0.0147
7510,938,9.999132e-5,1.235662,3.4407,355.21,0.0402
7520,940,9.999127e-5,1.176554,3.2432,86.06,0.0151
7530,941,9.999126e-5,1.168957,3.2186,150.28,0.0133
7540,942,9.9991244e-5,1.197645,3.3123,119.05,0.0139
7550,943,9.999123e-5,1.145462,3.1439,131.79,0.0141
7560,945,9.9991186e-5,1.196512,3.3086,125.89,0.0146
7570,946,9.999117e-5,1.242886,3.4656,85.19,0.0150
7580,947,9.999114e-5,1.202672,3.3290,103.84,0.0156
7590,948,9.999113e-5,1.188209,3.2812,162.71,0.0130
7600,950,9.99911e-5,1.184543,3.2692,155.55,0.0146
7610,951,9.999107e-5,1.136648,3.1163,321.25,0.0617
7620,952,9.9991055e-5,1.146453,3.1470,134.00,0.0139
7630,953,9.999104e-5,1.165454,3.2074,75.75,0.0162
7640,955,9.9991e-5,1.191254,3.2912,111.74,0.0152
7650,956,9.999098e-5,1.170351,3.2231,189.89,0.0130
7660,957,9.999097e-5,1.178553,3.2497,111.27,0.0142
7670,958,9.999094e-5,1.275255,3.5796,188.61,0.0129
7680,960,9.999091e-5,1.093183,2.9838,147.46,0.0126
7690,961,9.999088e-5,1.222799,3.3967,133.88,0.0134
7700,962,9.9990866e-5,1.163809,3.2021,117.25,0.0136
7710,963,9.999085e-5,1.138064,3.1207,369.06,0.0368
7720,965,9.999081e-5,1.133114,3.1053,178.39,0.0128
7730,966,9.999079e-5,1.191362,3.2916,73.86,0.0164
7740,967,9.999078e-5,1.096984,2.9951,157.98,0.0127
7750,968,9.999075e-5,1.187357,3.2784,134.75,0.0137
7760,970,9.999072e-5,1.170914,3.2249,161.62,0.0133
7770,971,9.9990706e-5,1.146035,3.1457,172.68,0.0130
7780,972,9.999068e-5,1.225776,3.4068,167.92,0.0159
7790,973,9.999066e-5,1.204882,3.3364,171.05,0.0153
7800,975,9.999062e-5,1.159852,3.1895,97.30,0.0148
7810,976,9.9990604e-5,1.232314,3.4292,333.13,0.0512
7820,977,9.9990575e-5,1.177603,3.2466,90.74,0.0154
7830,978,9.999056e-5,1.107733,3.0275,124.31,0.0138
7840,980,9.999052e-5,1.122700,3.0731,142.97,0.0132
7850,981,9.99905e-5,1.221008,3.3906,88.11,0.0147
7860,982,9.999049e-5,1.168904,3.2185,97.94,0.0143
7870,983,9.999046e-5,1.203330,3.3312,73.56,0.0169
7880,985,9.999043e-5,1.154003,3.1709,108.12,0.0150
7890,986,9.9990415e-5,1.103348,3.0142,132.15,0.0132
7900,987,9.9990386e-5,1.152816,3.1671,167.29,0.0134
7910,988,9.999037e-5,1.169709,3.2211,398.16,0.0335
7920,990,9.999033e-5,1.132376,3.1030,193.70,0.0131
7930,991,9.999031e-5,1.117725,3.0579,239.23,0.0130
7940,992,9.99903e-5,1.149641,3.1571,108.15,0.0144
7950,993,9.999027e-5,1.183491,3.2658,146.04,0.0145
7960,995,9.9990226e-5,1.148458,3.1533,148.01,0.0134
7970,996,9.999021e-5,1.168213,3.2162,127.78,0.0138
7980,997,9.99902e-5,1.134957,3.1110,99.05,0.0143
7990,998,9.999017e-5,1.232848,3.4310,126.88,0.0140
8000,1000,9.9990124e-5,1.120409,3.0661,130.14,0.0141
8010,1001,9.999011e-5,1.175786,3.2407,384.35,0.0369
8020,1002,9.9990095e-5,1.194412,3.3016,140.21,0.0138
8030,1003,9.9990066e-5,1.082264,2.9514,138.27,0.0131
8040,1005,9.999004e-5,1.109036,3.0314,116.48,0.0141
8050,1006,9.999001e-5,1.131492,3.1003,156.08,0.0134
8060,1007,9.998999e-5,1.237639,3.4475,91.02,0.0158
8070,1008,9.9989964e-5,1.111762,3.0397,181.47,0.0130
8080,1010,9.9989935e-5,1.162457,3.1978,154.38,0.0135
8090,1011,9.998992e-5,1.297976,3.6619,370.05,0.0127
8100,1012,9.998989e-5,1.196418,3.3082,257.63,0.0145
8110,1013,9.998988e-5,1.170549,3.2238,400.84,0.0322
8120,1015,9.998983e-5,1.168854,3.2183,134.99,0.0147
8130,1016,9.998982e-5,1.187040,3.2774,93.87,0.0154
8140,1017,9.998979e-5,1.129506,3.0941,109.73,0.0135
8150,1018,9.9989775e-5,1.237686,3.4476,77.32,0.0155
8160,1020,9.998973e-5,1.263125,3.5365,212.93,0.0133
8170,1021,9.998972e-5,1.158240,3.1843,75.96,0.0166
8180,1022,9.998969e-5,1.153201,3.1683,131.68,0.0142
8190,1023,9.998967e-5,1.195012,3.3036,211.21,0.0129
8200,1025,9.998963e-5,1.219443,3.3853,133.77,0.0144
8210,1026,9.9989615e-5,1.113621,3.0454,372.36,0.0367
8220,1027,9.99896e-5,1.192292,3.2946,152.37,0.0141
8230,1028,9.998957e-5,1.119973,3.0648,80.60,0.0163
8240,1030,9.998953e-5,1.165851,3.2087,131.82,0.0140
8250,1031,9.998951e-5,1.150648,3.1602,152.23,0.0132
8260,1032,9.9989484e-5,1.176675,3.2436,115.81,0.0143
8270,1033,9.998947e-5,1.200556,3.3220,147.94,0.0141
8280,1035,9.9989426e-5,1.201770,3.3260,201.30,0.0155
8290,1036,9.998941e-5,1.163697,3.2017,189.89,0.0148
8300,1037,9.99894e-5,1.182496,3.2625,90.63,0.0156
8310,1038,9.998937e-5,1.232268,3.4290,396.95,0.0330
8320,1040,9.9989324e-5,1.149197,3.1557,131.40,0.0140
8330,1041,9.998931e-5,1.126244,3.0841,164.09,0.0127
8340,1042,9.998928e-5,1.155024,3.1741,129.58,0.0131
8350,1043,9.9989265e-5,1.069488,2.9139,121.23,0.0138
8360,1045,9.998922e-5,1.085290,2.9603,127.04,0.0134
8370,1046,9.998921e-5,1.128692,3.0916,98.80,0.0141
8380,1047,9.998918e-5,1.178827,3.2506,147.83,0.0135
8390,1048,9.998916e-5,1.121100,3.0682,87.90,0.0157
8400,1050,9.998912e-5,1.202021,3.3268,152.43,0.0138
8410,1051,9.9989105e-5,1.160289,3.1909,401.13,0.0326
8420,1052,9.9989076e-5,1.096123,2.9925,182.65,0.0125
8430,1053,9.998906e-5,1.114946,3.0494,162.58,0.0135
8440,1055,9.998902e-5,1.101584,3.0089,117.68,0.0140
8450,1056,9.998899e-5,1.152956,3.1675,114.93,0.0144
8460,1057,9.9988974e-5,1.211078,3.3571,187.36,0.0176
8470,1058,9.9988945e-5,1.179312,3.2521,91.77,0.0150
8480,1060,9.9988916e-5,1.173174,3.2322,112.08,0.0141
8490,1061,9.998889e-5,1.107451,3.0266,94.54,0.0162
8500,1062,9.998887e-5,1.199350,3.3180,145.16,0.0135
8510,1063,9.998884e-5,1.237035,3.4454,319.78,0.0548
8520,1065,9.9988814e-5,1.162085,3.1966,134.16,0.0139
8530,1066,9.9988785e-5,1.151681,3.1635,110.56,0.0145
8540,1067,9.998877e-5,1.407161,4.0843,193.46,0.0132
8550,1068,9.998874e-5,1.128708,3.0917,138.45,0.0127
8560,1070,9.99887e-5,1.118916,3.0615,114.61,0.0137
8570,1071,9.998868e-5,1.154734,3.1732,139.74,0.0129
8580,1072,9.9988654e-5,1.245115,3.4733,100.24,0.0150
8590,1073,9.998864e-5,1.188712,3.2828,119.08,0.0141
8600,1075,9.9988596e-5,1.130520,3.0973,184.77,0.0135
8610,1076,9.998858e-5,1.204618,3.3355,398.72,0.0380
8620,1077,9.998855e-5,1.145048,3.1426,130.54,0.0143
8630,1078,9.998854e-5,1.145610,3.1444,220.99,0.0147
8640,1080,9.9988494e-5,1.087477,2.9668,132.77,0.0170
8650,1081,9.9988465e-5,1.175539,3.2399,230.05,0.0125
8660,1082,9.998845e-5,1.107581,3.0270,95.98,0.0145
8670,1083,9.998842e-5,1.256193,3.5120,137.36,0.0133
8680,1085,9.998838e-5,1.194449,3.3017,100.21,0.0159
8690,1086,9.998836e-5,1.194484,3.3019,198.92,0.0128
8700,1087,9.9988334e-5,1.149419,3.1564,180.55,0.0130
8710,1088,9.998832e-5,1.118546,3.0604,348.33,0.0411
8720,1090,9.9988276e-5,1.137511,3.1190,159.59,0.0129
8730,1091,9.998825e-5,1.225302,3.4052,146.37,0.0141
8740,1092,9.998823e-5,1.104567,3.0179,129.52,0.0139
8750,1093,9.99882e-5,1.144297,3.1402,100.97,0.0156
8760,1095,9.9988174e-5,1.149318,3.1560,124.05,0.0134
8770,1096,9.9988145e-5,1.112087,3.0407,139.79,0.0131
8780,1097,9.998813e-5,1.077003,2.9359,106.60,0.0144
8790,1098,9.99881e-5,1.111194,3.0380,141.32,0.0158
8800,1100,9.998806e-5,1.162710,3.1986,132.77,0.0143
8810,1101,9.998804e-5,1.166677,3.2113,369.35,0.0384
8820,1102,9.9988014e-5,1.113690,3.0456,114.50,0.0140
8830,1103,9.9988e-5,1.105021,3.0193,107.75,0.0141
8840,1105,9.9987956e-5,1.141931,3.1328,108.22,0.0150
8850,1106,9.998793e-5,1.129376,3.0937,83.53,0.0152
8860,1107,9.998791e-5,1.127804,3.0889,85.45,0.0149
8870,1108,9.998788e-5,1.123790,3.0765,140.12,0.0127
8880,1110,9.998784e-5,1.214772,3.3695,128.62,0.0139
8890,1111,9.9987825e-5,1.132412,3.1031,101.11,0.0160
8900,1112,9.9987796e-5,1.263917,3.5393,110.71,0.0138
8910,1113,9.998778e-5,1.107035,3.0254,409.08,0.0308
8920,1115,9.998774e-5,1.216696,3.3760,158.78,0.0137
8930,1116,9.998771e-5,1.167406,3.2136,156.98,0.0137
8940,1117,9.998768e-5,1.161504,3.1947,147.21,0.0133
8950,1118,9.9987665e-5,1.147549,3.1505,75.65,0.0164
8960,1120,9.998762e-5,1.160911,3.1928,118.43,0.0141
8970,1121,9.998759e-5,1.131394,3.1000,195.80,0.0151
8980,1122,9.998758e-5,1.085371,2.9605,95.11,0.0144
8990,1123,9.998756e-5,1.121978,3.0709,150.65,0.0145
9000,1125,9.998752e-5,1.150387,3.1594,90.52,0.0157
9010,1126,9.998749e-5,1.119251,3.0626,319.88,0.0622
9020,1127,9.9987476e-5,1.167222,3.2131,69.93,0.0182
9030,1128,9.998745e-5,1.250469,3.4920,107.05,0.0142
9040,1130,9.99874e-5,1.113704,3.0456,165.64,0.0132
9050,1131,9.9987374e-5,1.143892,3.1390,118.92,0.0143
9060,1132,9.9987345e-5,1.087890,2.9680,140.09,0.0139
9070,1133,9.998733e-5,1.237075,3.4455,142.50,0.0139
9080,1135,9.998729e-5,1.077062,2.9360,125.54,0.0136
9090,1136,9.998727e-5,1.148088,3.1522,210.20,0.0134
9100,1137,9.998724e-5,1.152987,3.1676,88.85,0.0168
9110,1138,9.998723e-5,1.108872,3.0309,349.89,0.0423
9120,1140,9.998717e-5,1.107264,3.0261,133.75,0.0134
9130,1141,9.9987155e-5,1.150131,3.1586,162.59,0.0132
9140,1142,9.9987126e-5,1.165851,3.2087,150.85,0.0138
9150,1143,9.998711e-5,1.108446,3.0296,98.22,0.0147
9160,1145,9.998707e-5,1.135313,3.1121,132.90,0.0134
9170,1146,9.998704e-5,1.011101,2.7486,232.90,0.0131
9180,1147,9.9987024e-5,1.208811,3.3495,88.93,0.0152
9190,1148,9.9986995e-5,1.125598,3.0821,124.21,0.0130
9200,1150,9.998695e-5,1.146135,3.1460,114.34,0.0149
9210,1151,9.998692e-5,1.150643,3.1602,389.42,0.0331
9220,1152,9.998691e-5,1.105370,3.0203,182.02,0.0134
9230,1153,9.998688e-5,1.063971,2.8979,121.29,0.0135
9240,1155,9.9986835e-5,1.171510,3.2269,150.30,0.0137
9250,1156,9.998682e-5,1.152668,3.1666,173.81,0.0135
9260,1157,9.998679e-5,1.215878,3.3733,73.04,0.0171
9270,1158,9.998676e-5,1.137996,3.1205,145.49,0.0145
9280,1160,9.998672e-5,1.225877,3.4072,294.86,0.0131
9290,1161,9.9986704e-5,1.155101,3.1743,88.93,0.0145
9300,1162,9.9986675e-5,1.125664,3.0823,123.19,0.0133
9310,1163,9.998666e-5,1.107877,3.0279,371.90,0.0367
9320,1165,9.99866e-5,1.191147,3.2909,86.63,0.0165
9330,1166,9.998659e-5,1.142220,3.1337,125.43,0.0143
9340,1167,9.998656e-5,1.075131,2.9304,200.11,0.0136
9350,1168,9.998653e-5,1.127514,3.0880,90.85,0.0151
9360,1170,9.99865e-5,1.078454,2.9401,131.70,0.0132
9370,1171,9.998647e-5,1.191941,3.2935,102.86,0.0142
9380,1172,9.998644e-5,1.146506,3.1472,85.02,0.0148
9390,1173,9.998641e-5,1.122371,3.0721,129.66,0.0139
9400,1175,9.998637e-5,1.144600,3.1412,77.19,0.0154
9410,1176,9.9986355e-5,1.146519,3.1472,331.94,0.0509
9420,1177,9.9986326e-5,1.205180,3.3374,90.32,0.0150
9430,1178,9.998631e-5,1.171435,3.2266,160.94,0.0136
9440,1180,9.998625e-5,1.203058,3.3303,144.70,0.0138
9450,1181,9.998624e-5,1.051008,2.8605,169.89,0.0129
9460,1182,9.998621e-5,1.161748,3.1955,274.72,0.0130
9470,1183,9.9986195e-5,1.090887,2.9769,157.81,0.0133
9480,1185,9.998614e-5,1.085231,2.9601,114.59,0.0149
9490,1186,9.998612e-5,1.092803,2.9826,122.85,0.0133
9500,1187,9.998609e-5,1.144003,3.1393,131.53,0.0150
9510,1188,9.998608e-5,1.135031,3.1113,338.58,0.0484
9520,1190,9.998602e-5,1.157487,3.1819,97.53,0.0165
9530,1191,9.9986006e-5,1.219064,3.3840,142.99,0.0134
9540,1192,9.998598e-5,1.064962,2.9007,118.39,0.0136
9550,1193,9.998596e-5,1.051542,2.8621,118.99,0.0128
9560,1195,9.9985904e-5,1.106761,3.0245,94.93,0.0142
9570,1196,9.9985875e-5,1.208897,3.3498,117.40,0.0146
9580,1197,9.998586e-5,1.170060,3.2222,136.68,0.0140
9590,1198,9.9985846e-5,1.153664,3.1698,84.63,0.0158
9600,1200,9.998579e-5,1.064193,2.8985,144.14,0.0137
9610,1201,9.998576e-5,1.095407,2.9904,343.71,0.0464
9620,1202,9.9985744e-5,1.141688,3.1321,100.35,0.0144
9630,1203,9.9985715e-5,1.193423,3.2984,125.06,0.0138
9640,1205,9.998567e-5,1.166965,3.2122,115.69,0.0146
9650,1206,9.998564e-5,1.161371,3.1943,122.83,0.0143
9660,1207,9.998563e-5,1.106320,3.0232,123.42,0.0132
9670,1208,9.99856e-5,1.161386,3.1944,130.12,0.0136
9680,1210,9.9985555e-5,1.118700,3.0609,129.09,0.0139
9690,1211,9.9985526e-5,1.150145,3.1587,121.34,0.0138
9700,1212,9.998551e-5,1.193860,3.2998,106.54,0.0142
9710,1213,9.998548e-5,1.086171,2.9629,375.17,0.0376
9720,1215,9.998544e-5,1.137671,3.1195,111.51,0.0140
9730,1216,9.998541e-5,1.118379,3.0599,133.23,0.0139
9740,1217,9.998538e-5,1.086413,2.9636,198.46,0.0136
9750,1218,9.998535e-5,1.128754,3.0918,148.28,0.0140
9760,1220,9.998531e-5,1.107998,3.0283,101.43,0.0160
9770,1221,9.998529e-5,1.183557,3.2660,168.21,0.0131
9780,1222,9.9985264e-5,1.172041,3.2286,158.21,0.0140
9790,1223,9.9985235e-5,1.201228,3.3242,155.41,0.0139
9800,1225,9.998519e-5,1.026683,2.7918,93.64,0.0143
9810,1226,9.998516e-5,1.106944,3.0251,366.07,0.0386
9820,1227,9.998515e-5,1.149408,3.1563,171.30,0.0133
9830,1228,9.998512e-5,1.094168,2.9867,115.56,0.0141
9840,1230,9.998506e-5,1.215432,3.3717,101.88,0.0148
9850,1231,9.9985045e-5,1.037247,2.8214,140.04,0.0135
9860,1232,9.998503e-5,1.062557,2.8938,152.49,0.0130
9870,1233,9.9985e-5,1.146193,3.1462,122.19,0.0144
9880,1235,9.998494e-5,1.144925,3.1422,199.38,0.0131
9890,1236,9.998493e-5,1.127880,3.0891,148.12,0.0136
9900,1237,9.99849e-5,1.098120,2.9985,104.98,0.0150
9910,1238,9.998487e-5,1.188662,3.2827,350.79,0.0436
9920,1240,9.998483e-5,1.118017,3.0588,94.74,0.0155
9930,1241,9.99848e-5,1.078472,2.9402,93.14,0.0148
9940,1242,9.998478e-5,1.138761,3.1229,110.09,0.0152
9950,1243,9.9984754e-5,1.097999,2.9982,204.03,0.0127
9960,1245,9.9984696e-5,1.184686,3.2697,154.76,0.0137
9970,1246,9.998468e-5,1.097701,2.9973,186.24,0.0120
9980,1247,9.998465e-5,1.124286,3.0780,82.71,0.0176
9990,1248,9.998462e-5,1.121830,3.0705,109.33,0.0152
10000,1250,9.998458e-5,1.123636,3.0760,197.33,0.0130
10010,1251,9.998455e-5,1.120827,3.0674,336.80,0.0510
10020,1252,9.9984536e-5,1.205653,3.3389,84.31,0.0171
10030,1253,9.998451e-5,1.132687,3.1040,139.09,0.0138
10040,1255,9.998445e-5,1.078599,2.9406,102.47,0.0146
10050,1256,9.9984434e-5,1.084367,2.9576,134.92,0.0142
10060,1257,9.9984405e-5,1.157060,3.1806,98.64,0.0152
10070,1258,9.9984376e-5,1.158762,3.1860,98.76,0.0148
10080,1260,9.998433e-5,1.063266,2.8958,107.21,0.0146
10090,1261,9.99843e-5,1.123091,3.0743,308.87,0.0138
10100,1262,9.998429e-5,1.141032,3.1300,155.89,0.0137
10110,1263,9.998426e-5,1.091062,2.9774,374.94,0.0370
10120,1265,9.99842e-5,1.197648,3.3123,111.74,0.0143
10130,1266,9.998419e-5,1.147922,3.1516,113.05,0.0146
10140,1267,9.998416e-5,1.137106,3.1177,100.20,0.0138
10150,1268,9.998413e-5,1.049986,2.8576,141.69,0.0131
10160,1270,9.9984085e-5,1.091580,2.9790,186.19,0.0130
10170,1271,9.9984056e-5,1.034151,2.8127,144.43,0.0134
10180,1272,9.998404e-5,1.183629,3.2662,167.84,0.0130
10190,1273,9.9984e-5,1.086957,2.9652,145.70,0.0132
10200,1275,9.998397e-5,1.142038,3.1331,148.71,0.0133
10210,1276,9.9983925e-5,1.267314,3.5513,437.30,0.0296
10220,1277,9.998391e-5,1.053674,2.8682,111.39,0.0150
10230,1278,9.998388e-5,1.149181,3.1556,106.31,0.0141
10240,1280,9.998384e-5,1.126260,3.0841,152.80,0.0136
10250,1281,9.998381e-5,1.092103,2.9805,117.26,0.0141
10260,1282,9.998378e-5,1.176530,3.2431,92.78,0.0145
10270,1283,9.9983765e-5,1.149057,3.1552,151.86,0.0134
10280,1285,9.998371e-5,1.107735,3.0275,145.89,0.0132
10290,1286,9.998368e-5,1.172224,3.2292,132.74,0.0136
10300,1287,9.998366e-5,1.181523,3.2593,93.51,0.0150
10310,1288,9.9983634e-5,1.110522,3.0359,404.49,0.0326
10320,1290,9.9983576e-5,1.101098,3.0075,152.89,0.0135
10330,1291,9.998355e-5,1.117857,3.0583,110.99,0.0143
10340,1292,9.998353e-5,1.046458,2.8475,187.42,0.0131
10350,1293,9.99835e-5,1.123865,3.0767,132.38,0.0136
10360,1295,9.9983445e-5,1.135066,3.1114,149.02,0.0138
10370,1296,9.998343e-5,1.138536,3.1222,132.47,0.0145
10380,1297,9.99834e-5,1.131423,3.1001,132.35,0.0137
10390,1298,9.998337e-5,1.149679,3.1572,120.02,0.0144
10400,1300,9.998333e-5,1.136708,3.1165,84.01,0.0158
10410,1301,9.99833e-5,1.126782,3.0857,465.23,0.0259
10420,1302,9.998327e-5,1.057997,2.8806,92.64,0.0153
10430,1303,9.998324e-5,1.082585,2.9523,195.59,0.0129
10440,1305,9.99832e-5,1.041480,2.8334,106.76,0.0140
10450,1306,9.998317e-5,1.141384,3.1311,142.87,0.0136
10460,1307,9.998314e-5,1.120764,3.0672,162.65,0.0137
10470,1308,9.998311e-5,1.006830,2.7369,114.28,0.0131
10480,1310,9.9983066e-5,1.118841,3.0613,191.76,0.0132
10490,1311,9.998304e-5,1.024351,2.7853,159.37,0.0134
10500,1312,9.998301e-5,1.097590,2.9969,123.21,0.0139
10510,1313,9.998298e-5,1.145454,3.1439,381.17,0.0347
10520,1315,9.9982935e-5,1.138814,3.1231,113.02,0.0151
10530,1316,9.9982906e-5,1.181923,3.2606,124.39,0.0142
10540,1317,9.998288e-5,1.056071,2.8751,93.18,0.0144
10550,1318,9.998286e-5,1.087750,2.9676,87.89,0.0143
10560,1320,9.9982804e-5,1.145242,3.1432,108.69,0.0138
10570,1321,9.9982775e-5,1.153426,3.1690,124.43,0.0148
10580,1322,9.998276e-5,1.060384,2.8875,200.26,0.0121
10590,1323,9.998273e-5,1.108035,3.0284,147.47,0.0140
10600,1325,9.998267e-5,1.099009,3.0012,148.42,0.0131
10610,1326,9.998266e-5,1.111248,3.0381,440.91,0.0282
10620,1327,9.9982615e-5,1.151979,3.1644,143.63,0.0133
10630,1328,9.99826e-5,1.116378,3.0538,165.88,0.0133
10640,1330,9.998254e-5,1.140301,3.1277,131.78,0.0139
10650,1331,9.998251e-5,1.114257,3.0473,131.56,0.0131
10660,1332,9.99825e-5,1.067029,2.9067,166.05,0.0132
10670,1333,9.998247e-5,1.189509,3.2855,187.41,0.0131
10680,1335,9.998241e-5,1.171534,3.2269,108.19,0.0149
10690,1336,9.998238e-5,1.053412,2.8674,116.78,0.0150
10700,1337,9.998237e-5,1.050768,2.8598,77.69,0.0161
10710,1338,9.9982324e-5,1.162905,3.1992,327.63,0.0567
10720,1340,9.998228e-5,1.129686,3.0947,184.71,0.0134
10730,1341,9.998225e-5,1.165636,3.2080,100.61,0.0153
10740,1342,9.998222e-5,1.136290,3.1152,125.50,0.0144
10750,1343,9.998221e-5,1.047454,2.8504,402.60,0.0126
10760,1345,9.998215e-5,0.996262,2.7081,432.37,0.0125
10770,1346,9.998212e-5,1.206386,3.3414,136.43,0.0138
10780,1347,9.998209e-5,1.128620,3.0914,222.80,0.0131
10790,1348,9.998206e-5,1.059091,2.8837,102.52,0.0146
10800,1350,9.998202e-5,1.130738,3.0979,120.86,0.0144
10810,1351,9.998199e-5,1.088661,2.9703,367.90,0.0391
10820,1352,9.998196e-5,1.074497,2.9285,215.98,0.0129
10830,1353,9.998193e-5,1.062841,2.8946,132.89,0.0139
10840,1355,9.998187e-5,1.133121,3.1053,117.37,0.0149
10850,1356,9.998186e-5,1.066622,2.9055,136.01,0.0134
10860,1357,9.998183e-5,1.214965,3.3702,181.92,0.0138
10870,1358,9.99818e-5,1.155539,3.1757,81.87,0.0158
10880,1360,9.998176e-5,1.076401,2.9341,92.15,0.0157
10890,1361,9.998171e-5,1.071845,2.9208,126.99,0.0140
10900,1362,9.99817e-5,1.134817,3.1106,201.04,0.0128
10910,1363,9.998167e-5,1.084194,2.9571,381.33,0.0331
10920,1365,9.998161e-5,1.040632,2.8310,121.50,0.0143
10930,1366,9.998158e-5,1.172009,3.2285,173.98,0.0137
10940,1367,9.998155e-5,1.094756,2.9885,204.29,0.0124
10950,1368,9.998154e-5,1.102296,3.0111,186.01,0.0133
10960,1370,9.998148e-5,1.199173,3.3174,94.82,0.0153
10970,1371,9.998145e-5,1.069466,2.9138,175.28,0.0135
10980,1372,9.998142e-5,1.096222,2.9928,123.72,0.0145
10990,1373,9.998139e-5,1.090809,2.9767,160.99,0.0133
11000,1375,9.998135e-5,1.208510,3.3485,217.51,0.0124
11010,1376,9.998132e-5,1.094767,2.9885,358.99,0.0423
11020,1377,9.998129e-5,1.125255,3.0810,138.92,0.0138
11030,1378,9.998126e-5,1.066959,2.9065,100.67,0.0143
11040,1380,9.9981204e-5,1.091210,2.9779,177.66,0.0131
11050,1381,9.998119e-5,1.079298,2.9426,151.45,0.0136
11060,1382,9.9981145e-5,1.138199,3.1211,200.04,0.0127
11070,1383,9.998113e-5,1.087966,2.9682,203.82,0.0129
11080,1385,9.998107e-5,1.102287,3.0110,100.06,0.0151
11090,1386,9.998104e-5,1.100385,3.0053,140.22,0.0142
11100,1387,9.9981015e-5,1.093229,2.9839,128.90,0.0141
11110,1388,9.9980985e-5,1.046145,2.8467,380.58,0.0359
11120,1390,9.998094e-5,1.150967,3.1612,161.43,0.0135
11130,1391,9.99809e-5,1.178496,3.2495,234.40,0.0136
11140,1392,9.998088e-5,1.079887,2.9443,139.10,0.0134
11150,1393,9.9980854e-5,1.189889,3.2867,132.14,0.0146
11160,1395,9.9980796e-5,1.188521,3.2822,139.57,0.0144
11170,1396,9.998077e-5,1.038661,2.8254,176.14,0.0131
11180,1397,9.998074e-5,1.100701,3.0063,153.47,0.0129
11190,1398,9.998071e-5,1.050398,2.8588,133.11,0.0130
11200,1400,9.998065e-5,1.077439,2.9371,158.81,0.0136
11210,1401,9.9980636e-5,1.108546,3.0299,347.23,0.0464
11220,1402,9.998061e-5,1.048051,2.8521,118.77,0.0137
11230,1403,9.998058e-5,1.020714,2.7752,153.38,0.0136
11240,1405,9.998052e-5,1.099859,3.0037,107.99,0.0145
11250,1406,9.998049e-5,1.166037,3.2092,94.24,0.0155
11260,1407,9.998046e-5,1.058456,2.8819,167.59,0.0132
11270,1408,9.998043e-5,1.085964,2.9623,94.09,0.0146
11280,1410,9.9980374e-5,1.082546,2.9522,199.73,0.0131
11290,1411,9.998036e-5,1.099874,3.0038,107.20,0.0141
11300,1412,9.998033e-5,1.087901,2.9680,134.15,0.0138
11310,1413,9.99803e-5,1.083379,2.9546,424.06,0.0327
11320,1415,9.998024e-5,1.089730,2.9735,121.40,0.0138
11330,1416,9.9980214e-5,1.047378,2.8502,165.18,0.0131
11340,1417,9.9980185e-5,1.109282,3.0322,111.35,0.0141
11350,1418,9.9980156e-5,1.070590,2.9171,141.71,0.0136
11360,1420,9.99801e-5,1.072739,2.9234,132.93,0.0136
11370,1421,9.998007e-5,1.073254,2.9249,125.14,0.0144
11380,1422,9.998004e-5,1.058803,2.8829,162.98,0.0132
11390,1423,9.9980025e-5,1.103421,3.0145,148.80,0.0135
11400,1425,9.997997e-5,1.112763,3.0428,176.08,0.0137
11410,1426,9.997994e-5,1.044522,2.8420,347.23,0.0474
11420,1427,9.997991e-5,1.098882,3.0008,136.69,0.0150
11430,1428,9.997988e-5,1.066018,2.9038,117.03,0.0145
11440,1430,9.997982e-5,1.113940,3.0463,125.34,0.0132
11450,1431,9.997979e-5,1.037475,2.8221,109.71,0.0144
11460,1432,9.997976e-5,1.039597,2.8281,100.10,0.0148
11470,1433,9.9979734e-5,1.085906,2.9621,199.29,0.0129
11480,1435,9.9979676e-5,1.108908,3.0310,81.24,0.0158
11490,1436,9.997965e-5,1.047522,2.8506,123.28,0.0135
11500,1437,9.997962e-5,1.064024,2.8980,154.19,0.0130
11510,1438,9.997959e-5,1.123578,3.0758,307.55,0.0701
11520,1440,9.997953e-5,1.172303,3.2294,133.87,0.0141
11530,1441,9.9979516e-5,1.124754,3.0795,140.99,0.0140
11540,1442,9.997947e-5,1.080975,2.9476,178.03,0.0122
11550,1443,9.997946e-5,1.105931,3.0220,134.09,0.0136
11560,1445,9.9979385e-5,1.145004,3.1425,123.50,0.0129
11570,1446,9.997937e-5,1.019440,2.7716,114.28,0.0141
11580,1447,9.997934e-5,1.075281,2.9308,154.26,0.0132
11590,1448,9.997931e-5,1.089847,2.9738,120.88,0.0141
11600,1450,9.9979254e-5,1.056161,2.8753,114.39,0.0148
11610,1451,9.9979225e-5,1.119919,3.0646,364.28,0.0404
11620,1452,9.9979196e-5,1.075394,2.9311,129.19,0.0138
11630,1453,9.997917e-5,1.134013,3.1081,133.08,0.0135
11640,1455,9.997911e-5,1.167408,3.2137,113.92,0.0149
11650,1456,9.997908e-5,1.119391,3.0630,115.15,0.0138
11660,1457,9.997905e-5,1.073103,2.9244,82.56,0.0152
11670,1458,9.997902e-5,1.102593,3.0120,180.01,0.0130
11680,1460,9.997896e-5,1.095989,2.9921,128.50,0.0143
11690,1461,9.997893e-5,1.115200,3.0502,141.25,0.0134
11700,1462,9.9978904e-5,1.074643,2.9289,186.30,0.0134
11710,1463,9.9978875e-5,0.991634,2.6956,384.98,0.0322
11720,1465,9.997882e-5,1.086631,2.9643,183.13,0.0131
11730,1466,9.997879e-5,1.079184,2.9423,124.32,0.0138
11740,1467,9.997876e-5,1.052727,2.8655,95.74,0.0154
11750,1468,9.997873e-5,1.113643,3.0454,208.91,0.0130
11760,1470,9.997867e-5,1.139871,3.1264,77.34,0.0170
11770,1471,9.997864e-5,1.055153,2.8724,94.63,0.0153
11780,1472,9.997861e-5,1.130903,3.0985,148.61,0.0132
11790,1473,9.9978584e-5,1.121488,3.0694,98.67,0.0148
11800,1475,9.9978526e-5,1.132126,3.1022,178.25,0.0165
11810,1476,9.99785e-5,1.104810,3.0187,353.10,0.0412
11820,1477,9.997847e-5,1.028177,2.7960,130.70,0.0130
11830,1478,9.997844e-5,1.179937,3.2542,123.56,0.0144
11840,1480,9.997838e-5,1.170775,3.2245,118.91,0.0141
11850,1481,9.997835e-5,1.082366,2.9517,142.60,0.0137
11860,1482,9.997832e-5,1.071486,2.9197,99.52,0.0143
11870,1483,9.997829e-5,1.039794,2.8286,164.02,0.0122
11880,1485,9.9978235e-5,1.065902,2.9035,106.48,0.0139
11890,1486,9.9978206e-5,1.091473,2.9787,133.17,0.0137
11900,1487,9.997818e-5,1.106156,3.0227,103.29,0.0152
11910,1488,9.997815e-5,1.078733,2.9410,379.30,0.0348
11920,1490,9.997809e-5,1.102189,3.0107,147.57,0.0140
11930,1491,9.997806e-5,1.116942,3.0555,103.01,0.0147
11940,1492,9.997803e-5,1.174009,3.2349,98.68,0.0142
11950,1493,9.9978e-5,1.065061,2.9010,142.45,0.0135
11960,1495,9.9977944e-5,1.073997,2.9271,138.55,0.0140
11970,1496,9.9977915e-5,1.083364,2.9546,85.34,0.0154
11980,1497,9.9977886e-5,1.099472,3.0026,107.07,0.0150
11990,1498,9.997786e-5,1.160224,3.1906,132.18,0.0155
12000,1500,9.99778e-5,1.076729,2.9351,124.13,0.0138
12010,1501,9.997777e-5,1.066847,2.9062,417.51,0.0308
12020,1502,9.997774e-5,1.044666,2.8424,136.47,0.0135
12030,1503,9.997771e-5,1.094880,2.9888,99.11,0.0148
12040,1505,9.997765e-5,1.087390,2.9665,110.19,0.0145
12050,1506,9.9977624e-5,1.123508,3.0756,141.46,0.0136
12060,1507,9.9977595e-5,1.044250,2.8413,151.05,0.0130
12070,1508,9.997755e-5,1.094813,2.9886,104.88,0.0141
12080,1510,9.997751e-5,1.146472,3.1471,192.51,0.0131
12090,1511,9.9977464e-5,1.049718,2.8568,111.60,0.0147
12100,1512,9.9977435e-5,1.114466,3.0479,119.19,0.0136
12110,1513,9.9977406e-5,1.097542,2.9968,436.46,0.0268
12120,1515,9.997735e-5,1.140175,3.1273,122.72,0.0132
12130,1516,9.997732e-5,1.008960,2.7427,98.51,0.0149
12140,1517,9.997729e-5,1.090327,2.9752,164.79,0.0138
12150,1518,9.997726e-5,1.052015,2.8634,91.15,0.0156
12160,1520,9.99772e-5,1.120120,3.0652,119.25,0.0144
12170,1521,9.997717e-5,1.084322,2.9574,108.33,0.0141
12180,1522,9.9977144e-5,1.051408,2.8617,123.95,0.0136
12190,1523,9.9977115e-5,1.091630,2.9791,131.06,0.0136
12200,1525,9.997706e-5,1.101316,3.0081,180.51,0.0134
12210,1526,9.997701e-5,1.060020,2.8864,406.67,0.0319
12220,1527,9.997698e-5,1.081640,2.9495,101.61,0.0146
12230,1528,9.9976955e-5,1.110546,3.0360,165.99,0.0132
12240,1530,9.9976896e-5,1.101592,3.0090,131.57,0.0137
12250,1531,9.997687e-5,1.076120,2.9333,116.08,0.0148
12260,1532,9.997684e-5,1.040200,2.8298,198.19,0.0127
12270,1533,9.997681e-5,1.217955,3.3803,218.74,0.0131
12280,1535,9.997675e-5,1.123449,3.0754,110.54,0.0140
12290,1536,9.997672e-5,1.086939,2.9652,112.37,0.0135
12300,1537,9.997669e-5,1.085272,2.9602,112.66,0.0148
12310,1538,9.997665e-5,1.044134,2.8409,339.08,0.0446
12320,1540,9.997659e-5,1.058825,2.8830,127.00,0.0132
12330,1541,9.9976576e-5,1.016454,2.7634,177.59,0.0128
12340,1542,9.997653e-5,1.020520,2.7746,109.59,0.0142
12350,1543,9.99765e-5,1.088864,2.9709,145.66,0.0132
12360,1545,9.9976445e-5,1.117463,3.0571,108.42,0.0141
12370,1546,9.9976416e-5,0.939985,2.5599,148.59,0.0126
12380,1547,9.997639e-5,1.086686,2.9644,221.51,0.0130
12390,1548,9.997636e-5,1.063894,2.8976,150.78,0.0130
12400,1550,9.9976285e-5,1.153749,3.1701,146.35,0.0138
12410,1551,9.9976256e-5,1.035274,2.8159,395.05,0.0338
12420,1552,9.997623e-5,1.077191,2.9364,115.82,0.0142
12430,1553,9.99762e-5,1.079784,2.9440,90.83,0.0157
12440,1555,9.997614e-5,1.189194,3.2844,113.02,0.0145
12450,1556,9.997611e-5,1.166000,3.2091,168.67,0.0136
12460,1557,9.997608e-5,0.953475,2.5947,255.28,0.0141
12470,1558,9.997604e-5,1.063920,2.8977,184.59,0.0163
12480,1560,9.997598e-5,1.082810,2.9530,94.45,0.0151
12490,1561,9.9975965e-5,1.013817,2.7561,123.32,0.0139
12500,1562,9.997592e-5,1.082393,2.9517,113.55,0.0144
12510,1563,9.997589e-5,1.077836,2.9383,344.97,0.0468
12520,1565,9.9975834e-5,1.072224,2.9219,84.91,0.0160
12530,1566,9.997579e-5,1.033253,2.8102,155.74,0.0129
12540,1567,9.997576e-5,1.085602,2.9612,99.78,0.0154
12550,1568,9.997573e-5,1.099362,3.0023,104.64,0.0146
12560,1570,9.9975674e-5,1.109261,3.0321,88.26,0.0158
12570,1571,9.9975645e-5,1.033565,2.8111,132.26,0.0130
12580,1572,9.9975616e-5,1.078475,2.9402,123.86,0.0136
12590,1573,9.997559e-5,1.078077,2.9390,144.03,0.0141
12600,1575,9.9975514e-5,1.186280,3.2749,88.04,0.0150
12610,1576,9.9975485e-5,1.099981,3.0041,343.22,0.0457
12620,1577,9.9975456e-5,1.053552,2.8678,146.41,0.0133
12630,1578,9.997543e-5,1.088131,2.9687,125.58,0.0131
12640,1580,9.997537e-5,1.109102,3.0316,106.66,0.0149
12650,1581,9.997534e-5,1.204448,3.3349,228.74,0.0154
12660,1582,9.997531e-5,1.168299,3.2165,121.92,0.0152
12670,1583,9.997527e-5,1.049626,2.8566,75.32,0.0161
12680,1585,9.997521e-5,1.159105,3.1871,118.16,0.0144
12690,1586,9.997518e-5,1.076168,2.9334,118.60,0.0139
12700,1587,9.9975136e-5,1.086490,2.9639,89.95,0.0152
12710,1588,9.997512e-5,1.142624,3.1350,333.56,0.0484
12720,1590,9.997505e-5,1.063613,2.8968,117.73,0.0140
12730,1591,9.997502e-5,1.014589,2.7582,165.89,0.0132
12740,1592,9.997499e-5,1.056191,2.8754,125.69,0.0135
12750,1593,9.997496e-5,1.153025,3.1678,175.96,0.0136
12760,1595,9.99749e-5,1.082584,2.9523,107.35,0.0142
12770,1596,9.997486e-5,1.068544,2.9111,131.83,0.0137
12780,1597,9.997483e-5,1.077997,2.9388,123.39,0.0141
12790,1598,9.99748e-5,1.030113,2.8014,204.55,0.0129
12800,1600,9.997473e-5,1.120404,3.0661,278.78,0.0130
12810,1601,9.99747e-5,1.013088,2.7541,341.01,0.0481
12820,1602,9.997467e-5,1.108799,3.0307,143.20,0.0168
12830,1603,9.997464e-5,1.095199,2.9898,118.55,0.0147
12840,1605,9.997458e-5,1.114393,3.0477,101.26,0.0148
12850,1606,9.997455e-5,1.140216,3.1274,94.98,0.0156
12860,1607,9.997451e-5,1.129653,3.0946,128.42,0.0148
12870,1608,9.997448e-5,1.049880,2.8573,158.98,0.0130
12880,1610,9.997442e-5,1.050712,2.8597,169.48,0.0127
12890,1611,9.997439e-5,1.152164,3.1650,146.64,0.0133
12900,1612,9.9974364e-5,1.181754,3.2601,156.23,0.0136
12910,1613,9.997432e-5,1.116225,3.0533,352.78,0.0451
12920,1615,9.997426e-5,1.071892,2.9209,142.33,0.0136
12930,1616,9.997423e-5,1.110627,3.0363,162.53,0.0133
12940,1617,9.9974204e-5,1.154670,3.1730,104.56,0.0154
12950,1618,9.997416e-5,1.106868,3.0249,85.12,0.0162
12960,1620,9.99741e-5,1.086443,2.9637,120.04,0.0147
12970,1621,9.997407e-5,1.118854,3.0613,105.79,0.0151
12980,1622,9.9974044e-5,1.067435,2.9079,92.96,0.0143
12990,1623,9.9974e-5,1.087537,2.9670,91.54,0.0164
13000,1625,9.997394e-5,1.006781,2.7368,222.02,0.0166
13010,1626,9.997391e-5,1.155380,3.1752,388.26,0.0371
13020,1627,9.997387e-5,1.060858,2.8888,176.48,0.0127
13030,1628,9.997384e-5,1.103673,3.0152,115.74,0.0139
13040,1630,9.997378e-5,1.035834,2.8175,113.27,0.0137
13050,1631,9.997375e-5,1.098112,2.9985,153.58,0.0135
13060,1632,9.997371e-5,1.056061,2.8750,99.56,0.0143
13070,1633,9.997368e-5,1.081844,2.9501,86.85,0.0160
13080,1635,9.997362e-5,1.114759,3.0488,147.56,0.0132
13090,1636,9.997359e-5,1.016966,2.7648,122.73,0.0140
13100,1637,9.997355e-5,1.086952,2.9652,129.99,0.0138
13110,1638,9.997352e-5,1.100693,3.0062,356.63,0.0405
13120,1640,9.997346e-5,1.091485,2.9787,123.04,0.0136
13130,1641,9.997343e-5,1.030904,2.8036,135.43,0.0140
13140,1642,9.997339e-5,1.087882,2.9680,131.14,0.0141
13150,1643,9.997336e-5,1.119807,3.0643,94.13,0.0146
13160,1645,9.99733e-5,1.068707,2.9116,144.13,0.0135
13170,1646,9.997326e-5,1.096583,2.9939,118.99,0.0137
13180,1647,9.997323e-5,0.978123,2.6595,196.18,0.0137
13190,1648,9.99732e-5,1.076650,2.9348,132.98,0.0143
13200,1650,9.997314e-5,1.032113,2.8070,122.16,0.0135
13210,1651,9.99731e-5,1.024986,2.7871,402.40,0.0307
13220,1652,9.997307e-5,1.049942,2.8575,107.82,0.0147
13230,1653,9.997304e-5,1.058995,2.8835,87.57,0.0146
13240,1655,9.997297e-5,1.031260,2.8046,274.38,0.0125
13250,1656,9.997294e-5,1.100788,3.0065,189.30,0.0133
13260,1657,9.997291e-5,1.017230,2.7655,113.54,0.0136
13270,1658,9.997288e-5,1.062848,2.8946,113.19,0.0143
13280,1660,9.997281e-5,1.028629,2.7972,141.77,0.0139
13290,1661,9.997278e-5,1.068596,2.9113,277.78,0.0134
13300,1662,9.9972734e-5,1.103147,3.0136,102.08,0.0147
13310,1663,9.9972705e-5,1.097659,2.9971,377.23,0.0359
13320,1665,9.997265e-5,1.078158,2.9393,149.18,0.0129
13330,1666,9.99726e-5,1.007189,2.7379,174.11,0.0163
13340,1667,9.9972574e-5,1.103069,3.0134,272.34,0.0150
13350,1668,9.9972545e-5,1.094592,2.9880,146.65,0.0137
13360,1670,9.997249e-5,1.124255,3.0779,109.30,0.0147
13370,1671,9.997244e-5,1.156523,3.1789,210.34,0.0134
13380,1672,9.9972414e-5,1.112840,3.0430,129.56,0.0136
13390,1673,9.9972385e-5,1.037281,2.8215,133.34,0.0136
13400,1675,9.997231e-5,1.184285,3.2684,162.31,0.0140
13410,1676,9.997228e-5,1.065591,2.9026,372.89,0.0367
13420,1677,9.997224e-5,1.050070,2.8579,137.70,0.0135
13430,1678,9.997221e-5,1.071085,2.9185,131.83,0.0142
13440,1680,9.997215e-5,1.058433,2.8819,109.14,0.0138
13450,1681,9.997212e-5,1.097000,2.9952,117.15,0.0139
13460,1682,9.997208e-5,1.111101,3.0377,213.89,0.0134
13470,1683,9.997205e-5,1.110018,3.0344,93.88,0.0147
13480,1685,9.997198e-5,1.072848,2.9237,228.03,0.0126
13490,1686,9.997195e-5,0.982420,2.6709,213.00,0.0132
13500,1687,9.997192e-5,1.092386,2.9814,106.76,0.0158
13510,1688,9.9971876e-5,1.066586,2.9054,401.31,0.0316
13520,1690,9.997182e-5,1.145031,3.1425,192.33,0.0138
13530,1691,9.997179e-5,1.056900,2.8774,162.94,0.0137
13540,1692,9.9971745e-5,1.052028,2.8635,114.17,0.0138
13550,1693,9.9971716e-5,1.116262,3.0534,127.03,0.0144
13560,1695,9.997164e-5,1.054842,2.8715,90.45,0.0153
13570,1696,9.9971614e-5,1.120501,3.0664,131.62,0.0141
13580,1697,9.9971585e-5,1.230227,3.4220,173.53,0.0133
13590,1698,9.997154e-5,1.089079,2.9715,105.13,0.0156
13600,1700,9.997148e-5,1.092886,2.9829,92.10,0.0151
13610,1701,9.997144e-5,1.067112,2.9070,356.30,0.0408
13620,1702,9.997141e-5,1.012151,2.7515,194.88,0.0141
13630,1703,9.997138e-5,0.971275,2.6413,143.11,0.0132
13640,1705,9.997131e-5,1.072166,2.9217,256.18,0.0133
13650,1706,9.997128e-5,1.009261,2.7436,168.66,0.0147
13660,1707,9.997125e-5,1.026622,2.7916,148.13,0.0140
13670,1708,9.997122e-5,1.028147,2.7959,117.25,0.0142
13680,1710,9.9971134e-5,1.082040,2.9507,133.40,0.0140
13690,1711,9.9971105e-5,1.166146,3.2096,114.78,0.0143
13700,1712,9.9971076e-5,1.116622,3.0545,139.35,0.0131
13710,1713,9.997105e-5,1.183122,3.2645,371.97,0.0376
13720,1715,9.9970974e-5,1.130122,3.0960,100.97,0.0150
13730,1716,9.9970945e-5,1.079294,2.9426,102.63,0.0148
13740,1717,9.99709e-5,1.004772,2.7313,93.94,0.0140
13750,1718,9.997087e-5,1.072410,2.9224,88.55,0.0137
13760,1720,9.997081e-5,1.035838,2.8175,122.79,0.0140
13770,1721,9.997077e-5,1.081062,2.9478,147.92,0.0136
13780,1722,9.997074e-5,1.033206,2.8101,88.30,0.0153
13790,1723,9.99707e-5,1.108612,3.0302,149.98,0.0136
13800,1725,9.997064e-5,1.089697,2.9734,213.69,0.0126
13810,1726,9.997061e-5,1.044788,2.8428,342.10,0.0462
13820,1727,9.9970566e-5,1.010547,2.7471,112.86,0.0143
13830,1728,9.997054e-5,0.962173,2.6174,138.00,0.0144
13840,1730,9.9970464e-5,1.123778,3.0765,170.02,0.0131
13850,1731,9.9970435e-5,1.054651,2.8710,143.47,0.0132
13860,1732,9.9970406e-5,1.085792,2.9618,158.64,0.0145
13870,1733,9.997036e-5,1.031086,2.8041,143.94,0.0133
13880,1735,9.997029e-5,1.223166,3.3979,81.15,0.0159
13890,1736,9.997026e-5,1.037112,2.8211,144.13,0.0134
13900,1737,9.997023e-5,1.069759,2.9147,94.50,0.0149
13910,1738,9.997019e-5,1.016411,2.7633,351.84,0.0440
13920,1740,9.9970115e-5,1.063464,2.8964,146.09,0.0140
13930,1741,9.9970086e-5,1.058059,2.8808,119.65,0.0142
13940,1742,9.997006e-5,1.060177,2.8869,114.28,0.0148
13950,1743,9.997001e-5,1.065573,2.9025,83.63,0.0151
13960,1745,9.9969955e-5,0.999922,2.7181,83.89,0.0161
13970,1746,9.996991e-5,1.052829,2.8657,162.52,0.0136
13980,1747,9.996988e-5,1.089357,2.9724,83.09,0.0147
13990,1748,9.996985e-5,1.055340,2.8730,128.39,0.0137
14000,1750,9.996978e-5,1.050787,2.8599,89.55,0.0159
14010,1751,9.996975e-5,1.109038,3.0314,333.38,0.0484
14020,1752,9.996971e-5,1.081931,2.9504,207.01,0.0131
14030,1753,9.996968e-5,1.048375,2.8530,107.18,0.0143
14040,1755,9.9969606e-5,1.072969,2.9240,153.79,0.0166
14050,1756,9.996958e-5,1.058028,2.8807,111.75,0.0142
14060,1757,9.996953e-5,1.053103,2.8665,88.06,0.0156
14070,1758,9.9969504e-5,1.076649,2.9348,102.05,0.0137
14080,1760,9.996943e-5,1.149690,3.1572,174.99,0.0130
14090,1761,9.99694e-5,1.161967,3.1962,76.64,0.0167
14100,1762,9.996936e-5,1.088672,2.9703,122.50,0.0140
14110,1763,9.996933e-5,0.975436,2.6523,413.52,0.0276
14120,1765,9.996926e-5,1.056856,2.8773,97.92,0.0149
14130,1766,9.996921e-5,1.054239,2.8698,106.16,0.0144
14140,1767,9.9969184e-5,1.033689,2.8114,107.31,0.0138
14150,1768,9.9969155e-5,1.049781,2.8570,91.21,0.0147
14160,1770,9.996908e-5,0.996322,2.7083,222.76,0.0125
14170,1771,9.996905e-5,1.015201,2.7599,160.83,0.0131
14180,1772,9.996901e-5,1.026505,2.7913,156.26,0.0133
14190,1773,9.996898e-5,1.067161,2.9071,152.15,0.0135
14200,1775,9.996891e-5,1.057814,2.8801,124.02,0.0138
14210,1776,9.996888e-5,1.084857,2.9590,337.21,0.0473
14220,1777,9.9968835e-5,1.095613,2.9910,143.94,0.0143
14230,1778,9.9968805e-5,1.107070,3.0255,97.91,0.0151
14240,1780,9.996873e-5,1.047726,2.8512,124.54,0.0153
14250,1781,9.99687e-5,1.012123,2.7514,151.65,0.0127
14260,1782,9.996866e-5,1.052326,2.8643,108.93,0.0151
14270,1783,9.996863e-5,1.079226,2.9424,126.58,0.0136
14280,1785,9.996856e-5,0.996572,2.7090,99.83,0.0151
14290,1786,9.996853e-5,1.039066,2.8266,108.01,0.0145
14300,1787,9.9968485e-5,1.097179,2.9957,100.52,0.0152
14310,1788,9.9968456e-5,1.123433,3.0754,414.22,0.0321
14320,1790,9.996838e-5,1.030061,2.8012,183.12,0.0128
14330,1791,9.996834e-5,1.068906,2.9122,151.75,0.0137
14340,1792,9.996831e-5,1.026834,2.7922,111.57,0.0135
14350,1793,9.996828e-5,1.016636,2.7639,244.75,0.0122
14360,1795,9.9968194e-5,1.171424,3.2266,94.25,0.0144
14370,1796,9.9968165e-5,1.004197,2.7297,114.47,0.0137
14380,1797,9.9968136e-5,1.123330,3.0751,232.43,0.0126
14390,1798,9.996809e-5,1.159664,3.1889,157.22,0.0200
14400,1800,9.9968034e-5,1.089947,2.9741,168.83,0.0148
14410,1801,9.996799e-5,1.027552,2.7942,358.85,0.0390
14420,1802,9.996795e-5,1.093263,2.9840,127.37,0.0143
14430,1803,9.996792e-5,1.106156,3.0227,94.63,0.0157
14440,1805,9.9967845e-5,1.055194,2.8725,99.19,0.0154
14450,1806,9.9967816e-5,1.016303,2.7630,134.22,0.0138
14460,1807,9.996777e-5,1.061412,2.8904,160.73,0.0126
14470,1808,9.996774e-5,1.105676,3.0213,148.96,0.0134
14480,1810,9.996767e-5,1.019908,2.7729,113.09,0.0145
14490,1811,9.996763e-5,1.063460,2.8964,125.35,0.0140
14500,1812,9.99676e-5,1.049229,2.8554,102.01,0.0146
14510,1813,9.996757e-5,1.150291,3.1591,421.82,0.0307
14520,1815,9.9967496e-5,0.977240,2.6571,132.10,0.0126
14530,1816,9.996745e-5,1.050740,2.8598,235.61,0.0132
14540,1817,9.996742e-5,1.037550,2.8223,208.77,0.0134
14550,1818,9.996738e-5,1.115238,3.0503,241.76,0.0148
14560,1820,9.996731e-5,1.007327,2.7383,175.24,0.0144
14570,1821,9.996728e-5,1.009947,2.7455,76.89,0.0165
14580,1822,9.9967234e-5,0.983251,2.6731,90.27,0.0160
14590,1823,9.9967205e-5,1.073349,2.9252,109.26,0.0148
14600,1825,9.996713e-5,0.988216,2.6864,136.74,0.0137
14610,1826,9.99671e-5,1.203188,3.3307,439.32,0.0283
14620,1827,9.996706e-5,1.111081,3.0376,99.28,0.0150
14630,1828,9.996703e-5,1.054665,2.8710,169.34,0.0127
14640,1830,9.996696e-5,1.021895,2.7785,178.90,0.0131
14650,1831,9.9966914e-5,1.114643,3.0485,285.75,0.0131
14660,1832,9.9966885e-5,1.054490,2.8705,125.49,0.0139
14670,1833,9.996684e-5,1.087234,2.9661,94.67,0.0148
14680,1835,9.996677e-5,1.059683,2.8855,179.68,0.0133
14690,1836,9.996674e-5,1.055434,2.8732,207.88,0.0135
14700,1837,9.9966695e-5,1.079783,2.9440,125.06,0.0152
14710,1838,9.9966666e-5,1.069241,2.9132,385.05,0.0422
14720,1840,9.996659e-5,1.061946,2.8920,107.19,0.0137
14730,1841,9.996655e-5,1.039328,2.8273,151.86,0.0128
14740,1842,9.996652e-5,1.051615,2.8623,108.23,0.0140
14750,1843,9.996648e-5,1.041430,2.8333,124.54,0.0148
14760,1845,9.9966404e-5,0.993703,2.7012,192.57,0.0131
14770,1846,9.9966375e-5,1.072709,2.9233,116.14,0.0144
14780,1847,9.996633e-5,1.036956,2.8206,132.85,0.0129
14790,1848,9.99663e-5,1.086182,2.9629,181.57,0.0144
14800,1850,9.996623e-5,1.039801,2.8287,143.28,0.0144
14810,1851,9.9966186e-5,1.081842,2.9501,361.86,0.0402
14820,1852,9.996616e-5,1.083164,2.9540,109.88,0.0149
14830,1853,9.996611e-5,1.032685,2.8086,134.55,0.0132
14840,1855,9.996604e-5,1.139587,3.1255,130.59,0.0142
14850,1856,9.996601e-5,1.058954,2.8834,153.30,0.0132
14860,1857,9.996597e-5,0.979850,2.6641,150.46,0.0134
14870,1858,9.996594e-5,1.128651,3.0915,152.17,0.0136
14880,1860,9.9965866e-5,1.049376,2.8559,109.98,0.0138
14890,1861,9.996582e-5,1.068197,2.9101,109.40,0.0138
14900,1862,9.996579e-5,1.090113,2.9746,165.21,0.0159
14910,1863,9.996575e-5,1.040363,2.8302,328.99,0.0522
14920,1865,9.996568e-5,1.052274,2.8642,177.80,0.0133
14930,1866,9.996563e-5,1.085454,2.9608,98.66,0.0144
14940,1867,9.9965604e-5,1.023797,2.7837,115.95,0.0140
14950,1868,9.996556e-5,1.031561,2.8054,149.82,0.0139
14960,1870,9.996549e-5,1.063349,2.8961,101.69,0.0149
14970,1871,9.996546e-5,1.069248,2.9132,190.47,0.0133
14980,1872,9.9965415e-5,1.030770,2.8032,180.39,0.0132
14990,1873,9.9965386e-5,1.071199,2.9189,149.92,0.0133
15000,1875,9.99653e-5,1.065486,2.9022,127.92,0.0133
15010,1876,9.996527e-5,1.013803,2.7561,360.96,0.0381
15020,1877,9.996524e-5,1.100318,3.0051,120.67,0.0146
15030,1878,9.99652e-5,1.058279,2.8814,187.78,0.0144
15040,1880,9.9965124e-5,0.990184,2.6917,182.05,0.0142
15050,1881,9.996508e-5,0.963164,2.6200,234.32,0.0159
15060,1882,9.996505e-5,0.975510,2.6525,134.62,0.0139
15070,1883,9.996501e-5,1.093210,2.9838,167.40,0.0132
15080,1885,9.9964935e-5,1.024045,2.7844,122.00,0.0141
15090,1886,9.996489e-5,1.033541,2.8110,128.02,0.0139
15100,1887,9.996486e-5,1.054571,2.8707,124.40,0.0143
15110,1888,9.996482e-5,1.039382,2.8275,385.07,0.0355
15120,1890,9.9964745e-5,1.010126,2.7459,114.61,0.0134
15130,1891,9.9964716e-5,1.130797,3.0981,107.26,0.0142
15140,1892,9.996467e-5,1.007939,2.7399,95.45,0.0143
15150,1893,9.996464e-5,1.129399,3.0938,218.29,0.0133
15160,1895,9.996457e-5,1.056821,2.8772,117.31,0.0152
15170,1896,9.996453e-5,1.050346,2.8586,118.33,0.0140
15180,1897,9.996448e-5,1.074075,2.9273,79.17,0.0160
15190,1898,9.9964454e-5,1.057507,2.8792,156.81,0.0134
15200,1900,9.996438e-5,1.066200,2.9043,158.10,0.0134
15210,1901,9.996434e-5,1.063419,2.8963,395.97,0.0318
15220,1902,9.9964294e-5,1.135373,3.1123,99.06,0.0150
15230,1903,9.9964265e-5,1.014020,2.7567,145.95,0.0130
15240,1905,9.996419e-5,1.011806,2.7506,119.06,0.0141
15250,1906,9.996415e-5,1.037049,2.8209,173.60,0.0128
15260,1907,9.996412e-5,0.989261,2.6892,113.86,0.0141
15270,1908,9.9964076e-5,0.984259,2.6758,119.00,0.0140
15280,1910,9.9964e-5,1.019388,2.7715,116.52,0.0131
15290,1911,9.996396e-5,1.126351,3.0844,214.13,0.0127
15300,1912,9.996393e-5,1.068857,2.9120,305.12,0.0121
15310,1913,9.996389e-5,1.115197,3.0502,399.79,0.0323
15320,1915,9.9963814e-5,1.054980,2.8719,144.45,0.0136
15330,1916,9.996377e-5,1.116414,3.0539,106.89,0.0149
15340,1917,9.996374e-5,1.094218,2.9868,182.01,0.0131
15350,1918,9.99637e-5,1.045076,2.8436,195.55,0.0131
15360,1920,9.9963625e-5,1.089530,2.9729,78.93,0.0153
15370,1921,9.996358e-5,1.067154,2.9071,148.77,0.0129
15380,1922,9.996354e-5,1.055995,2.8748,138.93,0.0129
15390,1923,9.996351e-5,1.063911,2.8977,117.15,0.0142
15400,1925,9.9963436e-5,1.150745,3.1605,95.70,0.0153
15410,1926,9.996339e-5,1.027435,2.7939,331.26,0.0516
15420,1927,9.996336e-5,1.070025,2.9155,211.14,0.0130
15430,1928,9.996332e-5,1.020004,2.7732,142.18,0.0133
15440,1930,9.996325e-5,1.074818,2.9295,123.21,0.0142
15450,1931,9.99632e-5,1.013304,2.7547,123.50,0.0136
15460,1932,9.9963174e-5,1.048642,2.8538,118.77,0.0138
15470,1933,9.996313e-5,1.021162,2.7764,113.66,0.0136
15480,1935,9.996306e-5,1.063923,2.8977,130.27,0.0140
15490,1936,9.9963014e-5,1.073555,2.9258,119.43,0.0139
15500,1937,9.996297e-5,1.063067,2.8952,140.94,0.0137
15510,1938,9.996294e-5,1.071768,2.9205,469.98,0.0265
15520,1940,9.9962854e-5,1.085490,2.9609,154.40,0.0138
15530,1941,9.9962825e-5,1.131556,3.1005,161.99,0.0172
15540,1942,9.996278e-5,1.036134,2.8183,162.92,0.0153
15550,1943,9.996275e-5,1.018372,2.7687,202.66,0.0163
15560,1945,9.9962665e-5,1.039177,2.8269,120.39,0.0140
15570,1946,9.9962635e-5,1.024204,2.7849,104.93,0.0139
15580,1947,9.996259e-5,1.071179,2.9188,95.74,0.0142
15590,1948,9.996256e-5,1.049987,2.8576,183.41,0.0129
15600,1950,9.9962475e-5,0.968124,2.6330,127.63,0.0137
15610,1951,9.9962446e-5,1.071944,2.9211,353.96,0.0399
15620,1952,9.99624e-5,1.104761,3.0185,102.69,0.0153
15630,1953,9.996236e-5,1.051829,2.8629,166.52,0.0128
15640,1955,9.9962286e-5,0.997942,2.7127,162.21,0.0130
15650,1956,9.996224e-5,1.028265,2.7962,183.40,0.0129
15660,1957,9.99622e-5,1.018227,2.7683,119.13,0.0137
15670,1958,9.996217e-5,1.065737,2.9030,110.80,0.0143
15680,1960,9.99621e-5,1.120631,3.0668,162.15,0.0132
15690,1961,9.996205e-5,0.982788,2.6719,122.79,0.0139
15700,1962,9.996201e-5,1.067121,2.9070,99.31,0.0143
15710,1963,9.996198e-5,0.997481,2.7114,319.09,0.0552
15720,1965,9.996189e-5,1.059036,2.8836,98.70,0.0174
15730,1966,9.9961864e-5,1.025999,2.7899,157.66,0.0129
15740,1967,9.996182e-5,1.030157,2.8015,115.25,0.0145
15750,1968,9.996179e-5,1.013428,2.7550,147.89,0.0135
15760,1970,9.9961704e-5,1.052534,2.8649,128.60,0.0140
15770,1971,9.996166e-5,0.994790,2.7042,142.95,0.0132
15780,1972,9.996162e-5,1.024976,2.7870,92.70,0.0143
15790,1973,9.996159e-5,1.025847,2.7895,184.61,0.0123
15800,1975,9.99615e-5,1.014191,2.7571,139.03,0.0136
15810,1976,9.996147e-5,1.106410,3.0235,317.51,0.0572
15820,1977,9.996143e-5,1.057712,2.8798,118.61,0.0137
15830,1978,9.9961384e-5,1.010401,2.7467,111.94,0.0143
15840,1980,9.996131e-5,0.999578,2.7171,103.81,0.0145
15850,1981,9.996128e-5,1.008320,2.7410,130.62,0.0143
15860,1982,9.996124e-5,0.979113,2.6621,123.35,0.0138
15870,1983,9.9961195e-5,1.092657,2.9822,88.58,0.0158
15880,1985,9.996112e-5,0.981668,2.6689,111.07,0.0139
15890,1986,9.996108e-5,1.060914,2.8890,207.84,0.0143
15900,1987,9.9961035e-5,0.983519,2.6738,86.96,0.0151
15910,1988,9.9961006e-5,1.047274,2.8499,347.78,0.0442
15920,1990,9.996092e-5,1.061733,2.8914,99.32,0.0141
15930,1991,9.996089e-5,1.047736,2.8512,130.23,0.0142
15940,1992,9.9960846e-5,1.067179,2.9072,184.64,0.0132
15950,1993,9.99608e-5,1.145339,3.1435,106.11,0.0150
15960,1995,9.996073e-5,0.993140,2.6997,131.55,0.0134
15970,1996,9.9960685e-5,0.943103,2.5679,116.91,0.0134
15980,1997,9.996064e-5,1.057648,2.8796,165.43,0.0129
15990,1998,9.99606e-5,0.986720,2.6824,102.50,0.0141
16000,2000,9.9960525e-5,1.094984,2.9891,91.80,0.0153
16010,2001,9.996048e-5,1.118134,3.0591,328.71,0.0543
16020,2002,9.996045e-5,0.995335,2.7056,114.70,0.0139
16030,2003,9.996041e-5,1.031360,2.8049,191.13,0.0126
16040,2005,9.9960336e-5,1.095910,2.9919,199.96,0.0127
16050,2006,9.996029e-5,1.078155,2.9393,97.06,0.0145
16060,2007,9.996025e-5,1.160364,3.1911,123.19,0.0138
16070,2008,9.996022e-5,1.031334,2.8048,105.17,0.0147
16080,2010,9.996013e-5,0.981125,2.6675,158.82,0.0143
16090,2011,9.996009e-5,1.052239,2.8641,208.44,0.0156
16100,2012,9.9960045e-5,1.120821,3.0674,145.33,0.0140
16110,2013,9.9960016e-5,1.028754,2.7976,335.73,0.0498
16120,2015,9.995993e-5,1.037253,2.8215,85.18,0.0167
16130,2016,9.99599e-5,1.047982,2.8519,178.25,0.0133
16140,2017,9.9959856e-5,0.965356,2.6257,97.46,0.0138
16150,2018,9.995981e-5,1.139355,3.1248,134.40,0.0138
16160,2020,9.995974e-5,1.020139,2.7736,165.33,0.0127
16170,2021,9.9959696e-5,1.049297,2.8556,117.91,0.0134
16180,2022,9.995965e-5,1.018377,2.7687,111.28,0.0134
16190,2023,9.995962e-5,1.007270,2.7381,116.30,0.0138
16200,2025,9.9959536e-5,1.054504,2.8706,156.73,0.0132
16210,2026,9.995949e-5,1.005521,2.7333,366.20,0.0377
16220,2027,9.995946e-5,1.033770,2.8116,108.71,0.0140
16230,2028,9.995942e-5,1.046488,2.8476,214.32,0.0137
16240,2030,9.995933e-5,1.044274,2.8413,136.36,0.0141
16250,2031,9.99593e-5,0.983524,2.6739,143.73,0.0152
16260,2032,9.995926e-5,1.132614,3.1038,169.84,0.0137
16270,2033,9.9959216e-5,1.033375,2.8105,112.38,0.0146
16280,2035,9.995913e-5,1.006597,2.7363,119.01,0.0140
16290,2036,9.99591e-5,1.046790,2.8485,163.54,0.0131
16300,2037,9.9959056e-5,1.010844,2.7479,126.33,0.0138
16310,2038,9.995901e-5,1.007629,2.7391,360.89,0.0389
16320,2040,9.9958925e-5,1.038141,2.8240,132.00,0.0139
16330,2041,9.9958896e-5,1.043507,2.8392,147.60,0.0136
16340,2042,9.995885e-5,1.107436,3.0266,137.75,0.0137
16350,2043,9.995881e-5,0.993861,2.7016,116.69,0.0135
16360,2045,9.9958736e-5,1.053489,2.8676,228.45,0.0129
16370,2046,9.995869e-5,0.976831,2.6560,243.33,0.0124
16380,2047,9.995865e-5,1.071440,2.9196,164.80,0.0134
16390,2048,9.9958605e-5,1.051039,2.8606,140.27,0.0130
16400,2050,9.995853e-5,0.994913,2.7045,112.31,0.0140
16410,2051,9.995849e-5,1.020896,2.7757,423.27,0.0373
16420,2052,9.9958444e-5,0.981902,2.6695,160.68,0.0133
16430,2053,9.99584e-5,1.027883,2.7951,124.40,0.0134
16440,2055,9.995833e-5,1.044517,2.8420,158.74,0.0134
16450,2056,9.9958284e-5,1.010829,2.7479,115.18,0.0144
16460,2057,9.995824e-5,1.040697,2.8312,91.80,0.0157
16470,2058,9.995821e-5,1.016597,2.7638,144.14,0.0136
16480,2060,9.9958124e-5,1.037960,2.8235,90.13,0.0151
16490,2061,9.995808e-5,1.019946,2.7730,131.35,0.0138
16500,2062,9.995804e-5,0.975166,2.6516,157.87,0.0124
16510,2063,9.995801e-5,1.022574,2.7803,416.76,0.0306
16520,2065,9.995792e-5,0.976275,2.6545,132.50,0.0137
16530,2066,9.995788e-5,1.017447,2.7661,121.39,0.0139
16540,2067,9.995783e-5,0.982599,2.6714,101.65,0.0139
16550,2068,9.9957804e-5,1.080645,2.9466,123.08,0.0137
16560,2070,9.995772e-5,0.982938,2.6723,118.81,0.0134
16570,2071,9.995767e-5,1.057651,2.8796,118.73,0.0140
16580,2072,9.995763e-5,1.011422,2.7495,139.32,0.0128
16590,2073,9.99576e-5,1.016543,2.7636,187.47,0.0164
16600,2075,9.995751e-5,1.100793,3.0065,101.81,0.0158
16610,2076,9.995747e-5,1.092088,2.9805,351.79,0.0440
16620,2077,9.9957426e-5,1.077324,2.9368,97.00,0.0158
16630,2078,9.995738e-5,1.058671,2.8825,118.45,0.0133
16640,2080,9.995731e-5,0.947963,2.5804,108.02,0.0137
16650,2081,9.9957266e-5,1.019087,2.7707,188.60,0.0131
16660,2082,9.995722e-5,1.085570,2.9611,160.79,0.0132
16670,2083,9.995718e-5,1.006399,2.7357,112.81,0.0143
16680,2085,9.9957106e-5,1.104913,3.0190,151.59,0.0144
16690,2086,9.995706e-5,1.096115,2.9925,154.91,0.0134
16700,2087,9.995702e-5,1.004618,2.7309,91.58,0.0160
16710,2088,9.9956975e-5,1.060081,2.8866,382.55,0.0350
16720,2090,9.995689e-5,1.005605,2.7336,123.63,0.0136
16730,2091,9.995686e-5,1.063138,2.8954,84.57,0.0146
16740,2092,9.9956815e-5,1.018525,2.7691,111.22,0.0138
16750,2093,9.995677e-5,1.015720,2.7613,116.17,0.0141
16760,2095,9.9956684e-5,1.001960,2.7236,215.49,0.0143
16770,2096,9.995664e-5,1.043546,2.8393,241.56,0.0163
16780,2097,9.995661e-5,1.004474,2.7305,169.10,0.0132
16790,2098,9.995657e-5,0.997592,2.7117,116.41,0.0134
16800,2100,9.995648e-5,0.959215,2.6096,135.14,0.0132
16810,2101,9.9956436e-5,1.089247,2.9720,376.96,0.0363
16820,2102,9.995639e-5,1.065588,2.9025,103.46,0.0140
16830,2103,9.995635e-5,1.050203,2.8582,123.19,0.0142
16840,2105,9.9956276e-5,0.982824,2.6720,186.39,0.0129
16850,2106,9.995623e-5,1.077244,2.9366,145.25,0.0138
16860,2107,9.995619e-5,1.018381,2.7687,93.18,0.0156
16870,2108,9.9956145e-5,1.027460,2.7940,218.69,0.0128
16880,2110,9.995607e-5,0.924372,2.5203,128.54,0.0132
16890,2111,9.995603e-5,1.070059,2.9156,127.35,0.0138
16900,2112,9.9955985e-5,0.960567,2.6132,170.34,0.0131
16910,2113,9.995594e-5,0.981195,2.6676,390.87,0.0331
16920,2115,9.995587e-5,1.052167,2.8639,114.19,0.0138
16930,2116,9.9955825e-5,0.995906,2.7072,161.26,0.0161
16940,2117,9.995578e-5,0.969695,2.6371,113.96,0.0143
16950,2118,9.995574e-5,1.033787,2.8117,146.85,0.0130
16960,2120,9.995565e-5,1.044648,2.8424,135.29,0.0135
16970,2121,9.995561e-5,1.076129,2.9333,132.29,0.0139
16980,2122,9.995556e-5,1.029450,2.7995,159.42,0.0130
16990,2123,9.995552e-5,0.951949,2.5908,130.13,0.0140
17000,2125,9.995545e-5,1.032164,2.8071,133.13,0.0134
17010,2126,9.99554e-5,0.993993,2.7020,326.41,0.0526
17020,2127,9.995536e-5,1.029111,2.7986,98.90,0.0139
17030,2128,9.9955316e-5,1.021165,2.7764,145.07,0.0133
17040,2130,9.995523e-5,1.085790,2.9618,177.90,0.0135
17050,2131,9.9955185e-5,1.006043,2.7348,173.29,0.0126
17060,2132,9.995514e-5,1.031822,2.8062,143.16,0.0131
17070,2133,9.99551e-5,1.030807,2.8033,190.34,0.0130
17080,2135,9.9955025e-5,1.174703,3.2372,121.15,0.0142
17090,2136,9.995498e-5,1.090671,2.9763,153.22,0.0145
17100,2137,9.995494e-5,1.013062,2.7540,185.72,0.0164
17110,2138,9.9954894e-5,0.985082,2.6780,362.54,0.0379
17120,2140,9.995481e-5,1.037823,2.8231,131.97,0.0138
17130,2141,9.995476e-5,0.966347,2.6283,95.68,0.0152
17140,2142,9.995472e-5,0.985419,2.6789,225.25,0.0134
17150,2143,9.9954676e-5,1.004210,2.7297,169.03,0.0129
17160,2145,9.99546e-5,1.047421,2.8503,92.74,0.0155
17170,2146,9.995456e-5,0.983930,2.6749,146.73,0.0128
17180,2147,9.9954515e-5,0.987639,2.6849,135.34,0.0141
17190,2148,9.995447e-5,1.023501,2.7829,103.32,0.0151
17200,2150,9.9954384e-5,0.963193,2.6200,146.45,0.0131
17210,2151,9.995434e-5,1.028505,2.7969,356.62,0.0413
17220,2152,9.99543e-5,1.010946,2.7482,174.34,0.0127
17230,2153,9.995425e-5,0.976499,2.6551,175.34,0.0130
17240,2155,9.9954166e-5,1.028311,2.7963,143.29,0.0157
17250,2156,9.995414e-5,1.015636,2.7611,162.53,0.0143
17260,2157,9.995409e-5,0.988610,2.6875,115.43,0.0143
17270,2158,9.995405e-5,1.028311,2.7963,128.22,0.0140
17280,2160,9.995396e-5,1.028557,2.7970,102.73,0.0144
17290,2161,9.995392e-5,1.003911,2.7289,192.98,0.0130
17300,2162,9.9953875e-5,0.970766,2.6400,105.99,0.0143
17310,2163,9.995383e-5,0.960394,2.6127,342.83,0.0447
17320,2165,9.9953744e-5,1.028021,2.7955,140.34,0.0132
17330,2166,9.99537e-5,1.024749,2.7864,91.16,0.0150
17340,2167,9.995366e-5,1.088642,2.9702,104.41,0.0151
17350,2168,9.995361e-5,1.142799,3.1355,125.86,0.0138
17360,2170,9.995354e-5,1.047910,2.8517,133.44,0.0142
17370,2171,9.99535e-5,1.036331,2.8189,194.98,0.0129
17380,2172,9.995345e-5,0.985182,2.6783,173.88,0.0140
17390,2173,9.995341e-5,1.033329,2.8104,134.85,0.0139
17400,2175,9.995332e-5,1.078625,2.9406,124.57,0.0142
17410,2176,9.995328e-5,0.995912,2.7072,401.58,0.0333
17420,2177,9.9953235e-5,0.972768,2.6453,105.07,0.0141
17430,2178,9.995319e-5,1.040878,2.8317,127.41,0.0144
17440,2180,9.9953104e-5,1.022567,2.7803,115.45,0.0140
17450,2181,9.995306e-5,0.984390,2.6762,105.07,0.0143
17460,2182,9.995302e-5,1.058937,2.8833,105.78,0.0147
17470,2183,9.995297e-5,0.985460,2.6790,147.04,0.0137
17480,2185,9.9952886e-5,1.013724,2.7558,118.43,0.0140
17490,2186,9.995284e-5,1.027546,2.7942,167.11,0.0140
17500,2187,9.99528e-5,1.017447,2.7661,148.71,0.0131
17510,2188,9.995277e-5,1.002069,2.7239,435.37,0.0272
17520,2190,9.995268e-5,0.989211,2.6891,137.86,0.0134
17530,2191,9.995264e-5,1.001319,2.7219,120.76,0.0147
17540,2192,9.9952595e-5,0.971854,2.6428,191.33,0.0125
17550,2193,9.995255e-5,0.974522,2.6499,162.63,0.0131
17560,2195,9.995245e-5,1.065580,2.9025,101.32,0.0151
17570,2196,9.995242e-5,1.018779,2.7698,174.52,0.0128
17580,2197,9.9952376e-5,1.000310,2.7191,118.76,0.0147
17590,2198,9.995233e-5,1.044641,2.8424,150.47,0.0152
17600,2200,9.9952245e-5,1.011447,2.7496,151.44,0.0165
17610,2201,9.995219e-5,0.997329,2.7110,326.35,0.0546
17620,2202,9.995214e-5,0.991160,2.6944,156.19,0.0128
17630,2203,9.9952114e-5,1.035147,2.8155,139.16,0.0134
17640,2205,9.995203e-5,1.151584,3.1632,104.72,0.0150
17650,2206,9.995198e-5,1.046996,2.8491,155.43,0.0134
17660,2207,9.995194e-5,1.007909,2.7399,148.14,0.0135
17670,2208,9.9951896e-5,1.009224,2.7435,136.83,0.0138
17680,2210,9.995181e-5,1.052734,2.8655,97.39,0.0148
17690,2211,9.9951765e-5,1.052693,2.8654,155.92,0.0131
17700,2212,9.995172e-5,0.967329,2.6309,88.52,0.0152
17710,2213,9.995168e-5,1.021845,2.7783,331.96,0.0504
17720,2215,9.995159e-5,1.016019,2.7622,158.57,0.0135
17730,2216,9.995155e-5,1.011098,2.7486,134.90,0.0142
17740,2217,9.99515e-5,1.015700,2.7613,76.78,0.0152
17750,2218,9.995146e-5,0.993825,2.7015,143.66,0.0127
17760,2220,9.995137e-5,1.046468,2.8476,118.92,0.0142
17770,2221,9.995133e-5,0.950967,2.5882,154.30,0.0142
17780,2222,9.9951285e-5,0.968362,2.6336,102.62,0.0139
17790,2223,9.995124e-5,0.989446,2.6897,110.27,0.0143
17800,2225,9.9951154e-5,0.993474,2.7006,130.95,0.0134
17810,2226,9.995111e-5,1.062446,2.8934,317.73,0.0563
17820,2227,9.995107e-5,1.061394,2.8904,133.96,0.0137
17830,2228,9.995102e-5,0.997828,2.7124,162.29,0.0140
17840,2230,9.995092e-5,1.037427,2.8219,124.76,0.0144
17850,2231,9.995088e-5,0.980648,2.6662,145.84,0.0134
17860,2232,9.995085e-5,1.016758,2.7642,97.73,0.0148
17870,2233,9.9950805e-5,1.066221,2.9044,157.09,0.0129
17880,2235,9.995072e-5,1.027989,2.7954,109.95,0.0141
17890,2236,9.995066e-5,1.012377,2.7521,99.56,0.0157
17900,2237,9.9950616e-5,1.018243,2.7683,112.66,0.0145
17910,2238,9.995057e-5,0.996226,2.7080,360.02,0.0408
17920,2240,9.9950485e-5,1.069464,2.9138,150.63,0.0133
17930,2241,9.995044e-5,1.080673,2.9467,118.15,0.0138
17940,2242,9.99504e-5,1.049392,2.8559,103.02,0.0148
17950,2243,9.995035e-5,0.981298,2.6679,108.41,0.0136
17960,2245,9.9950266e-5,0.960679,2.6135,129.87,0.0134
17970,2246,9.995022e-5,1.005091,2.7322,151.78,0.0137
17980,2247,9.995018e-5,1.012063,2.7513,213.03,0.0150
17990,2248,9.9950135e-5,0.948080,2.5808,150.81,0.0147
18000,2250,9.995005e-5,0.981325,2.6680,103.94,0.0152
18010,2251,9.9950004e-5,1.055085,2.8722,414.89,0.0298
18020,2252,9.994996e-5,0.959165,2.6095,99.50,0.0145
18030,2253,9.994992e-5,0.958137,2.6068,98.08,0.0136
18040,2255,9.9949815e-5,0.991972,2.6965,169.51,0.0125
18050,2256,9.9949786e-5,1.003997,2.7292,155.89,0.0126
18060,2257,9.994974e-5,1.099712,3.0033,135.75,0.0142
18070,2258,9.99497e-5,1.001612,2.7227,163.59,0.0134
18080,2260,9.99496e-5,1.071807,2.9207,115.56,0.0140
18090,2261,9.994955e-5,1.015096,2.7596,138.93,0.0137
18100,2262,9.994951e-5,1.021575,2.7776,107.08,0.0140
18110,2263,9.9949466e-5,1.083695,2.9556,341.31,0.0469
18120,2265,9.994938e-5,1.090632,2.9762,98.79,0.0153
18130,2266,9.9949335e-5,1.015820,2.7616,169.40,0.0155
18140,2267,9.994929e-5,1.117480,3.0571,155.73,0.0135
18150,2268,9.994925e-5,1.089420,2.9725,153.18,0.0154
18160,2270,9.994916e-5,1.022142,2.7791,107.21,0.0140
18170,2271,9.99491e-5,1.074808,2.9294,221.81,0.0136
18180,2272,9.994906e-5,0.981498,2.6684,109.68,0.0135
18190,2273,9.9949015e-5,0.948213,2.5811,111.33,0.0133
18200,2275,9.994893e-5,0.928968,2.5319,128.91,0.0136
18210,2276,9.9948884e-5,1.010470,2.7469,373.75,0.0363
18220,2277,9.994884e-5,1.053034,2.8663,159.01,0.0135
18230,2278,9.99488e-5,0.996890,2.7098,117.29,0.0132
18240,2280,9.994871e-5,0.971046,2.6407,119.62,0.0143
18250,2281,9.9948666e-5,1.032803,2.8089,86.64,0.0160
18260,2282,9.994862e-5,1.057647,2.8796,91.88,0.0147
18270,2283,9.9948564e-5,1.063079,2.8953,116.02,0.0145
18280,2285,9.994848e-5,1.058545,2.8822,116.52,0.0140
18290,2286,9.994843e-5,1.094062,2.9864,121.83,0.0145
18300,2287,9.994839e-5,1.093302,2.9841,97.45,0.0154
18310,2288,9.9948345e-5,1.025815,2.7894,392.85,0.0358
18320,2290,9.994826e-5,1.001554,2.7225,158.43,0.0128
18330,2291,9.9948214e-5,1.006542,2.7361,124.17,0.0136
18340,2292,9.994817e-5,1.053724,2.8683,187.24,0.0155
18350,2293,9.994811e-5,1.095523,2.9907,106.47,0.0156
18360,2295,9.9948025e-5,1.095933,2.9920,124.53,0.0148
18370,2296,9.994798e-5,1.020236,2.7738,135.90,0.0132
18380,2297,9.994794e-5,1.000987,2.7210,111.17,0.0150
18390,2298,9.9947894e-5,0.995617,2.7064,168.23,0.0131
18400,2300,9.994781e-5,1.001529,2.7224,72.06,0.0170
18410,2301,9.994775e-5,1.034868,2.8147,352.96,0.0432
18420,2302,9.9947705e-5,1.037429,2.8220,134.19,0.0133
18430,2303,9.994766e-5,0.968700,2.6345,179.75,0.0132
18440,2305,9.9947574e-5,1.034130,2.8127,84.23,0.0154
18450,2306,9.994753e-5,0.970540,2.6394,124.85,0.0137
18460,2307,9.994749e-5,1.066589,2.9055,105.16,0.0144
18470,2308,9.994744e-5,0.929940,2.5344,98.41,0.0148
18480,2310,9.994734e-5,1.034214,2.8129,83.76,0.0163
18490,2311,9.99473e-5,1.025184,2.7876,160.51,0.0134
18500,2312,9.9947254e-5,0.972842,2.6455,139.31,0.0141
18510,2313,9.994721e-5,0.982008,2.6698,396.81,0.0345
18520,2315,9.994712e-5,1.075922,2.9327,163.38,0.0143
18530,2316,9.994708e-5,0.986037,2.6806,126.68,0.0142
18540,2317,9.994702e-5,1.053443,2.8675,91.27,0.0151
18550,2318,9.994698e-5,0.968192,2.6332,145.14,0.0129
18560,2320,9.994689e-5,0.995655,2.7065,124.62,0.0142
18570,2321,9.994685e-5,1.062546,2.8937,154.95,0.0137
18580,2322,9.99468e-5,1.034554,2.8139,68.24,0.0180
18590,2323,9.994676e-5,1.030615,2.8028,160.80,0.0140
18600,2325,9.994666e-5,1.046894,2.8488,70.61,0.0188
18610,2326,9.9946614e-5,1.005823,2.7342,311.04,0.0661
18620,2327,9.994657e-5,1.015443,2.7606,101.43,0.0147
18630,2328,9.994653e-5,0.971679,2.6424,107.83,0.0144
18640,2330,9.994644e-5,0.933668,2.5438,137.90,0.0133
18650,2331,9.994638e-5,0.980050,2.6646,186.62,0.0131
18660,2332,9.994634e-5,1.021477,2.7773,165.04,0.0132
18670,2333,9.994629e-5,1.031968,2.8066,138.75,0.0130
18680,2335,9.9946206e-5,0.974373,2.6495,130.39,0.0137
18690,2336,9.994615e-5,0.993241,2.7000,110.07,0.0145
18700,2337,9.9946104e-5,1.011560,2.7499,185.62,0.0138
18710,2338,9.994606e-5,1.053276,2.8670,375.98,0.0422
18720,2340,9.994597e-5,1.120268,3.0657,135.54,0.0136
18730,2341,9.9945915e-5,0.941420,2.5636,141.08,0.0131
18740,2342,9.994587e-5,1.006127,2.7350,106.93,0.0141
18750,2343,9.994583e-5,0.972277,2.6440,92.87,0.0153
18760,2345,9.994574e-5,1.037788,2.8230,162.52,0.0139
18770,2346,9.99457e-5,1.095616,2.9910,257.32,0.0130
18780,2347,9.994565e-5,0.938273,2.5556,190.38,0.0124
18790,2348,9.9945595e-5,1.050300,2.8585,172.94,0.0128
18800,2350,9.994551e-5,1.085839,2.9619,155.34,0.0137
18810,2351,9.9945464e-5,1.055474,2.8733,326.96,0.0557
18820,2352,9.9945406e-5,1.092076,2.9805,157.08,0.0131
18830,2353,9.994538e-5,0.951090,2.5885,124.88,0.0133
18840,2355,9.9945275e-5,1.017366,2.7659,119.37,0.0137
18850,2356,9.994523e-5,1.015733,2.7614,91.06,0.0158
18860,2357,9.994519e-5,0.886423,2.4264,199.45,0.0141
18870,2358,9.994513e-5,1.063125,2.8954,120.99,0.0155
18880,2360,9.994504e-5,1.018076,2.7679,65.71,0.0190
18890,2361,9.9945e-5,0.979809,2.6639,143.35,0.0141
18900,2362,9.9944955e-5,0.993365,2.7003,97.90,0.0145
18910,2363,9.99449e-5,1.045996,2.8462,372.15,0.0366
18920,2365,9.994481e-5,1.078620,2.9406,139.40,0.0144
18930,2366,9.9944766e-5,1.029852,2.8007,184.33,0.0134
18940,2367,9.994472e-5,1.032653,2.8085,124.24,0.0140
18950,2368,9.994468e-5,1.031852,2.8063,153.17,0.0135
18960,2370,9.994458e-5,1.008842,2.7424,131.48,0.0138
18970,2371,9.994453e-5,1.119764,3.0641,149.81,0.0139
18980,2372,9.9944475e-5,1.006989,2.7373,148.12,0.0135
18990,2373,9.994443e-5,0.983279,2.6732,81.69,0.0162
19000,2375,9.9944344e-5,1.012342,2.7520,203.87,0.0133
19010,2376,9.99443e-5,0.927170,2.5273,393.36,0.0314
19020,2377,9.994424e-5,1.092089,2.9805,202.71,0.0163
19030,2378,9.99442e-5,1.145550,3.1442,122.01,0.0142
19040,2380,9.994411e-5,0.965238,2.6254,127.98,0.0130
19050,2381,9.994407e-5,1.041707,2.8340,133.20,0.0142
19060,2382,9.994401e-5,0.945114,2.5731,121.23,0.0134
19070,2383,9.9943965e-5,0.977507,2.6578,93.16,0.0147
19080,2385,9.994388e-5,1.111520,3.0390,108.55,0.0146
19090,2386,9.994382e-5,1.017668,2.7667,104.21,0.0145
19100,2387,9.9943776e-5,0.962394,2.6180,170.85,0.0130
19110,2388,9.994373e-5,0.985949,2.6804,349.12,0.0397
19120,2390,9.994363e-5,0.957257,2.6045,146.87,0.0130
19130,2391,9.994359e-5,1.059040,2.8836,92.43,0.0151
19140,2392,9.994354e-5,0.967883,2.6324,145.63,0.0133
19150,2393,9.9943485e-5,0.986925,2.6830,202.67,0.0130
19160,2395,9.99434e-5,0.949683,2.5849,228.75,0.0127
19170,2396,9.9943354e-5,0.969345,2.6362,144.83,0.0132
19180,2397,9.994331e-5,1.047165,2.8496,157.73,0.0129
19190,2398,9.994325e-5,0.953743,2.5954,111.09,0.0177
19200,2400,9.9943165e-5,1.074902,2.9297,185.24,0.0141
19210,2401,9.994312e-5,1.022236,2.7794,361.49,0.0393
19220,2402,9.994306e-5,0.947782,2.5800,118.74,0.0143
19230,2403,9.994302e-5,0.952862,2.5931,104.12,0.0137
19240,2405,9.994292e-5,1.033672,2.8114,289.23,0.0127
19250,2406,9.9942874e-5,0.936960,2.5522,84.64,0.0142
19260,2407,9.994283e-5,1.080696,2.9467,105.58,0.0141
19270,2408,9.994279e-5,0.969590,2.6369,228.93,0.0122
19280,2410,9.9942685e-5,0.990744,2.6932,102.24,0.0150
19290,2411,9.994264e-5,0.977414,2.6576,154.41,0.0131
19300,2412,9.99426e-5,1.011711,2.7503,138.88,0.0134
19310,2413,9.9942554e-5,0.989560,2.6901,341.48,0.0466
19320,2415,9.994245e-5,1.035756,2.8172,124.11,0.0139
19330,2416,9.994241e-5,0.955721,2.6005,116.54,0.0141
19340,2417,9.994235e-5,1.038988,2.8264,127.05,0.0139
19350,2418,9.994231e-5,0.995530,2.7062,105.36,0.0148
19360,2420,9.994222e-5,0.999904,2.7180,146.60,0.0155
19370,2421,9.994216e-5,1.020543,2.7747,81.16,0.0159
19380,2422,9.994212e-5,0.976585,2.6554,154.64,0.0132
19390,2423,9.994207e-5,1.043339,2.8387,137.28,0.0138
19400,2425,9.994197e-5,0.977340,2.6574,126.03,0.0142
19410,2426,9.994193e-5,1.018024,2.7677,369.71,0.0372
19420,2427,9.9941884e-5,1.052906,2.8660,151.18,0.0134
19430,2428,9.9941826e-5,1.047882,2.8516,117.24,0.0139
19440,2430,9.994174e-5,0.993282,2.7001,147.37,0.0138
19450,2431,9.9941695e-5,1.014471,2.7579,116.73,0.0147
19460,2432,9.994164e-5,1.020858,2.7756,171.38,0.0132
19470,2433,9.994159e-5,1.019192,2.7710,186.91,0.0130
19480,2435,9.994149e-5,1.010245,2.7463,97.23,0.0143
19490,2436,9.994145e-5,1.085855,2.9620,161.64,0.0132
19500,2437,9.9941404e-5,0.979445,2.6630,175.92,0.0131
19510,2438,9.9941346e-5,1.042063,2.8351,317.45,0.0603
19520,2440,9.994126e-5,0.999712,2.7175,99.30,0.0148
19530,2441,9.99412e-5,1.048820,2.8543,233.11,0.0176
19540,2442,9.994116e-5,1.009399,2.7440,127.73,0.0135
19550,2443,9.994111e-5,1.023385,2.7826,167.28,0.0151
19560,2445,9.994101e-5,0.983512,2.6738,160.88,0.0132
19570,2446,9.994097e-5,0.918102,2.5045,89.17,0.0148
19580,2447,9.9940924e-5,0.964948,2.6247,123.21,0.0136
19590,2448,9.9940866e-5,1.012978,2.7538,136.25,0.0140
19600,2450,9.994078e-5,0.948021,2.5806,165.67,0.0134
19610,2451,9.994072e-5,0.940436,2.5611,364.34,0.0367
19620,2452,9.994068e-5,0.986019,2.6805,205.13,0.0127
19630,2453,9.994063e-5,0.973557,2.6473,143.63,0.0132
19640,2455,9.994053e-5,0.987855,2.6855,88.86,0.0156
19650,2456,9.994047e-5,1.056729,2.8769,150.19,0.0140
19660,2457,9.994043e-5,0.990586,2.6928,191.22,0.0131
19670,2458,9.9940386e-5,1.077081,2.9361,127.29,0.0139
19680,2460,9.9940284e-5,1.017477,2.7662,127.30,0.0140
19690,2461,9.994024e-5,0.956110,2.6016,146.51,0.0135
19700,2462,9.994018e-5,1.049998,2.8576,186.77,0.0160
19710,2463,9.994014e-5,0.993842,2.7016,368.10,0.0365
19720,2465,9.994005e-5,0.969970,2.6379,118.45,0.0135
19730,2466,9.993999e-5,1.010762,2.7477,114.12,0.0142
19740,2467,9.993995e-5,0.920800,2.5113,151.16,0.0124
19750,2468,9.9939905e-5,0.936432,2.5509,137.81,0.0132
19760,2470,9.99398e-5,1.027116,2.7930,100.19,0.0150
19770,2471,9.993976e-5,0.992801,2.6988,128.04,0.0138
19780,2472,9.99397e-5,0.999951,2.7181,114.60,0.0136
19790,2473,9.993966e-5,0.935984,2.5497,127.09,0.0139
19800,2475,9.9939556e-5,1.070431,2.9166,106.78,0.0151
19810,2476,9.993951e-5,0.963836,2.6217,318.44,0.0598
19820,2477,9.9939454e-5,1.040314,2.8301,208.63,0.0128
19830,2478,9.993941e-5,1.029082,2.7985,208.49,0.0128
19840,2480,9.993931e-5,0.969860,2.6376,159.04,0.0134
19850,2481,9.9939265e-5,1.024049,2.7844,163.13,0.0140
19860,2482,9.993921e-5,1.012925,2.7536,199.93,0.0140
19870,2483,9.993916e-5,0.959117,2.6094,181.73,0.0130
19880,2485,9.993906e-5,1.001967,2.7236,176.31,0.0156
19890,2486,9.993902e-5,1.009710,2.7448,165.05,0.0140
19900,2487,9.9938974e-5,0.977175,2.6569,109.50,0.0144
19910,2488,9.9938916e-5,1.102878,3.0128,380.25,0.0364
19920,2490,9.993883e-5,0.903861,2.4691,171.15,0.0125
19930,2491,9.993877e-5,0.992228,2.6972,113.11,0.0140
19940,2492,9.993873e-5,1.026742,2.7920,111.83,0.0145
19950,2493,9.993867e-5,1.041657,2.8339,126.72,0.0131
19960,2495,9.993858e-5,1.028708,2.7975,94.29,0.0151
19970,2496,9.993852e-5,1.072903,2.9239,85.06,0.0157
19980,2497,9.993848e-5,0.970048,2.6381,157.48,0.0135
19990,2498,9.9938436e-5,1.069693,2.9145,97.14,0.0158
20000,2500,9.9938334e-5,0.989487,2.6899,144.83,0.0137
20010,2501,9.9938276e-5,0.998435,2.7140,336.61,0.0473
20020,2502,9.993823e-5,1.022765,2.7809,165.22,0.0133
20030,2503,9.993819e-5,0.954090,2.5963,129.24,0.0141
20040,2505,9.9938086e-5,0.985563,2.6793,91.31,0.0157
20050,2506,9.993803e-5,0.962218,2.6175,153.60,0.0139
20060,2507,9.9937984e-5,0.996569,2.7090,156.98,0.0148
20070,2508,9.993794e-5,0.970275,2.6387,113.27,0.0139
20080,2510,9.993784e-5,0.949443,2.5843,123.62,0.0134
20090,2511,9.993778e-5,1.039984,2.8292,132.60,0.0140
20100,2512,9.993774e-5,1.007621,2.7391,181.02,0.0134
20110,2513,9.993769e-5,1.026455,2.7912,353.64,0.0409
20120,2515,9.993759e-5,0.997431,2.7113,117.73,0.0145
20130,2516,9.993753e-5,1.001231,2.7216,103.62,0.0140
20140,2517,9.993749e-5,0.976057,2.6540,122.41,0.0139
20150,2518,9.9937446e-5,1.030643,2.8029,140.92,0.0129
20160,2520,9.9937344e-5,0.944713,2.5721,125.78,0.0135
20170,2521,9.9937286e-5,1.020034,2.7733,168.59,0.0133
20180,2522,9.993724e-5,1.040301,2.8301,130.84,0.0141
20190,2523,9.9937184e-5,0.977869,2.6588,112.75,0.0137
20200,2525,9.993708e-5,1.011644,2.7501,106.75,0.0144
20210,2526,9.993704e-5,1.035072,2.8153,323.37,0.0557
20220,2527,9.9936995e-5,1.036843,2.8203,169.02,0.0131
20230,2528,9.993694e-5,0.981718,2.6690,141.77,0.0134
20240,2530,9.9936835e-5,1.023381,2.7826,162.72,0.0135
20250,2531,9.993679e-5,1.005051,2.7320,152.57,0.0133
20260,2532,9.993675e-5,0.984187,2.6756,149.28,0.0141
20270,2533,9.993669e-5,1.008598,2.7418,120.21,0.0135
20280,2535,9.993659e-5,0.896746,2.4516,179.13,0.0124
20290,2536,9.9936544e-5,0.989801,2.6907,167.25,0.0127
20300,2537,9.9936486e-5,0.982914,2.6722,174.49,0.0130
20310,2538,9.993644e-5,1.015259,2.7601,451.86,0.0271
20320,2540,9.993634e-5,0.927307,2.5277,192.46,0.0126
20330,2541,9.99363e-5,0.980598,2.6660,134.70,0.0130
20340,2542,9.993624e-5,0.984358,2.6761,89.59,0.0156
20350,2543,9.9936195e-5,1.022231,2.7794,81.21,0.0172
20360,2545,9.993609e-5,1.033312,2.8104,171.54,0.0131
20370,2546,9.9936035e-5,1.014668,2.7584,110.33,0.0144
20380,2547,9.993599e-5,1.000597,2.7199,197.94,0.0133
20390,2548,9.993593e-5,0.947787,2.5800,181.41,0.0146
20400,2550,9.9935845e-5,1.014769,2.7587,151.76,0.0150
20410,2551,9.993579e-5,1.110132,3.0348,664.38,0.0195
20420,2552,9.993573e-5,0.996981,2.7101,85.46,0.0158
20430,2553,9.9935685e-5,0.992709,2.6985,117.73,0.0139
20440,2555,9.993558e-5,1.031598,2.8055,120.20,0.0146
20450,2556,9.993554e-5,0.967841,2.6323,142.35,0.0136
20460,2557,9.993548e-5,1.034852,2.8147,98.62,0.0152
20470,2558,9.993544e-5,0.949134,2.5835,146.09,0.0136
20480,2560,9.9935336e-5,1.027062,2.7928,95.69,0.0165
20490,2561,9.993528e-5,0.934848,2.5468,133.73,0.0133
20500,2562,9.9935234e-5,0.912156,2.4897,196.48,0.0127
20510,2563,9.9935176e-5,0.988483,2.6872,370.89,0.0352
20520,2565,9.9935074e-5,1.022212,2.7793,243.63,0.0136
20530,2566,9.993503e-5,0.951871,2.5906,123.85,0.0150
20540,2567,9.993499e-5,0.945403,2.5738,111.46,0.0136
20550,2568,9.993493e-5,0.988947,2.6884,109.67,0.0138
20560,2570,9.993483e-5,1.075511,2.9315,146.57,0.0133
20570,2571,9.993478e-5,1.046513,2.8477,123.26,0.0144
20580,2572,9.9934725e-5,1.446900,4.2499,292.52,0.0136
20590,2573,9.993467e-5,1.054045,2.8692,159.49,0.0132
20600,2575,9.993458e-5,0.984490,2.6764,115.54,0.0135
20610,2576,9.993452e-5,0.938638,2.5565,378.12,0.0351
20620,2577,9.993448e-5,0.937933,2.5547,171.58,0.0125
20630,2578,9.993442e-5,1.013494,2.7552,125.03,0.0139
20640,2580,9.993432e-5,1.001985,2.7237,138.39,0.0136
20650,2581,9.9934274e-5,1.031903,2.8064,189.89,0.0133
20660,2582,9.9934216e-5,1.016820,2.7644,134.16,0.0146
20670,2583,9.993417e-5,1.074850,2.9296,143.35,0.0131
20680,2585,9.993407e-5,0.989057,2.6887,196.97,0.0126
20690,2586,9.993401e-5,1.024336,2.7852,123.64,0.0133
20700,2587,9.993397e-5,0.994621,2.7037,123.29,0.0139
20710,2588,9.993391e-5,1.012849,2.7534,361.16,0.0400
20720,2590,9.993381e-5,0.970317,2.6388,192.40,0.0130
20730,2591,9.9933764e-5,1.015918,2.7619,171.56,0.0134
20740,2592,9.9933706e-5,1.055493,2.8734,102.58,0.0145
20750,2593,9.993365e-5,1.022625,2.7805,105.89,0.0150
20760,2595,9.993356e-5,0.988577,2.6874,99.72,0.0147
20770,2596,9.99335e-5,1.020630,2.7749,98.66,0.0160
20780,2597,9.9933444e-5,0.974935,2.6510,130.01,0.0139
20790,2598,9.99334e-5,0.910247,2.4849,132.16,0.0127
20800,2600,9.99333e-5,0.932270,2.5403,91.89,0.0149
20810,2601,9.993324e-5,1.069563,2.9141,348.58,0.0465
20820,2602,9.99332e-5,0.936500,2.5510,118.17,0.0136
20830,2603,9.993314e-5,0.974648,2.6502,91.38,0.0142
20840,2605,9.993304e-5,0.996335,2.7083,128.37,0.0132
20850,2606,9.993299e-5,1.000117,2.7186,94.46,0.0149
20860,2607,9.9932935e-5,1.022162,2.7792,109.03,0.0142
20870,2608,9.993289e-5,0.989919,2.6910,125.58,0.0141
20880,2610,9.993279e-5,1.054023,2.8692,118.22,0.0141
20890,2611,9.993273e-5,0.959313,2.6099,105.22,0.0150
20900,2612,9.993269e-5,1.036802,2.8202,164.11,0.0143
20910,2613,9.993263e-5,0.983039,2.6726,376.61,0.0355
20920,2615,9.993253e-5,0.958938,2.6089,128.78,0.0140
20930,2616,9.993247e-5,0.982046,2.6699,209.17,0.0128
20940,2617,9.9932426e-5,1.069744,2.9146,138.69,0.0142
20950,2618,9.993237e-5,1.029222,2.7989,148.37,0.0133
20960,2620,9.9932266e-5,0.970984,2.6405,115.92,0.0140
20970,2621,9.993222e-5,0.904731,2.4713,105.45,0.0143
20980,2622,9.9932164e-5,1.036804,2.8202,171.25,0.0134
20990,2623,9.993212e-5,0.934561,2.5461,106.03,0.0145
21000,2625,9.993202e-5,1.042432,2.8361,136.10,0.0139
21010,2626,9.993196e-5,1.018127,2.7680,387.06,0.0355
21020,2627,9.99319e-5,0.937791,2.5543,87.50,0.0146
21030,2628,9.993186e-5,1.002789,2.7259,165.78,0.0132
21040,2630,9.9931756e-5,1.027365,2.7937,140.14,0.0142
21050,2631,9.99317e-5,1.019374,2.7715,260.34,0.0140
21060,2632,9.9931654e-5,0.995542,2.7062,160.04,0.0150
21070,2633,9.9931596e-5,0.947016,2.5780,428.31,0.0121
21080,2635,9.9931494e-5,0.972564,2.6447,107.11,0.0145
21090,2636,9.9931436e-5,0.993832,2.7016,103.84,0.0142
21100,2637,9.993139e-5,1.075378,2.9311,132.48,0.0140
21110,2638,9.9931334e-5,0.953332,2.5943,334.11,0.0444
21120,2640,9.993123e-5,1.032966,2.8094,205.08,0.0128
21130,2641,9.9931174e-5,1.015075,2.7596,99.68,0.0150
21140,2642,9.993113e-5,0.992062,2.6968,106.01,0.0144
21150,2643,9.993107e-5,0.956457,2.6025,86.19,0.0155
21160,2645,9.993097e-5,1.014130,2.7570,131.37,0.0140
21170,2646,9.993091e-5,0.997839,2.7124,82.39,0.0158
21180,2647,9.993087e-5,1.011788,2.7505,174.00,0.0133
21190,2648,9.993081e-5,0.909325,2.4826,218.23,0.0131
21200,2650,9.993071e-5,1.064184,2.8985,139.33,0.0139
21210,2651,9.9930665e-5,1.147738,3.1511,330.68,0.0532
21220,2652,9.993061e-5,1.048904,2.8545,109.31,0.0145
21230,2653,9.993055e-5,0.928547,2.5308,131.13,0.0139
21240,2655,9.993045e-5,1.038437,2.8248,194.16,0.0129
21250,2656,9.993039e-5,1.070278,2.9162,132.03,0.0140
21260,2657,9.9930345e-5,0.975130,2.6515,129.99,0.0132
21270,2658,9.993029e-5,1.028435,2.7967,187.82,0.0132
21280,2660,9.9930185e-5,0.917189,2.5022,142.54,0.0130
21290,2661,9.993014e-5,1.068201,2.9101,245.40,0.0140
21300,2662,9.993008e-5,0.977925,2.6589,105.58,0.0145
21310,2663,9.9930025e-5,1.046851,2.8487,342.34,0.0460
21320,2665,9.992992e-5,1.005566,2.7335,164.63,0.0129
21330,2666,9.9929865e-5,1.023776,2.7837,153.75,0.0132
21340,2667,9.992982e-5,1.016048,2.7623,121.44,0.0137
21350,2668,9.992976e-5,0.967202,2.6306,130.75,0.0133
21360,2670,9.992966e-5,1.061912,2.8919,170.62,0.0153
21370,2671,9.99296e-5,1.050906,2.8602,142.34,0.0136
21380,2672,9.992956e-5,0.908082,2.4796,136.62,0.0136
21390,2673,9.99295e-5,1.063308,2.8959,98.32,0.0153
21400,2675,9.99294e-5,0.990265,2.6919,158.59,0.0131
21410,2676,9.992934e-5,0.941114,2.5628,313.64,0.0615
21420,2677,9.992928e-5,0.990954,2.6938,138.00,0.0132
21430,2678,9.992924e-5,1.003258,2.7272,210.10,0.0128
21440,2680,9.992914e-5,0.989750,2.6906,156.89,0.0133
21450,2681,9.992908e-5,1.047852,2.8515,152.81,0.0142
21460,2682,9.9929035e-5,0.949594,2.5847,140.44,0.0136
21470,2683,9.992898e-5,1.032547,2.8082,153.71,0.0138
21480,2685,9.9928875e-5,0.993644,2.7011,81.29,0.0166
21490,2686,9.992882e-5,0.980188,2.6650,127.24,0.0144
21500,2687,9.992876e-5,0.960567,2.6132,141.46,0.0136
21510,2688,9.9928715e-5,1.153400,3.1689,433.20,0.0276
21520,2690,9.99286e-5,0.985673,2.6796,110.85,0.0138
21530,2691,9.992854e-5,0.957533,2.6053,135.82,0.0157
21540,2692,9.99285e-5,0.989574,2.6901,159.73,0.0134
21550,2693,9.992844e-5,1.040280,2.8300,140.84,0.0136
21560,2695,9.992834e-5,1.039462,2.8277,112.86,0.0154
21570,2696,9.992828e-5,0.970093,2.6382,177.63,0.0126
21580,2697,9.9928235e-5,1.019019,2.7705,144.03,0.0215
21590,2698,9.992818e-5,1.028865,2.7979,159.23,0.0132
21600,2700,9.9928075e-5,0.940060,2.5601,116.35,0.0138
21610,2701,9.992802e-5,1.018287,2.7684,360.18,0.0405
21620,2702,9.992797e-5,0.994526,2.7034,177.46,0.0131
21630,2703,9.9927915e-5,1.053021,2.8663,73.94,0.0166
21640,2705,9.992781e-5,1.028963,2.7982,142.24,0.0139
21650,2706,9.9927754e-5,0.983387,2.6735,102.79,0.0152
21660,2707,9.9927696e-5,1.045980,2.8462,87.77,0.0163
21670,2708,9.992765e-5,0.949333,2.5840,126.44,0.0143
21680,2710,9.9927536e-5,1.008485,2.7414,101.55,0.0147
21690,2711,9.992748e-5,0.985896,2.6802,200.10,0.0130
21700,2712,9.9927434e-5,1.001773,2.7231,117.58,0.0143
21710,2713,9.9927376e-5,1.018564,2.7692,386.31,0.0422
21720,2715,9.9927274e-5,1.024751,2.7864,115.54,0.0148
21730,2716,9.9927216e-5,0.972227,2.6438,104.66,0.0140
21740,2717,9.992716e-5,1.031221,2.8045,100.54,0.0146
21750,2718,9.9927114e-5,0.953898,2.5958,208.81,0.0127
21760,2720,9.9927e-5,0.962063,2.6171,115.79,0.0144
21770,2721,9.9926954e-5,1.017560,2.7664,117.67,0.0141
21780,2722,9.9926896e-5,1.008068,2.7403,106.11,0.0148
21790,2723,9.992684e-5,1.038263,2.8243,105.30,0.0147
21800,2725,9.9926736e-5,0.956903,2.6036,211.57,0.0129
21810,2726,9.992668e-5,1.054806,2.8714,320.86,0.0609
21820,2727,9.992662e-5,1.042242,2.8356,257.76,0.0130
21830,2728,9.9926576e-5,1.048717,2.8540,120.73,0.0138
21840,2730,9.992646e-5,0.965294,2.6256,197.72,0.0125
21850,2731,9.9926416e-5,0.860337,2.3640,192.94,0.0120
21860,2732,9.992636e-5,1.068074,2.9098,157.08,0.0147
21870,2733,9.99263e-5,0.925507,2.5231,137.20,0.0149
21880,2735,9.99262e-5,0.922350,2.5152,121.49,0.0135
21890,2736,9.992614e-5,0.915703,2.4985,146.34,0.0146
21900,2737,9.9926096e-5,1.088634,2.9702,189.28,0.0130
21910,2738,9.992604e-5,0.989894,2.6909,367.06,0.0368
21920,2740,9.992592e-5,0.983332,2.6733,146.70,0.0133
21930,2741,9.992588e-5,1.012914,2.7536,154.86,0.0135
21940,2742,9.992582e-5,0.946419,2.5765,139.01,0.0132
21950,2743,9.992576e-5,0.968055,2.6328,177.47,0.0132
21960,2745,9.9925644e-5,1.031239,2.8045,106.87,0.0144
21970,2746,9.99256e-5,0.957333,2.6047,152.59,0.0133
21980,2747,9.992554e-5,0.988014,2.6859,91.76,0.0148
21990,2748,9.9925484e-5,1.010896,2.7481,107.55,0.0136
22000,2750,9.992538e-5,1.007501,2.7387,137.16,0.0137
22010,2751,9.9925324e-5,0.989628,2.6902,330.87,0.0503
22020,2752,9.992528e-5,1.069562,2.9141,141.09,0.0139
22030,2753,9.992522e-5,1.048864,2.8544,88.09,0.0157
22040,2755,9.992512e-5,1.084589,2.9582,182.93,0.0185
22050,2756,9.992506e-5,1.005025,2.7320,188.86,0.0138
22060,2757,9.9925004e-5,0.931972,2.5395,97.53,0.0154
22070,2758,9.9924946e-5,1.001362,2.7220,137.08,0.0137
22080,2760,9.9924844e-5,0.970740,2.6399,93.40,0.0159
22090,2761,9.9924786e-5,0.930500,2.5358,97.32,0.0145
22100,2762,9.992473e-5,1.022582,2.7804,118.98,0.0135
22110,2763,9.992467e-5,0.984866,2.6775,437.97,0.0277
22120,2765,9.992457e-5,1.056004,2.8749,131.19,0.0142
22130,2766,9.992451e-5,0.971911,2.6430,82.29,0.0153
22140,2767,9.9924466e-5,1.009507,2.7442,131.15,0.0136
22150,2768,9.992441e-5,0.883541,2.4195,351.74,0.0116
22160,2770,9.992429e-5,0.992305,2.6974,120.11,0.0138
22170,2771,9.992423e-5,0.993980,2.7020,130.16,0.0137
22180,2772,9.992419e-5,0.971546,2.6420,95.96,0.0151
22190,2773,9.992413e-5,0.956040,2.6014,110.72,0.0146
22200,2775,9.9924015e-5,1.054265,2.8699,108.41,0.0154
22210,2776,9.992397e-5,0.967544,2.6315,328.06,0.0538
22220,2777,9.992391e-5,0.982970,2.6724,144.60,0.0157
22230,2778,9.9923855e-5,0.944901,2.5726,84.40,0.0160
22240,2780,9.992375e-5,0.956380,2.6023,246.81,0.0138
22250,2781,9.9923695e-5,0.968108,2.6330,150.80,0.0133
22260,2782,9.9923636e-5,1.080991,2.9476,105.21,0.0149
22270,2783,9.992358e-5,0.967493,2.6313,154.08,0.0131
22280,2785,9.9923476e-5,0.938065,2.5550,133.76,0.0136
22290,2786,9.992342e-5,0.970991,2.6406,130.77,0.0132
22300,2787,9.992336e-5,0.967993,2.6327,126.84,0.0131
22310,2788,9.99233e-5,1.022928,2.7813,383.85,0.0339
22320,2790,9.99232e-5,0.960814,2.6138,174.05,0.0125
22330,2791,9.992314e-5,0.934157,2.5451,192.14,0.0125
22340,2792,9.992308e-5,1.013572,2.7554,152.94,0.0132
22350,2793,9.992304e-5,1.009560,2.7444,137.28,0.0138
22360,2795,9.992292e-5,1.067412,2.9078,178.22,0.0129
22370,2796,9.9922865e-5,0.977589,2.6580,106.75,0.0141
22380,2797,9.992281e-5,0.937569,2.5538,111.56,0.0135
22390,2798,9.992275e-5,1.004783,2.7313,121.98,0.0139
22400,2800,9.992265e-5,0.933572,2.5436,143.59,0.0139
22410,2801,9.992259e-5,0.997262,2.7108,345.07,0.0457
22420,2802,9.9922545e-5,0.978469,2.6604,124.94,0.0136
22430,2803,9.992249e-5,0.969650,2.6370,184.17,0.0133
22440,2805,9.992237e-5,0.908305,2.4801,221.50,0.0127
22450,2806,9.992231e-5,1.021643,2.7778,115.28,0.0140
22460,2807,9.9922254e-5,1.039136,2.8268,134.96,0.0144
22470,2808,9.992221e-5,1.010423,2.7468,163.07,0.0132
22480,2810,9.9922094e-5,0.952648,2.5926,122.46,0.0133
22490,2811,9.9922036e-5,0.966267,2.6281,156.21,0.0133
22500,2812,9.992198e-5,0.967208,2.6306,157.12,0.0133
22510,2813,9.9921934e-5,1.048148,2.8524,418.25,0.0310
22520,2815,9.992182e-5,1.031118,2.8042,117.47,0.0144
22530,2816,9.992176e-5,1.006841,2.7369,167.01,0.0131
22540,2817,9.99217e-5,1.033254,2.8102,132.56,0.0179
22550,2818,9.992164e-5,0.969449,2.6365,135.79,0.0157
22560,2820,9.992154e-5,1.074093,2.9273,93.78,0.0157
22570,2821,9.992148e-5,0.995884,2.7071,199.25,0.0152
22580,2822,9.9921424e-5,0.958360,2.6074,103.39,0.0145
22590,2823,9.9921366e-5,0.967307,2.6309,163.14,0.0128
22600,2825,9.9921264e-5,1.059084,2.8837,163.16,0.0132
22610,2826,9.9921206e-5,0.929793,2.5340,402.16,0.0312
22620,2827,9.992115e-5,0.909082,2.4820,129.39,0.0132
22630,2828,9.992109e-5,1.095879,2.9918,117.11,0.0145
22640,2830,9.992099e-5,0.978156,2.6595,167.36,0.0125
22650,2831,9.992093e-5,0.916839,2.5014,172.14,0.0126
22660,2832,9.992087e-5,1.047591,2.8508,149.35,0.0135
22670,2833,9.992081e-5,0.936998,2.5523,185.85,0.0133
22680,2835,9.99207e-5,0.975980,2.6538,125.06,0.0134
22690,2836,9.992064e-5,0.993788,2.7014,142.21,0.0139
22700,2837,9.992058e-5,0.942880,2.5674,98.05,0.0146
22710,2838,9.992054e-5,1.031954,2.8065,442.99,0.0330
22720,2840,9.992042e-5,0.974885,2.6509,82.31,0.0163
22730,2841,9.992036e-5,1.002384,2.7248,96.45,0.0156
22740,2842,9.9920304e-5,1.057625,2.8795,128.24,0.0140
22750,2843,9.992026e-5,0.977606,2.6581,168.07,0.0128
22760,2845,9.9920144e-5,0.961933,2.6168,115.80,0.0136
22770,2846,9.9920086e-5,0.985083,2.6780,99.43,0.0153
22780,2847,9.992003e-5,0.958912,2.6089,126.53,0.0137
22790,2848,9.991997e-5,0.904481,2.4706,112.54,0.0127
22800,2850,9.991985e-5,1.012510,2.7525,136.11,0.0135
22810,2851,9.991981e-5,0.996490,2.7088,389.88,0.0335
22820,2852,9.991975e-5,0.935867,2.5494,153.95,0.0137
22830,2853,9.991969e-5,0.996926,2.7099,113.48,0.0148
22840,2855,9.9919576e-5,1.024373,2.7853,97.38,0.0156
22850,2856,9.991952e-5,1.039708,2.8284,176.25,0.0137
22860,2857,9.991946e-5,1.008721,2.7421,128.43,0.0140
22870,2858,9.99194e-5,0.982847,2.6721,103.64,0.0146
22880,2860,9.99193e-5,1.014861,2.7590,114.06,0.0148
22890,2861,9.991924e-5,1.012414,2.7522,89.89,0.0156
22900,2862,9.991918e-5,0.887284,2.4285,180.30,0.0131
22910,2863,9.9919125e-5,0.932382,2.5406,451.42,0.0272
22920,2865,9.991901e-5,1.002154,2.7241,112.75,0.0142
22930,2866,9.991895e-5,0.921696,2.5135,144.00,0.0133
22940,2867,9.991891e-5,0.942409,2.5662,166.79,0.0126
22950,2868,9.991885e-5,1.001386,2.7221,117.96,0.0144
22960,2870,9.991873e-5,0.984559,2.6766,138.60,0.0136
22970,2871,9.9918674e-5,0.935090,2.5474,103.14,0.0153
22980,2872,9.9918616e-5,1.002675,2.7256,153.23,0.0136
22990,2873,9.991856e-5,0.942540,2.5665,91.20,0.0147
23000,2875,9.9918456e-5,0.976875,2.6561,93.07,0.0167
23010,2876,9.991838e-5,1.008741,2.7421,323.75,0.0595
23020,2877,9.991834e-5,1.097605,2.9970,93.67,0.0154
23030,2878,9.991828e-5,0.997324,2.7110,173.98,0.0129
23040,2880,9.9918165e-5,1.040496,2.8306,108.82,0.0151
23050,2881,9.991811e-5,0.952288,2.5916,82.89,0.0160
23060,2882,9.991805e-5,1.036679,2.8198,118.90,0.0139
23070,2883,9.991799e-5,0.971271,2.6413,98.88,0.0150
23080,2885,9.991789e-5,0.934207,2.5452,132.27,0.0134
23090,2886,9.9917816e-5,1.028492,2.7968,83.07,0.0152
23100,2887,9.991776e-5,1.008252,2.7408,115.80,0.0147
23110,2888,9.9917714e-5,0.937683,2.5541,383.18,0.0359
23120,2890,9.99176e-5,1.002671,2.7256,94.61,0.0153
23130,2891,9.991754e-5,0.962132,2.6173,150.11,0.0129
23140,2892,9.991748e-5,0.917103,2.5020,161.38,0.0131
23150,2893,9.991742e-5,0.989717,2.6905,119.52,0.0131
23160,2895,9.9917306e-5,0.979852,2.6641,134.83,0.0140
23170,2896,9.991725e-5,1.012522,2.7525,118.34,0.0151
23180,2897,9.991719e-5,1.017850,2.7672,123.89,0.0145
23190,2898,9.991713e-5,1.019195,2.7710,177.60,0.0137
23200,2900,9.991703e-5,0.935740,2.5491,157.84,0.0133
23210,2901,9.991697e-5,0.989844,2.6908,329.55,0.0547
23220,2902,9.991691e-5,0.998257,2.7135,83.58,0.0155
23230,2903,9.9916855e-5,0.914033,2.4944,105.33,0.0140
23240,2905,9.991674e-5,0.955817,2.6008,137.12,0.0129
23250,2906,9.991668e-5,0.960341,2.6126,171.56,0.0126
23260,2907,9.991662e-5,0.938487,2.5561,97.64,0.0143
23270,2908,9.9916564e-5,1.012299,2.7519,73.81,0.0180
23280,2910,9.991645e-5,0.961076,2.6145,328.13,0.0153
23290,2911,9.991639e-5,0.919618,2.5083,180.79,0.0136
23300,2912,9.991633e-5,0.967495,2.6313,116.67,0.0142
23310,2913,9.991627e-5,0.900015,2.4596,388.68,0.0339
23320,2915,9.991617e-5,1.003411,2.7276,213.57,0.0129
23330,2916,9.99161e-5,1.015766,2.7615,117.79,0.0140
23340,2917,9.9916055e-5,0.914352,2.4952,113.60,0.0144
23350,2918,9.991598e-5,1.003340,2.7274,186.43,0.0127
23360,2920,9.991588e-5,1.047435,2.8503,86.95,0.0152
23370,2921,9.991582e-5,0.937817,2.5544,119.55,0.0141
23380,2922,9.9915764e-5,1.101387,3.0083,126.75,0.0147
23390,2923,9.9915706e-5,0.957510,2.6052,97.50,0.0146
23400,2925,9.991559e-5,0.866173,2.3778,193.53,0.0125
23410,2926,9.991553e-5,1.059617,2.8853,358.75,0.0415
23420,2927,9.991547e-5,0.976966,2.6564,137.13,0.0140
23430,2928,9.9915414e-5,1.029920,2.8008,120.05,0.0145
23440,2930,9.99153e-5,1.020498,2.7746,167.88,0.0158
23450,2931,9.991524e-5,1.036196,2.8185,201.80,0.0141
23460,2932,9.991518e-5,1.014764,2.7587,162.03,0.0135
23470,2933,9.991512e-5,1.050247,2.8584,91.67,0.0163
23480,2935,9.991501e-5,0.930379,2.5355,166.31,0.0131
23490,2936,9.991495e-5,0.857625,2.3576,97.30,0.0140
23500,2937,9.991489e-5,0.972210,2.6438,124.35,0.0146
23510,2938,9.991483e-5,0.930729,2.5364,405.84,0.0301
23520,2940,9.9914716e-5,0.968948,2.6352,131.89,0.0144
23530,2941,9.991466e-5,0.957731,2.6058,171.19,0.0131
23540,2942,9.99146e-5,1.016154,2.7625,142.65,0.0134
23550,2943,9.991454e-5,0.918658,2.5059,183.46,0.0127
23560,2945,9.9914425e-5,1.118854,3.0613,108.90,0.0149
23570,2946,9.991438e-5,0.851930,2.3442,159.54,0.0121
23580,2947,9.991431e-5,0.984343,2.6761,188.08,0.0122
23590,2948,9.991425e-5,0.942439,2.5662,167.69,0.0131
23600,2950,9.9914134e-5,0.926786,2.5264,110.27,0.0142
23610,2951,9.9914076e-5,0.976616,2.6555,360.71,0.0410
23620,2952,9.991402e-5,0.933357,2.5430,100.62,0.0142
23630,2953,9.9913974e-5,1.015241,2.7600,172.89,0.0130
23640,2955,9.991384e-5,0.977267,2.6572,203.90,0.0131
23650,2956,9.9913785e-5,0.998934,2.7154,159.38,0.0135
23660,2957,9.991373e-5,0.982889,2.6722,97.79,0.0152
23670,2958,9.991367e-5,0.940741,2.5619,210.52,0.0129
23680,2960,9.991355e-5,0.964587,2.6237,227.41,0.0127
23690,2961,9.991349e-5,0.948681,2.5823,98.94,0.0149
23700,2962,9.9913435e-5,0.996456,2.7087,146.01,0.0138
23710,2963,9.991338e-5,0.980547,2.6659,340.87,0.0454
23720,2965,9.991326e-5,0.990887,2.6936,138.58,0.0146
23730,2966,9.99132e-5,1.008286,2.7409,208.26,0.0138
23740,2967,9.9913144e-5,0.958303,2.6073,138.62,0.0131
23750,2968,9.9913086e-5,0.902457,2.4657,141.62,0.0135
23760,2970,9.991297e-5,1.009244,2.7435,138.40,0.0182
23770,2971,9.991291e-5,0.945577,2.5743,108.17,0.0137
23780,2972,9.991285e-5,0.919904,2.5091,137.06,0.0153
23790,2973,9.9912795e-5,0.989279,2.6893,91.49,0.0148
23800,2975,9.991268e-5,0.950895,2.5880,138.19,0.0142
23810,2976,9.991262e-5,1.033691,2.8114,408.74,0.0323
23820,2977,9.991256e-5,0.921090,2.5120,126.38,0.0135
23830,2978,9.9912504e-5,0.936803,2.5518,123.19,0.0134
23840,2980,9.991239e-5,0.986636,2.6822,173.77,0.0131
23850,2981,9.991233e-5,0.997964,2.7128,118.10,0.0147
23860,2982,9.991227e-5,1.021844,2.7783,119.63,0.0143
23870,2983,9.991221e-5,1.033661,2.8113,90.59,0.0152
23880,2985,9.991208e-5,1.009503,2.7442,220.91,0.0129
23890,2986,9.9912024e-5,0.952672,2.5926,154.08,0.0132
23900,2987,9.9911966e-5,0.953412,2.5945,141.11,0.0136
23910,2988,9.991191e-5,0.923204,2.5173,340.67,0.0450
23920,2990,9.991179e-5,1.021086,2.7762,209.89,0.0126
23930,2991,9.991173e-5,0.968649,2.6344,193.51,0.0136
23940,2992,9.9911675e-5,0.974970,2.6511,181.41,0.0147
23950,2993,9.991162e-5,0.955321,2.5995,149.62,0.0151
23960,2995,9.99115e-5,1.040827,2.8316,158.76,0.0131
23970,2996,9.991144e-5,0.991624,2.6956,160.11,0.0134
23980,2997,9.991138e-5,0.983442,2.6736,201.13,0.0137
23990,2998,9.9911325e-5,0.986768,2.6826,164.96,0.0137
24000,3000,9.991121e-5,0.903586,2.4684,130.20,0.0131
24010,3001,9.991115e-5,1.017314,2.7658,339.88,0.0484
24020,3002,9.991109e-5,0.909142,2.4822,155.52,0.0134
24030,3003,9.991102e-5,1.057441,2.8790,140.49,0.0134
24040,3005,9.99109e-5,0.976488,2.6551,90.01,0.0151
24050,3006,9.9910845e-5,0.976539,2.6553,102.71,0.0148
24060,3007,9.991079e-5,1.023574,2.7831,91.86,0.0149
24070,3008,9.991073e-5,0.945272,2.5735,167.14,0.0130
24080,3010,9.991061e-5,0.977588,2.6580,124.50,0.0132
24090,3011,9.9910554e-5,1.068710,2.9116,100.02,0.0148
24100,3012,9.9910496e-5,0.982949,2.6723,115.85,0.0143
24110,3013,9.991044e-5,0.944978,2.5728,322.55,0.0555
24120,3015,9.991031e-5,0.973774,2.6479,114.23,0.0142
24130,3016,9.991025e-5,0.908357,2.4802,134.32,0.0132
24140,3017,9.991019e-5,1.010725,2.7476,117.01,0.0141
24150,3018,9.991013e-5,0.955386,2.5997,125.27,0.0142
24160,3020,9.9910016e-5,0.964179,2.6226,129.39,0.0141
24170,3021,9.990996e-5,0.943203,2.5682,126.96,0.0143
24180,3022,9.99099e-5,1.005001,2.7319,122.86,0.0140
24190,3023,9.990984e-5,0.963740,2.6215,131.15,0.0139
24200,3025,9.9909725e-5,1.041366,2.8331,145.25,0.0142
24210,3026,9.990965e-5,0.980031,2.6645,377.32,0.0376
24220,3027,9.9909594e-5,1.015525,2.7608,114.62,0.0147
24230,3028,9.9909535e-5,0.952119,2.5912,157.68,0.0135
24240,3030,9.990942e-5,0.920658,2.5109,118.92,0.0148
24250,3031,9.990936e-5,0.978567,2.6606,114.65,0.0142
24260,3032,9.99093e-5,1.004677,2.7310,156.47,0.0131
24270,3033,9.9909244e-5,0.992286,2.6974,197.70,0.0138
24280,3035,9.990911e-5,0.959431,2.6102,246.30,0.0151
24290,3036,9.990907e-5,0.951455,2.5895,113.70,0.0141
24300,3037,9.9909e-5,0.943628,2.5693,137.23,0.0138
24310,3038,9.990894e-5,0.991593,2.6955,317.00,0.0544
24320,3040,9.990882e-5,1.011629,2.7501,93.64,0.0154
24330,3041,9.9908764e-5,0.951613,2.5899,323.04,0.0120
24340,3042,9.990869e-5,1.013150,2.7543,134.90,0.0138
24350,3043,9.990863e-5,1.028630,2.7972,93.41,0.0148
24360,3045,9.990852e-5,0.933149,2.5425,74.45,0.0169
24370,3046,9.990846e-5,1.000874,2.7207,126.35,0.0144
24380,3047,9.99084e-5,0.973168,2.6463,84.46,0.0159
24390,3048,9.990834e-5,0.963047,2.6197,173.59,0.0134
24400,3050,9.9908226e-5,0.971167,2.6410,123.92,0.0139
24410,3051,9.990817e-5,0.996601,2.7091,370.35,0.0385
24420,3052,9.9908095e-5,0.816863,2.2634,138.95,0.0133
24430,3053,9.990804e-5,1.063368,2.8961,130.83,0.0139
24440,3055,9.990792e-5,0.936696,2.5515,117.28,0.0134
24450,3056,9.990786e-5,0.973453,2.6471,141.94,0.0166
24460,3057,9.9907804e-5,0.911900,2.4890,126.43,0.0134
24470,3058,9.9907746e-5,0.945991,2.5754,119.58,0.0137
24480,3060,9.9907615e-5,1.055258,2.8727,147.86,0.0145
24490,3061,9.990756e-5,0.958873,2.6088,98.36,0.0155
24500,3062,9.99075e-5,0.996312,2.7083,133.35,0.0135
24510,3063,9.9907425e-5,0.962097,2.6172,400.63,0.0334
24520,3065,9.990731e-5,0.942776,2.5671,134.94,0.0135
24530,3066,9.990725e-5,0.888766,2.4321,135.44,0.0134
24540,3067,9.990719e-5,1.011386,2.7494,105.42,0.0151
24550,3068,9.9907134e-5,0.827649,2.2879,220.56,0.0116
24560,3070,9.990702e-5,0.971915,2.6430,128.05,0.0138
24570,3071,9.9906945e-5,0.991391,2.6950,146.95,0.0128
24580,3072,9.990689e-5,0.863251,2.3709,275.73,0.0117
24590,3073,9.990683e-5,1.044233,2.8412,169.24,0.0135
24600,3075,9.990671e-5,0.972254,2.6439,164.78,0.0133
24610,3076,9.9906654e-5,0.981715,2.6690,396.12,0.0325
24620,3077,9.990658e-5,1.000315,2.7191,130.77,0.0132
24630,3078,9.990654e-5,0.977337,2.6574,170.39,0.0145
24640,3080,9.990641e-5,0.898275,2.4554,85.31,0.0149
24650,3081,9.990635e-5,0.931784,2.5390,185.01,0.0136
24660,3082,9.990629e-5,0.908053,2.4795,107.25,0.0140
24670,3083,9.990622e-5,1.051082,2.8607,137.23,0.0143
24680,3085,9.99061e-5,0.978901,2.6615,101.17,0.0140
24690,3086,9.990604e-5,0.978388,2.6602,135.15,0.0137
24700,3087,9.9905985e-5,0.959823,2.6112,159.89,0.0132
24710,3088,9.990593e-5,0.985028,2.6779,348.75,0.0412
24720,3090,9.9905796e-5,0.902842,2.4666,78.69,0.0156
24730,3091,9.990574e-5,1.045127,2.8438,202.50,0.0133
24740,3092,9.990568e-5,0.998953,2.7154,134.25,0.0132
24750,3093,9.990562e-5,0.960261,2.6124,102.24,0.0145
24760,3095,9.990549e-5,0.993087,2.6996,96.81,0.0151
24770,3096,9.990543e-5,0.922330,2.5151,105.37,0.0146
24780,3097,9.9905374e-5,1.023438,2.7827,109.66,0.0145
24790,3098,9.9905315e-5,1.042233,2.8355,299.71,0.0150
24800,3100,9.9905184e-5,0.956249,2.6019,114.97,0.0143
24810,3101,9.9905126e-5,0.956259,2.6019,352.67,0.0439
24820,3102,9.990507e-5,0.931196,2.5375,78.78,0.0148
24830,3103,9.990501e-5,0.983648,2.6742,98.25,0.0150
24840,3105,9.990488e-5,0.960168,2.6121,88.89,0.0163
24850,3106,9.990482e-5,1.024654,2.7861,109.68,0.0138
24860,3107,9.990476e-5,1.019658,2.7722,107.14,0.0141
24870,3108,9.990469e-5,0.930654,2.5362,113.27,0.0146
24880,3110,9.990457e-5,0.939054,2.5576,112.33,0.0142
24890,3111,9.9904515e-5,0.971013,2.6406,124.85,0.0142
24900,3112,9.990446e-5,0.995594,2.7063,98.87,0.0150
24910,3113,9.9904384e-5,0.966206,2.6280,325.14,0.0578
24920,3115,9.990427e-5,1.013613,2.7555,146.09,0.0139
24930,3116,9.990421e-5,1.010591,2.7472,136.47,0.0137
24940,3117,9.990415e-5,0.986388,2.6815,96.83,0.0144
24950,3118,9.990408e-5,0.901298,2.4628,174.91,0.0124
24960,3120,9.990396e-5,1.022735,2.7808,83.71,0.0157
24970,3121,9.9903904e-5,0.948357,2.5815,163.65,0.0137
24980,3122,9.9903846e-5,1.010428,2.7468,95.55,0.0157
24990,3123,9.990377e-5,0.908102,2.4796,166.88,0.0127
25000,3125,9.990366e-5,0.995682,2.7066,149.50,0.0143
25010,3126,9.99036e-5,0.929842,2.5341,402.26,0.0318
25020,3127,9.9903526e-5,0.939961,2.5599,200.71,0.0128
25030,3128,9.990347e-5,0.963396,2.6206,193.48,0.0132
25040,3130,9.990335e-5,0.957548,2.6053,158.50,0.0130
25050,3131,9.990328e-5,1.000098,2.7185,135.64,0.0133
25060,3132,9.990322e-5,0.928914,2.5318,160.85,0.0125
25070,3133,9.990316e-5,0.984308,2.6760,207.48,0.0129
25080,3135,9.990303e-5,0.981311,2.6680,115.58,0.0142
25090,3136,9.990297e-5,0.975334,2.6521,104.10,0.0145
25100,3137,9.9902914e-5,1.023255,2.7822,141.09,0.0134
25110,3138,9.9902856e-5,1.038971,2.8263,321.85,0.0555
25120,3140,9.9902725e-5,1.001645,2.7228,115.44,0.0141
25130,3141,9.990267e-5,0.922133,2.5146,103.69,0.0138
25140,3142,9.990261e-5,1.007588,2.7390,225.09,0.0147
25150,3143,9.9902536e-5,0.945825,2.5749,172.86,0.0134
25160,3145,9.990242e-5,1.021884,2.7784,141.74,0.0133
25170,3146,9.990235e-5,0.950687,2.5875,91.98,0.0149
25180,3147,9.990229e-5,0.980261,2.6652,148.58,0.0140
25190,3148,9.990223e-5,0.901439,2.4631,254.92,0.0120
25200,3150,9.99021e-5,0.974813,2.6507,95.59,0.0148
25210,3151,9.990204e-5,0.984089,2.6754,365.72,0.0385
25220,3152,9.990198e-5,0.975929,2.6536,113.11,0.0144
25230,3153,9.9901925e-5,1.023840,2.7839,108.97,0.0145
25240,3155,9.9901794e-5,0.989258,2.6892,94.46,0.0156
25250,3156,9.9901736e-5,0.968732,2.6346,123.51,0.0136
25260,3157,9.990168e-5,0.863316,2.3710,103.69,0.0145
25270,3158,9.9901605e-5,0.951639,2.5900,95.55,0.0145
25280,3160,9.990149e-5,0.964782,2.6242,172.79,0.0133
25290,3161,9.990143e-5,1.054797,2.8714,147.94,0.0140
25300,3162,9.990136e-5,0.916078,2.4995,113.86,0.0142
25310,3163,9.99013e-5,1.014914,2.7591,416.57,0.0348
25320,3165,9.990117e-5,0.908954,2.4817,122.34,0.0137
25330,3166,9.990111e-5,0.987256,2.6839,189.60,0.0153
25340,3167,9.990105e-5,0.974624,2.6502,140.54,0.0141
25350,3168,9.990098e-5,0.899566,2.4585,156.13,0.0127
25360,3170,9.990086e-5,0.945536,2.5742,174.33,0.0136
25370,3171,9.990079e-5,0.941780,2.5645,134.73,0.0133
25380,3172,9.990073e-5,0.930095,2.5348,183.37,0.0130
25390,3173,9.990067e-5,0.962791,2.6190,163.56,0.0130
25400,3175,9.990054e-5,1.011281,2.7491,115.98,0.0138
25410,3176,9.9900484e-5,0.939314,2.5582,350.91,0.0420
25420,3177,9.9900426e-5,0.961293,2.6151,178.11,0.0131
25430,3178,9.990035e-5,0.937494,2.5536,137.99,0.0145
25440,3180,9.990024e-5,0.969239,2.6359,85.51,0.0156
25450,3181,9.9900164e-5,1.027231,2.7933,203.85,0.0141
25460,3182,9.9900106e-5,1.006239,2.7353,113.89,0.0139
25470,3183,9.990005e-5,0.995210,2.7053,79.01,0.0176
25480,3185,9.989992e-5,0.958170,2.6069,89.85,0.0162
25490,3186,9.989986e-5,0.961979,2.6169,148.90,0.0143
25500,3187,9.98998e-5,0.923151,2.5172,175.40,0.0148
25510,3188,9.989973e-5,0.885614,2.4245,403.49,0.0310
25520,3190,9.98996e-5,0.924044,2.5195,139.67,0.0133
25530,3191,9.989954e-5,0.930675,2.5362,182.82,0.0125
25540,3192,9.989948e-5,0.884851,2.4226,178.21,0.0128
25550,3193,9.989942e-5,0.900984,2.4620,97.63,0.0139
25560,3195,9.989929e-5,0.993151,2.6997,95.28,0.0155
25570,3196,9.989922e-5,1.044578,2.8422,158.77,0.0131
25580,3197,9.989916e-5,0.892617,2.4415,119.86,0.0136
25590,3198,9.98991e-5,0.948359,2.5815,114.82,0.0135
25600,3200,9.989897e-5,1.010430,2.7468,143.79,0.0140
25610,3201,9.989891e-5,0.986928,2.6830,395.89,0.0330
25620,3202,9.9898854e-5,0.963619,2.6212,80.22,0.0153
25630,3203,9.989878e-5,1.003583,2.7280,121.66,0.0141
25640,3205,9.989865e-5,0.911135,2.4871,124.04,0.0133
25650,3206,9.989859e-5,0.989411,2.6897,220.70,0.0166
25660,3207,9.9898534e-5,1.043636,2.8395,169.89,0.0153
25670,3208,9.9898476e-5,1.021441,2.7772,163.33,0.0167
25680,3210,9.9898345e-5,0.998420,2.7140,171.91,0.0136
25690,3211,9.989829e-5,0.999177,2.7160,153.73,0.0134
25700,3212,9.9898214e-5,0.908576,2.4808,117.25,0.0135
25710,3213,9.9898156e-5,0.942384,2.5661,346.71,0.0420
25720,3215,9.9898025e-5,0.994271,2.7028,157.06,0.0134
25730,3216,9.989795e-5,0.937795,2.5543,94.35,0.0153
25740,3217,9.9897894e-5,1.076460,2.9343,137.04,0.0137
25750,3218,9.9897836e-5,0.980760,2.6665,106.39,0.0138
25760,3220,9.9897705e-5,0.966112,2.6277,148.84,0.0128
25770,3221,9.989765e-5,0.948939,2.5830,134.69,0.0146
25780,3222,9.989759e-5,0.920990,2.5118,187.51,0.0125
25790,3223,9.9897516e-5,0.938245,2.5555,133.68,0.0136
25800,3225,9.9897385e-5,0.917719,2.5036,114.76,0.0136
25810,3226,9.989733e-5,0.921778,2.5138,372.46,0.0382
25820,3227,9.989727e-5,0.911111,2.4871,150.09,0.0133
25830,3228,9.9897195e-5,1.005085,2.7321,173.16,0.0141
25840,3230,9.9897065e-5,0.885724,2.4247,125.20,0.0131
25850,3231,9.9897006e-5,1.010099,2.7459,142.03,0.0134
25860,3232,9.989695e-5,0.988137,2.6862,78.27,0.0164
25870,3233,9.9896875e-5,0.943216,2.5682,228.10,0.0129
25880,3235,9.989676e-5,0.958228,2.6071,100.82,0.0155
25890,3236,9.9896686e-5,0.931291,2.5378,153.99,0.0136
25900,3237,9.989663e-5,0.993962,2.7019,89.95,0.0150
25910,3238,9.989657e-5,0.914554,2.4957,324.24,0.0521
25920,3240,9.989644e-5,0.969493,2.6366,138.99,0.0137
25930,3241,9.9896366e-5,0.976825,2.6560,180.90,0.0133
25940,3242,9.989631e-5,0.975554,2.6526,171.30,0.0131
25950,3243,9.989625e-5,1.000063,2.7185,83.99,0.0161
25960,3245,9.989612e-5,0.985609,2.6794,81.59,0.0149
25970,3246,9.9896046e-5,1.007349,2.7383,142.80,0.0139
25980,3247,9.989599e-5,0.975226,2.6518,92.93,0.0157
25990,3248,9.9895915e-5,0.946015,2.5754,119.16,0.0136
26000,3250,9.98958e-5,0.992250,2.6973,129.87,0.0159
26010,3251,9.9895726e-5,1.016535,2.7636,387.32,0.0416
26020,3252,9.989567e-5,1.078375,2.9399,170.53,0.0133
26030,3253,9.9895595e-5,0.930294,2.5353,177.86,0.0132
26040,3255,9.9895464e-5,0.975963,2.6537,133.19,0.0139
26050,3256,9.9895406e-5,0.973519,2.6472,87.27,0.0157
26060,3257,9.989535e-5,1.030910,2.8036,113.36,0.0147
26070,3258,9.9895275e-5,0.999839,2.7178,127.82,0.0145
26080,3260,9.9895144e-5,0.995904,2.7072,77.35,0.0161
26090,3261,9.9895085e-5,0.902062,2.4647,122.02,0.0135
26100,3262,9.989501e-5,0.913403,2.4928,109.65,0.0140
26110,3263,9.9894954e-5,1.027555,2.7942,374.12,0.0364
26120,3265,9.989482e-5,1.075864,2.9325,181.45,0.0138
26130,3266,9.9894765e-5,1.031463,2.8052,158.12,0.0136
26140,3267,9.989469e-5,0.995930,2.7072,212.18,0.0128
26150,3268,9.9894634e-5,0.950745,2.5876,174.78,0.0135
26160,3270,9.98945e-5,0.960781,2.6137,113.73,0.0144
26170,3271,9.9894445e-5,0.950804,2.5878,158.48,0.0133
26180,3272,9.989437e-5,0.988886,2.6882,133.98,0.0138
26190,3273,9.9894314e-5,0.971604,2.6422,114.57,0.0140
26200,3275,9.989418e-5,1.017204,2.7655,67.97,0.0177
26210,3276,9.9894125e-5,0.905607,2.4734,364.29,0.0371
26220,3277,9.989405e-5,0.967584,2.6316,168.70,0.0131
26230,3278,9.9893994e-5,0.967988,2.6326,116.72,0.0142
26240,3280,9.989386e-5,1.013052,2.7540,138.14,0.0132
26250,3281,9.989379e-5,0.918285,2.5050,163.62,0.0133
26260,3282,9.989373e-5,0.929402,2.5330,103.90,0.0142
26270,3283,9.9893674e-5,1.006238,2.7353,131.93,0.0139
26280,3285,9.989354e-5,0.974237,2.6491,211.45,0.0135
26290,3286,9.989347e-5,0.924186,2.5198,198.76,0.0129
26300,3287,9.989341e-5,0.971296,2.6414,177.78,0.0128
26310,3288,9.989334e-5,0.974499,2.6498,343.19,0.0471
26320,3290,9.989322e-5,0.896939,2.4521,174.68,0.0138
26330,3291,9.989315e-5,0.899598,2.4586,260.34,0.0171
26340,3292,9.989308e-5,0.919634,2.5084,101.06,0.0144
26350,3293,9.989302e-5,0.950771,2.5877,171.85,0.0136
26360,3295,9.989289e-5,0.902010,2.4646,143.26,0.0138
26370,3296,9.989283e-5,1.079712,2.9438,80.40,0.0156
26380,3297,9.989276e-5,0.991074,2.6941,121.65,0.0137
26390,3298,9.9892684e-5,0.987689,2.6850,143.09,0.0137
26400,3300,9.989257e-5,0.911496,2.4880,86.76,0.0151
26410,3301,9.9892495e-5,0.961801,2.6164,391.85,0.0346
26420,3302,9.989244e-5,0.990748,2.6932,123.14,0.0139
26430,3303,9.9892364e-5,1.052665,2.8653,162.62,0.0133
26440,3305,9.989225e-5,0.895515,2.4486,160.21,0.0128
26450,3306,9.9892175e-5,0.913298,2.4925,166.44,0.0133
26460,3307,9.98921e-5,0.905201,2.4724,119.30,0.0133
26470,3308,9.9892044e-5,1.013842,2.7562,174.17,0.0133
26480,3310,9.989191e-5,1.021371,2.7770,80.28,0.0174
26490,3311,9.989184e-5,1.006389,2.7357,109.26,0.0138
26500,3312,9.989178e-5,0.956125,2.6016,161.46,0.0170
26510,3313,9.989171e-5,1.035083,2.8153,320.40,0.0571
26520,3315,9.989159e-5,0.938730,2.5567,105.48,0.0143
26530,3316,9.989152e-5,0.987840,2.6854,133.48,0.0137
26540,3317,9.989146e-5,0.981676,2.6689,165.64,0.0131
26550,3318,9.989139e-5,1.005168,2.7324,183.25,0.0138
26560,3320,9.989126e-5,0.957365,2.6048,131.46,0.0132
26570,3321,9.9891186e-5,0.922011,2.5143,125.93,0.0140
26580,3322,9.989113e-5,1.006048,2.7348,106.33,0.0148
26590,3323,9.9891055e-5,1.009256,2.7436,179.32,0.0132
26600,3325,9.989094e-5,0.964015,2.6222,232.62,0.0124
26610,3326,9.9890865e-5,1.000826,2.7205,387.22,0.0343
26620,3327,9.989081e-5,0.922759,2.5162,128.46,0.0134
26630,3328,9.9890734e-5,0.987720,2.6851,136.59,0.0143
26640,3330,9.98906e-5,0.970363,2.6389,132.68,0.0138
26650,3331,9.989053e-5,0.894818,2.4469,117.55,0.0141
26660,3332,9.989047e-5,0.944201,2.5708,191.56,0.0147
26670,3333,9.98904e-5,1.000334,2.7192,132.02,0.0143
26680,3335,9.989028e-5,0.985794,2.6799,136.27,0.0131
26690,3336,9.989021e-5,0.951986,2.5908,111.62,0.0148
26700,3337,9.989014e-5,1.130197,3.0963,206.50,0.0136
26710,3338,9.989008e-5,0.983134,2.6728,406.91,0.0313
26720,3340,9.988995e-5,0.962233,2.6175,134.53,0.0133
26730,3341,9.9889876e-5,1.009420,2.7440,133.94,0.0134
26740,3342,9.988982e-5,0.967253,2.6307,99.82,0.0143
26750,3343,9.9889745e-5,0.957052,2.6040,105.32,0.0146
26760,3345,9.9889614e-5,0.953162,2.5939,153.06,0.0136
26770,3346,9.988954e-5,0.980348,2.6654,93.23,0.0154
26780,3347,9.988948e-5,1.008648,2.7419,116.11,0.0144
26790,3348,9.9889425e-5,0.916038,2.4994,88.93,0.0161
26800,3350,9.988928e-5,0.954471,2.5973,206.63,0.0132
26810,3351,9.988922e-5,0.976130,2.6542,345.03,0.0492
26820,3352,9.988915e-5,0.982355,2.6707,136.62,0.0136
26830,3353,9.988909e-5,0.968586,2.6342,174.88,0.0137
26840,3355,9.988896e-5,0.899446,2.4582,156.32,0.0163
26850,3356,9.9888886e-5,1.073276,2.9249,148.69,0.0137
26860,3357,9.988881e-5,0.930395,2.5355,126.31,0.0138
26870,3358,9.9888755e-5,0.952967,2.5934,156.76,0.0131
26880,3360,9.9888624e-5,0.955395,2.5997,112.34,0.0148
26890,3361,9.9888566e-5,0.975625,2.6528,141.46,0.0137
26900,3362,9.988849e-5,0.961588,2.6158,151.93,0.0132
26910,3363,9.988842e-5,0.982598,2.6714,366.83,0.0351
26920,3365,9.988829e-5,0.999404,2.7167,173.95,0.0130
26930,3366,9.988823e-5,0.964687,2.6240,125.30,0.0141
26940,3367,9.988816e-5,0.936209,2.5503,97.94,0.0143
26950,3368,9.9888086e-5,0.981787,2.6692,136.91,0.0138
26960,3370,9.9887955e-5,0.970029,2.6380,161.56,0.0139
26970,3371,9.98879e-5,0.950850,2.5879,103.67,0.0151
26980,3372,9.9887824e-5,1.027171,2.7932,126.36,0.0133
26990,3373,9.988775e-5,0.976479,2.6551,120.26,0.0140
27000,3375,9.988762e-5,0.978879,2.6615,110.61,0.0143
27010,3376,9.988756e-5,0.891784,2.4395,444.02,0.0323
27020,3377,9.988749e-5,0.943200,2.5682,99.11,0.0146
27030,3378,9.988742e-5,0.904286,2.4702,307.76,0.0133
27040,3380,9.98873e-5,0.959158,2.6095,139.42,0.0143
27050,3381,9.988723e-5,0.944161,2.5707,145.54,0.0134
27060,3382,9.9887155e-5,0.956192,2.6018,122.23,0.0143
27070,3383,9.98871e-5,0.946730,2.5773,113.21,0.0144
27080,3385,9.9886965e-5,0.923214,2.5174,269.72,0.0124
27090,3386,9.988689e-5,0.985427,2.6790,84.14,0.0163
27100,3387,9.9886835e-5,0.995682,2.7066,114.26,0.0145
27110,3388,9.988676e-5,0.946498,2.5767,356.99,0.0428
27120,3390,9.988663e-5,1.034317,2.8132,132.70,0.0143
27130,3391,9.988656e-5,0.938820,2.5570,184.04,0.0127
27140,3392,9.9886485e-5,0.966087,2.6276,125.46,0.0139
27150,3393,9.988643e-5,0.980300,2.6653,152.82,0.0136
27160,3395,9.9886296e-5,0.890230,2.4357,94.12,0.0145
27170,3396,9.988622e-5,1.040765,2.8314,114.91,0.0143
27180,3397,9.988615e-5,0.931344,2.5379,193.04,0.0137
27190,3398,9.988609e-5,0.941131,2.5629,182.51,0.0133
27200,3400,9.988595e-5,0.903089,2.4672,105.85,0.0148
27210,3401,9.988589e-5,0.928267,2.5301,341.12,0.0469
27220,3402,9.988583e-5,0.899100,2.4574,224.40,0.0130
27230,3403,9.988576e-5,0.935661,2.5489,208.87,0.0131
27240,3405,9.988563e-5,0.977388,2.6575,206.23,0.0133
27250,3406,9.9885554e-5,0.917485,2.5030,153.62,0.0133
27260,3407,9.988548e-5,0.894361,2.4458,145.85,0.0129
27270,3408,9.988542e-5,0.929447,2.5331,135.47,0.0150
27280,3410,9.988529e-5,1.031187,2.8044,103.70,0.0154
27290,3411,9.988522e-5,0.929017,2.5320,104.55,0.0147
27300,3412,9.988515e-5,1.007789,2.7395,120.64,0.0140
27310,3413,9.988509e-5,1.036923,2.8205,335.63,0.0505
27320,3415,9.988494e-5,0.944037,2.5703,99.98,0.0149
27330,3416,9.9884885e-5,0.963478,2.6208,116.47,0.0146
27340,3417,9.988481e-5,1.005867,2.7343,146.31,0.0138
27350,3418,9.988475e-5,1.007332,2.7383,92.55,0.0152
27360,3420,9.988461e-5,1.022837,2.7811,112.63,0.0143
27370,3421,9.988455e-5,0.978512,2.6605,102.31,0.0150
27380,3422,9.988448e-5,0.895002,2.4473,111.48,0.0139
27390,3423,9.9884404e-5,0.996868,2.7098,151.98,0.0138
27400,3425,9.988427e-5,0.941572,2.5640,120.35,0.0139
27410,3426,9.98842e-5,0.903835,2.4691,326.46,0.0494
27420,3427,9.988414e-5,0.924210,2.5199,102.68,0.0134
27430,3428,9.988407e-5,0.941530,2.5639,135.09,0.0131
27440,3430,9.988394e-5,0.965939,2.6273,105.52,0.0155
27450,3431,9.9883866e-5,1.038199,2.8241,153.44,0.0139
27460,3432,9.988379e-5,0.933396,2.5431,121.36,0.0139
27470,3433,9.9883735e-5,0.978907,2.6615,247.88,0.0129
27480,3435,9.9883604e-5,0.924444,2.5205,141.03,0.0135
27490,3436,9.988353e-5,0.924967,2.5218,124.47,0.0142
27500,3437,9.988346e-5,0.976708,2.6557,91.74,0.0161
27510,3438,9.98834e-5,0.901074,2.4622,340.32,0.0438
27520,3440,9.9883255e-5,0.865227,2.3755,151.83,0.0125
27530,3441,9.98832e-5,0.995359,2.7057,112.94,0.0141
27540,3442,9.9883124e-5,1.019267,2.7712,252.72,0.0146
27550,3443,9.988305e-5,0.950865,2.5879,94.75,0.0147
27560,3445,9.988292e-5,0.958558,2.6079,209.01,0.0130
27570,3446,9.988285e-5,0.978807,2.6613,130.31,0.0137
27580,3447,9.988279e-5,0.939014,2.5575,134.16,0.0134
27590,3448,9.9882716e-5,0.857617,2.3575,206.39,0.0118
27600,3450,9.9882585e-5,0.903369,2.4679,198.53,0.0128
27610,3451,9.988251e-5,0.994731,2.7040,397.92,0.0319
27620,3452,9.988244e-5,0.896119,2.4501,99.40,0.0142
27630,3453,9.988238e-5,0.978508,2.6605,102.90,0.0140
27640,3455,9.9882236e-5,1.021318,2.7769,116.89,0.0149
27650,3456,9.988218e-5,0.975568,2.6527,185.02,0.0140
27660,3457,9.9882105e-5,0.966193,2.6279,138.18,0.0135
27670,3458,9.988203e-5,0.941421,2.5636,103.05,0.0146
27680,3460,9.98819e-5,1.034067,2.8125,275.21,0.0153
27690,3461,9.988183e-5,0.941185,2.5630,147.43,0.0148
27700,3462,9.9881756e-5,0.990815,2.6934,149.36,0.0136
27710,3463,9.98817e-5,1.014034,2.7567,432.74,0.0275
27720,3465,9.988155e-5,0.963445,2.6207,152.52,0.0130
27730,3466,9.9881494e-5,0.978321,2.6600,145.32,0.0139
27740,3467,9.988142e-5,0.967752,2.6320,91.02,0.0152
27750,3468,9.988135e-5,0.877128,2.4040,165.28,0.0132
27760,3470,9.988122e-5,0.994797,2.7042,135.26,0.0137
27770,3471,9.9881145e-5,0.973880,2.6482,141.14,0.0136
27780,3472,9.988107e-5,0.969301,2.6361,94.01,0.0149
27790,3473,9.9881014e-5,0.932618,2.5412,140.91,0.0134
27800,3475,9.988087e-5,0.964408,2.6232,138.94,0.0143
27810,3476,9.988081e-5,1.010911,2.7481,318.24,0.0652
27820,3477,9.988074e-5,0.931849,2.5392,84.13,0.0158
27830,3478,9.9880664e-5,0.881265,2.4140,177.46,0.0129
27840,3480,9.988053e-5,0.994696,2.7039,96.79,0.0150
27850,3481,9.988046e-5,0.911301,2.4876,119.13,0.0140
27860,3482,9.988039e-5,0.965471,2.6260,106.25,0.0144
27870,3483,9.9880315e-5,1.003268,2.7272,206.06,0.0140
27880,3485,9.9880184e-5,0.980512,2.6658,131.84,0.0140
27890,3486,9.988011e-5,1.094089,2.9865,111.69,0.0146
27900,3487,9.988005e-5,1.009681,2.7447,177.30,0.0134
27910,3488,9.987998e-5,0.977269,2.6572,378.13,0.0352
27920,3490,9.9879835e-5,0.945149,2.5732,154.92,0.0132
27930,3491,9.987978e-5,1.036482,2.8193,125.11,0.0150
27940,3492,9.9879704e-5,0.989276,2.6893,139.06,0.0136
27950,3493,9.987963e-5,0.947149,2.5783,101.83,0.0150
27960,3495,9.98795e-5,0.973823,2.6480,88.71,0.0159
27970,3496,9.987943e-5,1.056593,2.8766,108.69,0.0140
27980,3497,9.9879355e-5,0.978807,2.6613,191.74,0.0133
27990,3498,9.98793e-5,0.949052,2.5833,93.47,0.0147
28000,3500,9.987915e-5,0.959219,2.6097,122.51,0.0148
28010,3501,9.987909e-5,0.977282,2.6572,382.31,0.0355
28020,3502,9.9879006e-5,0.981708,2.6690,93.26,0.0156
28030,3503,9.987895e-5,0.964548,2.6236,104.95,0.0142
28040,3505,9.98788e-5,1.042534,2.8364,84.44,0.0172
28050,3506,9.9878744e-5,1.024910,2.7868,164.71,0.0145
28060,3507,9.987867e-5,0.925097,2.5221,93.75,0.0158
28070,3508,9.98786e-5,0.939131,2.5578,130.21,0.0142
28080,3510,9.987847e-5,0.921009,2.5118,190.78,0.0137
28090,3511,9.9878394e-5,0.935280,2.5479,134.07,0.0135
28100,3512,9.987832e-5,0.997230,2.7108,89.17,0.0160
28110,3513,9.987825e-5,0.982263,2.6705,326.96,0.0535
28120,3515,9.987812e-5,1.019110,2.7707,246.19,0.0128
28130,3516,9.9878045e-5,0.941247,2.5632,130.22,0.0137
28140,3517,9.987797e-5,0.932228,2.5402,158.32,0.0134
28150,3518,9.9877914e-5,0.995352,2.7057,151.85,0.0135
28160,3520,9.987777e-5,0.925434,2.5230,94.35,0.0146
28170,3521,9.9877696e-5,0.928257,2.5301,82.35,0.0151
28180,3522,9.987762e-5,1.065571,2.9025,98.45,0.0146
28190,3523,9.9877565e-5,0.947787,2.5800,129.31,0.0136
28200,3525,9.987742e-5,0.907838,2.4790,106.10,0.0144
28210,3526,9.987735e-5,0.987932,2.6857,382.14,0.0328
28220,3527,9.987729e-5,0.873839,2.3961,162.27,0.0141
28230,3528,9.9877216e-5,0.901697,2.4638,97.60,0.0144
28240,3530,9.987707e-5,0.936525,2.5511,137.24,0.0129
28250,3531,9.987701e-5,1.001164,2.7214,163.51,0.0134
28260,3532,9.9876925e-5,1.014137,2.7570,165.99,0.0137
28270,3533,9.987687e-5,0.960912,2.6141,133.75,0.0140
28280,3535,9.987672e-5,0.814621,2.2583,157.98,0.0119
28290,3536,9.987665e-5,0.995755,2.7068,113.19,0.0150
28300,3537,9.987659e-5,0.872156,2.3921,125.38,0.0140
28310,3538,9.987652e-5,0.911474,2.4880,360.90,0.0384
28320,3540,9.987637e-5,0.995854,2.7070,238.59,0.0125
28330,3541,9.987631e-5,0.886955,2.4277,112.04,0.0135
28340,3542,9.9876226e-5,0.923948,2.5192,96.46,0.0145
28350,3543,9.987617e-5,0.967504,2.6314,83.67,0.0171
28360,3545,9.987602e-5,0.910619,2.4859,119.99,0.0134
28370,3546,9.987595e-5,1.030835,2.8034,159.39,0.0134
28380,3547,9.987589e-5,0.950269,2.5864,101.64,0.0145
28390,3548,9.987582e-5,0.926195,2.5249,120.25,0.0136
28400,3550,9.987567e-5,0.976986,2.6564,123.19,0.0143
28410,3551,9.98756e-5,0.880868,2.4130,366.87,0.0360
28420,3552,9.987554e-5,0.878079,2.4063,103.49,0.0143
28430,3553,9.987547e-5,1.007447,2.7386,123.55,0.0144
28440,3555,9.9875324e-5,0.944833,2.5724,121.10,0.0139
28450,3556,9.987525e-5,1.008170,2.7406,161.46,0.0130
28460,3557,9.987519e-5,0.950430,2.5868,164.21,0.0129
28470,3558,9.987512e-5,0.968336,2.6336,153.79,0.0141
28480,3560,9.9874975e-5,0.963248,2.6202,83.08,0.0159
28490,3561,9.98749e-5,0.910805,2.4863,131.20,0.0137
28500,3562,9.9874844e-5,1.003483,2.7278,93.08,0.0148
28510,3563,9.987476e-5,0.982159,2.6702,350.12,0.0429
28520,3565,9.9874625e-5,0.932505,2.5409,113.29,0.0142
28530,3566,9.987455e-5,0.976234,2.6544,166.08,0.0133
28540,3567,9.987448e-5,0.921139,2.5121,144.95,0.0134
28550,3568,9.987441e-5,0.968673,2.6344,169.49,0.0131
28560,3570,9.9874276e-5,0.991915,2.6964,172.46,0.0156
28570,3571,9.98742e-5,0.945673,2.5745,113.85,0.0142
28580,3572,9.987413e-5,0.923378,2.5178,118.52,0.0139
28590,3573,9.987406e-5,0.937994,2.5549,128.62,0.0139
28600,3575,9.987393e-5,0.955384,2.5997,128.34,0.0145
28610,3576,9.9873854e-5,1.000047,2.7184,386.92,0.0331
28620,3577,9.987378e-5,1.019563,2.7720,146.24,0.0135
28630,3578,9.987371e-5,0.949291,2.5839,114.83,0.0138
28640,3580,9.987356e-5,0.920915,2.5116,129.93,0.0139
28650,3581,9.987349e-5,0.912945,2.4916,155.40,0.0134
28660,3582,9.987343e-5,1.000088,2.7185,110.37,0.0146
28670,3583,9.987336e-5,0.962574,2.6184,138.80,0.0137
28680,3585,9.9873214e-5,0.964365,2.6231,142.31,0.0135
28690,3586,9.987314e-5,0.949689,2.5849,115.07,0.0140
28700,3587,9.987307e-5,0.965017,2.6248,158.68,0.0131
28710,3588,9.987301e-5,0.894081,2.4451,366.29,0.0348
28720,3590,9.9872865e-5,0.883411,2.4191,158.73,0.0128
28730,3591,9.987279e-5,0.968601,2.6343,92.85,0.0157
28740,3592,9.987272e-5,0.991234,2.6946,122.46,0.0145
28750,3593,9.987265e-5,0.997317,2.7110,155.08,0.0204
28760,3595,9.9872515e-5,0.934668,2.5464,136.73,0.0137
28770,3596,9.987243e-5,0.948509,2.5819,178.77,0.0141
28780,3597,9.987237e-5,1.045071,2.8436,174.26,0.0137
28790,3598,9.98723e-5,1.010302,2.7464,118.11,0.0135
28800,3600,9.987215e-5,0.995850,2.7070,143.61,0.0143
28810,3601,9.987208e-5,0.961955,2.6168,325.46,0.0570
28820,3602,9.9872006e-5,0.911264,2.4875,135.90,0.0135
28830,3603,9.987195e-5,0.919973,2.5092,138.70,0.0129
28840,3605,9.98718e-5,0.961684,2.6161,98.47,0.0149
28850,3606,9.987173e-5,1.016039,2.7622,157.90,0.0132
28860,3607,9.987166e-5,0.989891,2.6909,101.20,0.0144
28870,3608,9.9871584e-5,0.944777,2.5722,165.00,0.0131
28880,3610,9.987144e-5,1.062533,2.8937,87.50,0.0162
28890,3611,9.9871366e-5,0.941869,2.5648,91.60,0.0145
28900,3612,9.987129e-5,0.906722,2.4762,106.01,0.0137
28910,3613,9.9871235e-5,1.020093,2.7735,362.48,0.0395
28920,3615,9.987109e-5,0.947035,2.5781,101.86,0.0145
28930,3616,9.987102e-5,0.966466,2.6286,122.33,0.0141
28940,3617,9.9870944e-5,0.925837,2.5240,170.27,0.0138
28950,3618,9.987087e-5,1.045445,2.8447,115.85,0.0148
28960,3620,9.9870726e-5,0.876537,2.4026,156.36,0.0129
28970,3621,9.987065e-5,0.995734,2.7067,175.08,0.0131
28980,3622,9.987058e-5,0.905200,2.4724,158.64,0.0132
28990,3623,9.987052e-5,0.991548,2.6954,97.60,0.0142
29000,3625,9.9870376e-5,0.960797,2.6138,126.66,0.0136
29010,3626,9.98703e-5,0.957194,2.6044,368.23,0.0366
29020,3627,9.987023e-5,0.883886,2.4203,163.78,0.0132
29030,3628,9.987016e-5,0.884181,2.4210,133.30,0.0138
29040,3630,9.987001e-5,0.892861,2.4421,166.98,0.0133
29050,3631,9.986994e-5,0.953407,2.5945,94.09,0.0145
29060,3632,9.986987e-5,0.908790,2.4813,120.70,0.0145
29070,3633,9.9869794e-5,0.916473,2.5005,244.50,0.0121
29080,3635,9.986966e-5,0.898915,2.4569,102.20,0.0139
29090,3636,9.9869576e-5,1.034958,2.8150,82.61,0.0153
29100,3637,9.986952e-5,1.002236,2.7244,248.58,0.0149
29110,3638,9.9869445e-5,0.989898,2.6910,353.29,0.0438
29120,3640,9.98693e-5,0.912756,2.4912,97.49,0.0148
29130,3641,9.986923e-5,0.935798,2.5492,147.54,0.0133
29140,3642,9.9869154e-5,0.898051,2.4548,103.16,0.0144
29150,3643,9.986908e-5,1.029697,2.8002,118.03,0.0145
29160,3645,9.9868936e-5,0.905260,2.4726,171.55,0.0132
29170,3646,9.986886e-5,1.062383,2.8933,177.91,0.0140
29180,3647,9.986879e-5,0.881744,2.4151,148.74,0.0129
29190,3648,9.986872e-5,0.938556,2.5563,99.67,0.0146
29200,3650,9.986857e-5,0.902118,2.4648,141.99,0.0134
29210,3651,9.9868514e-5,0.971557,2.6421,363.31,0.0413
29220,3652,9.9868426e-5,0.965042,2.6249,140.60,0.0145
29230,3653,9.986835e-5,0.974693,2.6504,120.82,0.0140
29240,3655,9.986822e-5,0.928261,2.5301,128.58,0.0129
29250,3656,9.986815e-5,0.877049,2.4038,170.83,0.0135
29260,3657,9.986808e-5,0.908637,2.4809,150.73,0.0149
29270,3658,9.9868004e-5,1.029238,2.7989,158.54,0.0154
29280,3660,9.986786e-5,0.946866,2.5776,189.41,0.0140
29290,3661,9.9867786e-5,0.948219,2.5811,208.59,0.0134
29300,3662,9.986771e-5,0.858825,2.3604,121.03,0.0137
29310,3663,9.986764e-5,0.925875,2.5241,417.62,0.0272
29320,3665,9.9867495e-5,0.930606,2.5360,121.60,0.0142
29330,3666,9.986742e-5,0.996796,2.7096,97.85,0.0148
29340,3667,9.986735e-5,0.936432,2.5509,133.83,0.0139
29350,3668,9.986728e-5,0.916805,2.5013,129.65,0.0128
29360,3670,9.986713e-5,0.983590,2.6740,129.24,0.0142
29370,3671,9.986706e-5,0.893728,2.4442,97.58,0.0142
29380,3672,9.9866986e-5,0.932994,2.5421,115.46,0.0141
29390,3673,9.986693e-5,0.909060,2.4820,100.51,0.0144
29400,3675,9.986677e-5,0.931546,2.5384,121.05,0.0138
29410,3676,9.9866695e-5,0.983259,2.6732,366.92,0.0386
29420,3677,9.986662e-5,0.960598,2.6133,183.58,0.0134
29430,3678,9.986655e-5,0.856699,2.3554,119.20,0.0133
29440,3680,9.98664e-5,0.959799,2.6112,174.31,0.0131
29450,3681,9.986633e-5,0.956050,2.6014,133.18,0.0145
29460,3682,9.986627e-5,0.956687,2.6031,112.76,0.0139
29470,3683,9.9866185e-5,0.866861,2.3794,120.62,0.0138
29480,3685,9.986604e-5,1.009461,2.7441,179.57,0.0138
29490,3686,9.986598e-5,0.925330,2.5227,137.98,0.0136
29500,3687,9.9865894e-5,0.949181,2.5836,79.09,0.0155
29510,3688,9.986582e-5,0.950661,2.5874,412.57,0.0299
29520,3690,9.9865676e-5,0.937075,2.5525,134.68,0.0139
29530,3691,9.986562e-5,0.924635,2.5209,105.73,0.0142
29540,3692,9.986553e-5,0.954513,2.5974,126.40,0.0148
29550,3693,9.986546e-5,0.980423,2.6656,103.80,0.0142
29560,3695,9.986533e-5,0.952756,2.5928,123.44,0.0138
29570,3696,9.9865254e-5,0.946969,2.5779,128.93,0.0142
29580,3697,9.986517e-5,0.897354,2.4531,102.57,0.0144
29590,3698,9.9865094e-5,1.013669,2.7557,106.34,0.0144
29600,3700,9.986496e-5,0.946263,2.5761,107.99,0.0141
29610,3701,9.9864876e-5,0.983133,2.6728,350.04,0.0428
29620,3702,9.98648e-5,0.886484,2.4266,128.98,0.0141
29630,3703,9.986473e-5,0.894735,2.4467,110.25,0.0141
29640,3705,9.98646e-5,0.961420,2.6154,91.68,0.0144
29650,3706,9.986451e-5,0.958853,2.6087,208.50,0.0121
29660,3707,9.986444e-5,0.939790,2.5594,308.32,0.0118
29670,3708,9.9864366e-5,0.882585,2.4171,158.03,0.0128
29680,3710,9.986422e-5,1.000381,2.7193,112.89,0.0143
29690,3711,9.986415e-5,0.872736,2.3935,125.81,0.0135
29700,3712,9.9864075e-5,0.966562,2.6289,97.27,0.0140
29710,3713,9.9864e-5,0.904927,2.4718,316.72,0.0567
29720,3715,9.986386e-5,1.022220,2.7794,173.51,0.0133
29730,3716,9.9863784e-5,0.885064,2.4231,111.52,0.0142
29740,3717,9.986371e-5,0.917429,2.5028,165.14,0.0128
29750,3718,9.986364e-5,0.936943,2.5522,91.25,0.0144
29760,3720,9.986349e-5,0.937138,2.5527,278.34,0.0134
29770,3721,9.986342e-5,0.921378,2.5128,180.27,0.0135
29780,3722,9.986335e-5,0.996322,2.7083,152.51,0.0162
29790,3723,9.9863275e-5,0.960956,2.6142,137.84,0.0128
29800,3725,9.986313e-5,0.916553,2.5007,126.48,0.0135
29810,3726,9.986304e-5,0.938853,2.5570,346.91,0.0461
29820,3727,9.9862984e-5,0.934828,2.5468,60.49,0.0186
29830,3728,9.98629e-5,0.961494,2.6156,88.82,0.0145
29840,3730,9.986275e-5,0.925305,2.5226,131.08,0.0140
29850,3731,9.986268e-5,0.973797,2.6480,88.32,0.0159
29860,3732,9.9862606e-5,0.933286,2.5429,266.54,0.0123
29870,3733,9.986253e-5,0.966218,2.6280,171.52,0.0128
29880,3735,9.986239e-5,0.898299,2.4554,132.41,0.0133
29890,3736,9.9862315e-5,0.961089,2.6145,184.38,0.0129
29900,3737,9.986224e-5,0.933428,2.5432,149.69,0.0137
29910,3738,9.986217e-5,0.883538,2.4194,387.78,0.0352
29920,3740,9.986202e-5,0.953408,2.5945,123.02,0.0143
29930,3741,9.9861936e-5,0.984744,2.6771,179.06,0.0133
29940,3742,9.986188e-5,0.900910,2.4618,255.02,0.0138
29950,3743,9.986179e-5,0.956919,2.6037,253.61,0.0152
29960,3745,9.986166e-5,0.996410,2.7085,203.61,0.0126
29970,3746,9.986157e-5,0.983857,2.6748,177.16,0.0129
29980,3747,9.98615e-5,0.991779,2.6960,200.00,0.0133
29990,3748,9.986143e-5,0.905796,2.4739,155.98,0.0133
30000,3750,9.986128e-5,0.946001,2.5754,82.03,0.0164
30010,3751,9.986121e-5,0.969915,2.6377,372.93,0.0366
30020,3752,9.9861136e-5,0.975693,2.6530,120.70,0.0146
30030,3753,9.986106e-5,0.912556,2.4907,192.35,0.0125
30040,3755,9.986092e-5,0.941775,2.5645,120.14,0.0140
30050,3756,9.986083e-5,0.935646,2.5489,139.42,0.0135
30060,3757,9.986076e-5,0.929527,2.5333,136.49,0.0135
30070,3758,9.9860685e-5,1.050725,2.8597,85.40,0.0159
30080,3760,9.986054e-5,0.948308,2.5813,91.72,0.0152
30090,3761,9.986047e-5,0.981718,2.6690,190.18,0.0134
30100,3762,9.9860394e-5,0.877186,2.4041,116.86,0.0136
30110,3763,9.986032e-5,0.824136,2.2799,394.66,0.0383
30120,3765,9.9860175e-5,0.986346,2.6814,90.30,0.0155
30130,3766,9.98601e-5,0.934014,2.5447,95.85,0.0144
30140,3767,9.9860015e-5,0.910468,2.4855,207.92,0.0125
30150,3768,9.985994e-5,0.904803,2.4714,123.27,0.0136
30160,3770,9.98598e-5,1.059716,2.8856,190.41,0.0131
30170,3771,9.9859724e-5,0.991873,2.6963,124.98,0.0139
30180,3772,9.985965e-5,0.959160,2.6095,132.08,0.0130
30190,3773,9.9859564e-5,0.954690,2.5979,174.95,0.0131
30200,3775,9.985943e-5,0.886006,2.4254,199.50,0.0124
30210,3776,9.9859346e-5,0.891509,2.4388,392.81,0.0336
30220,3777,9.985927e-5,1.004925,2.7317,192.71,0.0132
30230,3778,9.98592e-5,0.900640,2.4612,133.31,0.0141
30240,3780,9.9859055e-5,0.919573,2.5082,161.46,0.0126
30250,3781,9.985898e-5,0.898949,2.4570,120.46,0.0140
30260,3782,9.985891e-5,1.014966,2.7593,124.66,0.0148
30270,3783,9.985884e-5,0.908023,2.4794,104.87,0.0146
30280,3785,9.985868e-5,0.963486,2.6208,120.13,0.0136
30290,3786,9.9858604e-5,0.973278,2.6466,145.33,0.0145
30300,3787,9.985853e-5,0.958073,2.6067,121.21,0.0144
30310,3788,9.985846e-5,0.967130,2.6304,388.31,0.0332
30320,3790,9.98583e-5,0.923906,2.5191,128.27,0.0137
30330,3791,9.9858225e-5,0.941810,2.5646,169.23,0.0129
30340,3792,9.985815e-5,0.914616,2.4958,130.84,0.0134
30350,3793,9.985808e-5,0.891137,2.4379,148.36,0.0130
30360,3795,9.9857934e-5,0.984299,2.6759,138.35,0.0132
30370,3796,9.985786e-5,0.901032,2.4621,89.24,0.0153
30380,3797,9.985779e-5,0.900280,2.4603,123.10,0.0135
30390,3798,9.9857716e-5,0.807273,2.2418,216.07,0.0122
30400,3800,9.9857556e-5,0.954497,2.5974,103.60,0.0148
30410,3801,9.985748e-5,0.978426,2.6603,337.27,0.0471
30420,3802,9.985741e-5,0.887295,2.4286,104.65,0.0145
30430,3803,9.985734e-5,0.997269,2.7109,189.09,0.0147
30440,3805,9.985718e-5,0.937185,2.5528,96.29,0.0145
30450,3806,9.9857105e-5,0.971159,2.6410,115.84,0.0143
30460,3807,9.985703e-5,0.897387,2.4532,168.23,0.0155
30470,3808,9.985696e-5,0.939049,2.5575,131.99,0.0137
30480,3810,9.9856814e-5,0.976182,2.6543,124.16,0.0146
30490,3811,9.985673e-5,0.986197,2.6810,121.96,0.0138
30500,3812,9.9856654e-5,0.941876,2.5648,138.77,0.0139
30510,3813,9.985658e-5,0.933922,2.5445,377.77,0.0352
30520,3815,9.9856436e-5,0.915850,2.4989,112.63,0.0136
30530,3816,9.985636e-5,0.909638,2.4834,140.43,0.0136
30540,3817,9.985629e-5,0.971454,2.6418,120.14,0.0148
30550,3818,9.98562e-5,0.955459,2.5999,97.27,0.0153
30560,3820,9.985606e-5,0.941349,2.5634,230.65,0.0130
30570,3821,9.9855984e-5,0.980531,2.6659,130.03,0.0136
30580,3822,9.98559e-5,0.942857,2.5673,98.86,0.0147
30590,3823,9.9855824e-5,0.894209,2.4454,95.85,0.0152
30600,3825,9.985568e-5,0.951236,2.5889,137.37,0.0134
30610,3826,9.9855606e-5,0.924672,2.5210,334.89,0.0498
30620,3827,9.985553e-5,0.947828,2.5801,83.58,0.0159
30630,3828,9.9855446e-5,0.856172,2.3541,207.21,0.0137
30640,3830,9.98553e-5,0.912234,2.4899,107.39,0.0142
30650,3831,9.985523e-5,0.983437,2.6736,131.33,0.0141
30660,3832,9.9855155e-5,0.902486,2.4657,132.50,0.0133
30670,3833,9.985508e-5,0.974802,2.6506,128.85,0.0143
30680,3835,9.985492e-5,0.983971,2.6751,188.20,0.0136
30690,3836,9.985485e-5,0.913169,2.4922,163.81,0.0128
30700,3837,9.985478e-5,0.825276,2.2825,145.87,0.0127
30710,3838,9.9854704e-5,1.086552,2.9640,321.66,0.0569
30720,3840,9.9854544e-5,0.880006,2.4109,110.80,0.0140
30730,3841,9.985447e-5,0.899106,2.4574,111.27,0.0144
30740,3842,9.98544e-5,0.931304,2.5378,118.44,0.0142
30750,3843,9.9854326e-5,0.974804,2.6506,151.25,0.0144
30760,3845,9.9854165e-5,0.947204,2.5785,110.42,0.0141
30770,3846,9.985409e-5,1.025624,2.7888,135.48,0.0143
30780,3847,9.985402e-5,0.930855,2.5367,107.19,0.0151
30790,3848,9.985393e-5,0.985714,2.6797,119.01,0.0138
30800,3850,9.985379e-5,1.008930,2.7427,145.69,0.0138
30810,3851,9.9853714e-5,0.910585,2.4858,329.03,0.0502
30820,3852,9.985364e-5,0.950504,2.5870,125.36,0.0150
30830,3853,9.985357e-5,0.976951,2.6563,114.10,0.0138
30840,3855,9.985341e-5,0.915299,2.4975,171.74,0.0130
30850,3856,9.9853336e-5,0.879121,2.4088,103.30,0.0146
30860,3857,9.985326e-5,0.980062,2.6646,146.22,0.0135
30870,3858,9.9853176e-5,0.907254,2.4775,131.21,0.0143
30880,3860,9.985303e-5,0.966464,2.6286,222.00,0.0130
30890,3861,9.985296e-5,1.086794,2.9648,142.90,0.0133
30900,3862,9.985287e-5,1.063794,2.8973,131.53,0.0138
30910,3863,9.98528e-5,1.003015,2.7265,368.92,0.0379
30920,3865,9.985265e-5,0.935399,2.5482,120.09,0.0142
30930,3866,9.9852565e-5,0.949388,2.5841,102.95,0.0155
30940,3867,9.985249e-5,0.917003,2.5018,145.05,0.0139
30950,3868,9.985242e-5,0.924517,2.5207,129.15,0.0134
30960,3870,9.985226e-5,0.967298,2.6308,162.24,0.0136
30970,3871,9.985219e-5,0.969351,2.6362,201.84,0.0154
30980,3872,9.985211e-5,0.911186,2.4873,120.30,0.0133
30990,3873,9.985204e-5,0.818000,2.2660,131.54,0.0127
31000,3875,9.985188e-5,0.935475,2.5484,98.67,0.0149
31010,3876,9.985181e-5,0.974057,2.6487,328.12,0.0514
31020,3877,9.9851735e-5,0.944945,2.5727,165.53,0.0126
31030,3878,9.985165e-5,0.834582,2.3039,155.53,0.0122
31040,3880,9.98515e-5,0.889886,2.4349,111.56,0.0142
31050,3881,9.985143e-5,1.025581,2.7887,127.49,0.0139
31060,3882,9.985134e-5,0.914034,2.4944,123.77,0.0144
31070,3883,9.985127e-5,0.946815,2.5775,96.35,0.0151
31080,3885,9.9851124e-5,0.926615,2.5259,93.92,0.0144
31090,3886,9.985104e-5,0.892523,2.4413,168.46,0.0137
31100,3887,9.9850964e-5,0.929303,2.5327,152.11,0.0132
31110,3888,9.985089e-5,0.960804,2.6138,348.19,0.0396
31120,3890,9.985073e-5,0.982087,2.6700,108.51,0.0150
31130,3891,9.985066e-5,1.027456,2.7939,179.83,0.0138
31140,3892,9.9850586e-5,1.070158,2.9158,110.59,0.0146
31150,3893,9.98505e-5,0.921560,2.5132,171.77,0.0143
31160,3895,9.985035e-5,0.941087,2.5628,113.89,0.0143
31170,3896,9.985028e-5,0.932972,2.5421,98.45,0.0141
31180,3897,9.985019e-5,0.944057,2.5704,105.30,0.0145
31190,3898,9.985012e-5,0.876311,2.4020,199.68,0.0117
31200,3900,9.9849975e-5,0.986706,2.6824,116.97,0.0140
31210,3901,9.984989e-5,0.961726,2.6162,341.22,0.0461
31220,3902,9.9849814e-5,0.879389,2.4094,119.58,0.0136
31230,3903,9.984974e-5,1.013335,2.7548,137.35,0.0136
31240,3905,9.984958e-5,0.895182,2.4478,103.17,0.0140
31250,3906,9.984951e-5,0.973241,2.6465,153.47,0.0135
31260,3907,9.9849436e-5,0.858295,2.3591,107.43,0.0140
31270,3908,9.984935e-5,1.040989,2.8320,260.12,0.0127
31280,3910,9.98492e-5,0.951759,2.5903,145.14,0.0133
31290,3911,9.9849116e-5,0.890295,2.4358,245.81,0.0115
31300,3912,9.984904e-5,0.953848,2.5957,79.32,0.0166
31310,3913,9.984897e-5,1.010171,2.7461,316.92,0.0592
31320,3915,9.984881e-5,0.969496,2.6366,149.84,0.0136
31330,3916,9.984874e-5,0.913509,2.4931,157.59,0.0141
31340,3917,9.9848665e-5,0.906897,2.4766,112.01,0.0142
31350,3918,9.984858e-5,0.960359,2.6126,106.75,0.0145
31360,3920,9.984842e-5,0.907243,2.4775,129.61,0.0137
31370,3921,9.9848345e-5,0.940505,2.5613,122.37,0.0143
31380,3922,9.984827e-5,0.985729,2.6798,93.58,0.0149
31390,3923,9.98482e-5,0.977359,2.6574,127.57,0.0138
31400,3925,9.984804e-5,0.982122,2.6701,124.98,0.0138
31410,3926,9.9847966e-5,1.014360,2.7576,369.65,0.0399
31420,3927,9.984789e-5,0.883133,2.4185,146.37,0.0133
31430,3928,9.9847806e-5,0.869267,2.3852,216.12,0.0124
31440,3930,9.9847646e-5,0.925087,2.5221,123.11,0.0144
31450,3931,9.984757e-5,0.859181,2.3612,117.83,0.0140
31460,3932,9.98475e-5,0.901775,2.4640,139.94,0.0128
31470,3933,9.984741e-5,0.974724,2.6504,109.18,0.0140
31480,3935,9.984727e-5,0.940924,2.5623,144.82,0.0137
31490,3936,9.9847195e-5,0.987792,2.6853,141.62,0.0175
31500,3937,9.984711e-5,0.927571,2.5284,248.87,0.0165
31510,3938,9.9847035e-5,0.970348,2.6389,406.21,0.0327
31520,3940,9.9846875e-5,0.869369,2.3854,91.68,0.0165
31530,3941,9.98468e-5,0.919215,2.5073,134.50,0.0143
31540,3942,9.9846715e-5,0.990826,2.6935,103.08,0.0150
31550,3943,9.984664e-5,0.927099,2.5272,98.92,0.0152
31560,3945,9.984648e-5,0.912734,2.4911,135.65,0.0135
31570,3946,9.984641e-5,0.971824,2.6428,138.32,0.0138
31580,3947,9.984634e-5,0.952353,2.5918,152.86,0.0138
31590,3948,9.9846264e-5,0.909645,2.4834,213.00,0.0126
31600,3950,9.984609e-5,0.930417,2.5356,183.11,0.0124
31610,3951,9.984602e-5,1.064870,2.9005,378.82,0.0385
31620,3952,9.984594e-5,0.874168,2.3969,104.93,0.0142
31630,3953,9.984587e-5,0.861002,2.3655,113.21,0.0141
31640,3955,9.984571e-5,0.908061,2.4795,115.10,0.0142
31650,3956,9.984564e-5,0.994709,2.7039,125.96,0.0144
31660,3957,9.984555e-5,0.947945,2.5804,114.84,0.0140
31670,3958,9.984548e-5,0.961115,2.6146,100.26,0.0149
31680,3960,9.984532e-5,0.885500,2.4242,108.39,0.0139
31690,3961,9.984523e-5,0.924958,2.5218,88.81,0.0156
31700,3962,9.984516e-5,1.019157,2.7709,117.05,0.0142
31710,3963,9.9845085e-5,0.965932,2.6272,418.54,0.0296
31720,3965,9.9844925e-5,0.986166,2.6809,201.67,0.0126
31730,3966,9.984485e-5,0.906392,2.4754,135.89,0.0137
31740,3967,9.9844765e-5,0.920033,2.5094,172.56,0.0131
31750,3968,9.984469e-5,0.914719,2.4961,146.97,0.0134
31760,3970,9.984455e-5,0.918137,2.5046,131.10,0.0134
31770,3971,9.984446e-5,0.953387,2.5945,166.00,0.0137
31780,3972,9.984439e-5,0.923183,2.5173,149.33,0.0131
31790,3973,9.98443e-5,0.934266,2.5453,116.79,0.0144
31800,3975,9.984414e-5,0.947965,2.5805,147.11,0.0136
31810,3976,9.984407e-5,0.964200,2.6227,335.45,0.0523
31820,3977,9.9843994e-5,0.970712,2.6398,150.20,0.0140
31830,3978,9.9843906e-5,0.981932,2.6696,120.25,0.0157
31840,3980,9.984376e-5,0.945051,2.5729,151.04,0.0137
31850,3981,9.984367e-5,0.934340,2.5455,102.95,0.0148
31860,3982,9.98436e-5,1.051698,2.8625,265.55,0.0129
31870,3983,9.984353e-5,1.003962,2.7291,131.09,0.0143
31880,3985,9.984335e-5,0.914185,2.4947,154.39,0.0123
31890,3986,9.984328e-5,1.067785,2.9089,178.28,0.0141
31900,3987,9.984321e-5,0.928169,2.5299,105.47,0.0138
31910,3988,9.984312e-5,0.864775,2.3745,410.14,0.0283
31920,3990,9.9842975e-5,0.924333,2.5202,207.21,0.0131
31930,3991,9.984289e-5,0.882166,2.4161,121.01,0.0138
31940,3992,9.9842815e-5,0.845632,2.3294,127.75,0.0130
31950,3993,9.984273e-5,0.939362,2.5583,107.45,0.0146
31960,3995,9.984258e-5,0.918417,2.5053,91.80,0.0147
31970,3996,9.9842495e-5,0.892077,2.4402,131.82,0.0135
31980,3997,9.984242e-5,0.884444,2.4216,218.18,0.0144
31990,3998,9.9842335e-5,0.987466,2.6844,95.95,0.0153
32000,4000,9.9842175e-5,0.892702,2.4417,164.75,0.0149
32010,4001,9.98421e-5,0.940086,2.5602,387.92,0.0333
32020,4002,9.9842015e-5,0.951266,2.5890,146.87,0.0143
32030,4003,9.984194e-5,0.967015,2.6301,136.10,0.0133
32040,4005,9.984178e-5,0.931831,2.5392,125.27,0.0135
32050,4006,9.984171e-5,0.892370,2.4409,110.78,0.0146
32060,4007,9.984162e-5,0.917953,2.5042,162.10,0.0132
32070,4008,9.984155e-5,1.001191,2.7215,142.08,0.0139
32080,4010,9.984139e-5,1.023546,2.7830,151.48,0.0136
32090,4011,9.9841316e-5,0.891852,2.4396,119.68,0.0134
32100,4012,9.984123e-5,0.971627,2.6422,98.01,0.0149
32110,4013,9.9841156e-5,0.957758,2.6058,354.63,0.0416
32120,4015,9.9840996e-5,0.973508,2.6472,142.69,0.0135
32130,4016,9.984091e-5,0.936823,2.5519,123.88,0.0140
32140,4017,9.9840836e-5,0.887104,2.4281,123.24,0.0134
32150,4018,9.984076e-5,0.856994,2.3561,96.13,0.0145
32160,4020,9.98406e-5,0.814493,2.2580,296.51,0.0136
32170,4021,9.9840516e-5,0.817783,2.2655,104.86,0.0143
32180,4022,9.984044e-5,0.972222,2.6438,170.08,0.0160
32190,4023,9.9840356e-5,0.943616,2.5693,139.53,0.0136
32200,4025,9.984021e-5,0.899620,2.4587,200.55,0.0125
32210,4026,9.984012e-5,0.932835,2.5417,434.05,0.0287
32220,4027,9.984005e-5,0.860255,2.3638,130.80,0.0129
32230,4028,9.983996e-5,0.940585,2.5615,185.08,0.0126
32240,4030,9.98398e-5,0.900186,2.4601,131.28,0.0137
32250,4031,9.983973e-5,0.961567,2.6158,188.19,0.0139
32260,4032,9.983964e-5,1.031506,2.8053,98.89,0.0150
32270,4033,9.983957e-5,0.938052,2.5550,104.68,0.0146
32280,4035,9.983941e-5,0.894125,2.4452,96.34,0.0147
32290,4036,9.983932e-5,0.928267,2.5301,124.13,0.0147
32300,4037,9.983925e-5,0.954915,2.5984,79.86,0.0164
32310,4038,9.983916e-5,0.902992,2.4670,331.52,0.0494
32320,4040,9.9839e-5,0.902502,2.4658,118.60,0.0134
32330,4041,9.983893e-5,0.911970,2.4892,108.19,0.0152
32340,4042,9.983886e-5,0.971139,2.6410,95.82,0.0147
32350,4043,9.983877e-5,0.933325,2.5430,109.15,0.0144
32360,4045,9.983861e-5,0.982575,2.6713,90.50,0.0153
32370,4046,9.983854e-5,0.936357,2.5507,121.87,0.0138
32380,4047,9.983845e-5,0.949924,2.5855,162.90,0.0141
32390,4048,9.983838e-5,0.969848,2.6375,84.54,0.0159
32400,4050,9.983822e-5,0.938552,2.5563,125.71,0.0138
32410,4051,9.983813e-5,0.917332,2.5026,353.63,0.0408
32420,4052,9.983806e-5,0.862506,2.3691,129.02,0.0138
32430,4053,9.983797e-5,0.933499,2.5434,123.02,0.0140
32440,4055,9.983781e-5,0.957390,2.6049,126.10,0.0139
32450,4056,9.9837736e-5,0.938781,2.5569,99.76,0.0144
32460,4057,9.983765e-5,0.933904,2.5444,109.03,0.0143
32470,4058,9.9837576e-5,0.909768,2.4837,134.52,0.0139
32480,4060,9.9837416e-5,0.933713,2.5439,119.28,0.0149
32490,4061,9.983733e-5,0.974199,2.6490,100.59,0.0138
32500,4062,9.9837256e-5,0.847154,2.3330,124.95,0.0136
32510,4063,9.983717e-5,0.892969,2.4424,333.95,0.0482
32520,4065,9.983701e-5,0.901649,2.4637,115.49,0.0140
32530,4066,9.9836936e-5,0.884801,2.4225,180.48,0.0150
32540,4067,9.983685e-5,0.945469,2.5740,99.94,0.0152
32550,4068,9.9836776e-5,0.957460,2.6051,101.54,0.0145
32560,4070,9.9836616e-5,0.937553,2.5537,89.04,0.0154
32570,4071,9.983653e-5,0.958593,2.6080,95.18,0.0145
32580,4072,9.9836456e-5,0.922102,2.5146,98.11,0.0142
32590,4073,9.983637e-5,0.945795,2.5749,107.26,0.0141
32600,4075,9.983621e-5,0.963626,2.6212,97.50,0.0147
32610,4076,9.9836136e-5,0.960968,2.6142,338.79,0.0477
32620,4077,9.983605e-5,0.959172,2.6095,102.05,0.0150
32630,4078,9.983596e-5,0.910042,2.4844,98.93,0.0144
32640,4080,9.98358e-5,0.838685,2.3133,109.08,0.0138
32650,4081,9.983573e-5,0.882592,2.4172,185.57,0.0130
32660,4082,9.983564e-5,0.904096,2.4697,150.59,0.0134
32670,4083,9.983557e-5,1.041622,2.8338,298.40,0.0134
32680,4085,9.983541e-5,0.957015,2.6039,146.52,0.0140
32690,4086,9.983532e-5,0.946235,2.5760,141.76,0.0134
32700,4087,9.983525e-5,0.948372,2.5815,130.20,0.0136
32710,4088,9.983516e-5,0.977203,2.6570,434.74,0.0310
32720,4090,9.9835e-5,0.945771,2.5748,110.13,0.0141
32730,4091,9.983493e-5,0.887326,2.4286,109.14,0.0134
32740,4092,9.983484e-5,0.916332,2.5001,139.62,0.0133
32750,4093,9.983477e-5,0.903916,2.4693,98.50,0.0142
32760,4095,9.983459e-5,1.005185,2.7324,116.67,0.0142
32770,4096,9.983452e-5,0.916897,2.5015,157.95,0.0136
32780,4097,9.983443e-5,0.864676,2.3742,205.62,0.0120
32790,4098,9.983436e-5,0.929001,2.5320,150.15,0.0138
32800,4100,9.98342e-5,0.948300,2.5813,152.34,0.0140
32810,4101,9.983411e-5,0.875617,2.4004,354.49,0.0385
32820,4102,9.983404e-5,0.858760,2.3602,171.37,0.0122
32830,4103,9.983395e-5,1.104416,3.0175,190.24,0.0131
32840,4105,9.983379e-5,0.905286,2.4726,180.48,0.0144
32850,4106,9.9833705e-5,0.865294,2.3757,172.46,0.0125
32860,4107,9.983363e-5,0.912794,2.4913,144.85,0.0136
32870,4108,9.9833545e-5,0.986128,2.6808,169.89,0.0141
32880,4110,9.9833385e-5,0.890064,2.4353,100.78,0.0147
32890,4111,9.983331e-5,0.903898,2.4692,121.68,0.0154
32900,4112,9.9833225e-5,0.980281,2.6652,85.04,0.0162
32910,4113,9.983315e-5,0.980112,2.6648,338.12,0.0469
32920,4115,9.983298e-5,0.901995,2.4645,134.54,0.0141
32930,4116,9.9832905e-5,0.955762,2.6007,99.35,0.0146
32940,4117,9.983282e-5,0.964171,2.6226,290.32,0.0128
32950,4118,9.9832745e-5,0.952777,2.5929,163.43,0.0135
32960,4120,9.983257e-5,0.942262,2.5658,147.87,0.0136
32970,4121,9.98325e-5,0.872113,2.3920,152.72,0.0132
32980,4122,9.983241e-5,0.936180,2.5502,148.74,0.0134
32990,4123,9.983234e-5,0.922622,2.5159,162.28,0.0134
33000,4125,9.983216e-5,0.915974,2.4992,104.03,0.0144
33010,4126,9.983209e-5,0.964223,2.6227,444.21,0.0275
33020,4127,9.9832e-5,0.925599,2.5234,97.99,0.0146
33030,4128,9.983193e-5,1.030566,2.8027,169.90,0.0156
33040,4130,9.9831756e-5,0.922635,2.5159,260.95,0.0143
33050,4131,9.983168e-5,0.946317,2.5762,155.09,0.0154
33060,4132,9.9831595e-5,0.989977,2.6912,173.54,0.0136
33070,4133,9.983152e-5,0.983877,2.6748,102.08,0.0148
33080,4135,9.983135e-5,0.868495,2.3833,147.96,0.0137
33090,4136,9.9831275e-5,0.946125,2.5757,208.31,0.0126
33100,4137,9.983119e-5,1.019557,2.7720,183.34,0.0131
33110,4138,9.98311e-5,0.877360,2.4045,352.76,0.0402
33120,4140,9.983094e-5,0.851926,2.3442,171.33,0.0126
33130,4141,9.983087e-5,0.995136,2.7051,143.48,0.0133
33140,4142,9.983078e-5,0.997488,2.7115,157.18,0.0135
33150,4143,9.983069e-5,0.942287,2.5658,100.95,0.0150
33160,4145,9.983053e-5,0.967613,2.6317,293.46,0.0136
33170,4146,9.983046e-5,0.891208,2.4381,156.87,0.0136
33180,4147,9.983037e-5,0.906637,2.4760,127.81,0.0141
33190,4148,9.9830286e-5,0.929646,2.5336,178.77,0.0139
33200,4150,9.9830126e-5,0.909669,2.4835,149.77,0.0147
33210,4151,9.983004e-5,0.923293,2.5176,322.43,0.0565
33220,4152,9.9829966e-5,0.925754,2.5238,82.20,0.0159
33230,4153,9.982988e-5,0.943927,2.5701,217.66,0.0126
33240,4155,9.982972e-5,1.006124,2.7350,206.18,0.0130
33250,4156,9.982963e-5,0.907037,2.4770,134.06,0.0134
33260,4157,9.982956e-5,0.980383,2.6655,110.63,0.0145
33270,4158,9.982947e-5,0.903762,2.4689,130.95,0.0135
33280,4160,9.982931e-5,0.910101,2.4846,86.17,0.0151
33290,4161,9.982922e-5,0.990089,2.6915,162.57,0.0132
33300,4162,9.982915e-5,0.917421,2.5028,98.99,0.0158
33310,4163,9.982906e-5,0.926511,2.5257,296.04,0.0817
33320,4165,9.98289e-5,1.030116,2.8014,203.35,0.0130
33330,4166,9.9828816e-5,0.877066,2.4038,142.35,0.0133
33340,4167,9.982874e-5,0.888262,2.4309,193.22,0.0141
33350,4168,9.9828656e-5,0.939730,2.5593,105.93,0.0147
33360,4170,9.9828496e-5,0.965561,2.6263,125.68,0.0141
33370,4171,9.982841e-5,0.906263,2.4751,121.70,0.0148
33380,4172,9.982832e-5,0.975098,2.6514,105.69,0.0142
33390,4173,9.982825e-5,0.955353,2.5996,242.83,0.0120
33400,4175,9.9828074e-5,0.935883,2.5495,134.09,0.0133
33410,4176,9.9828e-5,0.965615,2.6264,326.92,0.0554
33420,4177,9.9827914e-5,0.953328,2.5943,237.60,0.0131
33430,4178,9.982783e-5,0.938994,2.5574,155.97,0.0132
33440,4180,9.982767e-5,0.912625,2.4909,117.02,0.0138
33450,4181,9.982758e-5,1.017332,2.7658,92.45,0.0158
33460,4182,9.9827506e-5,0.915737,2.4986,120.80,0.0144
33470,4183,9.982742e-5,0.987005,2.6832,170.34,0.0133
33480,4185,9.982726e-5,0.930816,2.5366,161.25,0.0131
33490,4186,9.982717e-5,0.859376,2.3617,155.50,0.0127
33500,4187,9.9827084e-5,0.925483,2.5231,118.10,0.0134
33510,4188,9.982701e-5,0.943422,2.5688,340.31,0.0441
33520,4190,9.982684e-5,0.934680,2.5464,72.70,0.0170
33530,4191,9.9826764e-5,0.940415,2.5610,100.81,0.0149
33540,4192,9.982668e-5,0.927785,2.5289,117.08,0.0134
33550,4193,9.982659e-5,0.899668,2.4588,151.45,0.0134
33560,4195,9.982643e-5,0.933027,2.5422,129.55,0.0133
33570,4196,9.982634e-5,0.924041,2.5194,130.66,0.0134
33580,4197,9.9826255e-5,1.040694,2.8312,237.31,0.0134
33590,4198,9.982618e-5,0.947585,2.5795,146.17,0.0133
33600,4200,9.982601e-5,0.911197,2.4873,156.24,0.0131
33610,4201,9.9825935e-5,1.081421,2.9489,400.93,0.0314
33620,4202,9.982585e-5,0.908621,2.4809,108.77,0.0153
33630,4203,9.982576e-5,0.924565,2.5208,78.78,0.0159
33640,4205,9.98256e-5,0.954261,2.5968,119.94,0.0136
33650,4206,9.982551e-5,0.912379,2.4902,157.79,0.0133
33660,4207,9.9825425e-5,0.940767,2.5619,138.56,0.0137
33670,4208,9.982535e-5,0.820877,2.2725,180.77,0.0123
33680,4210,9.982519e-5,0.946288,2.5761,107.23,0.0149
33690,4211,9.9825105e-5,0.980076,2.6647,115.21,0.0142
33700,4212,9.982502e-5,0.996306,2.7083,202.63,0.0167
33710,4213,9.9824945e-5,0.921212,2.5123,435.74,0.0293
33720,4215,9.982477e-5,0.843824,2.3252,139.89,0.0131
33730,4216,9.982468e-5,0.887183,2.4283,104.71,0.0145
33740,4217,9.982461e-5,0.975628,2.6528,125.32,0.0139
33750,4218,9.982452e-5,0.900314,2.4604,161.88,0.0127
33760,4220,9.982435e-5,0.877656,2.4053,148.99,0.0128
33770,4221,9.9824276e-5,0.825406,2.2828,87.13,0.0158
33780,4222,9.982419e-5,0.907684,2.4786,97.05,0.0150
33790,4223,9.98241e-5,0.893398,2.4434,141.60,0.0136
33800,4225,9.982394e-5,0.921008,2.5118,155.27,0.0132
33810,4226,9.9823854e-5,0.928753,2.5314,340.06,0.0459
33820,4227,9.982377e-5,1.024298,2.7851,82.78,0.0169
33830,4228,9.9823694e-5,0.881086,2.4135,90.36,0.0139
33840,4230,9.982352e-5,1.000802,2.7205,108.21,0.0141
33850,4231,9.982343e-5,0.919522,2.5081,169.56,0.0126
33860,4232,9.9823344e-5,0.916211,2.4998,208.23,0.0157
33870,4233,9.982327e-5,1.035992,2.8179,177.21,0.0146
33880,4235,9.98231e-5,0.978747,2.6611,133.92,0.0151
33890,4236,9.9823024e-5,0.970132,2.6383,135.67,0.0135
33900,4237,9.982294e-5,0.864818,2.3746,176.99,0.0137
33910,4238,9.982285e-5,0.905100,2.4722,402.42,0.0315
33920,4240,9.982269e-5,0.891469,2.4387,211.52,0.0123
33930,4241,9.98226e-5,0.884036,2.4206,111.18,0.0148
33940,4242,9.9822515e-5,0.875128,2.3992,158.84,0.0129
33950,4243,9.982244e-5,0.897361,2.4531,97.67,0.0142
33960,4245,9.982227e-5,0.934207,2.5452,155.39,0.0133
33970,4246,9.982218e-5,0.979703,2.6637,155.86,0.0137
33980,4247,9.982211e-5,0.887782,2.4297,127.46,0.0137
33990,4248,9.982202e-5,0.938222,2.5554,131.39,0.0139
34000,4250,9.9821846e-5,0.992490,2.6979,98.34,0.0154
34010,4251,9.982176e-5,0.915858,2.4989,418.30,0.0335
34020,4252,9.9821686e-5,0.875252,2.3995,103.16,0.0151
34030,4253,9.98216e-5,0.933812,2.5442,164.58,0.0149
34040,4255,9.9821424e-5,0.867133,2.3801,181.97,0.0128
34050,4256,9.982135e-5,0.911038,2.4869,122.89,0.0140
34060,4257,9.982126e-5,0.969787,2.6374,113.14,0.0146
34070,4258,9.9821176e-5,0.955393,2.5997,170.71,0.0135
34080,4260,9.9821016e-5,0.991274,2.6947,151.90,0.0136
34090,4261,9.982093e-5,0.928960,2.5319,114.64,0.0149
34100,4262,9.982084e-5,0.916910,2.5015,132.54,0.0140
34110,4263,9.9820754e-5,0.884170,2.4210,379.36,0.0342
34120,4265,9.9820594e-5,0.889768,2.4346,163.04,0.0132
34130,4266,9.982051e-5,0.935954,2.5496,92.57,0.0149
34140,4267,9.982042e-5,0.938563,2.5563,104.55,0.0143
34150,4268,9.982033e-5,0.889110,2.4330,128.97,0.0134
34160,4270,9.982017e-5,0.970690,2.6398,159.33,0.0134
34170,4271,9.9820085e-5,0.959813,2.6112,152.24,0.0137
34180,4272,9.982e-5,0.888951,2.4326,231.60,0.0146
34190,4273,9.9819925e-5,0.924341,2.5202,372.77,0.0163
34200,4275,9.981975e-5,1.062817,2.8945,510.49,0.0126
34210,4276,9.981966e-5,1.048195,2.8525,742.26,0.0181
34220,4277,9.9819576e-5,0.983615,2.6741,211.77,0.0135
34230,4278,9.98195e-5,0.876544,2.4026,155.08,0.0128
34240,4280,9.981933e-5,0.906972,2.4768,181.56,0.0128
34250,4281,9.981924e-5,0.941212,2.5631,254.43,0.0136
34260,4282,9.981915e-5,0.945394,2.5738,140.78,0.0137
34270,4283,9.9819066e-5,0.943762,2.5696,111.76,0.0145
34280,4285,9.9818906e-5,0.965751,2.6268,88.43,0.0162
34290,4286,9.981882e-5,0.968218,2.6332,112.33,0.0142
34300,4287,9.981873e-5,0.895820,2.4493,119.69,0.0142
34310,4288,9.981866e-5,0.940345,2.5609,354.45,0.0430
34320,4290,9.9818484e-5,0.903072,2.4672,102.09,0.0149
34330,4291,9.98184e-5,0.987133,2.6835,164.78,0.0130
34340,4292,9.981831e-5,0.912210,2.4898,188.77,0.0128
34350,4293,9.981822e-5,0.809741,2.2473,205.21,0.0118
34360,4295,9.981806e-5,0.914051,2.4944,100.28,0.0151
34370,4296,9.9817975e-5,0.902968,2.4669,195.53,0.0126
34380,4297,9.981789e-5,0.845100,2.3282,184.19,0.0125
34390,4298,9.98178e-5,0.899211,2.4577,99.11,0.0145
34400,4300,9.9817626e-5,0.869890,2.3866,138.03,0.0133
34410,4301,9.981755e-5,0.956453,2.6024,370.19,0.0380
34420,4302,9.9817466e-5,0.965333,2.6257,146.39,0.0133
34430,4303,9.981738e-5,0.910613,2.4858,256.64,0.0148
34440,4305,9.981722e-5,0.903864,2.4691,139.82,0.0140
34450,4306,9.981713e-5,1.010776,2.7477,193.73,0.0142
34460,4307,9.981704e-5,1.063957,2.8978,261.22,0.0130
34470,4308,9.9816956e-5,1.152328,3.1656,399.67,0.0130
34480,4310,9.981678e-5,0.838239,2.3123,115.39,0.0132
34490,4311,9.9816694e-5,0.880068,2.4111,147.49,0.0134
34500,4312,9.981661e-5,0.881275,2.4140,139.41,0.0137
34510,4313,9.9816534e-5,0.959458,2.6103,331.40,0.0503
34520,4315,9.981636e-5,0.902005,2.4645,123.69,0.0139
34530,4316,9.981629e-5,0.939335,2.5583,150.58,0.0132
34540,4317,9.98162e-5,0.913803,2.4938,221.05,0.0127
34550,4318,9.981611e-5,0.852493,2.3455,138.66,0.0132
34560,4320,9.981594e-5,0.868082,2.3823,217.40,0.0127
34570,4321,9.981585e-5,0.959926,2.6115,121.92,0.0140
34580,4322,9.981576e-5,0.967241,2.6307,195.39,0.0161
34590,4323,9.9815676e-5,0.942959,2.5676,122.82,0.0138
34600,4325,9.98155e-5,0.949673,2.5849,182.13,0.0146
34610,4326,9.981543e-5,0.942342,2.5660,367.35,0.0376
34620,4327,9.981534e-5,0.877250,2.4043,96.65,0.0161
34630,4328,9.981525e-5,0.886052,2.4255,87.02,0.0156
34640,4330,9.981508e-5,0.849550,2.3386,106.58,0.0141
34650,4331,9.981499e-5,0.940477,2.5612,170.45,0.0134
34660,4332,9.981492e-5,0.956804,2.6034,100.28,0.0143
34670,4333,9.981483e-5,0.905533,2.4732,121.47,0.0127
34680,4335,9.981466e-5,0.849944,2.3395,142.88,0.0126
34690,4336,9.981457e-5,0.984315,2.6760,116.16,0.0136
34700,4337,9.981448e-5,0.820647,2.2720,112.70,0.0146
34710,4338,9.981441e-5,0.928984,2.5319,297.40,0.0783
34720,4340,9.9814235e-5,0.940126,2.5603,179.04,0.0131
34730,4341,9.981415e-5,0.834292,2.3032,215.15,0.0120
34740,4342,9.981406e-5,0.921340,2.5127,142.99,0.0137
34750,4343,9.981397e-5,0.924124,2.5197,118.22,0.0141
34760,4345,9.98138e-5,0.928916,2.5318,116.79,0.0137
34770,4346,9.981371e-5,0.931410,2.5381,98.53,0.0149
34780,4347,9.9813624e-5,0.835716,2.3065,112.49,0.0140
34790,4348,9.981355e-5,0.929945,2.5344,159.72,0.0133
34800,4350,9.981338e-5,1.055616,2.8737,118.28,0.0145
34810,4351,9.981329e-5,0.896735,2.4516,400.92,0.0306
34820,4352,9.98132e-5,0.958754,2.6084,164.56,0.0131
34830,4353,9.9813115e-5,0.917629,2.5033,188.13,0.0128
34840,4355,9.981294e-5,0.868753,2.3839,102.42,0.0142
34850,4356,9.981285e-5,0.922642,2.5159,122.03,0.0142
34860,4357,9.9812765e-5,0.896583,2.4512,250.01,0.0127
34870,4358,9.981269e-5,0.887374,2.4287,239.95,0.0130
34880,4360,9.981252e-5,1.065957,2.9036,91.71,0.0155
34890,4361,9.981243e-5,0.935081,2.5474,151.60,0.0133
34900,4362,9.981234e-5,0.962032,2.6170,115.42,0.0147
34910,4363,9.9812256e-5,0.943671,2.5694,390.61,0.0366
34920,4365,9.981208e-5,0.945464,2.5740,89.04,0.0157
34930,4366,9.9811994e-5,0.890256,2.4358,111.39,0.0147
34940,4367,9.981191e-5,0.964611,2.6238,95.72,0.0150
34950,4368,9.9811834e-5,0.932006,2.5396,103.94,0.0144
34960,4370,9.981166e-5,0.895842,2.4494,165.27,0.0137
34970,4371,9.981157e-5,0.899370,2.4581,179.76,0.0123
34980,4372,9.9811485e-5,0.921073,2.5120,174.52,0.0135
34990,4373,9.98114e-5,0.926449,2.5255,131.05,0.0135
35000,4375,9.981122e-5,0.976124,2.6541,112.52,0.0145
35010,4376,9.9811135e-5,0.953215,2.5940,357.01,0.0405
35020,4377,9.981105e-5,0.973227,2.6465,102.85,0.0153
35030,4378,9.981096e-5,0.915682,2.4985,146.03,0.0135
35040,4380,9.9810786e-5,0.897602,2.4537,118.08,0.0145
35050,4381,9.98107e-5,0.892958,2.4423,214.16,0.0129
35060,4382,9.981061e-5,1.000218,2.7189,94.66,0.0155
35070,4383,9.9810524e-5,0.925692,2.5236,119.32,0.0137
35080,4385,9.9810364e-5,0.952859,2.5931,128.76,0.0141
35090,4386,9.981028e-5,0.936734,2.5516,115.74,0.0143
35100,4387,9.981019e-5,0.898079,2.4549,99.25,0.0143
35110,4388,9.98101e-5,0.888858,2.4324,315.82,0.0653
35120,4390,9.980993e-5,0.847795,2.3345,133.18,0.0132
35130,4391,9.980984e-5,0.939966,2.5599,188.04,0.0134
35140,4392,9.980975e-5,0.978742,2.6611,103.42,0.0146
35150,4393,9.9809666e-5,0.898624,2.4562,111.61,0.0137
35160,4395,9.980949e-5,0.933772,2.5441,151.27,0.0131
35170,4396,9.9809404e-5,0.926445,2.5255,82.10,0.0155
35180,4397,9.980932e-5,0.871868,2.3914,118.14,0.0140
35190,4398,9.980923e-5,0.925472,2.5231,111.81,0.0143
35200,4400,9.9809055e-5,0.940716,2.5618,145.39,0.0137
35210,4401,9.980897e-5,0.872457,2.3928,393.59,0.0317
35220,4402,9.9808894e-5,0.949309,2.5839,118.09,0.0144
35230,4403,9.980881e-5,0.836628,2.3086,193.33,0.0128
35240,4405,9.980863e-5,0.968307,2.6335,118.40,0.0136
35250,4406,9.9808545e-5,0.922344,2.5152,127.00,0.0142
35260,4407,9.980846e-5,0.921213,2.5123,84.77,0.0161
35270,4408,9.9808356e-5,0.866569,2.3787,216.27,0.0121
35280,4410,9.9808196e-5,0.952408,2.5919,320.72,0.0164
35290,4411,9.980811e-5,1.007900,2.7398,190.75,0.0170
35300,4412,9.980802e-5,0.923869,2.5190,111.48,0.0141
35310,4413,9.9807934e-5,0.951680,2.5901,403.89,0.0310
35320,4415,9.980776e-5,0.858483,2.3596,132.46,0.0143
35330,4416,9.980767e-5,0.946341,2.5763,191.57,0.0128
35340,4417,9.9807585e-5,0.868663,2.3837,134.91,0.0128
35350,4418,9.98075e-5,1.007775,2.7395,139.03,0.0136
35360,4420,9.980732e-5,0.905805,2.4739,110.76,0.0139
35370,4421,9.9807236e-5,1.024673,2.7862,99.80,0.0154
35380,4422,9.980715e-5,0.935927,2.5496,154.86,0.0126
35390,4423,9.980706e-5,0.903662,2.4686,139.10,0.0136
35400,4425,9.9806886e-5,0.940549,2.5614,192.08,0.0126
35410,4426,9.98068e-5,0.921620,2.5134,352.30,0.0416
35420,4427,9.980671e-5,0.956994,2.6039,107.20,0.0154
35430,4428,9.9806624e-5,0.951133,2.5886,115.91,0.0156
35440,4430,9.980645e-5,0.883533,2.4194,214.65,0.0146
35450,4431,9.980636e-5,0.996239,2.7081,110.45,0.0151
35460,4432,9.9806275e-5,0.897427,2.4533,142.24,0.0138
35470,4433,9.980619e-5,0.982090,2.6700,136.41,0.0142
35480,4435,9.980601e-5,0.912701,2.4910,128.09,0.0135
35490,4436,9.9805926e-5,1.002121,2.7241,111.29,0.0146
35500,4437,9.980584e-5,0.982373,2.6708,111.76,0.0146
35510,4438,9.980575e-5,0.980867,2.6668,333.11,0.0470
35520,4440,9.980558e-5,0.938742,2.5568,112.84,0.0141
35530,4441,9.980549e-5,0.950282,2.5864,127.31,0.0139
35540,4442,9.98054e-5,0.926517,2.5257,110.05,0.0147
35550,4443,9.9805315e-5,0.904553,2.4708,121.57,0.0133
35560,4445,9.980514e-5,0.880594,2.4123,114.90,0.0138
35570,4446,9.980505e-5,0.912395,2.4903,142.40,0.0136
35580,4447,9.9804965e-5,0.991035,2.6940,155.29,0.0135
35590,4448,9.980488e-5,0.877984,2.4060,119.79,0.0136
35600,4450,9.98047e-5,0.911389,2.4878,91.51,0.0150
35610,4451,9.9804616e-5,0.988386,2.6869,340.25,0.0487
35620,4452,9.980453e-5,0.880333,2.4117,174.42,0.0132
35630,4453,9.980444e-5,0.948203,2.5811,169.60,0.0134
35640,4455,9.980427e-5,0.969464,2.6365,171.16,0.0126
35650,4456,9.980418e-5,0.872427,2.3927,327.16,0.0123
35660,4457,9.980408e-5,0.987338,2.6841,142.82,0.0143
35670,4458,9.980399e-5,0.975136,2.6515,137.11,0.0142
35680,4460,9.980383e-5,0.929923,2.5343,152.51,0.0133
35690,4461,9.980373e-5,0.903995,2.4694,157.75,0.0125
35700,4462,9.980364e-5,0.939111,2.5577,90.69,0.0152
35710,4463,9.9803554e-5,0.989920,2.6910,412.92,0.0313
35720,4465,9.980338e-5,0.898394,2.4557,167.62,0.0135
35730,4466,9.980329e-5,0.880467,2.4120,142.79,0.0137
35740,4467,9.9803205e-5,0.912525,2.4906,126.86,0.0135
35750,4468,9.980312e-5,0.925392,2.5229,138.71,0.0126
35760,4470,9.980294e-5,0.918576,2.5057,85.42,0.0159
35770,4471,9.9802855e-5,0.959352,2.6100,125.83,0.0140
35780,4472,9.980277e-5,0.909919,2.4841,105.51,0.0148
35790,4473,9.980268e-5,0.930027,2.5346,128.25,0.0138
35800,4475,9.9802506e-5,0.859520,2.3620,111.53,0.0142
35810,4476,9.980242e-5,0.869396,2.3855,391.91,0.0328
35820,4477,9.980232e-5,0.935902,2.5495,92.34,0.0153
35830,4478,9.980223e-5,0.861694,2.3672,140.54,0.0134
35840,4480,9.9802055e-5,0.863606,2.3717,167.40,0.0130
35850,4481,9.980197e-5,0.949745,2.5851,166.58,0.0129
35860,4482,9.980188e-5,0.932364,2.5405,101.33,0.0144
35870,4483,9.980179e-5,0.937284,2.5530,142.08,0.0135
35880,4485,9.980162e-5,0.861194,2.3660,182.26,0.0125
35890,4486,9.980153e-5,1.016061,2.7623,135.87,0.0137
35900,4487,9.9801444e-5,0.907515,2.4782,129.69,0.0140
35910,4488,9.980136e-5,0.924507,2.5206,355.96,0.0407
35920,4490,9.980117e-5,0.874606,2.3979,192.97,0.0145
35930,4491,9.9801095e-5,0.935160,2.5476,132.62,0.0180
35940,4492,9.980099e-5,0.949738,2.5850,130.29,0.0135
35950,4493,9.9800905e-5,0.940524,2.5613,514.51,0.0136
35960,4495,9.980073e-5,0.943678,2.5694,199.19,0.0130
35970,4496,9.980064e-5,0.860373,2.3640,95.84,0.0146
35980,4497,9.9800556e-5,0.889180,2.4331,205.57,0.0172
35990,4498,9.980047e-5,0.879521,2.4097,108.92,0.0142
36000,4500,9.9800294e-5,0.901615,2.4636,145.68,0.0134
36010,4501,9.980019e-5,0.904078,2.4697,333.39,0.0472
36020,4502,9.9800105e-5,0.921923,2.5141,96.52,0.0157
36030,4503,9.980003e-5,0.927591,2.5284,122.46,0.0138
36040,4505,9.979984e-5,0.892427,2.4410,137.83,0.0124
36050,4506,9.9799756e-5,0.937130,2.5526,219.64,0.0128
36060,4507,9.979967e-5,0.902551,2.4659,115.14,0.0139
36070,4508,9.979958e-5,0.974788,2.6506,109.89,0.0146
36080,4510,9.979941e-5,0.947226,2.5785,145.07,0.0132
36090,4511,9.979932e-5,0.953528,2.5948,144.55,0.0146
36100,4512,9.979922e-5,0.979502,2.6631,261.90,0.0139
36110,4513,9.979913e-5,0.897917,2.4545,333.73,0.0472
36120,4515,9.9798955e-5,0.928726,2.5313,89.00,0.0147
36130,4516,9.979887e-5,0.953789,2.5955,135.73,0.0141
36140,4517,9.979878e-5,0.997760,2.7122,116.56,0.0134
36150,4518,9.979869e-5,0.941830,2.5647,207.62,0.0130
36160,4520,9.979852e-5,0.921300,2.5126,132.16,0.0140
36170,4521,9.979842e-5,0.921816,2.5139,148.08,0.0142
36180,4522,9.979833e-5,0.932489,2.5408,139.41,0.0129
36190,4523,9.979824e-5,0.920177,2.5097,125.92,0.0135
36200,4525,9.979807e-5,0.875636,2.4004,172.05,0.0137
36210,4526,9.979798e-5,0.900771,2.4615,437.12,0.0281
36220,4527,9.979789e-5,0.853638,2.3482,194.13,0.0124
36230,4528,9.979779e-5,0.975308,2.6520,93.91,0.0158
36240,4530,9.979762e-5,0.842587,2.3224,91.47,0.0142
36250,4531,9.979753e-5,0.917836,2.5039,165.71,0.0151
36260,4532,9.979744e-5,0.916424,2.5003,73.11,0.0169
36270,4533,9.9797355e-5,0.935533,2.5486,153.52,0.0154
36280,4535,9.9797166e-5,0.878875,2.4082,196.80,0.0125
36290,4536,9.979709e-5,0.946155,2.5758,268.48,0.0131
36300,4537,9.979699e-5,0.981268,2.6678,127.88,0.0141
36310,4538,9.9796904e-5,0.885666,2.4246,338.52,0.0441
36320,4540,9.979673e-5,0.929798,2.5340,134.46,0.0135
36330,4541,9.979664e-5,0.975268,2.6519,130.57,0.0140
36340,4542,9.9796554e-5,1.012304,2.7519,162.40,0.0137
36350,4543,9.979645e-5,0.846163,2.3307,138.27,0.0135
36360,4545,9.979628e-5,0.942096,2.5654,120.50,0.0142
36370,4546,9.979619e-5,0.842384,2.3219,186.69,0.0122
36380,4547,9.97961e-5,0.906062,2.4746,93.85,0.0143
36390,4548,9.9796e-5,0.896655,2.4514,103.08,0.0144
36400,4550,9.979583e-5,0.972086,2.6435,125.60,0.0143
36410,4551,9.979574e-5,0.951200,2.5888,542.02,0.0252
36420,4552,9.979565e-5,0.944794,2.5723,165.01,0.0138
36430,4553,9.9795565e-5,0.917357,2.5027,141.58,0.0136
36440,4555,9.9795376e-5,0.869205,2.3850,106.89,0.0144
36450,4556,9.979529e-5,0.898665,2.4563,175.92,0.0135
36460,4557,9.97952e-5,0.977035,2.6566,123.92,0.0148
36470,4558,9.9795114e-5,0.923660,2.5185,112.39,0.0146
36480,4560,9.9794925e-5,0.868101,2.3824,92.13,0.0144
36490,4561,9.979484e-5,0.972631,2.6449,165.44,0.0126
36500,4562,9.979475e-5,0.924955,2.5218,128.02,0.0128
36510,4563,9.979466e-5,0.883217,2.4187,362.29,0.0406
36520,4565,9.979447e-5,0.915923,2.4991,196.00,0.0129
36530,4566,9.97944e-5,0.917672,2.5035,117.51,0.0140
36540,4567,9.97943e-5,0.934902,2.5470,139.39,0.0134
36550,4568,9.979421e-5,0.969619,2.6369,159.36,0.0134
36560,4570,9.979402e-5,0.999958,2.7182,191.80,0.0134
36570,4571,9.979395e-5,1.035162,2.8156,104.44,0.0151
36580,4572,9.979385e-5,0.914491,2.4955,98.18,0.0153
36590,4573,9.979376e-5,0.940338,2.5608,200.07,0.0152
36600,4575,9.979357e-5,0.852506,2.3455,147.74,0.0138
36610,4576,9.97935e-5,0.973415,2.6470,333.66,0.0541
36620,4577,9.97934e-5,0.960901,2.6141,227.29,0.0131
36630,4578,9.979331e-5,0.912106,2.4896,112.69,0.0149
36640,4580,9.9793135e-5,0.995602,2.7064,122.98,0.0146
36650,4581,9.979305e-5,0.901116,2.4623,109.53,0.0148
36660,4582,9.9792946e-5,1.007415,2.7385,96.14,0.0144
36670,4583,9.979286e-5,0.863653,2.3718,117.66,0.0139
36680,4585,9.979268e-5,0.900252,2.4602,121.67,0.0142
36690,4586,9.9792596e-5,0.924523,2.5207,160.06,0.0133
36700,4587,9.9792494e-5,0.871951,2.3916,148.86,0.0130
36710,4588,9.979241e-5,0.917652,2.5034,333.15,0.0520
36720,4590,9.979223e-5,0.977362,2.6574,147.61,0.0138
36730,4591,9.9792145e-5,0.876177,2.4017,167.96,0.0130
36740,4592,9.979204e-5,0.942072,2.5653,125.40,0.0144
36750,4593,9.9791956e-5,0.910564,2.4857,132.23,0.0147
36760,4595,9.979178e-5,0.904793,2.4714,114.52,0.0144
36770,4596,9.979168e-5,0.937272,2.5530,139.94,0.0139
36780,4597,9.979159e-5,1.038446,2.8248,83.33,0.0158
36790,4598,9.9791505e-5,0.938525,2.5562,179.17,0.0127
36800,4600,9.979133e-5,0.903866,2.4691,108.36,0.0136
36810,4601,9.979123e-5,0.938163,2.5553,352.54,0.0418
36820,4602,9.979114e-5,0.929726,2.5338,150.33,0.0142
36830,4603,9.979104e-5,0.904867,2.4716,157.24,0.0126
36840,4605,9.9790865e-5,0.865750,2.3768,124.46,0.0134
36850,4606,9.979078e-5,0.836085,2.3073,163.76,0.0127
36860,4607,9.979069e-5,0.902719,2.4663,119.56,0.0140
36870,4608,9.97906e-5,0.927528,2.5283,259.41,0.0127
36880,4610,9.979041e-5,0.877568,2.4050,125.24,0.0138
36890,4611,9.9790326e-5,0.939053,2.5576,191.90,0.0136
36900,4612,9.9790224e-5,0.862755,2.3697,132.56,0.0136
36910,4613,9.979015e-5,0.882140,2.4161,451.65,0.0322
36920,4615,9.978996e-5,0.945749,2.5747,162.85,0.0131
36930,4616,9.978986e-5,0.901331,2.4629,88.99,0.0149
36940,4617,9.978977e-5,0.891012,2.4376,139.13,0.0127
36950,4618,9.9789686e-5,1.045444,2.8447,129.39,0.0146
36960,4620,9.97895e-5,0.860899,2.3653,168.27,0.0126
36970,4621,9.978941e-5,0.877147,2.4040,152.18,0.0132
36980,4622,9.978932e-5,0.946597,2.5769,149.74,0.0143
36990,4623,9.9789235e-5,0.902077,2.4647,189.55,0.0125
37000,4625,9.9789046e-5,0.892105,2.4403,183.33,0.0132
37010,4626,9.978896e-5,0.872438,2.3927,413.98,0.0302
37020,4627,9.978887e-5,0.877965,2.4060,175.49,0.0130
37030,4628,9.978877e-5,0.995086,2.7050,90.08,0.0152
37040,4630,9.9788595e-5,0.857408,2.3570,271.89,0.0121
37050,4631,9.978851e-5,0.941335,2.5634,77.14,0.0165
37060,4632,9.9788405e-5,0.902387,2.4655,95.38,0.0154
37070,4633,9.978832e-5,0.897123,2.4525,131.82,0.0138
37080,4635,9.978814e-5,0.929848,2.5341,158.25,0.0150
37090,4636,9.978804e-5,0.999877,2.7179,128.72,0.0164
37100,4637,9.9787954e-5,0.871288,2.3900,191.57,0.0128
37110,4638,9.978787e-5,0.966397,2.6285,399.70,0.0317
37120,4640,9.978768e-5,0.899753,2.4590,113.10,0.0148
37130,4641,9.978759e-5,0.914446,2.4954,111.69,0.0142
37140,4642,9.978749e-5,0.915456,2.4979,112.62,0.0134
37150,4643,9.9787416e-5,0.931874,2.5393,184.44,0.0131
37160,4645,9.978723e-5,0.885487,2.4242,185.27,0.0128
37170,4646,9.9787125e-5,0.890872,2.4373,122.14,0.0139
37180,4647,9.978704e-5,0.836289,2.3078,128.16,0.0137
37190,4648,9.978695e-5,0.829620,2.2924,178.91,0.0123
37200,4650,9.978676e-5,0.885476,2.4241,206.94,0.0125
37210,4651,9.9786674e-5,1.088495,2.9698,786.82,0.0214
37220,4652,9.9786586e-5,0.987996,2.6858,148.96,0.0140
37230,4653,9.9786484e-5,0.911084,2.4870,156.47,0.0136
37240,4655,9.978631e-5,0.860581,2.3645,109.62,0.0143
37250,4656,9.978621e-5,1.001444,2.7222,101.87,0.0151
37260,4657,9.978612e-5,0.881784,2.4152,125.58,0.0135
37270,4658,9.978603e-5,0.954169,2.5965,116.23,0.0154
37280,4660,9.9785844e-5,0.878233,2.4066,117.77,0.0138
37290,4661,9.978576e-5,0.900331,2.4604,101.17,0.0150
37300,4662,9.9785655e-5,0.874864,2.3986,118.21,0.0136
37310,4663,9.978557e-5,0.952959,2.5934,350.17,0.0404
37320,4665,9.978539e-5,0.960593,2.6132,109.34,0.0142
37330,4666,9.978529e-5,0.913022,2.4918,256.86,0.0127
37340,4667,9.9785204e-5,1.000471,2.7196,146.46,0.0138
37350,4668,9.978512e-5,0.911501,2.4881,97.41,0.0145
37360,4670,9.978493e-5,0.869891,2.3867,122.20,0.0138
37370,4671,9.978484e-5,0.954965,2.5986,97.28,0.0148
37380,4672,9.978474e-5,0.960357,2.6126,94.56,0.0149
37390,4673,9.978465e-5,0.906813,2.4764,153.83,0.0141
37400,4675,9.9784476e-5,0.894565,2.4463,103.78,0.0150
37410,4676,9.9784374e-5,0.956647,2.6030,352.02,0.0443
37420,4677,9.978429e-5,0.897207,2.4527,156.78,0.0133
37430,4678,9.9784185e-5,0.974202,2.6491,130.61,0.0137
37440,4680,9.978401e-5,0.959277,2.6098,106.44,0.0149
37450,4681,9.978391e-5,0.874985,2.3988,95.97,0.0146
37460,4682,9.978382e-5,0.916063,2.4994,133.55,0.0134
37470,4683,9.9783734e-5,0.999121,2.7159,196.88,0.0131
37480,4685,9.9783545e-5,0.906348,2.4753,101.78,0.0146
37490,4686,9.978344e-5,0.961288,2.6151,164.98,0.0132
37500,4687,9.9783356e-5,0.985811,2.6800,146.63,0.0136
37510,4688,9.978327e-5,0.892932,2.4423,338.97,0.0454
37520,4690,9.978308e-5,0.987001,2.6832,146.27,0.0132
37530,4691,9.978299e-5,0.957624,2.6055,107.48,0.0136
37540,4692,9.9782905e-5,0.889966,2.4350,173.20,0.0131
37550,4693,9.97828e-5,0.903055,2.4671,95.77,0.0144
37560,4695,9.978263e-5,0.905564,2.4733,149.61,0.0131
37570,4696,9.978253e-5,0.902270,2.4652,113.34,0.0139
37580,4697,9.978244e-5,0.857932,2.3583,138.40,0.0132
37590,4698,9.978235e-5,0.828240,2.2893,152.96,0.0129
37600,4700,9.978216e-5,0.909879,2.4840,113.82,0.0135
37610,4701,9.978206e-5,0.929942,2.5344,357.54,0.0417
37620,4702,9.978197e-5,0.920038,2.5094,143.82,0.0131
37630,4703,9.978187e-5,0.940147,2.5604,129.41,0.0146
37640,4705,9.97817e-5,0.914960,2.4967,83.62,0.0160
37650,4706,9.978161e-5,0.933982,2.5446,121.45,0.0140
37660,4707,9.978151e-5,0.860403,2.3641,136.66,0.0138
37670,4708,9.978142e-5,0.914941,2.4966,117.24,0.0141
37680,4710,9.978123e-5,0.927697,2.5287,186.75,0.0129
37690,4711,9.9781144e-5,0.925768,2.5238,159.24,0.0136
37700,4712,9.978104e-5,0.902105,2.4648,209.54,0.0134
37710,4713,9.9780955e-5,0.923784,2.5188,362.97,0.0379
37720,4715,9.9780766e-5,0.995408,2.7058,218.46,0.0166
37730,4716,9.978068e-5,0.823955,2.2795,166.99,0.0137
37740,4717,9.978058e-5,0.920421,2.5103,127.32,0.0143
37750,4718,9.978049e-5,0.858438,2.3595,163.67,0.0128
37760,4720,9.97803e-5,0.937905,2.5546,117.64,0.0140
37770,4721,9.978021e-5,0.912784,2.4912,78.01,0.0163
37780,4722,9.978011e-5,0.915475,2.4980,186.83,0.0126
37790,4723,9.978002e-5,0.975142,2.6515,186.39,0.0129
37800,4725,9.9779834e-5,0.891592,2.4390,151.90,0.0134
37810,4726,9.977975e-5,0.818593,2.2673,361.48,0.0406
37820,4727,9.9779645e-5,0.944052,2.5704,211.33,0.0125
37830,4728,9.977956e-5,0.895824,2.4494,123.64,0.0140
37840,4730,9.977937e-5,0.909431,2.4829,214.69,0.0123
37850,4731,9.977928e-5,0.889938,2.4350,84.27,0.0151
37860,4732,9.977918e-5,0.931432,2.5381,85.89,0.0152
37870,4733,9.977909e-5,0.883909,2.4203,142.81,0.0138
37880,4735,9.97789e-5,0.917131,2.5021,106.79,0.0150
37890,4736,9.9778816e-5,0.941109,2.5628,117.24,0.0144
37900,4737,9.9778714e-5,0.958485,2.6077,160.19,0.0172
37910,4738,9.977863e-5,0.946969,2.5779,329.68,0.0517
37920,4740,9.977844e-5,0.951815,2.5904,135.23,0.0159
37930,4741,9.977835e-5,0.860747,2.3649,143.95,0.0134
37940,4742,9.977825e-5,0.882427,2.4168,97.80,0.0152
37950,4743,9.977816e-5,0.954645,2.5977,161.05,0.0134
37960,4745,9.977797e-5,0.896055,2.4499,144.32,0.0138
37970,4746,9.977787e-5,0.888693,2.4319,131.61,0.0137
37980,4747,9.977778e-5,0.913845,2.4939,202.25,0.0126
37990,4748,9.9777695e-5,0.966653,2.6291,81.74,0.0155
38000,4750,9.9777506e-5,0.894811,2.4469,131.77,0.0136
38010,4751,9.9777404e-5,0.901620,2.4636,374.05,0.0364
38020,4752,9.977732e-5,0.940587,2.5615,122.61,0.0140
38030,4753,9.9777215e-5,0.940954,2.5624,114.36,0.0145
38040,4755,9.977704e-5,0.944274,2.5709,132.75,0.0140
38050,4756,9.977694e-5,0.898905,2.4569,120.72,0.0134
38060,4757,9.977685e-5,0.862431,2.3689,111.98,0.0142
38070,4758,9.977675e-5,0.961936,2.6168,144.77,0.0138
38080,4760,9.977656e-5,0.940153,2.5604,185.19,0.0149
38090,4761,9.977647e-5,0.830985,2.2956,195.35,0.0163
38100,4762,9.9776385e-5,0.927289,2.5276,152.26,0.0161
38110,4763,9.977628e-5,0.972563,2.6447,378.14,0.0344
38120,4765,9.9776094e-5,0.959471,2.6103,102.18,0.0140
38130,4766,9.977601e-5,0.958075,2.6067,112.94,0.0144
38140,4767,9.9775905e-5,0.878796,2.4080,199.94,0.0125
38150,4768,9.977582e-5,0.954650,2.5978,97.83,0.0147
38160,4770,9.977563e-5,0.939733,2.5593,136.56,0.0137
38170,4771,9.977553e-5,0.899253,2.4578,183.52,0.0128
38180,4772,9.977544e-5,0.829748,2.2927,220.89,0.0122
38190,4773,9.977534e-5,0.873201,2.3946,134.61,0.0135
38200,4775,9.977516e-5,0.890456,2.4362,111.35,0.0145
38210,4776,9.977506e-5,0.970370,2.6389,354.74,0.0422
38220,4777,9.977496e-5,0.955817,2.6008,101.08,0.0147
38230,4778,9.977487e-5,0.896748,2.4516,101.96,0.0151
38240,4780,9.977468e-5,0.948982,2.5831,199.33,0.0127
38250,4781,9.977458e-5,0.896500,2.4510,104.65,0.0150
38260,4782,9.9774494e-5,0.861739,2.3673,142.87,0.0133
38270,4783,9.977441e-5,0.933607,2.5437,176.53,0.0150
38280,4785,9.977422e-5,0.905158,2.4723,127.00,0.0133
38290,4786,9.9774115e-5,0.889457,2.4338,91.59,0.0144
38300,4787,9.977403e-5,0.941972,2.5650,93.91,0.0154
38310,4788,9.977394e-5,0.975858,2.6534,408.02,0.0319
38320,4790,9.977374e-5,0.927381,2.5279,189.85,0.0123
38330,4791,9.977365e-5,0.868053,2.3823,172.63,0.0129
38340,4792,9.977355e-5,0.958949,2.6090,127.32,0.0137
38350,4793,9.977346e-5,0.940896,2.5623,231.15,0.0124
38360,4795,9.977327e-5,1.138530,3.1222,98.42,0.0155
38370,4796,9.977317e-5,0.962115,2.6172,127.27,0.0145
38380,4797,9.977308e-5,0.918966,2.5067,90.46,0.0150
38390,4798,9.9772995e-5,0.888132,2.4306,188.82,0.0135
38400,4800,9.977279e-5,0.907928,2.4792,128.82,0.0133
38410,4801,9.9772704e-5,0.905347,2.4728,325.26,0.0564
38420,4802,9.97726e-5,0.953072,2.5937,98.59,0.0142
38430,4803,9.9772515e-5,0.962871,2.6192,100.67,0.0165
38440,4805,9.9772325e-5,0.919270,2.5075,183.01,0.0140
38450,4806,9.977222e-5,0.919885,2.5090,141.75,0.0137
38460,4807,9.9772136e-5,0.943315,2.5685,147.80,0.0129
38470,4808,9.9772034e-5,0.937226,2.5529,153.90,0.0138
38480,4810,9.9771845e-5,0.913805,2.4938,85.41,0.0155
38490,4811,9.977176e-5,0.860828,2.3651,145.07,0.0131
38500,4812,9.9771656e-5,0.996750,2.7095,168.79,0.0139
38510,4813,9.977157e-5,0.854962,2.3513,423.96,0.0278
38520,4815,9.977138e-5,0.995118,2.7050,102.46,0.0151
38530,4816,9.977128e-5,0.807077,2.2413,256.92,0.0119
38540,4817,9.977119e-5,0.748536,2.1139,530.82,0.0111
38550,4818,9.977109e-5,0.853351,2.3475,230.29,0.0122
38560,4820,9.97709e-5,0.939853,2.5596,111.88,0.0140
38570,4821,9.977081e-5,0.973922,2.6483,155.98,0.0145
38580,4822,9.977071e-5,0.866068,2.3775,157.39,0.0133
38590,4823,9.977062e-5,0.986265,2.6812,103.17,0.0147
38600,4825,9.977042e-5,0.973304,2.6467,116.98,0.0140
38610,4826,9.977033e-5,0.934230,2.5453,363.78,0.0374
38620,4827,9.977023e-5,0.846535,2.3316,118.26,0.0136
38630,4828,9.977014e-5,0.952609,2.5925,141.18,0.0133
38640,4830,9.976995e-5,0.889659,2.4343,130.40,0.0139
38650,4831,9.976985e-5,0.845144,2.3283,138.38,0.0133
38660,4832,9.9769764e-5,0.848757,2.3367,180.95,0.0133
38670,4833,9.976966e-5,0.904646,2.4711,109.82,0.0145
38680,4835,9.976947e-5,0.993459,2.7006,125.16,0.0147
38690,4836,9.9769386e-5,0.891854,2.4396,107.92,0.0145
38700,4837,9.9769284e-5,0.830687,2.2949,215.69,0.0122
38710,4838,9.97692e-5,0.865758,2.3768,376.33,0.0374
38720,4840,9.976899e-5,0.828385,2.2896,173.16,0.0161
38730,4841,9.9768906e-5,0.904489,2.4707,168.54,0.0130
38740,4842,9.9768804e-5,0.924849,2.5215,146.88,0.0140
38750,4843,9.97687e-5,0.899470,2.4583,65.58,0.0192
38760,4845,9.976853e-5,0.935450,2.5484,195.27,0.0131
38770,4846,9.9768426e-5,0.877259,2.4043,136.80,0.0140
38780,4847,9.976834e-5,0.925110,2.5221,124.69,0.0134
38790,4848,9.976824e-5,0.856068,2.3539,153.25,0.0125
38800,4850,9.976805e-5,0.839483,2.3152,180.29,0.0126
38810,4851,9.9767945e-5,1.009189,2.7434,396.12,0.0343
38820,4852,9.976784e-5,0.843184,2.3238,144.94,0.0129
38830,4853,9.9767756e-5,0.926479,2.5256,155.17,0.0126
38840,4855,9.976757e-5,0.861632,2.3670,176.56,0.0123
38850,4856,9.9767465e-5,0.903010,2.4670,179.20,0.0128
38860,4857,9.976738e-5,0.960429,2.6128,93.46,0.0160
38870,4858,9.9767276e-5,0.999157,2.7160,89.95,0.0145
38880,4860,9.976709e-5,0.951762,2.5903,122.64,0.0144
38890,4861,9.9767e-5,0.875199,2.3994,104.55,0.0143
38900,4862,9.97669e-5,0.934845,2.5468,143.72,0.0141
38910,4863,9.9766796e-5,0.870319,2.3877,359.97,0.0389
38920,4865,9.976661e-5,0.951443,2.5894,121.30,0.0149
38930,4866,9.9766505e-5,0.950708,2.5875,119.00,0.0136
38940,4867,9.976642e-5,0.945314,2.5736,136.77,0.0137
38950,4868,9.9766316e-5,0.901420,2.4631,217.81,0.0130
38960,4870,9.976613e-5,0.852345,2.3451,102.46,0.0152
38970,4871,9.976604e-5,0.906212,2.4749,125.53,0.0138
38980,4872,9.976594e-5,0.949214,2.5837,102.44,0.0141
38990,4873,9.9765835e-5,0.835462,2.3059,96.47,0.0144
39000,4875,9.9765646e-5,0.787315,2.1975,122.46,0.0137
39010,4876,9.976556e-5,0.933425,2.5432,371.93,0.0364
39020,4877,9.976546e-5,0.901024,2.4621,159.41,0.0132
39030,4878,9.9765355e-5,0.980234,2.6651,107.17,0.0148
39040,4880,9.9765166e-5,0.862760,2.3697,178.30,0.0131
39050,4881,9.976508e-5,0.893734,2.4442,119.82,0.0139
39060,4882,9.976498e-5,0.892072,2.4402,144.04,0.0128
39070,4883,9.9764875e-5,0.909585,2.4833,105.15,0.0141
39080,4885,9.9764686e-5,0.873760,2.3959,88.08,0.0148
39090,4886,9.9764584e-5,0.883612,2.4196,105.51,0.0143
39100,4887,9.97645e-5,0.973050,2.6460,242.13,0.0162
39110,4888,9.9764395e-5,0.895866,2.4495,366.46,0.0375
39120,4890,9.9764206e-5,0.867556,2.3811,163.45,0.0127
39130,4891,9.9764104e-5,0.952285,2.5916,114.84,0.0148
39140,4892,9.9764016e-5,0.957624,2.6055,110.70,0.0140
39150,4893,9.9763914e-5,0.904729,2.4713,130.24,0.0138
39160,4895,9.9763725e-5,1.000873,2.7207,149.40,0.0139
39170,4896,9.976362e-5,0.947055,2.5781,136.94,0.0136
39180,4897,9.976352e-5,0.874305,2.3972,154.60,0.0132
39190,4898,9.9763434e-5,0.930782,2.5365,88.80,0.0143
39200,4900,9.976323e-5,0.992969,2.6992,126.77,0.0144
39210,4901,9.976314e-5,0.954931,2.5985,360.96,0.0401
39220,4902,9.976304e-5,0.915123,2.4971,127.48,0.0147
39230,4903,9.9762954e-5,0.887910,2.4300,94.98,0.0141
39240,4905,9.976275e-5,0.885931,2.4252,109.16,0.0139
39250,4906,9.976266e-5,0.923382,2.5178,168.50,0.0127
39260,4907,9.976256e-5,0.956934,2.6037,97.58,0.0143
39270,4908,9.976246e-5,0.942320,2.5659,106.75,0.0143
39280,4910,9.976227e-5,0.991246,2.6946,81.55,0.0155
39290,4911,9.976217e-5,0.900292,2.4603,165.82,0.0132
39300,4912,9.976208e-5,0.909395,2.4828,136.50,0.0136
39310,4913,9.976198e-5,0.902549,2.4659,399.29,0.0309
39320,4915,9.976179e-5,0.927731,2.5288,106.63,0.0144
39330,4916,9.976169e-5,0.864533,2.3739,182.07,0.0128
39340,4917,9.97616e-5,0.870077,2.3871,121.80,0.0132
39350,4918,9.97615e-5,0.865069,2.3752,102.10,0.0149
39360,4920,9.976131e-5,0.936400,2.5508,142.81,0.0134
39370,4921,9.976121e-5,0.983812,2.6746,125.06,0.0139
39380,4922,9.9761106e-5,0.846827,2.3322,131.07,0.0137
39390,4923,9.976102e-5,0.909287,2.4826,138.87,0.0135
39400,4925,9.976083e-5,0.944390,2.5712,84.83,0.0175
39410,4926,9.976073e-5,1.005006,2.7319,446.58,0.0292
39420,4927,9.9760626e-5,0.930829,2.5366,131.18,0.0137
39430,4928,9.9760524e-5,0.891090,2.4378,134.76,0.0132
39440,4930,9.9760335e-5,0.884957,2.4229,242.95,0.0168
39450,4931,9.976023e-5,0.947065,2.5781,114.34,0.0150
39460,4932,9.976013e-5,0.931833,2.5392,89.62,0.0146
39470,4933,9.9760044e-5,0.944423,2.5713,99.91,0.0151
39480,4935,9.975984e-5,0.874204,2.3970,147.12,0.0128
39490,4936,9.975975e-5,0.882973,2.4181,137.69,0.0135
39500,4937,9.975965e-5,0.906793,2.4764,94.72,0.0142
39510,4938,9.975956e-5,0.883096,2.4184,399.68,0.0316
39520,4940,9.975936e-5,0.913850,2.4939,147.09,0.0141
39530,4941,9.975927e-5,1.038594,2.8252,168.02,0.0133
39540,4942,9.975917e-5,0.874751,2.3983,183.07,0.0127
39550,4943,9.975907e-5,0.921656,2.5134,158.95,0.0139
39560,4945,9.975888e-5,0.912224,2.4899,165.77,0.0132
39570,4946,9.975878e-5,0.872370,2.3926,139.64,0.0132
39580,4947,9.9758676e-5,0.926988,2.5269,85.42,0.0156
39590,4948,9.9758574e-5,0.906141,2.4748,178.50,0.0132
39600,4950,9.9758385e-5,0.882152,2.4161,209.38,0.0144
39610,4951,9.97583e-5,0.874138,2.3968,371.28,0.0379
39620,4952,9.9758196e-5,0.852876,2.3464,168.21,0.0132
39630,4953,9.9758094e-5,0.985313,2.6786,82.99,0.0169
39640,4955,9.9757905e-5,0.982188,2.6703,77.83,0.0159
39650,4956,9.97578e-5,0.835902,2.3069,114.74,0.0148
39660,4957,9.97577e-5,0.849885,2.3394,216.86,0.0126
39670,4958,9.97576e-5,0.931251,2.5377,93.73,0.0150
39680,4960,9.975741e-5,0.888330,2.4311,145.05,0.0135
39690,4961,9.975731e-5,0.957377,2.6049,111.92,0.0147
39700,4962,9.975722e-5,0.782692,2.1874,240.26,0.0124
39710,4963,9.975712e-5,0.924237,2.5199,378.30,0.0350
39720,4965,9.975693e-5,0.908561,2.4808,192.09,0.0130
39730,4966,9.975683e-5,0.923809,2.5189,171.51,0.0136
39740,4967,9.9756726e-5,0.851318,2.3427,144.25,0.0129
39750,4968,9.9756624e-5,0.885211,2.4235,118.40,0.0142
39760,4970,9.9756435e-5,0.900299,2.4603,80.79,0.0160
39770,4971,9.975633e-5,0.865251,2.3756,161.22,0.0146
39780,4972,9.975623e-5,0.878582,2.4075,128.13,0.0145
39790,4973,9.9756144e-5,0.981900,2.6695,163.29,0.0166
39800,4975,9.975594e-5,0.882368,2.4166,179.80,0.0135
39810,4976,9.975584e-5,0.852609,2.3458,371.94,0.0362
39820,4977,9.975575e-5,0.961845,2.6165,100.44,0.0156
39830,4978,9.975565e-5,0.892507,2.4412,79.40,0.0161
39840,4980,9.975546e-5,0.892042,2.4401,127.41,0.0137
39850,4981,9.975536e-5,0.909541,2.4832,209.10,0.0129
39860,4982,9.9755256e-5,0.898377,2.4556,103.89,0.0142
39870,4983,9.9755154e-5,0.968857,2.6349,117.87,0.0138
39880,4985,9.9754965e-5,0.926512,2.5257,219.82,0.0129
39890,4986,9.975486e-5,0.870042,2.3870,160.45,0.0130
39900,4987,9.975476e-5,0.841544,2.3199,137.84,0.0129
39910,4988,9.975466e-5,0.933479,2.5433,344.74,0.0453
39920,4990,9.975447e-5,0.936383,2.5507,139.28,0.0139
39930,4991,9.975437e-5,0.924666,2.5210,87.80,0.0152
39940,4992,9.975427e-5,0.884110,2.4208,189.21,0.0155
39950,4993,9.975418e-5,0.968342,2.6336,158.19,0.0149
39960,4995,9.9753976e-5,0.940520,2.5613,116.14,0.0152
39970,4996,9.975389e-5,0.948871,2.5828,136.22,0.0135
39980,4997,9.9753786e-5,0.915779,2.4987,153.67,0.0134
39990,4998,9.9753684e-5,0.821204,2.2732,228.93,0.0121
40000,5000,9.975348e-5,0.902677,2.4662,155.60,0.0133
40010,5001,9.975339e-5,0.935962,2.5497,370.02,0.0373
40020,5002,9.975329e-5,0.846137,2.3306,106.11,0.0138
40030,5003,9.975319e-5,0.964032,2.6222,109.48,0.0137
40040,5005,9.9752986e-5,0.860438,2.3642,141.65,0.0135
40050,5006,9.97529e-5,0.950023,2.5858,169.09,0.0136
40060,5007,9.97528e-5,0.905992,2.4744,96.46,0.0141
40070,5008,9.9752695e-5,0.866680,2.3790,113.51,0.0140
40080,5010,9.975249e-5,0.856645,2.3552,119.42,0.0138
40090,5011,9.9752404e-5,0.973919,2.6483,160.02,0.0131
40100,5012,9.97523e-5,0.927400,2.5279,117.61,0.0151
40110,5013,9.9752215e-5,0.996617,2.7091,351.63,0.0437
40120,5015,9.975201e-5,0.866102,2.3776,141.79,0.0139
40130,5016,9.975191e-5,0.938177,2.5553,147.84,0.0132
40140,5017,9.975181e-5,0.840088,2.3166,107.66,0.0137
40150,5018,9.9751705e-5,0.914397,2.4953,106.18,0.0152
40160,5020,9.9751516e-5,0.875821,2.4008,171.43,0.0132
40170,5021,9.9751414e-5,0.945124,2.5731,183.95,0.0136
40180,5022,9.975131e-5,0.961711,2.6162,93.55,0.0163
40190,5023,9.975121e-5,0.930742,2.5364,214.51,0.0126
40200,5025,9.975102e-5,0.869853,2.3866,116.23,0.0142
40210,5026,9.975092e-5,0.881297,2.4140,328.48,0.0546
40220,5027,9.975082e-5,0.934481,2.5459,102.12,0.0141
40230,5028,9.9750716e-5,0.898347,2.4555,113.02,0.0144
40240,5030,9.975053e-5,0.826751,2.2859,117.41,0.0142
40250,5031,9.9750425e-5,0.970031,2.6380,94.02,0.0157
40260,5032,9.975032e-5,0.945056,2.5730,95.02,0.0144
40270,5033,9.975022e-5,0.924410,2.5204,168.44,0.0134
40280,5035,9.975003e-5,0.864271,2.3733,183.10,0.0126
40290,5036,9.974993e-5,0.884742,2.4224,233.96,0.0148
40300,5037,9.974983e-5,0.892113,2.4403,174.05,0.0139
40310,5038,9.9749726e-5,0.921933,2.5141,339.15,0.0445
40320,5040,9.974954e-5,0.834203,2.3030,100.81,0.0136
40330,5041,9.9749435e-5,0.942294,2.5659,150.67,0.0138
40340,5042,9.974933e-5,0.890866,2.4372,123.89,0.0140
40350,5043,9.974923e-5,0.948978,2.5831,156.94,0.0139
40360,5045,9.974903e-5,0.905294,2.4727,160.20,0.0133
40370,5046,9.974894e-5,0.967427,2.6312,441.40,0.0123
40380,5047,9.974884e-5,0.981242,2.6678,130.66,0.0143
40390,5048,9.974874e-5,0.905719,2.4737,143.91,0.0138
40400,5050,9.974853e-5,0.862923,2.3701,161.26,0.0129
40410,5051,9.974843e-5,0.954129,2.5964,502.80,0.0336
40420,5052,9.974833e-5,0.815354,2.2600,143.45,0.0147
40430,5053,9.974824e-5,0.908074,2.4795,69.46,0.0161
40440,5055,9.974804e-5,0.907165,2.4773,141.84,0.0141
40450,5056,9.974794e-5,0.973545,2.6473,108.55,0.0146
40460,5057,9.9747835e-5,0.876249,2.4019,160.24,0.0127
40470,5058,9.974773e-5,0.868204,2.3826,80.15,0.0152
40480,5060,9.974754e-5,0.939096,2.5577,132.53,0.0135
40490,5061,9.974744e-5,0.897296,2.4530,217.05,0.0132
40500,5062,9.974734e-5,0.853942,2.3489,151.36,0.0135
40510,5063,9.974724e-5,0.954608,2.5977,374.25,0.0379
40520,5065,9.974705e-5,0.882509,2.4170,133.92,0.0134
40530,5066,9.974695e-5,0.863539,2.3715,85.63,0.0150
40540,5067,9.9746845e-5,0.872379,2.3926,99.96,0.0136
40550,5068,9.974674e-5,0.879738,2.4103,124.45,0.0136
40560,5070,9.974654e-5,0.947830,2.5801,131.79,0.0132
40570,5071,9.974644e-5,0.916874,2.5015,201.44,0.0130
40580,5072,9.9746336e-5,0.890719,2.4369,126.21,0.0143
40590,5073,9.974625e-5,0.919687,2.5085,115.79,0.0141
40600,5075,9.9746045e-5,0.868126,2.3824,118.43,0.0139
40610,5076,9.974594e-5,0.929580,2.5334,451.25,0.0276
40620,5077,9.974584e-5,0.913958,2.4942,158.07,0.0133
40630,5078,9.974574e-5,0.894331,2.4457,120.07,0.0139
40640,5080,9.974555e-5,0.920588,2.5108,120.84,0.0137
40650,5081,9.974545e-5,0.915578,2.4982,128.06,0.0132
40660,5082,9.9745346e-5,0.928119,2.5297,83.08,0.0177
40670,5083,9.9745244e-5,0.855225,2.3519,117.89,0.0140
40680,5085,9.974504e-5,0.931722,2.5389,108.42,0.0147
40690,5086,9.974494e-5,0.934456,2.5458,120.28,0.0145
40700,5087,9.974484e-5,0.874709,2.3982,178.45,0.0128
40710,5088,9.9744735e-5,0.929367,2.5329,331.65,0.0496
40720,5090,9.974453e-5,0.907327,2.4777,171.99,0.0127
40730,5091,9.9744444e-5,0.879927,2.4107,159.20,0.0129
40740,5092,9.974434e-5,0.900394,2.4606,266.29,0.0128
40750,5093,9.974424e-5,0.850923,2.3418,170.48,0.0144
40760,5095,9.974404e-5,0.950838,2.5879,129.40,0.0142
40770,5096,9.9743935e-5,0.924260,2.5200,122.55,0.0139
40780,5097,9.974383e-5,0.990079,2.6914,120.42,0.0146
40790,5098,9.974373e-5,0.857133,2.3564,93.03,0.0151
40800,5100,9.974354e-5,0.950733,2.5876,112.62,0.0138
40810,5101,9.974344e-5,0.932204,2.5401,401.33,0.0320
40820,5102,9.974334e-5,0.913184,2.4922,128.73,0.0146
40830,5103,9.9743236e-5,0.943626,2.5693,111.71,0.0144
40840,5105,9.974303e-5,0.882113,2.4160,82.67,0.0155
40850,5106,9.974293e-5,0.793835,2.2119,138.92,0.0127
40860,5107,9.974283e-5,0.907481,2.4781,136.28,0.0138
40870,5108,9.974274e-5,0.931794,2.5391,60.24,0.0191
40880,5110,9.974254e-5,0.946037,2.5755,73.66,0.0167
40890,5111,9.9742436e-5,0.821300,2.2735,154.60,0.0130
40900,5112,9.974232e-5,0.959986,2.6117,143.00,0.0137
40910,5113,9.974223e-5,0.922299,2.5151,416.65,0.0297
40920,5115,9.974203e-5,0.941495,2.5638,184.68,0.0154
40930,5116,9.974193e-5,0.913953,2.4942,130.15,0.0134
40940,5117,9.9741825e-5,0.908173,2.4798,107.90,0.0146
40950,5118,9.974172e-5,0.852751,2.3461,188.19,0.0144
40960,5120,9.974152e-5,0.924834,2.5214,126.58,0.0143
40970,5121,9.974143e-5,0.908973,2.4818,155.83,0.0134
40980,5122,9.9741315e-5,0.910738,2.4862,129.02,0.0134
40990,5123,9.974123e-5,0.953329,2.5943,136.78,0.0137
41000,5125,9.9741024e-5,0.881955,2.4156,114.05,0.0148
41010,5126,9.974092e-5,0.879194,2.4090,348.97,0.0410
41020,5127,9.974082e-5,0.946194,2.5759,214.22,0.0133
41030,5128,9.974072e-5,0.986853,2.6828,115.44,0.0139
41040,5130,9.9740515e-5,0.899337,2.4580,119.64,0.0140
41050,5131,9.974041e-5,0.912432,2.4904,77.79,0.0155
41060,5132,9.974031e-5,0.902642,2.4661,93.97,0.0151
41070,5133,9.974021e-5,0.902298,2.4653,154.47,0.0132
41080,5135,9.9740006e-5,0.908943,2.4817,138.24,0.0134
41090,5136,9.9739904e-5,0.880192,2.4114,124.74,0.0142
41100,5137,9.97398e-5,0.909461,2.4830,113.65,0.0140
41110,5138,9.97397e-5,0.814443,2.2579,375.01,0.0379
41120,5140,9.973951e-5,1.006076,2.7348,93.68,0.0147
41130,5141,9.9739394e-5,0.912065,2.4895,180.35,0.0161
41140,5142,9.973931e-5,0.924489,2.5206,108.81,0.0150
41150,5143,9.9739205e-5,0.911853,2.4889,124.69,0.0130
41160,5145,9.9739e-5,0.963981,2.6221,118.06,0.0142
41170,5146,9.97389e-5,0.867505,2.3810,204.80,0.0126
41180,5147,9.97388e-5,0.896846,2.4519,107.12,0.0141
41190,5148,9.9738696e-5,0.874304,2.3972,144.69,0.0134
41200,5150,9.973849e-5,1.007363,2.7384,100.30,0.0149
41210,5151,9.973839e-5,0.904486,2.4707,340.66,0.0476
41220,5152,9.973829e-5,0.878606,2.4075,137.52,0.0127
41230,5153,9.973819e-5,0.791504,2.2067,109.49,0.0132
41240,5155,9.973798e-5,0.870102,2.3872,192.60,0.0120
41250,5156,9.973788e-5,0.954558,2.5975,118.30,0.0142
41260,5157,9.973778e-5,0.961226,2.6149,126.41,0.0143
41270,5158,9.973768e-5,0.884652,2.4221,166.86,0.0134
41280,5160,9.9737474e-5,0.922576,2.5158,112.45,0.0141
41290,5161,9.973737e-5,0.874893,2.3986,160.35,0.0133
41300,5162,9.973727e-5,0.892743,2.4418,157.07,0.0130
41310,5163,9.973717e-5,0.973380,2.6469,355.17,0.0404
41320,5165,9.9736964e-5,0.873383,2.3950,99.20,0.0147
41330,5166,9.973686e-5,0.866232,2.3779,180.14,0.0126
41340,5167,9.973676e-5,0.941374,2.5635,86.73,0.0165
41350,5168,9.973666e-5,0.876115,2.4016,117.91,0.0135
41360,5170,9.9736455e-5,0.847616,2.3341,171.41,0.0124
41370,5171,9.973635e-5,0.884906,2.4228,165.60,0.0133
41380,5172,9.973625e-5,0.844592,2.3270,123.26,0.0136
41390,5173,9.973615e-5,0.897452,2.4533,129.22,0.0133
41400,5175,9.9735946e-5,0.946515,2.5767,188.97,0.0133
41410,5176,9.9735844e-5,0.857479,2.3572,358.00,0.0423
41420,5177,9.973574e-5,0.870525,2.3882,124.94,0.0137
41430,5178,9.973564e-5,0.815351,2.2600,132.10,0.0131
41440,5180,9.973544e-5,0.959196,2.6096,110.14,0.0144
41450,5181,9.9735335e-5,0.907676,2.4786,116.91,0.0141
41460,5182,9.973523e-5,0.901632,2.4636,116.91,0.0140
41470,5183,9.973513e-5,0.973645,2.6476,148.20,0.0141
41480,5185,9.973493e-5,0.918152,2.5047,130.06,0.0138
41490,5186,9.9734825e-5,0.903272,2.4677,161.11,0.0129
41500,5187,9.973472e-5,0.819752,2.2699,177.72,0.0145
41510,5188,9.973462e-5,0.860107,2.3634,386.96,0.0348
41520,5190,9.973442e-5,0.925488,2.5231,208.02,0.0123
41530,5191,9.9734316e-5,0.862413,2.3689,135.09,0.0127
41540,5192,9.9734214e-5,0.866113,2.3777,101.92,0.0142
41550,5193,9.973411e-5,0.926339,2.5252,96.09,0.0148
41560,5195,9.973391e-5,0.965387,2.6258,97.64,0.0148
41570,5196,9.973379e-5,0.861112,2.3658,142.29,0.0134
41580,5197,9.9733705e-5,0.888610,2.4317,127.54,0.0137
41590,5198,9.973359e-5,0.882400,2.4167,92.12,0.0146
41600,5200,9.9733385e-5,0.937484,2.5535,109.98,0.0145
41610,5201,9.973328e-5,0.871778,2.3912,340.79,0.0453
41620,5202,9.973318e-5,0.829160,2.2914,201.83,0.0124
41630,5203,9.973308e-5,0.940722,2.5618,168.31,0.0129
41640,5205,9.9732875e-5,0.876083,2.4015,93.13,0.0141
41650,5206,9.973277e-5,0.914955,2.4967,156.63,0.0125
41660,5207,9.973267e-5,0.907776,2.4788,119.59,0.0138
41670,5208,9.973257e-5,0.812787,2.2542,116.75,0.0137
41680,5210,9.9732366e-5,0.828066,2.2889,152.88,0.0131
41690,5211,9.9732264e-5,0.812072,2.2526,184.23,0.0120
41700,5212,9.973216e-5,0.980812,2.6666,119.41,0.0138
41710,5213,9.973206e-5,0.907779,2.4788,378.10,0.0328
41720,5215,9.973186e-5,0.888244,2.4309,119.32,0.0131
41730,5216,9.9731755e-5,0.872323,2.3925,127.18,0.0140
41740,5217,9.973165e-5,1.020369,2.7742,185.04,0.0133
41750,5218,9.973155e-5,0.957501,2.6052,89.97,0.0163
41760,5220,9.973135e-5,0.972812,2.6454,91.51,0.0151
41770,5221,9.973123e-5,0.848567,2.3363,150.58,0.0132
41780,5222,9.973113e-5,0.885454,2.4241,125.82,0.0137
41790,5223,9.973103e-5,0.881944,2.4156,129.25,0.0137
41800,5225,9.973082e-5,0.881346,2.4141,110.38,0.0142
41810,5226,9.973072e-5,0.905662,2.4736,363.37,0.0418
41820,5227,9.973062e-5,0.930900,2.5368,254.11,0.0177
41830,5228,9.973052e-5,0.868913,2.3843,156.30,0.0129
41840,5230,9.9730314e-5,0.915892,2.4990,129.24,0.0135
41850,5231,9.97302e-5,0.905060,2.4721,115.47,0.0141
41860,5232,9.973011e-5,0.954361,2.5970,100.91,0.0151
41870,5233,9.9729994e-5,0.834942,2.3047,140.39,0.0129
41880,5235,9.972979e-5,0.878698,2.4078,140.62,0.0140
41890,5236,9.972969e-5,0.880132,2.4112,95.19,0.0154
41900,5237,9.972959e-5,0.935834,2.5493,100.89,0.0142
41910,5238,9.9729485e-5,0.980024,2.6645,464.16,0.0269
41920,5240,9.972928e-5,0.903644,2.4686,226.82,0.0135
41930,5241,9.972918e-5,0.851494,2.3431,126.11,0.0140
41940,5242,9.972908e-5,0.910603,2.4858,155.60,0.0138
41950,5243,9.9728975e-5,0.911924,2.4891,182.91,0.0133
41960,5245,9.972876e-5,0.883184,2.4186,84.42,0.0156
41970,5246,9.9728655e-5,0.802176,2.2304,125.37,0.0131
41980,5247,9.972855e-5,0.851611,2.3434,131.62,0.0140
41990,5248,9.972845e-5,0.862834,2.3699,125.60,0.0136
42000,5250,9.972825e-5,0.935916,2.5495,134.46,0.0138
42010,5251,9.9728146e-5,0.862300,2.3686,375.20,0.0369
42020,5252,9.972803e-5,0.896550,2.4511,142.47,0.0135
42030,5253,9.972793e-5,0.963235,2.6202,381.35,0.0129
42040,5255,9.9727724e-5,0.886437,2.4265,97.92,0.0148
42050,5256,9.972762e-5,0.911880,2.4890,143.33,0.0133
42060,5257,9.972752e-5,0.970427,2.6391,153.23,0.0133
42070,5258,9.972742e-5,0.815928,2.2613,131.75,0.0129
42080,5260,9.9727215e-5,0.865815,2.3769,121.35,0.0140
42090,5261,9.97271e-5,0.954242,2.5967,166.28,0.0126
42100,5262,9.9726996e-5,0.823887,2.2793,107.70,0.0139
42110,5263,9.9726894e-5,0.859826,2.3627,433.32,0.0274
42120,5265,9.972669e-5,0.932204,2.5401,146.32,0.0136
42130,5266,9.972659e-5,0.870124,2.3872,171.48,0.0128
42140,5267,9.972649e-5,0.898817,2.4567,136.01,0.0135
42150,5268,9.9726385e-5,1.004919,2.7317,70.96,0.0176
42160,5270,9.972617e-5,0.854191,2.3495,94.73,0.0145
42170,5271,9.9726065e-5,0.788742,2.2006,90.67,0.0148
42180,5272,9.972596e-5,0.908672,2.4810,91.81,0.0142
42190,5273,9.972586e-5,0.935636,2.5488,78.33,0.0152
42200,5275,9.972566e-5,0.936043,2.5499,136.77,0.0132
42210,5276,9.972554e-5,0.957365,2.6048,353.30,0.0410
42220,5277,9.972544e-5,0.861613,2.3670,144.77,0.0135
42230,5278,9.972534e-5,0.838535,2.3130,138.45,0.0141
42240,5280,9.972513e-5,0.883880,2.4203,155.66,0.0130
42250,5281,9.972503e-5,0.816283,2.2621,122.27,0.0135
42260,5282,9.972493e-5,0.898366,2.4556,202.22,0.0130
42270,5283,9.972481e-5,0.875351,2.3997,181.58,0.0126
42280,5285,9.972461e-5,0.811017,2.2502,147.68,0.0133
42290,5286,9.972451e-5,0.862091,2.3681,119.57,0.0141
42300,5287,9.9724406e-5,0.857312,2.3568,119.05,0.0139
42310,5288,9.9724304e-5,0.919091,2.5070,359.97,0.0381
42320,5290,9.9724086e-5,0.974961,2.6511,107.16,0.0160
42330,5291,9.9723984e-5,0.947764,2.5799,247.50,0.0170
42340,5292,9.972388e-5,0.969540,2.6367,88.48,0.0157
42350,5293,9.972378e-5,0.936997,2.5523,161.36,0.0158
42360,5295,9.972358e-5,0.867757,2.3816,86.64,0.0150
42370,5296,9.972346e-5,0.881044,2.4134,125.13,0.0135
42380,5297,9.972336e-5,0.967123,2.6304,185.55,0.0122
42390,5298,9.972326e-5,0.970648,2.6397,114.66,0.0145
42400,5300,9.972305e-5,0.792016,2.2078,173.34,0.0130
42410,5301,9.972295e-5,0.943323,2.5685,333.41,0.0470
42420,5302,9.972285e-5,0.814932,2.2590,131.66,0.0127
42430,5303,9.972273e-5,0.927903,2.5292,150.95,0.0129
42440,5305,9.972253e-5,0.941566,2.5640,144.09,0.0141
42450,5306,9.972243e-5,0.864657,2.3742,148.44,0.0132
42460,5307,9.972231e-5,0.901618,2.4636,110.37,0.0144
42470,5308,9.972221e-5,0.900291,2.4603,95.20,0.0147
42480,5310,9.9722005e-5,0.905073,2.4721,226.03,0.0128
42490,5311,9.97219e-5,0.861071,2.3657,172.50,0.0154
42500,5312,9.972179e-5,0.868829,2.3841,77.90,0.0162
42510,5313,9.9721685e-5,0.958876,2.6088,360.72,0.0393
42520,5315,9.972148e-5,0.931595,2.5386,113.64,0.0139
42530,5316,9.972138e-5,0.824429,2.2806,143.15,0.0132
42540,5317,9.972128e-5,0.982845,2.6720,97.25,0.0151
42550,5318,9.9721176e-5,0.909175,2.4823,125.26,0.0137
42560,5320,9.972096e-5,0.974744,2.6505,167.90,0.0132
42570,5321,9.9720855e-5,0.885744,2.4248,179.53,0.0131
42580,5322,9.972074e-5,0.889959,2.4350,128.85,0.0134
42590,5323,9.972064e-5,0.928374,2.5304,117.27,0.0138
42600,5325,9.972043e-5,0.928808,2.5315,111.61,0.0145
42610,5326,9.972033e-5,0.866740,2.3791,341.74,0.0463
42620,5327,9.972023e-5,0.910414,2.4854,115.17,0.0135
42630,5328,9.972011e-5,0.917310,2.5026,92.82,0.0145
42640,5330,9.971991e-5,0.854782,2.3509,134.44,0.0138
42650,5331,9.971981e-5,0.949358,2.5840,168.46,0.0133
42660,5332,9.9719706e-5,0.907859,2.4790,125.49,0.0140
42670,5333,9.971959e-5,0.879799,2.4104,100.62,0.0144
42680,5335,9.9719386e-5,0.944309,2.5710,91.32,0.0150
42690,5336,9.9719284e-5,1.020505,2.7746,91.05,0.0160
42700,5337,9.971917e-5,0.873101,2.3943,211.70,0.0150
42710,5338,9.9719065e-5,0.856880,2.3558,315.25,0.0598
42720,5340,9.971886e-5,0.861314,2.3663,257.26,0.0124
42730,5341,9.971876e-5,1.007583,2.7390,187.05,0.0130
42740,5342,9.971864e-5,0.894934,2.4472,167.67,0.0134
42750,5343,9.971854e-5,0.859037,2.3609,178.68,0.0129
42760,5345,9.971834e-5,0.855130,2.3517,115.29,0.0134
42770,5346,9.971822e-5,0.899975,2.4595,133.34,0.0141
42780,5347,9.971812e-5,0.885615,2.4245,99.67,0.0146
42790,5348,9.971802e-5,0.852149,2.3447,101.33,0.0147
42800,5350,9.97178e-5,0.959824,2.6112,111.16,0.0143
42810,5351,9.97177e-5,0.989578,2.6901,329.21,0.0501
42820,5352,9.9717596e-5,0.849266,2.3379,95.70,0.0149
42830,5353,9.9717494e-5,0.865414,2.3760,101.79,0.0136
42840,5355,9.9717276e-5,0.875805,2.4008,96.30,0.0139
42850,5356,9.9717174e-5,0.892152,2.4404,116.57,0.0141
42860,5357,9.971707e-5,0.841559,2.3200,153.92,0.0137
42870,5358,9.971697e-5,0.839255,2.3146,242.07,0.0144
42880,5360,9.971675e-5,0.816006,2.2615,108.78,0.0145
42890,5361,9.9716635e-5,0.959153,2.6095,101.46,0.0149
42900,5362,9.971653e-5,0.955945,2.6011,130.64,0.0140
42910,5363,9.971643e-5,0.826957,2.2864,355.96,0.0391
42920,5365,9.971623e-5,0.939912,2.5598,67.78,0.0163
42930,5366,9.971611e-5,0.845268,2.3286,89.69,0.0150
42940,5367,9.971601e-5,0.838423,2.3127,83.27,0.0150
42950,5368,9.971591e-5,0.871979,2.3916,137.81,0.0131
42960,5370,9.971569e-5,0.904755,2.4713,126.90,0.0139
42970,5371,9.971559e-5,0.907394,2.4779,125.86,0.0134
42980,5372,9.9715486e-5,0.858505,2.3596,159.25,0.0134
42990,5373,9.971537e-5,0.946991,2.5779,130.73,0.0133
43000,5375,9.9715166e-5,0.893516,2.4437,150.44,0.0139
43010,5376,9.971505e-5,0.919205,2.5073,379.78,0.0357
43020,5377,9.971495e-5,0.852667,2.3459,135.90,0.0136
43030,5378,9.9714845e-5,0.836946,2.3093,198.32,0.0157
43040,5380,9.971464e-5,0.830070,2.2935,95.24,0.0146
43050,5381,9.9714525e-5,0.827901,2.2885,221.79,0.0137
43060,5382,9.971442e-5,0.932811,2.5416,142.12,0.0132
43070,5383,9.971431e-5,0.856029,2.3538,139.64,0.0137
43080,5385,9.97141e-5,0.824661,2.2811,113.68,0.0139
43090,5386,9.9714e-5,0.796943,2.2187,127.16,0.0130
43100,5387,9.9713885e-5,0.877684,2.4053,110.24,0.0147
43110,5388,9.971378e-5,0.860277,2.3638,363.25,0.0393
43120,5390,9.971358e-5,0.952776,2.5929,169.91,0.0130
43130,5391,9.971346e-5,0.877940,2.4059,104.10,0.0147
43140,5392,9.971336e-5,0.933994,2.5447,104.17,0.0142
43150,5393,9.9713245e-5,0.942051,2.5652,121.10,0.0141
43160,5395,9.971304e-5,0.973802,2.6480,124.23,0.0258
43170,5396,9.971294e-5,0.927843,2.5290,177.50,0.0142
43180,5397,9.971284e-5,0.924133,2.5197,135.23,0.0138
43190,5398,9.971272e-5,0.900645,2.4612,137.09,0.0141
43200,5400,9.971252e-5,0.826030,2.2842,137.54,0.0127
43210,5401,9.97124e-5,1.000397,2.7194,399.01,0.0326
43220,5402,9.97123e-5,0.909650,2.4835,148.42,0.0146
43230,5403,9.971218e-5,0.821897,2.2748,148.52,0.0156
43240,5405,9.971198e-5,1.007246,2.7380,132.28,0.0139
43250,5406,9.971188e-5,0.815117,2.2594,144.62,0.0128
43260,5407,9.971176e-5,0.897687,2.4539,124.23,0.0141
43270,5408,9.971166e-5,0.943623,2.5693,96.20,0.0151
43280,5410,9.9711455e-5,0.912046,2.4894,163.77,0.0129
43290,5411,9.971134e-5,0.904510,2.4707,124.81,0.0140
43300,5412,9.971124e-5,0.960841,2.6139,112.83,0.0141
43310,5413,9.971112e-5,0.875324,2.3997,342.97,0.0447
43320,5415,9.971092e-5,0.917314,2.5026,92.58,0.0156
43330,5416,9.97108e-5,0.852224,2.3449,160.55,0.0128
43340,5417,9.97107e-5,0.877719,2.4054,74.60,0.0153
43350,5418,9.9710596e-5,0.986560,2.6820,131.20,0.0138
43360,5420,9.971038e-5,0.834611,2.3039,97.40,0.0148
43370,5421,9.9710276e-5,0.911506,2.4881,201.91,0.0128
43380,5422,9.971016e-5,0.886195,2.4259,107.84,0.0140
43390,5423,9.971006e-5,0.864895,2.3748,114.40,0.0141
43400,5425,9.970984e-5,0.928038,2.5295,101.89,0.0141
43410,5426,9.970974e-5,0.857293,2.3568,346.64,0.0449
43420,5427,9.9709636e-5,0.878183,2.4065,232.39,0.0140
43430,5428,9.970952e-5,0.937878,2.5546,134.50,0.0137
43440,5430,9.9709316e-5,0.869810,2.3865,118.33,0.0155
43450,5431,9.9709214e-5,0.847260,2.3332,231.32,0.0125
43460,5432,9.97091e-5,0.808080,2.2436,136.29,0.0126
43470,5433,9.9708996e-5,0.847648,2.3341,232.89,0.0124
43480,5435,9.970878e-5,0.864039,2.3727,161.17,0.0131
43490,5436,9.9708675e-5,0.870234,2.3875,101.53,0.0142
43500,5437,9.970856e-5,0.786628,2.1960,140.91,0.0124
43510,5438,9.970846e-5,0.931324,2.5379,389.70,0.0326
43520,5440,9.970824e-5,0.899688,2.4588,126.90,0.0133
43530,5441,9.970814e-5,1.019246,2.7711,121.66,0.0143
43540,5442,9.970802e-5,0.858669,2.3600,120.40,0.0140
43550,5443,9.970792e-5,0.853752,2.3484,160.51,0.0132
43560,5445,9.97077e-5,0.871774,2.3911,118.27,0.0147
43570,5446,9.97076e-5,0.952592,2.5924,172.80,0.0155
43580,5447,9.97075e-5,0.877027,2.4037,113.65,0.0146
43590,5448,9.970738e-5,0.896849,2.4519,141.81,0.0159
43600,5450,9.970716e-5,0.976017,2.6539,120.86,0.0143
43610,5451,9.970706e-5,0.845436,2.3290,322.38,0.0580
43620,5452,9.970696e-5,0.951769,2.5903,150.36,0.0134
43630,5453,9.970684e-5,0.906239,2.4750,105.89,0.0138
43640,5455,9.970664e-5,0.872168,2.3921,109.60,0.0141
43650,5456,9.970652e-5,0.898840,2.4568,97.08,0.0139
43660,5457,9.970642e-5,0.902136,2.4649,120.30,0.0140
43670,5458,9.97063e-5,0.841637,2.3202,102.40,0.0145
43680,5460,9.97061e-5,0.933056,2.5423,142.03,0.0141
43690,5461,9.970598e-5,0.835428,2.3058,98.44,0.0150
43700,5462,9.970588e-5,0.886567,2.4268,65.88,0.0176
43710,5463,9.970578e-5,0.875602,2.4003,341.84,0.0445
43720,5465,9.970556e-5,0.988264,2.6866,146.38,0.0135
43730,5466,9.9705445e-5,0.888489,2.4315,200.19,0.0128
43740,5467,9.970534e-5,0.900099,2.4598,177.96,0.0142
43750,5468,9.970523e-5,0.893418,2.4435,124.79,0.0143
43760,5470,9.970502e-5,0.913613,2.4933,134.34,0.0168
43770,5471,9.970491e-5,0.942700,2.5669,93.71,0.0144
43780,5472,9.970479e-5,0.883477,2.4193,107.16,0.0153
43790,5473,9.970469e-5,0.859424,2.3618,129.42,0.0131
43800,5475,9.970447e-5,0.880843,2.4129,133.29,0.0135
43810,5476,9.970437e-5,0.941967,2.5650,405.82,0.0316
43820,5477,9.9704266e-5,0.881290,2.4140,124.60,0.0141
43830,5478,9.970415e-5,0.910533,2.4856,295.11,0.0128
43840,5480,9.9703946e-5,0.900228,2.4602,179.91,0.0131
43850,5481,9.970383e-5,0.862159,2.3683,87.25,0.0148
43860,5482,9.970373e-5,0.871268,2.3899,134.03,0.0136
43870,5483,9.970361e-5,0.888626,2.4318,206.83,0.0125
43880,5485,9.970339e-5,0.928625,2.5310,103.65,0.0144
43890,5486,9.970329e-5,0.883060,2.4183,91.93,0.0143
43900,5487,9.970319e-5,0.923416,2.5179,144.55,0.0140
43910,5488,9.970307e-5,0.930188,2.5350,397.38,0.0322
43920,5490,9.9702855e-5,0.891108,2.4378,134.97,0.0135
43930,5491,9.970275e-5,0.962478,2.6182,234.14,0.0161
43940,5492,9.970264e-5,1.085160,2.9599,124.90,0.0145
43950,5493,9.9702534e-5,0.838709,2.3134,261.44,0.0125
43960,5495,9.9702316e-5,0.910431,2.4854,136.62,0.0132
43970,5496,9.9702214e-5,0.835450,2.3059,200.91,0.0130
43980,5497,9.97021e-5,0.916619,2.5008,151.17,0.0133
43990,5498,9.9701996e-5,0.924770,2.5213,111.11,0.0152
44000,5500,9.970178e-5,0.982973,2.6724,111.35,0.0146
44010,5501,9.970166e-5,0.826298,2.2848,371.03,0.0383
44020,5502,9.970156e-5,0.893950,2.4448,98.17,0.0148
44030,5503,9.970144e-5,0.877197,2.4042,167.44,0.0131
44040,5505,9.970124e-5,0.871682,2.3909,128.49,0.0132
44050,5506,9.970112e-5,0.976608,2.6554,87.18,0.0165
44060,5507,9.970102e-5,0.804990,2.2367,127.63,0.0134
44070,5508,9.9700905e-5,0.868542,2.3834,104.37,0.0140
44080,5510,9.970069e-5,0.863658,2.3718,150.59,0.0132
44090,5511,9.9700585e-5,0.856354,2.3546,106.24,0.0140
44100,5512,9.970047e-5,0.838824,2.3136,119.09,0.0134
44110,5513,9.9700366e-5,0.832700,2.2995,359.42,0.0401
44120,5515,9.970015e-5,0.867529,2.3810,80.44,0.0151
44130,5516,9.9700046e-5,0.923675,2.5185,119.64,0.0143
44140,5517,9.969993e-5,0.985652,2.6796,188.84,0.0135
44150,5518,9.969981e-5,0.851622,2.3434,135.43,0.0135
44160,5520,9.969961e-5,0.866024,2.3774,223.43,0.0126
44170,5521,9.969949e-5,0.946031,2.5755,87.42,0.0147
44180,5522,9.969939e-5,0.944643,2.5719,111.68,0.0138
44190,5523,9.969929e-5,0.877932,2.4059,159.40,0.0133
44200,5525,9.969906e-5,0.882618,2.4172,83.93,0.0163
44210,5526,9.9698955e-5,0.885477,2.4241,417.96,0.0311
44220,5527,9.969884e-5,0.879218,2.4090,120.80,0.0140
44230,5528,9.969874e-5,0.916106,2.4995,98.59,0.0149
44240,5530,9.969852e-5,0.799116,2.2236,91.76,0.0147
44250,5531,9.96984e-5,0.895549,2.4487,143.47,0.0135
44260,5532,9.96983e-5,0.863591,2.3717,87.12,0.0153
44270,5533,9.969818e-5,0.883252,2.4188,104.96,0.0154
44280,5535,9.969798e-5,0.910152,2.4847,147.36,0.0133
44290,5536,9.969786e-5,0.907939,2.4792,88.96,0.0150
44300,5537,9.969775e-5,0.892300,2.4407,125.46,0.0135
44310,5538,9.9697645e-5,0.932320,2.5404,333.95,0.0470
44320,5540,9.969743e-5,1.013954,2.7565,112.18,0.0143
44330,5541,9.9697325e-5,0.860478,2.3643,113.88,0.0143
44340,5542,9.969721e-5,0.897247,2.4528,152.53,0.0137
44350,5543,9.969709e-5,0.874891,2.3986,264.34,0.0125
44360,5545,9.9696874e-5,0.857146,2.3564,101.55,0.0145
44370,5546,9.969677e-5,0.973940,2.6484,373.84,0.0122
44380,5547,9.969667e-5,0.918776,2.5062,119.23,0.0135
44390,5548,9.9696554e-5,0.919784,2.5087,171.00,0.0135
44400,5550,9.9696335e-5,0.866586,2.3788,157.98,0.0129
44410,5551,9.969622e-5,0.872893,2.3938,341.06,0.0429
44420,5552,9.969612e-5,0.849830,2.3392,188.08,0.0159
44430,5553,9.9696015e-5,0.875638,2.4004,98.89,0.0143
44440,5555,9.969578e-5,0.898200,2.4552,112.88,0.0142
44450,5556,9.969568e-5,0.892565,2.4414,128.37,0.0136
44460,5557,9.9695564e-5,0.881660,2.4149,145.03,0.0134
44470,5558,9.969546e-5,0.845842,2.3299,248.34,0.0123
44480,5560,9.9695244e-5,0.851268,2.3426,118.75,0.0142
44490,5561,9.969513e-5,0.939920,2.5598,99.43,0.0148
44500,5562,9.9695026e-5,0.900972,2.4620,119.16,0.0147
44510,5563,9.969491e-5,0.904792,2.4714,342.35,0.0452
44520,5565,9.969469e-5,0.923822,2.5189,233.08,0.0126
44530,5566,9.969459e-5,0.844558,2.3269,174.91,0.0129
44540,5567,9.969447e-5,0.834722,2.3042,148.37,0.0138
44550,5568,9.9694356e-5,0.831345,2.2964,94.74,0.0140
44560,5570,9.969414e-5,0.845637,2.3295,193.32,0.0136
44570,5571,9.9694036e-5,0.848577,2.3363,179.82,0.0130
44580,5572,9.9693934e-5,0.946294,2.5761,149.69,0.0132
44590,5573,9.969382e-5,0.873895,2.3962,118.65,0.0140
44600,5575,9.96936e-5,0.916223,2.4998,195.77,0.0144
44610,5576,9.969348e-5,0.910665,2.4860,397.69,0.0340
44620,5577,9.969338e-5,0.934939,2.5471,108.29,0.0138
44630,5578,9.9693265e-5,0.913679,2.4935,174.43,0.0137
44640,5580,9.969305e-5,0.939935,2.5598,138.78,0.0141
44650,5581,9.969293e-5,0.941098,2.5628,163.04,0.0133
44660,5582,9.969283e-5,0.934336,2.5455,142.59,0.0133
44670,5583,9.969271e-5,0.865147,2.3754,129.17,0.0136
44680,5585,9.9692494e-5,0.841998,2.3210,142.20,0.0137
44690,5586,9.969238e-5,0.869838,2.3865,117.53,0.0146
44700,5587,9.9692275e-5,0.956859,2.6035,250.58,0.0128
44710,5588,9.969217e-5,0.803620,2.2336,390.68,0.0339
44720,5590,9.969194e-5,0.892033,2.4401,90.72,0.0149
44730,5591,9.969184e-5,0.839439,2.3151,182.89,0.0136
44740,5592,9.969172e-5,0.892187,2.4405,150.01,0.0149
44750,5593,9.969162e-5,0.912622,2.4908,99.19,0.0148
44760,5595,9.96914e-5,0.871125,2.3896,166.97,0.0134
44770,5596,9.9691286e-5,0.914729,2.4961,132.63,0.0137
44780,5597,9.9691184e-5,0.901024,2.4621,136.57,0.0132
44790,5598,9.969107e-5,0.865521,2.3762,163.77,0.0127
44800,5600,9.969085e-5,0.883143,2.4185,80.45,0.0151
44810,5601,9.969073e-5,0.814026,2.2570,356.95,0.0414
44820,5602,9.969063e-5,0.942232,2.5657,231.91,0.0202
44830,5603,9.9690515e-5,0.907243,2.4775,119.41,0.0138
44840,5605,9.9690296e-5,0.983518,2.6738,141.52,0.0138
44850,5606,9.969018e-5,0.851123,2.3423,141.39,0.0133
44860,5607,9.969008e-5,0.902952,2.4669,75.33,0.0162
44870,5608,9.968996e-5,0.883702,2.4198,156.72,0.0132
44880,5610,9.968974e-5,0.884834,2.4226,136.48,0.0157
44890,5611,9.968963e-5,0.879798,2.4104,158.19,0.0139
44900,5612,9.9689525e-5,0.940561,2.5614,103.22,0.0145
44910,5613,9.968941e-5,0.936516,2.5511,386.15,0.0340
44920,5615,9.968919e-5,0.874459,2.3976,97.64,0.0151
44930,5616,9.9689074e-5,0.841208,2.3192,184.04,0.0122
44940,5617,9.968897e-5,0.878137,2.4064,124.20,0.0140
44950,5618,9.9688856e-5,0.941966,2.5650,98.90,0.0155
44960,5620,9.968864e-5,0.975368,2.6521,173.77,0.0133
44970,5621,9.968852e-5,0.874159,2.3969,126.33,0.0155
44980,5622,9.968842e-5,0.885877,2.4251,152.39,0.0136
44990,5623,9.96883e-5,0.983665,2.6742,193.48,0.0135
45000,5625,9.9688084e-5,0.938723,2.5567,94.80,0.0157
45010,5626,9.968797e-5,0.863326,2.3710,3233.10,0.2765
45020,5627,9.968785e-5,0.920736,2.5111,241.82,0.0193
45030,5628,9.968775e-5,0.953284,2.5942,133.93,0.0137
45040,5630,9.968752e-5,0.972695,2.6451,118.90,0.0138
45050,5631,9.9687415e-5,0.757456,2.1328,93.51,0.0136
45060,5632,9.968731e-5,0.881155,2.4137,91.89,0.0146
45070,5633,9.96872e-5,0.912823,2.4913,280.02,0.0187
45080,5635,9.968698e-5,0.836334,2.3079,132.23,0.0131
45090,5636,9.968686e-5,0.892247,2.4406,166.71,0.0123
45100,5637,9.9686746e-5,0.860742,2.3649,99.20,0.0149
45110,5638,9.9686644e-5,0.944521,2.5716,429.57,0.0341
45120,5640,9.9686426e-5,0.856850,2.3557,129.63,0.0137
45130,5641,9.968631e-5,0.915630,2.4983,110.27,0.0142
45140,5642,9.968619e-5,0.933379,2.5431,142.33,0.0134
45150,5643,9.968609e-5,0.934375,2.5456,110.19,0.0140
45160,5645,9.968586e-5,0.884890,2.4227,142.25,0.0129
45170,5646,9.9685756e-5,0.927056,2.5271,155.93,0.0139
45180,5647,9.968564e-5,0.950689,2.5875,87.76,0.0149
45190,5648,9.968552e-5,0.869279,2.3852,90.25,0.0155
45200,5650,9.9685305e-5,0.961012,2.6143,150.13,0.0135
