step,batch,lr,loss,perplexity,ms_per_step,s_per_norm_seq
10,2,2.6666667e-6,5.960798,387.9195,721.52,0.0816
20,5,6.6666666e-6,5.785911,325.6785,768.72,0.0705
30,7,9.333333e-6,5.538980,254.4184,686.85,0.0770
40,10,1.3333333e-5,5.245687,189.7461,543.12,0.0714
50,12,1.6e-5,4.947287,140.7925,601.17,0.0751
60,15,2e-5,4.538356,93.5369,519.53,0.0829
70,17,2.2666667e-5,4.288025,72.8225,595.26,0.0738
80,20,2.6666667e-5,4.077553,59.0009,534.22,0.0856
90,22,2.933333e-5,3.921122,50.4570,641.57,0.0751
100,25,3.3333334e-5,3.721804,41.3389,612.29,0.0687
110,27,3.6e-5,3.572283,35.5978,903.09,0.1066
110,27,3.6e-5,3.570832,35.5461,3343.41,0.3946
110,27,3.6e-5,3.583467,35.9981,3509.30,0.4141
120,30,4e-5,3.434844,31.0266,867.41,0.0748
130,32,4.2666667e-5,3.356218,28.6805,639.00,0.0838
140,35,4.6666664e-5,3.207185,24.7094,468.19,0.0837
150,37,4.9333332e-5,3.092004,22.0212,513.97,0.0842
160,40,5.3333333e-5,3.007543,20.2376,707.06,0.0807
170,42,5.5999997e-5,2.912058,18.3946,590.57,0.0868
180,45,6.0000002e-5,2.932147,18.7679,733.03,0.0745
190,47,6.2666666e-5,2.731026,15.3486,781.08,0.0833
200,50,6.666667e-5,2.707686,14.9945,772.55,0.0840
210,52,6.933333e-5,2.633529,13.9228,1031.95,0.1052
220,55,7.3333336e-5,2.599211,13.4531,1014.89,0.0870
230,57,7.6e-5,2.566397,13.0188,1529.75,0.0769
240,60,8e-5,2.479209,11.9318,956.06,0.0779
250,62,8.2666666e-5,2.471387,11.8389,696.08,0.0836
260,65,8.666667e-5,2.433211,11.3954,464.06,0.0776
270,67,8.933333e-5,2.334619,10.3255,751.12,0.0829
280,70,9.333333e-5,2.334077,10.3199,726.01,0.0862
290,72,9.5999996e-5,2.285890,9.8344,658.23,0.0858
300,75,1e-4,2.311347,10.0880,521.27,0.0841
310,77,1.02666665e-4,2.295832,9.9327,1325.79,0.0913
320,80,1.0666667e-4,2.172097,8.7767,960.34,0.0810
330,82,1.09333334e-4,2.188371,8.9207,1112.27,0.0782
340,85,1.1333333e-4,2.159283,8.6649,1022.13,0.0782
350,87,1.15999996e-4,2.172874,8.7835,850.94,0.0844
360,90,1.20000004e-4,2.101809,8.1810,846.31,0.0830
370,92,1.2266666e-4,2.108332,8.2345,830.31,0.0813
380,95,1.2666667e-4,2.068787,7.9152,544.43,0.0821
390,97,1.2933332e-4,2.058988,7.8380,779.60,0.0791
400,100,1.3333333e-4,2.021875,7.5525,656.11,0.0821
410,102,1.36e-4,2.065224,7.8871,1044.95,0.1032
420,105,1.3999999e-4,2.087886,8.0678,1277.90,0.0792
430,107,1.4266666e-4,2.098968,8.1577,2188.40,0.0586
440,110,1.4666667e-4,2.067662,7.9063,851.69,0.0853
450,112,1.4933333e-4,2.008483,7.4520,558.17,0.0807
460,115,1.5333333e-4,2.048048,7.7527,986.30,0.0809
470,117,1.56e-4,1.958137,7.0861,492.27,0.0918
480,120,1.6e-4,1.987331,7.2960,720.27,0.0809
490,122,1.6266666e-4,1.963693,7.1256,880.38,0.0814
500,125,1.6666666e-4,1.835237,6.2666,896.28,0.0813
510,127,1.6933333e-4,1.929238,6.8843,999.56,0.1118
520,130,1.7333333e-4,1.864776,6.4545,424.25,0.0878
530,132,1.76e-4,1.929658,6.8872,517.32,0.0807
540,135,1.7999999e-4,1.874474,6.5174,568.39,0.0816
550,137,1.8266667e-4,1.841123,6.3036,602.40,0.0826
560,140,1.8666666e-4,1.867685,6.4733,652.56,0.0817
570,142,1.8933332e-4,1.832490,6.2494,850.38,0.0790
580,145,1.9333333e-4,1.816465,6.1501,688.44,0.0852
590,147,1.96e-4,1.819847,6.1709,825.19,0.0863
600,150,1.9999954e-4,1.811116,6.1173,892.05,0.0838
610,152,1.9999954e-4,1.892964,6.6390,1658.32,0.0924
620,155,1.9999954e-4,1.860473,6.4268,1070.69,0.0819
630,157,1.9999951e-4,1.778190,5.9191,1029.04,0.0747
640,160,1.9999949e-4,1.754279,5.7793,917.85,0.0822
650,162,1.9999949e-4,1.800227,6.0510,756.28,0.0811
660,165,1.9999946e-4,1.785967,5.9653,1259.75,0.0792
670,167,1.9999946e-4,1.776630,5.9099,852.80,0.0839
680,170,1.9999943e-4,1.744997,5.7259,1175.43,0.0860
690,172,1.9999943e-4,1.685097,5.3930,732.61,0.0786
700,175,1.999994e-4,1.903983,6.7126,442.53,0.0860
710,177,1.9999937e-4,1.714870,5.5560,770.35,0.1225
720,180,1.9999937e-4,1.720310,5.5863,676.59,0.1030
730,182,1.9999934e-4,1.672062,5.3231,618.92,0.0815
740,185,1.9999934e-4,1.720578,5.5878,1264.13,0.0635
750,187,1.9999931e-4,1.723580,5.6046,955.95,0.0969
760,190,1.9999928e-4,1.694363,5.4432,756.17,0.0820
770,192,1.9999928e-4,1.786225,5.9669,1099.00,0.0691
780,195,1.9999925e-4,1.717770,5.5721,787.28,0.0937
790,197,1.9999922e-4,1.729684,5.6389,889.60,0.0906
800,200,1.999992e-4,1.729066,5.6354,873.95,0.0832
810,202,1.999992e-4,1.630692,5.1074,1048.40,0.1297
820,205,1.9999917e-4,1.701981,5.4848,790.77,0.0811
830,207,1.9999917e-4,1.664153,5.2812,763.84,0.0863
840,210,1.9999914e-4,1.685290,5.3940,750.93,0.0823
850,212,1.9999914e-4,1.657793,5.2477,1062.30,0.0807
860,215,1.9999908e-4,1.712794,5.5444,788.30,0.0840
870,217,1.9999908e-4,1.657389,5.2456,561.70,0.0836
880,220,1.9999905e-4,1.619714,5.0516,809.67,0.1023
890,222,1.9999905e-4,1.694687,5.4449,814.85,0.0878
900,225,1.9999899e-4,1.617799,5.0420,464.99,0.0877
910,227,1.9999899e-4,1.638701,5.1485,921.59,0.1094
920,230,1.9999896e-4,1.601079,4.9584,684.64,0.0799
930,232,1.9999893e-4,1.562490,4.7707,886.29,0.0802
940,235,1.999989e-4,1.643965,5.1756,1065.28,0.0792
950,237,1.9999887e-4,1.545555,4.6906,806.40,0.0858
960,240,1.9999887e-4,1.563062,4.7734,736.01,0.0786
970,242,1.9999885e-4,1.548706,4.7054,812.67,0.0751
980,245,1.9999882e-4,1.591256,4.9099,1566.47,0.0836
990,247,1.9999879e-4,1.610186,5.0037,1174.50,0.0860
1000,250,1.9999876e-4,1.554488,4.7327,631.15,0.0775
1010,252,1.9999876e-4,1.605859,4.9821,1270.20,0.1172
1020,255,1.9999873e-4,1.632101,5.1146,692.13,0.0818
1030,257,1.999987e-4,1.608577,4.9957,919.61,0.0776
1040,260,1.9999867e-4,1.560513,4.7613,618.48,0.1075
1050,262,1.9999864e-4,1.591317,4.9102,761.23,0.0849
1060,265,1.9999861e-4,1.658604,5.2520,549.59,0.0822
1070,267,1.9999858e-4,1.528228,4.6100,1212.86,0.0731
1080,270,1.9999855e-4,1.590640,4.9069,662.40,0.1140
1090,272,1.9999855e-4,1.587169,4.8899,995.11,0.0837
1100,275,1.9999853e-4,1.627939,5.0934,665.63,0.0829
1110,277,1.999985e-4,1.542377,4.6757,1252.74,0.1062
1120,280,1.9999847e-4,1.609292,4.9993,645.35,0.0815
1130,282,1.9999844e-4,1.526230,4.6008,816.87,0.0778
1140,285,1.9999838e-4,1.547805,4.7011,1130.16,0.0863
1150,287,1.9999838e-4,1.476876,4.3792,1030.85,0.0746
1160,290,1.9999835e-4,1.525590,4.5979,833.27,0.0794
1170,292,1.9999832e-4,1.539819,4.6637,814.69,0.1054
1180,295,1.9999829e-4,1.533011,4.6321,584.27,0.0838
1190,297,1.9999826e-4,1.529663,4.6166,643.93,0.0773
1200,300,1.9999823e-4,1.504023,4.4998,720.98,0.0871
1210,302,1.999982e-4,1.553831,4.7296,1136.53,0.1189
1220,305,1.9999818e-4,1.488948,4.4324,1005.61,0.0742
1230,307,1.9999815e-4,1.515045,4.5496,618.16,0.0805
1240,310,1.9999812e-4,1.568751,4.8006,1228.80,0.0874
1250,312,1.9999809e-4,1.646969,5.1912,540.82,0.0920
1260,315,1.9999806e-4,1.480183,4.3938,1006.24,0.0778
1270,317,1.9999803e-4,1.599334,4.9497,1038.66,0.0937
1280,320,1.9999797e-4,1.492244,4.4471,588.96,0.0878
1290,322,1.9999794e-4,1.541169,4.6700,942.18,0.0834
1300,325,1.9999791e-4,1.479752,4.3919,595.32,0.0889
1310,327,1.9999788e-4,1.468450,4.3425,1392.16,0.0939
1320,330,1.9999786e-4,1.542095,4.6744,804.39,0.0806
1330,332,1.9999783e-4,1.526492,4.6020,493.76,0.0873
1340,335,1.999978e-4,1.462890,4.3184,597.57,0.0986
1350,337,1.9999777e-4,1.522626,4.5842,717.98,0.0819
1360,340,1.9999774e-4,1.393509,4.0290,893.14,0.0728
1370,342,1.9999768e-4,1.388121,4.0073,861.50,0.0878
1380,345,1.9999765e-4,1.508732,4.5210,581.98,0.0905
1390,347,1.9999762e-4,1.432467,4.1890,1067.02,0.0824
1400,350,1.9999756e-4,1.538197,4.6562,335.25,0.0887
1410,352,1.9999756e-4,1.429262,4.1756,742.84,0.1265
1420,355,1.999975e-4,1.532506,4.6298,665.65,0.0905
1430,357,1.9999748e-4,1.513716,4.5436,939.73,0.0823
1440,360,1.9999745e-4,1.440963,4.2248,487.56,0.0875
1450,362,1.9999742e-4,1.447813,4.2538,725.52,0.0911
1460,365,1.9999736e-4,1.464432,4.3251,788.36,0.0974
1470,367,1.9999733e-4,1.435445,4.2015,1125.01,0.0835
1480,370,1.999973e-4,1.496324,4.4652,1188.12,0.0969
1490,372,1.9999727e-4,1.439147,4.2171,858.96,0.0818
1500,375,1.9999724e-4,1.452197,4.2725,892.94,0.0811
1510,377,1.9999719e-4,1.421198,4.1421,1048.73,0.1241
1520,380,1.9999716e-4,1.410644,4.0986,302.35,0.0880
1530,382,1.9999713e-4,1.416802,4.1239,672.60,0.0769
1540,385,1.9999707e-4,1.449817,4.2623,1125.14,0.0767
1550,387,1.9999704e-4,1.457235,4.2941,1002.04,0.0935
1560,390,1.9999701e-4,1.441329,4.2263,399.26,0.0879
1570,392,1.9999698e-4,1.394804,4.0342,822.87,0.0806
1580,395,1.9999692e-4,1.431197,4.1837,775.65,0.0863
1590,397,1.999969e-4,1.504416,4.5015,1060.21,0.0859
1600,400,1.9999684e-4,1.487322,4.4252,733.08,0.0793
1610,402,1.9999681e-4,1.392656,4.0255,817.90,0.1365
1620,405,1.9999675e-4,1.438517,4.2144,1080.75,0.0854
1630,407,1.9999672e-4,1.460510,4.3082,1232.42,0.0767
1640,410,1.9999666e-4,1.465349,4.3291,1298.56,0.0969
1650,412,1.9999666e-4,1.410099,4.0964,595.62,0.0828
1660,415,1.999966e-4,1.341070,3.8231,524.64,0.0799
1670,417,1.9999658e-4,1.385536,3.9970,787.29,0.0872
1680,420,1.9999652e-4,1.392914,4.0266,1256.27,0.0827
1690,422,1.9999649e-4,1.441518,4.2271,707.04,0.0849
1700,425,1.9999643e-4,1.329304,3.7784,620.21,0.0799
1710,427,1.999964e-4,1.337960,3.8113,993.89,0.1243
1720,430,1.9999634e-4,1.454067,4.2805,600.63,0.0863
1730,432,1.9999631e-4,1.475170,4.3718,979.80,0.0819
1740,435,1.9999626e-4,1.454969,4.2844,1148.67,0.0872
1750,437,1.9999623e-4,1.428832,4.1738,662.92,0.0809
1760,440,1.999962e-4,1.341387,3.8243,745.56,0.0817
1770,442,1.9999614e-4,1.405008,4.0756,809.23,0.0986
1780,445,1.9999611e-4,1.443108,4.2338,960.48,0.0790
1790,447,1.9999605e-4,1.416811,4.1239,624.43,0.0819
1800,450,1.9999602e-4,1.342846,3.8299,533.53,0.0840
1810,452,1.9999596e-4,1.445366,4.2434,695.59,0.1699
1820,455,1.999959e-4,1.372722,3.9461,568.15,0.0790
1830,457,1.9999588e-4,1.391282,4.0200,821.98,0.0790
1840,460,1.9999582e-4,1.398897,4.0507,619.95,0.0845
1850,462,1.9999579e-4,1.402598,4.0657,661.00,0.1083
1860,465,1.9999573e-4,1.385283,3.9960,1198.31,0.0723
1870,467,1.999957e-4,1.383114,3.9873,667.92,0.0843
1880,470,1.9999564e-4,1.325724,3.7649,576.62,0.0884
1890,472,1.9999561e-4,1.350280,3.8585,912.25,0.0856
1900,475,1.9999556e-4,1.418553,4.1311,803.53,0.0839
1910,477,1.9999553e-4,1.414317,4.1137,810.12,0.1161
1920,480,1.9999544e-4,1.376166,3.9597,583.76,0.1093
1930,482,1.9999541e-4,1.435096,4.2000,674.25,0.0881
1940,485,1.9999535e-4,1.339399,3.8167,1049.67,0.0824
1950,487,1.9999532e-4,1.400749,4.0582,863.54,0.0982
1960,490,1.9999527e-4,1.510889,4.5308,611.73,0.0816
1970,492,1.9999521e-4,1.360136,3.8967,440.34,0.0823
1980,495,1.9999515e-4,1.398043,4.0473,854.26,0.0813
1990,497,1.9999512e-4,1.431241,4.1839,1155.17,0.0921
2000,500,1.9999506e-4,1.320965,3.7470,704.83,0.0817
2010,502,1.9999503e-4,1.415382,4.1181,1385.48,0.1003
2020,505,1.9999497e-4,1.390994,4.0188,1037.50,0.0884
2030,507,1.9999492e-4,1.445276,4.2430,948.49,0.0781
2040,510,1.9999489e-4,1.426966,4.1660,658.53,0.0886
2050,512,1.9999483e-4,1.250323,3.4915,1000.61,0.0851
2060,515,1.9999477e-4,1.371448,3.9411,1237.63,0.0795
2070,517,1.9999471e-4,1.297418,3.6598,467.12,0.0803
2080,520,1.9999465e-4,1.320823,3.7465,718.32,0.0939
2090,522,1.9999463e-4,1.392884,4.0264,503.17,0.0889
2100,525,1.9999457e-4,1.399570,4.0535,755.38,0.0788
2110,527,1.9999451e-4,1.329346,3.7786,1084.11,0.1103
2120,530,1.9999445e-4,1.383163,3.9875,962.62,0.0918
2130,532,1.9999442e-4,1.299691,3.6682,716.31,0.0763
2140,535,1.9999436e-4,1.330140,3.7816,1030.83,0.0828
2150,537,1.999943e-4,1.402564,4.0656,731.92,0.1051
2160,540,1.9999425e-4,1.363462,3.9097,1327.37,0.0799
2170,542,1.9999422e-4,1.406028,4.0797,832.57,0.0866
2180,545,1.9999413e-4,1.343275,3.8316,822.03,0.1005
2190,547,1.999941e-4,1.349099,3.8540,576.01,0.0888
2200,550,1.9999404e-4,1.308470,3.7005,815.65,0.0846
2210,552,1.9999399e-4,1.318591,3.7382,1066.25,0.1222
2220,555,1.9999393e-4,1.304804,3.6870,1340.78,0.0758
2230,557,1.9999387e-4,1.370560,3.9376,801.33,0.0886
2240,560,1.9999381e-4,1.279458,3.5947,976.69,0.0850
2250,562,1.9999378e-4,1.381046,3.9791,840.42,0.0784
2260,565,1.999937e-4,1.403177,4.0681,585.88,0.0836
2270,567,1.9999366e-4,1.317815,3.7353,749.97,0.0926
2280,570,1.9999358e-4,1.319987,3.7434,680.61,0.0886
2290,572,1.9999355e-4,1.391644,4.0215,1044.41,0.0833
2300,575,1.9999349e-4,1.317830,3.7353,991.36,0.0823
2310,577,1.9999343e-4,1.290336,3.6340,1108.26,0.1059
2320,580,1.9999337e-4,1.391389,4.0204,694.17,0.0884
2330,582,1.9999332e-4,1.423143,4.1501,908.80,0.0883
2340,585,1.9999326e-4,1.316912,3.7319,619.18,0.1064
2350,587,1.999932e-4,1.312651,3.7160,810.85,0.0834
2360,590,1.9999314e-4,1.297022,3.6584,766.87,0.0855
2370,592,1.9999308e-4,1.314087,3.7214,1540.82,0.0842
2380,595,1.99993e-4,1.270277,3.5618,769.36,0.0798
2390,597,1.9999297e-4,1.277107,3.5862,1141.72,0.0783
2400,600,1.9999291e-4,1.340020,3.8191,884.07,0.0822
2410,602,1.9999285e-4,1.219795,3.3865,1380.49,0.0930
2420,605,1.9999276e-4,1.308277,3.6998,744.09,0.1020
2430,607,1.9999273e-4,1.390362,4.0163,1084.88,0.0814
2440,610,1.9999268e-4,1.349157,3.8542,920.27,0.0825
2450,612,1.9999262e-4,1.298314,3.6631,1322.80,0.0799
2460,615,1.9999253e-4,1.339598,3.8175,552.57,0.0839
2470,617,1.999925e-4,1.351152,3.8619,751.05,0.0783
2480,620,1.9999241e-4,1.233275,3.4325,681.13,0.0995
2490,622,1.9999236e-4,1.323440,3.7563,591.02,0.0864
2500,625,1.999923e-4,1.302369,3.6780,680.31,0.0858
2510,627,1.9999224e-4,1.354529,3.8749,1298.72,0.1169
2520,630,1.9999218e-4,1.273594,3.5737,616.32,0.0902
2530,632,1.9999212e-4,1.329877,3.7806,1341.29,0.0797
2540,635,1.9999204e-4,1.355862,3.8801,592.79,0.0892
2550,637,1.99992e-4,1.321149,3.7477,1009.36,0.0849
2560,640,1.9999192e-4,1.335068,3.8003,665.98,0.0848
2570,642,1.9999186e-4,1.321486,3.7490,1050.80,0.0859
2580,645,1.9999177e-4,1.287666,3.6243,1081.83,0.0957
2590,647,1.9999174e-4,1.349313,3.8548,576.31,0.0897
2600,650,1.9999166e-4,1.264942,3.5429,744.35,0.0845
2610,652,1.999916e-4,1.263117,3.5364,1037.03,0.1258
2620,655,1.9999154e-4,1.231904,3.4277,574.78,0.0842
2630,657,1.9999148e-4,1.394167,4.0316,775.83,0.0900
2640,660,1.999914e-4,1.284478,3.6128,788.63,0.0928
2650,662,1.9999137e-4,1.289577,3.6312,715.19,0.0885
2660,665,1.9999128e-4,1.352779,3.8682,670.20,0.0844
2670,667,1.9999122e-4,1.510524,4.5291,1200.42,0.0739
2680,670,1.9999113e-4,1.291580,3.6385,1190.69,0.0830
2690,672,1.9999107e-4,1.279503,3.5949,831.77,0.0792
2700,675,1.9999102e-4,1.239008,3.4522,679.53,0.0800
2710,677,1.9999096e-4,1.441246,4.2260,1489.04,0.1035
2720,680,1.9999087e-4,1.351642,3.8638,878.00,0.0869
2730,682,1.9999081e-4,1.372530,3.9453,1682.11,0.0926
2740,685,1.9999073e-4,1.246647,3.4787,553.86,0.0837
2750,687,1.999907e-4,1.266191,3.5473,842.35,0.0766
2760,690,1.9999061e-4,1.271247,3.5653,821.63,0.0962
2770,692,1.9999055e-4,1.267922,3.5535,764.89,0.0808
2780,695,1.9999046e-4,1.276490,3.5840,918.51,0.0812
2790,697,1.999904e-4,1.320394,3.7449,588.80,0.0851
2800,700,1.9999032e-4,1.310835,3.7093,812.82,0.0950
2810,702,1.9999029e-4,1.322756,3.7538,1093.30,0.0983
2820,705,1.999902e-4,1.213868,3.3665,593.36,0.0791
2830,707,1.9999014e-4,1.285453,3.6163,793.16,0.1040
2840,710,1.9999006e-4,1.290451,3.6344,676.04,0.0853
2850,712,1.9999e-4,1.335314,3.8012,545.89,0.0884
2860,715,1.9998991e-4,1.253695,3.5033,856.85,0.0805
2870,717,1.9998985e-4,1.299300,3.6667,1589.88,0.0821
2880,720,1.9998976e-4,1.216030,3.3738,816.36,0.0827
2890,722,1.999897e-4,1.301020,3.6730,975.96,0.0971
2900,725,1.9998962e-4,1.404877,4.0750,836.74,0.0860
2910,727,1.9998956e-4,1.274800,3.5780,1164.82,0.0929
2920,730,1.9998947e-4,1.239486,3.4538,874.28,0.1015
2930,732,1.9998942e-4,1.323765,3.7575,550.46,0.0886
2940,735,1.9998933e-4,1.299212,3.6664,856.00,0.0849
2950,737,1.9998927e-4,1.339023,3.8153,804.34,0.0894
2960,740,1.9998918e-4,1.338144,3.8120,1140.76,0.0899
2970,742,1.9998912e-4,1.276361,3.5836,885.12,0.0827
2980,745,1.9998904e-4,1.279367,3.5944,744.59,0.0837
2990,747,1.9998901e-4,1.303226,3.6812,1161.40,0.0950
3000,750,1.9998889e-4,1.271532,3.5663,1058.89,0.0809
3010,752,1.9998883e-4,1.226465,3.4092,1070.36,0.1286
3020,755,1.9998875e-4,1.252737,3.4999,815.68,0.0813
3030,757,1.9998869e-4,1.231605,3.4267,781.42,0.0834
3040,760,1.999886e-4,1.279949,3.5965,480.08,0.0913
3050,762,1.9998854e-4,1.290448,3.6344,1531.34,0.0746
3060,765,1.9998846e-4,1.282579,3.6059,922.98,0.0837
3070,767,1.999884e-4,1.258783,3.5211,699.19,0.0983
3080,770,1.9998831e-4,1.251009,3.4939,980.71,0.0779
3090,772,1.9998825e-4,1.309669,3.7049,646.66,0.0872
3100,775,1.9998814e-4,1.272900,3.5712,552.74,0.0816
3110,777,1.999881e-4,1.287118,3.6223,1081.15,0.1214
3120,780,1.9998799e-4,1.321081,3.7475,607.42,0.0968
3130,782,1.9998793e-4,1.260839,3.5284,461.27,0.0872
3140,785,1.9998784e-4,1.274205,3.5759,675.97,0.0859
3150,787,1.9998779e-4,1.281661,3.6026,620.97,0.1017
3160,790,1.999877e-4,1.283545,3.6094,518.81,0.0869
3170,792,1.9998761e-4,1.296428,3.6562,1159.39,0.0812
3180,795,1.9998752e-4,1.347638,3.8483,926.74,0.0935
3190,797,1.9998747e-4,1.253843,3.5038,998.56,0.0840
3200,800,1.9998735e-4,1.215685,3.3726,923.60,0.0791
3210,802,1.9998729e-4,1.272690,3.5704,1389.18,0.1096
3220,805,1.999872e-4,1.299583,3.6678,789.87,0.0835
3230,807,1.9998715e-4,1.252632,3.4995,687.46,0.0837
3240,810,1.9998706e-4,1.185670,3.2729,1101.74,0.0880
3250,812,1.99987e-4,1.270223,3.5616,1034.44,0.0800
3260,815,1.9998688e-4,1.265114,3.5435,1034.51,0.0846
3270,817,1.9998683e-4,1.406591,4.0820,1332.04,0.0778
3280,820,1.9998674e-4,1.251474,3.4955,421.66,0.0847
3290,822,1.9998668e-4,1.263211,3.5368,576.98,0.0825
3300,825,1.9998656e-4,1.251053,3.4940,603.34,0.0942
3310,827,1.999865e-4,1.224730,3.4032,855.18,0.1295
3320,830,1.9998639e-4,1.236843,3.4447,757.58,0.0844
3330,832,1.9998633e-4,1.253004,3.5008,715.72,0.0835
3340,835,1.9998624e-4,1.159197,3.1874,704.21,0.1070
3350,837,1.9998619e-4,1.288449,3.6272,965.54,0.0833
3360,840,1.9998607e-4,1.202485,3.3284,450.55,0.0879
3370,842,1.9998601e-4,1.204552,3.3353,576.44,0.0804
3380,845,1.999859e-4,1.361233,3.9010,1646.11,0.0731
3390,847,1.9998584e-4,1.241865,3.4621,852.60,0.0804
3400,850,1.9998575e-4,1.232426,3.4295,583.20,0.0815
3410,852,1.9998566e-4,1.220317,3.3883,1193.02,0.1098
3420,855,1.9998557e-4,1.247113,3.4803,595.12,0.0816
3430,857,1.9998552e-4,1.261939,3.5323,771.38,0.0801
3440,860,1.999854e-4,1.297806,3.6613,637.11,0.1041
3450,862,1.9998534e-4,1.199958,3.3200,582.39,0.0881
3460,865,1.9998525e-4,1.305002,3.6877,1132.33,0.0815
3470,867,1.9998517e-4,1.212591,3.3622,423.46,0.0858
3480,870,1.9998508e-4,1.298440,3.6636,703.64,0.1023
3490,872,1.9998499e-4,1.261693,3.5314,1489.09,0.0884
3500,875,1.999849e-4,1.246531,3.4783,732.63,0.0840
3510,877,1.9998482e-4,1.287494,3.6237,1133.32,0.1187
3520,880,1.9998473e-4,1.498474,4.4749,1442.63,0.0702
3530,882,1.9998464e-4,1.243953,3.4693,1204.84,0.0856
3540,885,1.9998456e-4,1.218899,3.3835,945.22,0.0767
3550,887,1.9998447e-4,1.281366,3.6016,787.22,0.0797
3560,890,1.9998435e-4,1.327389,3.7712,482.27,0.0868
3570,892,1.999843e-4,1.236300,3.4429,766.18,0.1002
3580,895,1.9998418e-4,1.211023,3.3569,585.23,0.0852
3590,897,1.9998412e-4,1.252841,3.5003,782.99,0.0859
3600,900,1.99984e-4,1.262591,3.5346,572.53,0.0837
3610,902,1.9998394e-4,1.256304,3.5124,901.34,0.1383
3620,905,1.9998383e-4,1.293787,3.6466,984.87,0.0713
3630,907,1.9998377e-4,1.298860,3.6651,688.64,0.0847
3640,910,1.9998365e-4,1.304497,3.6858,760.13,0.0983
3650,912,1.999836e-4,1.206877,3.3430,912.39,0.0790
3660,915,1.9998348e-4,1.273645,3.5739,805.17,0.0787
3670,917,1.9998339e-4,1.236674,3.4441,906.18,0.1050
3680,920,1.999833e-4,1.234533,3.4368,854.13,0.0796
3690,922,1.9998322e-4,1.240047,3.4558,746.74,0.0793
3700,925,1.9998313e-4,1.207503,3.3451,1232.29,0.0896
3710,927,1.9998304e-4,1.187276,3.2781,988.34,0.1056
3720,930,1.9998293e-4,1.229097,3.4181,1157.87,0.0779
3730,932,1.9998287e-4,1.269075,3.5576,1070.54,0.0928
3740,935,1.9998275e-4,1.195404,3.3049,1040.27,0.0808
3750,937,1.9998266e-4,1.300323,3.6705,811.26,0.0923
3760,940,1.9998255e-4,1.221102,3.3909,1179.22,0.0838
3770,942,1.9998249e-4,1.198724,3.3159,663.81,0.0848
3780,945,1.9998237e-4,1.250776,3.4931,851.37,0.0837
3790,947,1.9998229e-4,1.265412,3.5446,1103.90,0.0867
3800,950,1.999822e-4,1.256010,3.5114,600.06,0.0876
3810,952,1.9998211e-4,1.183315,3.2652,1163.01,0.1013
3820,955,1.99982e-4,1.317450,3.7339,799.91,0.0910
3830,957,1.9998194e-4,1.277287,3.5869,847.64,0.0821
3840,960,1.9998182e-4,1.153347,3.1688,535.61,0.0804
3850,962,1.9998173e-4,1.202978,3.3300,1443.68,0.0897
3860,965,1.9998162e-4,1.189876,3.2867,816.96,0.0843
3870,967,1.9998156e-4,1.200921,3.3232,794.77,0.0901
3880,970,1.9998144e-4,1.189857,3.2866,870.33,0.0865
3890,972,1.9998135e-4,1.280754,3.5994,1324.98,0.0853
3900,975,1.9998124e-4,1.208370,3.3480,744.60,0.0919
3910,977,1.9998115e-4,1.172967,3.2316,901.71,0.1097
3920,980,1.9998103e-4,1.235872,3.4414,649.77,0.0902
3930,982,1.9998098e-4,1.264442,3.5411,1014.12,0.0912
3940,985,1.9998086e-4,1.186849,3.2767,765.53,0.0867
3950,987,1.9998077e-4,1.216578,3.3756,1091.62,0.0754
3960,990,1.9998066e-4,1.245897,3.4761,623.76,0.0814
3970,992,1.999806e-4,1.247676,3.4822,1000.72,0.0962
3980,995,1.9998045e-4,1.233527,3.4333,733.27,0.0788
3990,997,1.999804e-4,1.317927,3.7357,815.52,0.0799
4000,1000,1.9998025e-4,1.247004,3.4799,884.84,0.1018
4010,1002,1.9998019e-4,1.453871,4.2797,940.87,0.1043
4020,1005,1.9998007e-4,1.181035,3.2577,502.15,0.0887
4030,1007,1.9997999e-4,1.317878,3.7355,1521.19,0.0886
4040,1010,1.9997987e-4,1.225972,3.4075,970.10,0.0776
4050,1012,1.9997978e-4,1.226113,3.4080,583.09,0.0801
4060,1015,1.9997967e-4,1.249350,3.4881,885.05,0.0946
4070,1017,1.9997958e-4,1.245571,3.4749,986.57,0.0841
4080,1020,1.9997946e-4,1.249551,3.4888,728.58,0.0818
4090,1022,1.9997937e-4,1.259925,3.5252,782.73,0.0863
4100,1025,1.9997926e-4,1.219824,3.3866,595.94,0.1036
4110,1027,1.999792e-4,1.244267,3.4704,791.24,0.1168
4120,1030,1.9997905e-4,1.215105,3.3706,679.98,0.0861
4130,1032,1.9997897e-4,1.205186,3.3374,560.05,0.0911
4140,1035,1.9997885e-4,1.173618,3.2337,763.78,0.0913
4150,1037,1.999788e-4,1.214761,3.3695,481.31,0.0876
4160,1040,1.9997865e-4,1.258457,3.5200,860.67,0.0837
4170,1042,1.9997856e-4,1.265823,3.5460,1133.76,0.0820
4180,1045,1.9997844e-4,1.200693,3.3224,820.34,0.0797
4190,1047,1.9997836e-4,1.268101,3.5541,1028.79,0.0879
4200,1050,1.9997824e-4,1.194422,3.3016,742.30,0.0919
4210,1052,1.9997815e-4,1.228184,3.4150,988.58,0.1113
4220,1055,1.9997804e-4,1.201921,3.3265,895.00,0.0850
4230,1057,1.9997795e-4,1.257489,3.5166,989.52,0.0963
4240,1060,1.9997783e-4,1.219480,3.3854,672.04,0.0854
4250,1062,1.9997775e-4,1.305206,3.6884,787.86,0.0856
4260,1065,1.9997763e-4,1.267913,3.5534,777.70,0.0951
4270,1067,1.9997754e-4,1.244743,3.4720,1187.05,0.0846
4280,1070,1.999774e-4,1.238409,3.4501,740.02,0.0808
4290,1072,1.9997731e-4,1.231988,3.4280,1120.41,0.0940
4300,1075,1.9997719e-4,1.251061,3.4940,848.65,0.0844
4310,1077,1.999771e-4,1.134045,3.1082,1205.91,0.0930
4320,1080,1.9997699e-4,1.254970,3.5077,964.31,0.0990
4330,1082,1.999769e-4,1.274087,3.5754,610.88,0.0821
4340,1085,1.9997676e-4,1.325731,3.7649,1061.85,0.0772
4350,1087,1.9997667e-4,1.353431,3.8707,1656.70,0.0601
4360,1090,1.9997655e-4,1.201567,3.3253,717.27,0.0823
4370,1092,1.9997646e-4,1.194126,3.3007,517.00,0.0918
4380,1095,1.9997635e-4,1.271121,3.5648,1507.02,0.0823
4390,1097,1.9997626e-4,1.308274,3.6998,767.16,0.0859
4400,1100,1.9997612e-4,1.288875,3.6287,1205.67,0.0900
4410,1102,1.9997603e-4,1.269225,3.5581,941.72,0.1140
4420,1105,1.9997591e-4,1.168350,3.2167,574.87,0.0810
4430,1107,1.9997582e-4,1.318308,3.7371,1379.81,0.0907
4440,1110,1.9997568e-4,1.307782,3.6980,951.03,0.0773
4450,1112,1.9997559e-4,1.217804,3.3798,1280.61,0.0881
4460,1115,1.9997547e-4,1.292511,3.6419,696.67,0.0918
4470,1117,1.9997536e-4,1.281145,3.6008,1058.51,0.0796
4480,1120,1.9997524e-4,1.257350,3.5161,563.86,0.0864
4490,1122,1.9997515e-4,1.276129,3.5827,865.86,0.0887
4500,1125,1.9997504e-4,1.185454,3.2722,932.59,0.0816
4510,1127,1.9997495e-4,1.231419,3.4261,793.80,0.1191
4520,1130,1.999748e-4,1.212618,3.3623,858.42,0.1013
4530,1132,1.9997469e-4,1.177101,3.2450,692.12,0.0839
4540,1135,1.9997457e-4,1.183816,3.2668,1002.35,0.0770
4550,1137,1.9997449e-4,1.235706,3.4408,1035.93,0.1025
4560,1140,1.9997434e-4,1.220664,3.3894,719.65,0.0796
4570,1142,1.9997425e-4,1.209049,3.3503,892.99,0.0840
4580,1145,1.9997414e-4,1.191242,3.2912,920.61,0.0905
4590,1147,1.9997405e-4,1.207050,3.3436,899.73,0.0784
4600,1150,1.999739e-4,1.202126,3.3272,1180.15,0.0864
4610,1152,1.9997382e-4,1.206953,3.3433,1257.59,0.1203
4620,1155,1.9997367e-4,1.212352,3.3614,681.82,0.0827
4630,1157,1.9997358e-4,1.180856,3.2572,1042.10,0.0789
4640,1160,1.9997344e-4,1.173013,3.2317,863.39,0.0996
4650,1162,1.9997335e-4,1.312074,3.7139,1292.11,0.0635
4660,1165,1.999732e-4,1.321207,3.7479,1584.10,0.0618
4670,1167,1.9997312e-4,1.283158,3.6080,1021.07,0.0823
4680,1170,1.99973e-4,1.188835,3.2833,975.33,0.0828
4690,1172,1.9997288e-4,1.249915,3.4900,1042.69,0.0868
4700,1175,1.9997274e-4,1.193577,3.2989,1023.79,0.0751
4710,1177,1.9997265e-4,1.142676,3.1351,1261.56,0.1063
4720,1180,1.999725e-4,1.219248,3.3846,1141.61,0.0766
4730,1182,1.9997242e-4,1.282631,3.6061,1420.16,0.0917
4740,1185,1.9997227e-4,1.231214,3.4254,1353.37,0.0801
4750,1187,1.9997219e-4,1.253311,3.5019,699.95,0.0863
4760,1190,1.9997204e-4,1.126386,3.0845,754.16,0.0962
4770,1192,1.9997195e-4,1.200371,3.3213,1083.70,0.0742
4780,1195,1.9997181e-4,1.197410,3.3115,636.50,0.0833
4790,1197,1.9997172e-4,1.176012,3.2414,1007.84,0.0928
4800,1200,1.9997158e-4,1.190050,3.2872,698.04,0.0853
4810,1202,1.9997149e-4,1.222459,3.3955,729.74,0.1176
4820,1205,1.9997134e-4,1.298450,3.6636,1076.67,0.0978
4830,1207,1.9997125e-4,1.320629,3.7458,1052.98,0.0834
4840,1210,1.9997111e-4,1.253653,3.5031,721.96,0.0813
4850,1212,1.9997102e-4,1.179825,3.2538,756.31,0.0970
4860,1215,1.9997088e-4,1.171736,3.2276,473.38,0.0923
4870,1217,1.9997076e-4,1.241094,3.4594,1124.90,0.0784
4880,1220,1.9997061e-4,1.177186,3.2452,732.12,0.0767
4890,1222,1.9997053e-4,1.267926,3.5535,746.20,0.1040
4900,1225,1.9997038e-4,1.172735,3.2308,892.81,0.0858
4910,1227,1.999703e-4,1.184090,3.2677,1202.06,0.1048
4920,1230,1.9997012e-4,1.246410,3.4778,521.91,0.0988
4930,1232,1.9997006e-4,1.181701,3.2599,717.36,0.0789
4940,1235,1.9996989e-4,1.179627,3.2532,738.87,0.0835
4950,1237,1.999698e-4,1.225570,3.4061,566.63,0.0874
4960,1240,1.9996965e-4,1.139325,3.1247,885.69,0.0939
4970,1242,1.9996957e-4,1.253789,3.5036,604.96,0.0787
4980,1245,1.9996939e-4,1.175598,3.2401,676.68,0.0818
4990,1247,1.999693e-4,1.197845,3.3130,598.52,0.0854
5000,1250,1.9996916e-4,1.158775,3.1860,907.95,0.0965
5010,1252,1.9996907e-4,1.191527,3.2921,889.58,0.0997
5020,1255,1.999689e-4,1.212155,3.3607,1044.08,0.0849
5030,1257,1.9996881e-4,1.195357,3.3047,765.46,0.1050
5040,1260,1.9996866e-4,1.261543,3.5309,1069.26,0.0789
5050,1262,1.9996858e-4,1.205054,3.3369,763.45,0.0808
5060,1265,1.999684e-4,1.233679,3.4338,793.20,0.0932
5070,1267,1.9996832e-4,1.234727,3.4374,618.32,0.0793
5080,1270,1.9996817e-4,1.216493,3.3753,599.31,0.0859
5090,1272,1.9996808e-4,1.167484,3.2139,781.95,0.0739
5100,1275,1.9996794e-4,1.135025,3.1113,628.14,0.1120
5110,1277,1.9996782e-4,1.213500,3.3652,861.36,0.1140
5120,1280,1.9996768e-4,1.230245,3.4221,756.03,0.0830
5130,1282,1.9996756e-4,1.208520,3.3485,916.55,0.0813
5140,1285,1.9996741e-4,1.192262,3.2945,762.76,0.0867
5150,1287,1.9996733e-4,1.196473,3.3084,643.71,0.0859
5160,1290,1.9996715e-4,1.221633,3.3927,638.62,0.0855
5170,1292,1.9996706e-4,1.218052,3.3806,701.62,0.0854
5180,1295,1.9996689e-4,1.171439,3.2266,928.91,0.0841
5190,1297,1.999668e-4,1.197565,3.3120,891.00,0.0772
5200,1300,1.9996666e-4,1.172708,3.2307,855.67,0.0857
5210,1302,1.9996654e-4,1.208788,3.3494,760.01,0.1458
5220,1305,1.999664e-4,1.230983,3.4246,784.31,0.0827
5230,1307,1.9996628e-4,1.248763,3.4860,1090.61,0.0772
5240,1310,1.9996613e-4,1.141919,3.1328,679.87,0.1024
5250,1312,1.9996602e-4,1.079528,2.9433,423.45,0.0817
5260,1315,1.9996587e-4,1.120793,3.0673,523.41,0.0840
5270,1317,1.9996575e-4,1.231563,3.4266,689.50,0.0878
5280,1320,1.9996561e-4,1.178407,3.2492,669.40,0.0832
5290,1322,1.9996552e-4,1.205891,3.3397,800.61,0.0930
5300,1325,1.9996535e-4,1.228303,3.4154,717.62,0.0787
5310,1327,1.9996523e-4,1.231776,3.4273,748.68,0.1144
5320,1330,1.9996508e-4,1.181868,3.2605,636.45,0.0919
5330,1332,1.99965e-4,1.225411,3.4056,906.09,0.0868
5340,1335,1.9996482e-4,1.278534,3.5914,590.87,0.0828
5350,1337,1.9996474e-4,1.248523,3.4852,827.69,0.0818
5360,1340,1.9996456e-4,1.110240,3.0351,599.24,0.0926
5370,1342,1.9996444e-4,1.174878,3.2377,895.17,0.0850
5380,1345,1.999643e-4,1.217639,3.3792,991.64,0.0794
5390,1347,1.9996418e-4,1.271828,3.5674,1506.16,0.0923
5400,1350,1.9996404e-4,1.223312,3.3984,949.77,0.0826
5410,1352,1.9996392e-4,1.218082,3.3807,1240.53,0.1124
5420,1355,1.9996375e-4,1.205018,3.3368,1024.93,0.0824
5430,1357,1.9996366e-4,1.281960,3.6037,732.71,0.0910
5440,1360,1.9996351e-4,1.296607,3.6569,1860.70,0.0769
5450,1362,1.999634e-4,1.200621,3.3222,903.30,0.0857
5460,1365,1.9996322e-4,1.167384,3.2136,631.84,0.0935
5470,1367,1.999631e-4,1.189772,3.2863,593.74,0.0979
5480,1370,1.9996296e-4,1.202455,3.3283,758.26,0.0819
5490,1372,1.9996284e-4,1.124387,3.0783,1241.92,0.0770
5500,1375,1.999627e-4,1.094267,2.9870,538.10,0.1144
5510,1377,1.9996258e-4,1.201959,3.3266,1324.12,0.0985
5520,1380,1.9996241e-4,1.226141,3.4081,771.68,0.0805
5530,1382,1.9996229e-4,1.228873,3.4174,1252.40,0.0861
5540,1385,1.9996215e-4,1.190257,3.2879,937.22,0.0879
5550,1387,1.9996203e-4,1.248333,3.4845,848.17,0.0918
5560,1390,1.9996188e-4,1.176951,3.2445,883.95,0.0886
5570,1392,1.9996177e-4,1.196390,3.3082,601.40,0.0833
5580,1395,1.9996159e-4,1.114332,3.0475,469.27,0.0882
5590,1397,1.9996148e-4,1.139193,3.1242,632.53,0.0867
5600,1400,1.999613e-4,1.190394,3.2884,1052.08,0.0848
5610,1402,1.9996121e-4,1.249671,3.4892,1273.55,0.0962
5620,1405,1.9996104e-4,1.214666,3.3692,596.33,0.1055
5630,1407,1.9996092e-4,1.279443,3.5946,533.96,0.0950
5640,1410,1.9996075e-4,1.208378,3.3481,684.70,0.0851
5650,1412,1.9996066e-4,1.260737,3.5280,505.98,0.0799
5660,1415,1.9996049e-4,1.223296,3.3984,1087.61,0.0822
5670,1417,1.9996037e-4,1.146269,3.1464,679.85,0.0864
5680,1420,1.999602e-4,1.162985,3.1995,958.88,0.0806
5690,1422,1.9996008e-4,1.193941,3.3001,567.57,0.0897
5700,1425,1.9995993e-4,1.185972,3.2739,622.88,0.1003
5710,1427,1.9995982e-4,1.139955,3.1266,786.07,0.1244
5720,1430,1.9995964e-4,1.088603,2.9701,515.14,0.0831
5730,1432,1.9995953e-4,1.224964,3.4040,1084.37,0.0837
5740,1435,1.9995935e-4,1.243284,3.4670,798.39,0.0939
5750,1437,1.9995924e-4,1.278482,3.5912,664.86,0.0822
5760,1440,1.9995906e-4,1.152165,3.1650,1092.87,0.0880
5770,1442,1.9995894e-4,1.218658,3.3826,593.91,0.1059
5780,1445,1.9995877e-4,1.131041,3.0989,465.18,0.0849
5790,1447,1.9995868e-4,1.150124,3.1586,667.37,0.0836
5800,1450,1.9995851e-4,1.305471,3.6894,701.66,0.0832
5810,1452,1.9995839e-4,1.122765,3.0733,1210.40,0.1112
5820,1455,1.9995822e-4,1.250181,3.4910,875.05,0.0859
5830,1457,1.999581e-4,1.175382,3.2394,533.29,0.0838
5840,1460,1.9995793e-4,1.229821,3.4206,363.74,0.0842
5850,1462,1.9995781e-4,1.162269,3.1972,632.49,0.1087
5860,1465,1.9995763e-4,1.205250,3.3376,783.29,0.0784
5870,1467,1.9995752e-4,1.154009,3.1709,675.56,0.0764
5880,1470,1.9995734e-4,1.157730,3.1827,646.41,0.0825
5890,1472,1.9995723e-4,1.215196,3.3710,1188.69,0.0846
5900,1475,1.9995705e-4,1.120981,3.0679,829.43,0.0796
5910,1477,1.9995694e-4,1.272286,3.5690,732.09,0.1277
5920,1480,1.9995676e-4,1.199447,3.3183,868.47,0.0971
5930,1482,1.9995664e-4,1.220417,3.3886,768.11,0.0881
5940,1485,1.9995647e-4,1.184548,3.2692,817.75,0.0811
5950,1487,1.9995635e-4,1.228565,3.4163,967.75,0.0951
5960,1490,1.9995618e-4,1.174196,3.2355,437.06,0.0960
5970,1492,1.9995606e-4,1.242401,3.4639,1135.52,0.0648
5980,1495,1.9995589e-4,1.194332,3.3014,698.83,0.0872
5990,1497,1.9995577e-4,1.213716,3.3660,599.65,0.1048
6000,1500,1.999556e-4,1.168580,3.2174,593.13,0.0811
6010,1502,1.9995548e-4,1.192995,3.2969,742.28,0.1225
6020,1505,1.999553e-4,1.299325,3.6668,1560.47,0.0652
6030,1507,1.9995519e-4,1.151240,3.1621,1040.44,0.0732
6040,1510,1.9995501e-4,1.246306,3.4775,1421.89,0.0894
6050,1512,1.9995487e-4,1.122683,3.0731,891.72,0.0784
6060,1515,1.999547e-4,1.167071,3.2126,775.63,0.0842
6070,1517,1.9995458e-4,1.266989,3.5501,1088.81,0.0989
6080,1520,1.999544e-4,1.095411,2.9904,891.94,0.0774
6090,1522,1.9995429e-4,1.203635,3.3322,1379.37,0.0759
6100,1525,1.9995411e-4,1.078741,2.9410,1002.59,0.0879
6110,1527,1.9995397e-4,1.228765,3.4170,651.35,0.1375
6120,1530,1.9995379e-4,1.158923,3.1865,527.44,0.0842
6130,1532,1.9995368e-4,1.113104,3.0438,787.83,0.0873
6140,1535,1.999535e-4,1.145950,3.1454,937.17,0.0904
6150,1537,1.9995339e-4,1.275668,3.5811,895.48,0.0833
6160,1540,1.9995318e-4,1.157655,3.1825,1014.63,0.0873
6170,1542,1.9995307e-4,1.167794,3.2149,797.19,0.0851
6180,1545,1.9995289e-4,1.140324,3.1278,545.96,0.0832
6190,1547,1.9995277e-4,1.125549,3.0819,1111.32,0.0790
6200,1550,1.9995257e-4,1.186554,3.2758,865.67,0.0961
6210,1552,1.9995245e-4,1.253670,3.5032,1694.14,0.0954
6220,1555,1.9995228e-4,1.116192,3.0532,1004.26,0.0936
6230,1557,1.9995216e-4,1.285184,3.6153,1212.70,0.0782
6240,1560,1.9995196e-4,1.227548,3.4129,715.43,0.0809
6250,1562,1.9995184e-4,1.141419,3.1312,935.25,0.0984
6260,1565,1.9995167e-4,1.090780,2.9766,745.40,0.0850
6270,1567,1.9995152e-4,1.215401,3.3716,879.70,0.0832
6280,1570,1.9995135e-4,1.134165,3.1086,515.30,0.0885
6290,1572,1.9995123e-4,1.123147,3.0745,704.99,0.1118
6300,1575,1.9995103e-4,1.170554,3.2238,604.57,0.0842
6310,1577,1.9995091e-4,1.150543,3.1599,864.78,0.1117
6320,1580,1.9995074e-4,1.251238,3.4947,1421.07,0.0849
6330,1582,1.9995062e-4,1.174855,3.2377,1000.90,0.0851
6340,1585,1.9995042e-4,1.195473,3.3051,692.82,0.0914
6350,1587,1.9995027e-4,1.157750,3.1828,989.11,0.0896
6360,1590,1.999501e-4,1.221571,3.3925,822.51,0.0865
6370,1592,1.9994998e-4,1.164599,3.2046,1059.41,0.0842
6380,1595,1.999498e-4,1.122917,3.0738,832.90,0.0952
6390,1597,1.9994966e-4,1.225753,3.4067,1156.24,0.0779
6400,1600,1.9994946e-4,1.120953,3.0678,900.27,0.0849
6410,1602,1.9994934e-4,1.150495,3.1598,1316.48,0.0988
6420,1605,1.9994917e-4,1.127920,3.0892,609.55,0.0890
6430,1607,1.9994902e-4,1.205377,3.3380,586.40,0.0838
6440,1610,1.9994884e-4,1.156882,3.1800,1013.46,0.0883
6450,1612,1.9994873e-4,1.312698,3.7162,691.18,0.0793
6460,1615,1.9994852e-4,1.175612,3.2401,1087.72,0.0812
6470,1617,1.9994841e-4,1.214432,3.3684,685.19,0.0994
6480,1620,1.999482e-4,1.211880,3.3598,418.35,0.0875
6490,1622,1.9994809e-4,1.283669,3.6099,638.69,0.0848
6500,1625,1.9994788e-4,1.173365,3.2329,907.82,0.0833
6510,1627,1.9994774e-4,1.161236,3.1939,662.33,0.1560
6520,1630,1.9994756e-4,1.201514,3.3251,463.75,0.0842
6530,1632,1.9994742e-4,1.207085,3.3437,938.52,0.0814
6540,1635,1.9994724e-4,1.214631,3.3690,862.84,0.0926
6550,1637,1.999471e-4,1.161820,3.1957,763.93,0.0820
6560,1640,1.9994692e-4,1.178978,3.2510,890.08,0.0861
6570,1642,1.9994678e-4,1.244669,3.4718,1474.92,0.0789
6580,1645,1.999466e-4,1.246946,3.4797,1105.62,0.0803
6590,1647,1.9994646e-4,1.093841,2.9857,614.44,0.0852
6600,1650,1.9994628e-4,1.158870,3.1863,761.32,0.1042
6610,1652,1.9994614e-4,1.194505,3.3019,892.54,0.1118
6620,1655,1.9994593e-4,1.079511,2.9432,810.45,0.0732
6630,1657,1.9994582e-4,1.135889,3.1139,1037.90,0.0869
6640,1660,1.9994561e-4,1.132932,3.1047,938.53,0.0792
6650,1662,1.9994547e-4,1.263307,3.5371,1023.46,0.0833
6660,1665,1.999453e-4,1.177735,3.2470,1155.66,0.0909
6670,1667,1.9994515e-4,1.275377,3.5801,790.13,0.0905
6680,1670,1.9994497e-4,1.122743,3.0733,490.19,0.0877
6690,1672,1.9994483e-4,1.272666,3.5704,1690.96,0.0831
6700,1675,1.9994462e-4,1.148780,3.1543,967.61,0.0808
6710,1677,1.9994448e-4,1.148535,3.1536,847.92,0.1189
6720,1680,1.999443e-4,1.129788,3.0950,1015.92,0.0867
6730,1682,1.9994416e-4,1.135923,3.1140,1004.43,0.0841
6740,1685,1.9994396e-4,1.247111,3.4803,1194.87,0.0776
6750,1687,1.9994384e-4,1.194494,3.3019,856.51,0.0830
6760,1690,1.9994364e-4,1.253507,3.5026,943.77,0.0848
6770,1692,1.9994349e-4,1.219540,3.3856,1159.90,0.0966
6780,1695,1.9994329e-4,1.145884,3.1452,568.29,0.0891
6790,1697,1.9994317e-4,1.139036,3.1238,886.73,0.0832
6800,1700,1.9994297e-4,1.209729,3.3526,1057.43,0.0971
6810,1702,1.9994282e-4,1.095762,2.9915,651.50,0.1358
6820,1705,1.9994262e-4,1.203826,3.3328,1029.94,0.0779
6830,1707,1.999425e-4,1.131879,3.1015,1095.87,0.1013
6840,1710,1.9994227e-4,1.204023,3.3335,1158.18,0.0820
6850,1712,1.9994215e-4,1.222530,3.3958,595.20,0.0870
6860,1715,1.9994195e-4,1.174454,3.2364,1220.37,0.0876
6870,1717,1.999418e-4,1.124643,3.0791,893.98,0.0811
6880,1720,1.9994163e-4,1.203515,3.3318,1753.75,0.0833
6890,1722,1.9994148e-4,1.188606,3.2825,698.81,0.0857
6900,1725,1.9994128e-4,1.125130,3.0806,453.80,0.0889
6910,1727,1.9994113e-4,1.128597,3.0913,1019.25,0.1218
6920,1730,1.9994093e-4,1.133341,3.1060,779.81,0.0799
6930,1732,1.9994081e-4,1.147299,3.1497,320.16,0.0879
6940,1735,1.9994058e-4,1.167538,3.2141,564.89,0.0898
6950,1737,1.9994046e-4,1.237838,3.4482,666.76,0.0879
6960,1740,1.9994023e-4,1.131868,3.1014,704.47,0.1031
6970,1742,1.9994011e-4,1.261658,3.5313,596.76,0.0855
6980,1745,1.9993991e-4,1.181705,3.2599,904.19,0.0817
6990,1747,1.9993976e-4,1.200122,3.3205,941.79,0.0952
7000,1750,1.9993956e-4,1.233879,3.4345,664.97,0.0789
7010,1752,1.9993942e-4,1.166773,3.2116,996.93,0.1037
7020,1755,1.9993921e-4,1.180829,3.2571,508.04,0.0890
7030,1757,1.9993907e-4,1.136483,3.1158,843.92,0.1093
7040,1760,1.9993886e-4,1.193321,3.2980,826.80,0.0808
7050,1762,1.9993872e-4,1.197280,3.3111,416.90,0.0903
7060,1765,1.9993851e-4,1.162222,3.1970,1036.99,0.0887
7070,1767,1.9993837e-4,1.195728,3.3060,872.72,0.0917
7080,1770,1.9993816e-4,1.170261,3.2228,857.89,0.0794
7090,1772,1.9993802e-4,1.163607,3.2015,622.01,0.0777
7100,1775,1.9993781e-4,1.161486,3.1947,815.06,0.1037
7110,1777,1.9993767e-4,1.147392,3.1500,1122.50,0.0944
7120,1780,1.9993747e-4,1.085142,2.9599,706.61,0.0844
7130,1782,1.9993732e-4,1.163202,3.2002,639.23,0.0839
7140,1785,1.9993712e-4,1.106613,3.0241,629.87,0.0936
7150,1787,1.9993697e-4,1.147539,3.1504,596.50,0.0796
7160,1790,1.9993677e-4,1.147752,3.1511,630.04,0.0841
7170,1792,1.9993662e-4,1.232890,3.4311,1175.59,0.0786
7180,1795,1.9993639e-4,1.146602,3.1475,1269.06,0.0737
7190,1797,1.9993627e-4,1.167252,3.2132,1911.39,0.0894
7200,1800,1.9993607e-4,1.250078,3.4906,859.29,0.0963
7210,1802,1.999359e-4,1.136905,3.1171,1362.14,0.0977
7220,1805,1.9993569e-4,1.198771,3.3160,773.71,0.0854
7230,1807,1.9993554e-4,1.131741,3.1011,847.02,0.0806
7240,1810,1.9993534e-4,1.161418,3.1945,913.63,0.0830
7250,1812,1.999352e-4,1.148429,3.1532,1221.40,0.0807
7260,1815,1.9993499e-4,1.043915,2.8403,715.76,0.0738
7270,1817,1.9993485e-4,1.175321,3.2392,948.15,0.0836
7280,1820,1.9993461e-4,1.176230,3.2421,874.11,0.0891
7290,1822,1.9993447e-4,1.219530,3.3856,828.98,0.0823
7300,1825,1.9993426e-4,1.144453,3.1407,983.40,0.0934
7310,1827,1.9993412e-4,1.220697,3.3895,1533.90,0.0951
7320,1830,1.9993391e-4,1.227875,3.4140,1306.70,0.0712
7330,1832,1.9993377e-4,1.242440,3.4641,955.63,0.0898
7340,1835,1.9993354e-4,1.139161,3.1241,461.46,0.0889
7350,1837,1.9993339e-4,1.142181,3.1336,666.09,0.0851
7360,1840,1.9993319e-4,1.179532,3.2529,899.06,0.0926
7370,1842,1.9993304e-4,1.174358,3.2361,692.41,0.0866
7380,1845,1.9993281e-4,1.233609,3.4336,966.42,0.0810
7390,1847,1.9993266e-4,1.189759,3.2863,703.89,0.0921
7400,1850,1.9993246e-4,1.126129,3.0837,990.69,0.0822
7410,1852,1.9993231e-4,1.230447,3.4228,631.02,0.1272
7420,1855,1.9993208e-4,1.146265,3.1464,809.75,0.0807
7430,1857,1.9993194e-4,1.149969,3.1581,736.55,0.0994
7440,1860,1.9993173e-4,1.155053,3.1742,473.55,0.0882
7450,1862,1.9993159e-4,1.148323,3.1529,1055.18,0.0783
7460,1865,1.9993135e-4,1.143524,3.1378,912.59,0.0892
7470,1867,1.9993121e-4,1.134688,3.1102,863.61,0.0869
7480,1870,1.9993098e-4,1.139413,3.1249,628.72,0.0888
7490,1872,1.9993083e-4,1.106731,3.0245,655.12,0.0845
7500,1875,1.999306e-4,1.176611,3.2434,611.02,0.0979
7510,1877,1.9993048e-4,1.203398,3.3314,978.70,0.1108
7520,1880,1.9993025e-4,1.133195,3.1056,469.35,0.0826
7530,1882,1.999301e-4,1.179576,3.2530,821.36,0.0729
7540,1885,1.9992987e-4,1.176023,3.2415,859.93,0.1004
7550,1887,1.9992972e-4,1.152545,3.1662,790.13,0.0846
7560,1890,1.9992949e-4,1.175348,3.2393,739.41,0.0858
7570,1892,1.9992935e-4,1.234098,3.4353,490.29,0.0865
7580,1895,1.9992914e-4,1.169795,3.2213,709.87,0.1066
7590,1897,1.9992897e-4,1.176388,3.2426,983.04,0.0783
7600,1900,1.9992876e-4,1.178163,3.2484,805.25,0.0757
7610,1902,1.9992859e-4,1.116447,3.0540,752.77,0.1445
7620,1905,1.9992838e-4,1.134334,3.1091,873.47,0.0903
7630,1907,1.9992824e-4,1.130566,3.0974,387.08,0.0830
7640,1910,1.99928e-4,1.152760,3.1669,647.07,0.0881
7650,1912,1.9992786e-4,1.155911,3.1769,1214.13,0.0831
7660,1915,1.9992763e-4,1.171424,3.2266,631.07,0.0803
7670,1917,1.9992748e-4,1.263194,3.5367,1132.62,0.0774
7680,1920,1.9992725e-4,1.070080,2.9156,1053.80,0.0902
7690,1922,1.9992708e-4,1.215636,3.3724,807.63,0.0809
7700,1925,1.9992687e-4,1.120734,3.0671,720.85,0.0838
7710,1927,1.9992673e-4,1.130464,3.0971,1147.33,0.1145
7720,1930,1.999265e-4,1.138569,3.1223,1109.49,0.0794
7730,1932,1.9992635e-4,1.164369,3.2039,403.59,0.0898
7740,1935,1.9992611e-4,1.079262,2.9425,1063.26,0.0853
7750,1937,1.9992594e-4,1.190081,3.2873,802.12,0.0814
7760,1940,1.9992571e-4,1.153243,3.1685,959.24,0.0788
7770,1942,1.9992556e-4,1.151288,3.1623,1212.52,0.0914
7780,1945,1.9992533e-4,1.195334,3.3047,862.52,0.0815
7790,1947,1.9992518e-4,1.178913,3.2508,887.48,0.0796
7800,1950,1.9992495e-4,1.124735,3.0794,667.52,0.1015
7810,1952,1.999248e-4,1.192906,3.2966,800.03,0.1231
7820,1955,1.9992457e-4,1.144001,3.1393,529.93,0.0901
7830,1957,1.999244e-4,1.090201,2.9749,723.94,0.0806
7840,1960,1.999242e-4,1.108896,3.0310,994.93,0.0920
7850,1962,1.9992402e-4,1.185800,3.2733,520.18,0.0867
7860,1965,1.9992379e-4,1.157937,3.1834,574.04,0.0841
7870,1967,1.9992364e-4,1.164612,3.2047,371.23,0.0851
7880,1970,1.9992341e-4,1.125043,3.0803,635.68,0.0885
7890,1972,1.9992323e-4,1.104294,3.0171,884.81,0.0882
7900,1975,1.99923e-4,1.151197,3.1620,1008.29,0.0807
7910,1977,1.9992286e-4,1.176721,3.2437,1354.55,0.1139
7920,1980,1.9992262e-4,1.140368,3.1279,1252.76,0.0845
7930,1982,1.9992248e-4,1.165006,3.2059,1548.41,0.0840
7940,1985,1.9992224e-4,1.117946,3.0586,661.60,0.0880
7950,1987,1.9992207e-4,1.176415,3.2427,809.86,0.0802
7960,1990,1.9992184e-4,1.136772,3.1167,1022.43,0.0923
7970,1992,1.9992169e-4,1.151474,3.1628,768.31,0.0833
7980,1995,1.9992146e-4,1.103816,3.0157,573.51,0.0829
7990,1997,1.9992128e-4,1.215808,3.3730,756.26,0.0834
8000,2000,1.9992105e-4,1.099836,3.0037,877.66,0.0954
8010,2002,1.999209e-4,1.162401,3.1976,1153.52,0.1108
8020,2005,1.9992067e-4,1.177877,3.2475,889.49,0.0878
8030,2007,1.999205e-4,1.057679,2.8797,989.81,0.0935
8040,2010,1.9992027e-4,1.095973,2.9921,708.63,0.0860
8050,2012,1.9992009e-4,1.147222,3.1494,977.83,0.0840
8060,2015,1.9991986e-4,1.205790,3.3394,519.64,0.0903
8070,2017,1.9991971e-4,1.124711,3.0793,1235.96,0.0882
8080,2020,1.9991948e-4,1.163075,3.1998,939.46,0.0824
8090,2022,1.999193e-4,1.347929,3.8494,1825.80,0.0625
8100,2025,1.9991907e-4,1.214254,3.3678,1173.00,0.0661
8110,2027,1.9991893e-4,1.172526,3.2301,1348.39,0.1083
8120,2030,1.9991866e-4,1.166801,3.2117,808.66,0.0878
8130,2032,1.9991852e-4,1.155905,3.1769,524.82,0.0863
8140,2035,1.9991826e-4,1.085487,2.9609,804.14,0.0992
8150,2037,1.9991811e-4,1.214693,3.3693,433.52,0.0871
8160,2040,1.9991785e-4,1.257649,3.5171,1215.18,0.0759
8170,2042,1.999177e-4,1.151837,3.1640,436.21,0.0953
8180,2045,1.9991747e-4,1.130951,3.0986,841.71,0.0906
8190,2047,1.999173e-4,1.218833,3.3832,1311.73,0.0800
8200,2050,1.9991706e-4,1.204953,3.3366,972.48,0.1048
8210,2052,1.9991689e-4,1.108758,3.0306,1034.22,0.1020
8220,2055,1.9991666e-4,1.160305,3.1909,923.97,0.0858
8230,2057,1.9991648e-4,1.112576,3.0422,478.41,0.0968
8240,2060,1.9991625e-4,1.149986,3.1581,865.95,0.0921
8250,2062,1.9991607e-4,1.156278,3.1781,894.17,0.0778
8260,2065,1.9991584e-4,1.146913,3.1485,717.46,0.0884
8270,2067,1.9991567e-4,1.197175,3.3108,1027.99,0.0978
8280,2070,1.9991543e-4,1.198872,3.3164,1070.18,0.0825
8290,2072,1.9991526e-4,1.174110,3.2353,1077.68,0.0838
8300,2075,1.9991503e-4,1.156990,3.1803,589.70,0.1017
8310,2077,1.9991485e-4,1.233790,3.4342,1272.68,0.1058
8320,2080,1.9991462e-4,1.143723,3.1384,854.42,0.0912
8330,2082,1.9991444e-4,1.129561,3.0943,1060.19,0.0819
8340,2085,1.9991421e-4,1.146110,3.1459,789.44,0.0795
8350,2087,1.9991404e-4,1.068331,2.9105,765.77,0.0875
8360,2090,1.9991377e-4,1.077015,2.9359,846.16,0.0896
8370,2092,1.9991363e-4,1.100103,3.0045,599.74,0.0853
8380,2095,1.9991337e-4,1.183728,3.2665,900.25,0.0823
8390,2097,1.9991322e-4,1.109251,3.0321,636.00,0.1136
8400,2100,1.9991296e-4,1.188792,3.2831,963.08,0.0871
8410,2102,1.9991279e-4,1.156971,3.1803,1256.15,0.1020
8420,2105,1.9991255e-4,1.117681,3.0578,1192.35,0.0817
8430,2107,1.9991238e-4,1.115705,3.0517,994.78,0.0828
8440,2110,1.9991215e-4,1.070069,2.9156,721.48,0.0858
8450,2112,1.9991197e-4,1.151128,3.1618,767.99,0.0966
8460,2115,1.9991174e-4,1.206464,3.3416,831.06,0.0782
8470,2117,1.9991156e-4,1.167539,3.2141,511.40,0.0834
8480,2120,1.999113e-4,1.138032,3.1206,681.97,0.0857
8490,2122,1.9991113e-4,1.095290,2.9900,651.56,0.1118
8500,2125,1.999109e-4,1.179829,3.2538,877.01,0.0813
8510,2127,1.9991072e-4,1.205931,3.3399,723.73,0.1241
8520,2130,1.9991046e-4,1.131990,3.1018,835.12,0.0866
8530,2132,1.9991028e-4,1.151097,3.1617,746.88,0.0976
8540,2135,1.9991005e-4,1.427372,4.1677,1209.30,0.0822
8550,2137,1.9990987e-4,1.119194,3.0624,967.42,0.0889
8560,2140,1.9990961e-4,1.094351,2.9872,657.65,0.0788
8570,2142,1.9990944e-4,1.159148,3.1872,829.10,0.0768
8580,2145,1.999092e-4,1.227411,3.4124,565.39,0.0847
8590,2147,1.9990903e-4,1.168354,3.2167,830.43,0.0983
8600,2150,1.9990877e-4,1.142056,3.1332,1118.17,0.0820
8610,2152,1.999086e-4,1.179747,3.2536,1091.22,0.1041
8620,2155,1.9990833e-4,1.140503,3.1283,859.02,0.0938
8630,2157,1.9990819e-4,1.157350,3.1815,1225.60,0.0818
8640,2160,1.9990792e-4,1.074452,2.9284,743.43,0.0955
8650,2162,1.9990775e-4,1.194609,3.3023,1488.99,0.0807
8660,2165,1.9990749e-4,1.095410,2.9904,543.07,0.0822
8670,2167,1.9990731e-4,1.240077,3.4559,952.11,0.0924
8680,2170,1.9990708e-4,1.171655,3.2273,562.48,0.0892
8690,2172,1.999069e-4,1.192841,3.2964,1074.73,0.0694
8700,2175,1.9990664e-4,1.145942,3.1454,1207.79,0.0870
8710,2177,1.9990647e-4,1.125665,3.0823,959.28,0.1132
8720,2180,1.9990621e-4,1.135293,3.1121,959.65,0.0777
8730,2182,1.9990603e-4,1.212678,3.3625,1046.17,0.1004
8740,2185,1.9990577e-4,1.101264,3.0080,780.09,0.0836
8750,2187,1.999056e-4,1.136957,3.1173,605.04,0.0933
8760,2190,1.9990536e-4,1.139322,3.1246,871.87,0.0943
8770,2192,1.9990519e-4,1.115172,3.0501,840.02,0.0787
8780,2195,1.999049e-4,1.047353,2.8501,622.92,0.0840
8790,2197,1.9990475e-4,1.109517,3.0329,775.51,0.0868
8800,2200,1.9990449e-4,1.136451,3.1157,847.71,0.0915
8810,2202,1.9990429e-4,1.131437,3.1001,1006.64,0.1046
8820,2205,1.9990405e-4,1.087660,2.9673,671.43,0.0821
8830,2207,1.9990388e-4,1.093848,2.9857,735.50,0.0962
8840,2210,1.9990362e-4,1.121685,3.0700,612.62,0.0847
8850,2212,1.9990344e-4,1.114243,3.0473,466.06,0.0848
8860,2215,1.9990318e-4,1.101147,3.0076,479.82,0.0835
8870,2217,1.99903e-4,1.118231,3.0594,919.11,0.0831
8880,2220,1.9990274e-4,1.183816,3.2668,802.54,0.0868
8890,2222,1.9990257e-4,1.111315,3.0384,545.77,0.0866
8900,2225,1.9990231e-4,1.229836,3.4207,658.71,0.0819
8910,2227,1.9990213e-4,1.127468,3.0878,1426.92,0.1074
8920,2230,1.9990184e-4,1.194770,3.3028,938.91,0.0812
8930,2232,1.999017e-4,1.167349,3.2135,1056.99,0.0921
8940,2235,1.9990143e-4,1.151531,3.1630,964.90,0.0873
8950,2237,1.9990123e-4,1.138094,3.1208,407.81,0.0884
8960,2240,1.9990097e-4,1.143066,3.1364,709.32,0.0847
8970,2242,1.999008e-4,1.147830,3.1513,1214.78,0.0934
8980,2245,1.9990053e-4,1.067004,2.9067,552.14,0.0836
8990,2247,1.9990036e-4,1.126147,3.0838,880.48,0.0846
9000,2250,1.999001e-4,1.114509,3.0481,554.58,0.0962
9010,2252,1.9989992e-4,1.102893,3.0129,724.91,0.1410
9020,2255,1.9989963e-4,1.148497,3.1534,339.99,0.0886
9030,2257,1.9989948e-4,1.236749,3.4444,623.64,0.0827
9040,2260,1.998992e-4,1.112149,3.0409,1032.75,0.0822
9050,2262,1.9989902e-4,1.153910,3.1706,825.06,0.0989
9060,2265,1.9989876e-4,1.085026,2.9595,838.93,0.0833
9070,2267,1.9989858e-4,1.247010,3.4799,867.63,0.0845
9080,2270,1.9989832e-4,1.088883,2.9710,932.65,0.1013
9090,2272,1.9989812e-4,1.190963,3.2902,1317.12,0.0839
9100,2275,1.9989786e-4,1.144900,3.1421,481.91,0.0910
9110,2277,1.9989768e-4,1.111036,3.0375,1078.41,0.1303
9120,2280,1.9989742e-4,1.102392,3.0114,768.87,0.0771
9130,2282,1.9989724e-4,1.157978,3.1835,968.22,0.0788
9140,2285,1.9989695e-4,1.190003,3.2871,1039.96,0.0950
9150,2287,1.9989678e-4,1.102600,3.0120,572.40,0.0856
9160,2290,1.9989652e-4,1.136452,3.1157,824.53,0.0830
9170,2292,1.9989634e-4,1.050162,2.8581,1433.45,0.0809
9180,2295,1.9989605e-4,1.199921,3.3199,501.35,0.0854
9190,2297,1.9989588e-4,1.133036,3.1051,737.91,0.0774
9200,2300,1.9989561e-4,1.134580,3.1099,775.39,0.1012
9210,2302,1.9989541e-4,1.155905,3.1769,1189.30,0.1010
9220,2305,1.9989515e-4,1.116511,3.0542,1186.04,0.0871
9230,2307,1.9989497e-4,1.073297,2.9250,817.05,0.0911
9240,2310,1.9989468e-4,1.173885,3.2345,887.92,0.0812
9250,2312,1.9989451e-4,1.171727,3.2276,1081.07,0.0840
9260,2315,1.9989425e-4,1.199420,3.3182,471.40,0.1101
9270,2317,1.9989404e-4,1.157214,3.1811,855.94,0.0854
9280,2320,1.9989378e-4,1.256302,3.5124,1639.77,0.0727
9290,2322,1.998936e-4,1.134935,3.1110,497.52,0.0813
9300,2325,1.9989331e-4,1.132119,3.1022,726.10,0.0786
9310,2327,1.9989314e-4,1.088554,2.9700,1089.81,0.1076
9320,2330,1.9989288e-4,1.167977,3.2155,524.11,0.0998
9330,2332,1.9989267e-4,1.149786,3.1575,719.43,0.0820
9340,2335,1.9989241e-4,1.113454,3.0449,1208.45,0.0821
9350,2337,1.9989221e-4,1.130455,3.0971,651.65,0.1082
9360,2340,1.9989195e-4,1.067644,2.9085,814.50,0.0815
9370,2342,1.9989174e-4,1.186084,3.2742,608.36,0.0840
9380,2345,1.9989148e-4,1.128630,3.0914,485.60,0.0843
9390,2347,1.998913e-4,1.139190,3.1242,832.73,0.0891
9400,2350,1.9989102e-4,1.123933,3.0769,465.15,0.0931
9410,2352,1.9989081e-4,1.139193,3.1242,754.39,0.1156
9420,2355,1.9989055e-4,1.176346,3.2425,506.67,0.0844
9430,2357,1.9989038e-4,1.194777,3.3028,1036.99,0.0875
9440,2360,1.9989008e-4,1.204410,3.3348,959.20,0.0916
9450,2362,1.9988991e-4,1.088333,2.9693,1030.74,0.0780
9460,2365,1.9988962e-4,1.208553,3.3486,1801.37,0.0853
9470,2367,1.9988944e-4,1.097569,2.9969,992.98,0.0836
9480,2370,1.9988915e-4,1.096177,2.9927,727.99,0.0944
9490,2372,1.9988895e-4,1.088860,2.9709,746.99,0.0811
9500,2375,1.9988869e-4,1.135417,3.1125,758.21,0.0865
9510,2377,1.9988848e-4,1.134435,3.1094,826.64,0.1181
9520,2380,1.9988822e-4,1.140046,3.1269,654.18,0.1104
9530,2382,1.9988802e-4,1.227655,3.4132,877.07,0.0824
9540,2385,1.9988776e-4,1.058998,2.8835,707.64,0.0816
9550,2387,1.9988755e-4,1.047367,2.8501,770.05,0.0829
9560,2390,1.9988726e-4,1.085443,2.9608,667.12,0.1001
9570,2392,1.9988709e-4,1.200234,3.3209,688.53,0.0855
9580,2395,1.998868e-4,1.171548,3.2270,835.14,0.0855
9590,2397,1.9988662e-4,1.141169,3.1304,495.44,0.0928
9600,2400,1.9988633e-4,1.081026,2.9477,902.74,0.0858
9610,2402,1.9988613e-4,1.093413,2.9844,850.11,0.1147
9620,2405,1.9988584e-4,1.136840,3.1169,591.90,0.0849
9630,2407,1.9988566e-4,1.207607,3.3455,833.75,0.0918
9640,2410,1.9988537e-4,1.160290,3.1909,637.51,0.0805
9650,2412,1.998852e-4,1.165274,3.2068,760.06,0.0886
9660,2415,1.998849e-4,1.119117,3.0621,737.90,0.0787
9670,2417,1.998847e-4,1.155652,3.1761,887.84,0.0927
9680,2420,1.9988444e-4,1.118714,3.0609,768.86,0.0827
9690,2422,1.9988423e-4,1.166307,3.2101,700.06,0.0798
9700,2425,1.9988394e-4,1.171082,3.2255,643.62,0.0857
9710,2427,1.9988377e-4,1.082587,2.9523,1071.44,0.1073
9720,2430,1.9988348e-4,1.116970,3.0556,668.02,0.0838
9730,2432,1.9988327e-4,1.121739,3.0702,770.06,0.0806
9740,2435,1.9988298e-4,1.122179,3.0715,1303.69,0.0895
9750,2437,1.9988281e-4,1.148528,3.1535,902.26,0.0852
9760,2440,1.9988252e-4,1.094236,2.9869,580.31,0.0914
9770,2442,1.9988231e-4,1.185346,3.2718,1143.58,0.0893
9780,2445,1.9988202e-4,1.178677,3.2501,921.25,0.0814
9790,2447,1.9988185e-4,1.203492,3.3317,1072.51,0.0957
9800,2450,1.9988156e-4,1.015247,2.7600,512.60,0.0783
9810,2452,1.9988135e-4,1.100176,3.0047,981.58,0.1036
9820,2455,1.9988106e-4,1.147920,3.1516,1094.02,0.0851
9830,2457,1.9988086e-4,1.093837,2.9857,757.02,0.0925
9840,2460,1.9988057e-4,1.192068,3.2939,562.20,0.0815
9850,2462,1.9988036e-4,1.050476,2.8590,817.64,0.0789
9860,2465,1.998801e-4,1.065448,2.9021,1043.81,0.0892
9870,2467,1.998799e-4,1.150718,3.1605,741.19,0.0873
9880,2470,1.998796e-4,1.165522,3.2076,1230.58,0.0807
9890,2472,1.998794e-4,1.124467,3.0786,1004.97,0.0921
9900,2475,1.9987911e-4,1.093504,2.9847,648.64,0.0927
9910,2477,1.9987891e-4,1.164813,3.2053,938.36,0.1167
9920,2480,1.9987862e-4,1.103967,3.0161,532.88,0.0870
9930,2482,1.9987841e-4,1.071330,2.9193,615.96,0.0981
9940,2485,1.9987812e-4,1.145893,3.1452,637.20,0.0881
9950,2487,1.9987795e-4,1.137836,3.1200,1256.89,0.0781
9960,2490,1.9987766e-4,1.209067,3.3504,1062.21,0.0938
9970,2492,1.9987745e-4,1.133750,3.1073,1105.02,0.0714
9980,2495,1.9987716e-4,1.120168,3.0654,414.01,0.0879
9990,2497,1.9987696e-4,1.135709,3.1134,798.30,0.1109
10000,2500,1.9987667e-4,1.155999,3.1772,1222.07,0.0804
10010,2502,1.9987646e-4,1.118249,3.0595,789.25,0.1196
10020,2505,1.9987617e-4,1.177952,3.2477,523.47,0.1060
10030,2507,1.9987597e-4,1.162608,3.1983,849.35,0.0844
10040,2510,1.9987568e-4,1.080038,2.9448,577.20,0.0822
10050,2512,1.9987547e-4,1.105206,3.0198,801.84,0.0843
10060,2515,1.9987518e-4,1.149682,3.1572,685.72,0.1058
10070,2517,1.9987498e-4,1.164318,3.2037,531.01,0.0796
10080,2520,1.9987469e-4,1.075055,2.9302,627.61,0.0857
10090,2522,1.9987448e-4,1.232544,3.4299,1759.82,0.0786
10100,2525,1.9987416e-4,1.156822,3.1798,990.30,0.0873
10110,2527,1.9987399e-4,1.098727,3.0003,1140.29,0.1124
10120,2530,1.9987367e-4,1.182521,3.2626,705.93,0.0903
10130,2532,1.998735e-4,1.156297,3.1781,660.66,0.0854
10140,2535,1.9987318e-4,1.117866,3.0583,557.22,0.0768
10150,2537,1.9987297e-4,1.083400,2.9547,903.42,0.0835
10160,2540,1.9987268e-4,1.121007,3.0679,1198.84,0.0836
10170,2542,1.9987248e-4,1.056116,2.8752,805.66,0.0749
10180,2545,1.9987219e-4,1.191916,3.2934,1196.23,0.0924
10190,2547,1.9987198e-4,1.103261,3.0140,870.31,0.0786
10200,2550,1.9987169e-4,1.146340,3.1467,896.43,0.0804
10210,2552,1.9987146e-4,1.290756,3.6355,1546.77,0.1048
10220,2555,1.9987117e-4,1.062351,2.8932,666.31,0.0895
10230,2557,1.9987096e-4,1.145001,3.1424,614.70,0.0816
10240,2560,1.9987067e-4,1.142507,3.1346,1065.88,0.0952
10250,2562,1.9987047e-4,1.111562,3.0391,706.51,0.0852
10260,2565,1.9987015e-4,1.153017,3.1677,520.19,0.0814
10270,2567,1.9986997e-4,1.153666,3.1698,918.53,0.0812
10280,2570,1.9986965e-4,1.121298,3.0688,1081.54,0.0981
10290,2572,1.9986945e-4,1.179131,3.2515,819.66,0.0837
10300,2575,1.9986916e-4,1.183028,3.2642,544.82,0.0871
10310,2577,1.9986895e-4,1.143903,3.1390,1343.36,0.1082
10320,2580,1.9986863e-4,1.115548,3.0512,919.62,0.0811
10330,2582,1.9986843e-4,1.130725,3.0979,699.08,0.0901
10340,2585,1.9986814e-4,1.072196,2.9218,1185.59,0.0829
10350,2587,1.9986794e-4,1.137729,3.1197,751.86,0.0774
10360,2590,1.9986762e-4,1.126567,3.0850,1041.82,0.0962
10370,2592,1.9986741e-4,1.145591,3.1443,757.53,0.0827
10380,2595,1.9986712e-4,1.133374,3.1061,762.23,0.0788
10390,2597,1.9986689e-4,1.168835,3.2182,690.67,0.0827
10400,2600,1.998666e-4,1.122273,3.0718,587.70,0.1102
10410,2602,1.998664e-4,1.158820,3.1862,1637.61,0.0910
10420,2605,1.9986607e-4,1.043918,2.8403,508.16,0.0841
10430,2607,1.9986587e-4,1.123756,3.0764,1322.93,0.0872
10440,2610,1.9986558e-4,1.026944,2.7925,614.36,0.0807
10450,2612,1.9986538e-4,1.155447,3.1754,888.42,0.0845
10460,2615,1.9986506e-4,1.137560,3.1191,1165.70,0.0980
10470,2617,1.9986485e-4,1.001885,2.7234,677.79,0.0776
10480,2620,1.9986453e-4,1.150779,3.1607,1331.10,0.0915
10490,2622,1.9986433e-4,1.070593,2.9171,991.64,0.0833
10500,2625,1.9986404e-4,1.091224,2.9779,762.65,0.0863
10510,2627,1.998638e-4,1.158339,3.1846,1257.65,0.1143
10520,2630,1.9986351e-4,1.133940,3.1079,633.38,0.0849
10530,2632,1.9986331e-4,1.186996,3.2772,719.02,0.0823
10540,2635,1.9986299e-4,1.044236,2.8412,515.89,0.0799
10550,2637,1.9986278e-4,1.076319,2.9339,562.82,0.0915
10560,2640,1.9986246e-4,1.121963,3.0709,634.70,0.0806
10570,2642,1.9986226e-4,1.160776,3.1924,737.35,0.0877
10580,2645,1.9986194e-4,1.090555,2.9759,1278.96,0.0775
10590,2647,1.9986174e-4,1.131982,3.1018,892.45,0.0848
10600,2650,1.9986142e-4,1.095462,2.9906,869.53,0.0768
10610,2652,1.9986121e-4,1.134083,3.1083,1622.21,0.1037
10620,2655,1.998609e-4,1.142081,3.1333,874.04,0.0807
10630,2657,1.9986069e-4,1.147259,3.1495,1005.62,0.0807
10640,2660,1.9986037e-4,1.146195,3.1462,871.96,0.0918
10650,2662,1.9986017e-4,1.114864,3.0492,761.10,0.0759
10660,2665,1.9985985e-4,1.073932,2.9269,1012.11,0.0802
10670,2667,1.9985964e-4,1.205972,3.3400,1312.93,0.0920
10680,2670,1.9985932e-4,1.170434,3.2234,609.00,0.0841
10690,2672,1.9985912e-4,1.047493,2.8505,729.36,0.0935
10700,2675,1.998588e-4,1.038654,2.8254,545.13,0.1130
10710,2677,1.9985856e-4,1.159111,3.1871,733.53,0.1269
10720,2680,1.9985827e-4,1.176622,3.2434,1100.15,0.0800
10730,2682,1.9985807e-4,1.158746,3.1859,660.38,0.1003
10740,2685,1.9985775e-4,1.137985,3.1205,787.45,0.0901
10750,2687,1.9985752e-4,1.159570,3.1886,1898.50,0.0596
10760,2690,1.998572e-4,1.118330,3.0597,1939.08,0.0561
10770,2692,1.99857e-4,1.227958,3.4143,867.20,0.0880
10780,2695,1.9985667e-4,1.172236,3.2292,1504.20,0.0883
10790,2697,1.9985647e-4,1.083303,2.9544,591.97,0.0846
10800,2700,1.9985615e-4,1.128617,3.0914,821.94,0.0976
10810,2702,1.9985595e-4,1.109523,3.0329,1000.66,0.1064
10820,2705,1.9985563e-4,1.117091,3.0560,1318.39,0.0786
10830,2707,1.9985539e-4,1.072661,2.9231,885.46,0.0923
10840,2710,1.9985507e-4,1.131275,3.0996,677.71,0.0863
10850,2712,1.9985487e-4,1.075736,2.9321,810.02,0.0796
10860,2715,1.9985455e-4,1.214864,3.3698,1092.09,0.0829
10870,2717,1.9985432e-4,1.159447,3.1882,447.81,0.0865
10880,2720,1.99854e-4,1.052321,2.8643,502.55,0.0856
10890,2722,1.9985379e-4,1.089675,2.9733,764.38,0.0843
10900,2725,1.9985347e-4,1.134753,3.1104,1169.02,0.0746
10910,2727,1.9985324e-4,1.083247,2.9543,1115.77,0.0969
10920,2730,1.9985292e-4,1.047547,2.8506,704.94,0.0832
10930,2732,1.9985272e-4,1.208648,3.3490,1257.11,0.0991
10940,2735,1.998524e-4,1.121839,3.0705,1286.18,0.0780
10950,2737,1.9985219e-4,1.144299,3.1402,1257.70,0.0900
10960,2740,1.9985184e-4,1.180146,3.2548,548.93,0.0885
10970,2742,1.9985164e-4,1.094723,2.9884,1048.92,0.0808
10980,2745,1.9985129e-4,1.109599,3.0331,854.14,0.1003
10990,2747,1.9985109e-4,1.111471,3.0388,976.36,0.0804
11000,2750,1.9985077e-4,1.260190,3.5261,1460.79,0.0835
11010,2752,1.9985056e-4,1.097265,2.9960,941.67,0.1109
11020,2755,1.9985024e-4,1.138756,3.1229,830.58,0.0824
11030,2757,1.9985001e-4,1.069585,2.9142,605.89,0.0861
11040,2760,1.9984969e-4,1.122783,3.0734,1215.91,0.0896
11050,2762,1.9984946e-4,1.109705,3.0335,910.77,0.0819
11060,2765,1.9984914e-4,1.171764,3.2277,1330.13,0.0843
11070,2767,1.9984893e-4,1.144052,3.1395,1262.87,0.0798
11080,2770,1.9984858e-4,1.093118,2.9836,579.22,0.0873
11090,2772,1.9984838e-4,1.132764,3.1042,954.71,0.0966
11100,2775,1.9984803e-4,1.097325,2.9961,777.37,0.0853
11110,2777,1.9984783e-4,1.064264,2.8987,1125.39,0.1062
11120,2780,1.998475e-4,1.154023,3.1709,1045.41,0.0876
11130,2782,1.9984727e-4,1.242144,3.4630,1405.85,0.0816
11140,2785,1.9984695e-4,1.103590,3.0150,881.56,0.0852
11150,2787,1.9984672e-4,1.204890,3.3364,834.78,0.0922
11160,2790,1.998464e-4,1.202699,3.3291,822.82,0.0847
11170,2792,1.9984617e-4,1.079375,2.9428,1207.71,0.0902
11180,2795,1.9984585e-4,1.150479,3.1597,896.90,0.0755
11190,2797,1.9984561e-4,1.091678,2.9793,807.42,0.0790
11200,2800,1.998453e-4,1.106555,3.0239,1092.45,0.0935
11210,2802,1.9984509e-4,1.109443,3.0327,839.67,0.1121
11220,2805,1.9984474e-4,1.047770,2.8513,689.21,0.0796
11230,2807,1.9984451e-4,1.058494,2.8820,901.75,0.0797
11240,2810,1.9984419e-4,1.098034,2.9983,727.32,0.0979
11250,2812,1.9984395e-4,1.168342,3.2167,541.06,0.0889
11260,2815,1.9984363e-4,1.079183,2.9423,995.39,0.0787
11270,2817,1.998434e-4,1.095950,2.9920,574.62,0.0893
11280,2820,1.9984308e-4,1.113779,3.0458,1303.41,0.0855
11290,2822,1.9984285e-4,1.103022,3.0133,645.64,0.0848
11300,2825,1.9984253e-4,1.110509,3.0359,828.79,0.0855
11310,2827,1.998423e-4,1.125241,3.0810,1358.45,0.1046
11320,2830,1.9984198e-4,1.090587,2.9760,737.37,0.0836
11330,2832,1.9984174e-4,1.072989,2.9241,1137.74,0.0899
11340,2835,1.998414e-4,1.111212,3.0380,651.67,0.0826
11350,2837,1.9984116e-4,1.109685,3.0334,864.82,0.0831
11360,2840,1.9984084e-4,1.075737,2.9322,877.88,0.0900
11370,2842,1.9984061e-4,1.077028,2.9359,809.36,0.0934
11380,2845,1.9984029e-4,1.072663,2.9232,1011.40,0.0818
11390,2847,1.9984005e-4,1.122622,3.0729,947.20,0.0856
11400,2850,1.998397e-4,1.135848,3.1138,1151.86,0.0896
11410,2852,1.998395e-4,1.034657,2.8141,834.61,0.1139
11420,2855,1.9983915e-4,1.119398,3.0630,858.99,0.0940
11430,2857,1.9983892e-4,1.090530,2.9759,690.88,0.0855
11440,2860,1.998386e-4,1.115380,3.0507,750.74,0.0792
11450,2862,1.9983837e-4,1.052520,2.8649,636.47,0.0834
11460,2865,1.9983802e-4,1.040907,2.8318,612.39,0.0903
11470,2867,1.9983781e-4,1.125454,3.0816,1272.75,0.0824
11480,2870,1.9983746e-4,1.091645,2.9792,426.71,0.0832
11490,2872,1.9983723e-4,1.057815,2.8801,726.87,0.0796
11500,2875,1.9983691e-4,1.087451,2.9667,1036.62,0.0876
11510,2877,1.9983668e-4,1.111972,3.0403,613.33,0.1398
11520,2880,1.9983633e-4,1.161675,3.1953,808.08,0.0852
11530,2882,1.998361e-4,1.147709,3.1510,1004.25,0.0995
11540,2885,1.9983578e-4,1.100769,3.0065,1072.47,0.0738
11550,2887,1.9983551e-4,1.118870,3.0614,796.69,0.0808
11560,2890,1.998352e-4,1.146804,3.1481,823.61,0.0861
11570,2892,1.9983496e-4,1.029032,2.7984,659.11,0.0811
11580,2895,1.9983461e-4,1.080886,2.9473,949.95,0.0816
11590,2897,1.9983438e-4,1.088625,2.9702,794.60,0.0924
11600,2900,1.9983406e-4,1.052094,2.8636,749.17,0.0967
11610,2902,1.9983383e-4,1.128642,3.0915,941.51,0.1044
11620,2905,1.9983348e-4,1.079131,2.9421,804.88,0.0859
11630,2907,1.9983324e-4,1.149615,3.1570,950.32,0.0967
11640,2910,1.998329e-4,1.169640,3.2208,685.92,0.0896
11650,2912,1.9983266e-4,1.133794,3.1074,716.00,0.0858
11660,2915,1.9983234e-4,1.072606,2.9230,506.68,0.0932
11670,2917,1.9983211e-4,1.143305,3.1371,1209.29,0.0872
11680,2920,1.9983176e-4,1.111623,3.0393,736.97,0.0819
11690,2922,1.9983153e-4,1.144513,3.1409,945.45,0.0899
11700,2925,1.9983118e-4,1.122519,3.0726,1216.59,0.0877
11710,2927,1.9983095e-4,1.004046,2.7293,1121.72,0.0937
11720,2930,1.998306e-4,1.116401,3.0538,1264.31,0.0902
11730,2932,1.9983036e-4,1.079134,2.9421,730.78,0.0812
11740,2935,1.9983001e-4,1.051917,2.8631,525.15,0.0842
11750,2937,1.9982978e-4,1.170020,3.2221,1403.63,0.0875
11760,2940,1.9982943e-4,1.120326,3.0659,402.66,0.0884
11770,2942,1.998292e-4,1.062910,2.8948,526.66,0.0853
11780,2945,1.9982885e-4,1.154710,3.1731,907.62,0.0806
11790,2947,1.9982862e-4,1.139964,3.1267,717.09,0.1076
11800,2950,1.9982827e-4,1.146103,3.1459,901.25,0.0834
11810,2952,1.9982803e-4,1.092997,2.9832,925.44,0.1080
11820,2955,1.9982769e-4,1.038059,2.8237,900.88,0.0898
11830,2957,1.9982745e-4,1.187258,3.2781,727.36,0.0850
11840,2960,1.998271e-4,1.175288,3.2391,714.14,0.0848
11850,2962,1.9982687e-4,1.104605,3.0180,977.76,0.0942
11860,2965,1.9982652e-4,1.068037,2.9097,575.30,0.0826
11870,2967,1.9982629e-4,1.086965,2.9653,995.91,0.0742
11880,2970,1.9982594e-4,1.056999,2.8777,625.83,0.0816
11890,2972,1.998257e-4,1.116823,3.0551,938.42,0.0966
11900,2975,1.9982536e-4,1.106108,3.0226,628.34,0.0923
11910,2977,1.9982512e-4,1.089215,2.9719,1085.42,0.0995
11920,2980,1.9982478e-4,1.126325,3.0843,1051.95,0.1001
11930,2982,1.9982454e-4,1.117203,3.0563,590.17,0.0844
11940,2985,1.9982416e-4,1.173468,3.2332,588.52,0.0846
11950,2987,1.9982393e-4,1.086883,2.9650,853.87,0.0807
11960,2990,1.9982358e-4,1.092928,2.9830,1011.66,0.1021
11970,2992,1.9982335e-4,1.087449,2.9667,482.70,0.0869
11980,2995,1.99823e-4,1.098771,3.0005,610.17,0.0855
11990,2997,1.9982277e-4,1.180811,3.2570,806.26,0.0946
12000,3000,1.9982242e-4,1.075108,2.9303,830.60,0.0926
12010,3002,1.9982219e-4,1.087060,2.9655,1303.36,0.0960
12020,3005,1.998218e-4,1.048934,2.8546,985.17,0.0977
12030,3007,1.9982157e-4,1.101040,3.0073,619.26,0.0923
12040,3010,1.9982122e-4,1.076872,2.9355,667.48,0.0881
12050,3012,1.9982099e-4,1.137527,3.1190,874.07,0.0841
12060,3015,1.9982061e-4,1.054307,2.8700,1024.20,0.0879
12070,3017,1.9982038e-4,1.110699,3.0365,605.76,0.0817
12080,3020,1.9982003e-4,1.168514,3.2172,1151.45,0.0782
12090,3022,1.998198e-4,1.074326,2.9280,751.86,0.0988
12100,3025,1.9981945e-4,1.107881,3.0279,690.31,0.0788
12110,3027,1.9981919e-4,1.117989,3.0587,1411.61,0.0867
12120,3030,1.9981884e-4,1.131106,3.0991,927.43,0.0994
12130,3032,1.998186e-4,1.012801,2.7533,570.62,0.0866
12140,3035,1.9981823e-4,1.114214,3.0472,987.97,0.0829
12150,3037,1.99818e-4,1.071702,2.9203,574.05,0.0983
12160,3040,1.9981764e-4,1.130089,3.0959,823.37,0.0994
12170,3042,1.9981738e-4,1.100509,3.0057,629.04,0.0819
12180,3045,1.9981703e-4,1.081641,2.9495,695.80,0.0766
12190,3047,1.998168e-4,1.095877,2.9918,901.29,0.0933
12200,3050,1.9981645e-4,1.150328,3.1592,1190.62,0.0881
12210,3052,1.9981619e-4,1.078386,2.9399,1295.79,0.1017
12220,3055,1.9981584e-4,1.065040,2.9010,716.46,0.1032
12230,3057,1.9981561e-4,1.137113,3.1178,1011.25,0.0802
12240,3060,1.9981523e-4,1.117611,3.0575,789.83,0.0823
12250,3062,1.99815e-4,1.076853,2.9354,823.55,0.1047
12260,3065,1.9981462e-4,1.089519,2.9728,1204.32,0.0771
12270,3067,1.9981439e-4,1.287695,3.6244,1507.37,0.0902
12280,3070,1.9981404e-4,1.109786,3.0337,651.03,0.0825
12290,3072,1.9981377e-4,1.118181,3.0593,628.04,0.0755
12300,3075,1.9981342e-4,1.073946,2.9269,631.18,0.0829
12310,3077,1.9981316e-4,1.035455,2.8164,955.65,0.1258
12320,3080,1.9981281e-4,1.053852,2.8687,753.97,0.0784
12330,3082,1.9981258e-4,1.056051,2.8750,1054.90,0.0762
12340,3085,1.998122e-4,1.026739,2.7919,781.86,0.1012
12350,3087,1.9981197e-4,1.118840,3.0613,877.39,0.0797
12360,3090,1.9981159e-4,1.115041,3.0497,623.39,0.0812
12370,3092,1.9981136e-4,0.958619,2.6081,850.82,0.0724
12380,3095,1.9981098e-4,1.132960,3.1048,1421.13,0.0835
12390,3097,1.9981075e-4,1.089168,2.9718,911.23,0.0788
12400,3100,1.9981037e-4,1.157125,3.1808,1024.22,0.0968
12410,3102,1.9981014e-4,1.062270,2.8929,1178.43,0.1009
12420,3105,1.9980976e-4,1.068646,2.9114,681.27,0.0838
12430,3107,1.9980952e-4,1.084010,2.9565,686.66,0.1190
12440,3110,1.9980915e-4,1.195772,3.3061,674.25,0.0868
12450,3112,1.9980891e-4,1.195855,3.3064,1070.57,0.0866
12460,3115,1.9980854e-4,1.006358,2.7356,1543.09,0.0853
12470,3117,1.998083e-4,1.088084,2.9686,865.23,0.0765
12480,3120,1.9980792e-4,1.101519,3.0087,548.91,0.0877
12490,3122,1.9980769e-4,1.040827,2.8316,789.70,0.0887
12500,3125,1.9980731e-4,1.089654,2.9732,656.72,0.0833
12510,3127,1.9980705e-4,1.087718,2.9675,853.03,0.1158
12520,3130,1.998067e-4,1.050329,2.8586,453.05,0.0852
12530,3132,1.9980644e-4,1.064606,2.8997,1026.82,0.0852
12540,3135,1.9980606e-4,1.094976,2.9891,578.09,0.0890
12550,3137,1.9980583e-4,1.117585,3.0575,606.58,0.0849
12560,3140,1.9980545e-4,1.097793,2.9975,479.97,0.0861
12570,3142,1.9980522e-4,1.046392,2.8474,916.81,0.0902
12580,3145,1.9980484e-4,1.087925,2.9681,738.07,0.0810
12590,3147,1.9980458e-4,1.102021,3.0102,839.92,0.0825
12600,3150,1.998042e-4,1.177695,3.2469,580.16,0.0989
12610,3152,1.9980397e-4,1.097067,2.9954,856.09,0.1140
12620,3155,1.9980359e-4,1.082345,2.9516,834.03,0.0758
12630,3157,1.9980335e-4,1.113790,3.0459,794.91,0.0831
12640,3160,1.9980298e-4,1.106332,3.0232,703.17,0.0984
12650,3162,1.9980271e-4,1.256431,3.5129,1209.32,0.0814
12660,3165,1.9980234e-4,1.183231,3.2649,671.13,0.0839
12670,3167,1.998021e-4,1.045784,2.8456,538.21,0.1149
12680,3170,1.9980173e-4,1.170026,3.2221,702.77,0.0854
12690,3172,1.9980146e-4,1.096532,2.9938,696.50,0.0814
12700,3175,1.9980108e-4,1.092594,2.9820,505.52,0.0857
12710,3177,1.9980085e-4,1.144340,3.1404,972.45,0.1411
12720,3180,1.9980047e-4,1.099683,3.0032,676.27,0.0807
12730,3182,1.9980021e-4,1.054131,2.8695,1004.37,0.0796
12740,3185,1.9979983e-4,1.064186,2.8985,838.31,0.0902
12750,3187,1.997996e-4,1.187580,3.2791,1177.03,0.0907
12760,3190,1.997992e-4,1.089497,2.9728,653.76,0.0862
12770,3192,1.9979896e-4,1.094173,2.9867,891.66,0.0926
12780,3195,1.9979858e-4,1.100178,3.0047,788.91,0.0900
12790,3197,1.9979832e-4,1.098733,3.0004,1220.19,0.0769
12800,3200,1.9979794e-4,1.178607,3.2498,1943.74,0.0904
12810,3202,1.9979771e-4,1.001443,2.7222,824.90,0.1165
12820,3205,1.997973e-4,1.105460,3.0206,867.84,0.1017
12830,3207,1.9979707e-4,1.113256,3.0443,702.20,0.0873
12840,3210,1.9979669e-4,1.141237,3.1306,581.06,0.0849
12850,3212,1.9979643e-4,1.138210,3.1212,549.24,0.0904
12860,3215,1.9979605e-4,1.160497,3.1915,881.52,0.1013
12870,3217,1.9979579e-4,1.111468,3.0388,968.01,0.0790
12880,3220,1.9979541e-4,1.091066,2.9774,1021.17,0.0766
12890,3222,1.9979518e-4,1.190983,3.2903,1028.49,0.0933
12900,3225,1.9979477e-4,1.215849,3.3732,972.40,0.0846
12910,3227,1.9979454e-4,1.145409,3.1437,944.89,0.1207
12920,3230,1.9979413e-4,1.103018,3.0132,1003.21,0.0959
12930,3232,1.997939e-4,1.165034,3.2060,1019.62,0.0835
12940,3235,1.9979352e-4,1.155377,3.1752,608.80,0.0897
12950,3237,1.9979326e-4,1.127360,3.0875,524.63,0.1000
12960,3240,1.9979288e-4,1.096646,2.9941,737.13,0.0902
12970,3242,1.9979262e-4,1.138208,3.1212,570.20,0.0812
12980,3245,1.9979224e-4,1.065747,2.9030,522.90,0.0806
12990,3247,1.9979198e-4,1.111912,3.0402,479.80,0.0860
13000,3250,1.997916e-4,1.038348,2.8245,1169.32,0.0877
13010,3252,1.9979134e-4,1.175645,3.2402,1113.06,0.1063
13020,3255,1.9979093e-4,1.084011,2.9565,1207.27,0.0869
13030,3257,1.997907e-4,1.125723,3.0824,680.93,0.0818
13040,3260,1.9979029e-4,1.045245,2.8441,644.22,0.0777
13050,3262,1.9979003e-4,1.128398,3.0907,877.59,0.0770
13060,3265,1.9978965e-4,1.044022,2.8406,775.19,0.1117
13070,3267,1.9978939e-4,1.091547,2.9789,482.22,0.0888
13080,3270,1.99789e-4,1.145247,3.1432,898.33,0.0802
13090,3272,1.9978874e-4,1.052885,2.8659,784.42,0.0898
13100,3275,1.9978837e-4,1.079343,2.9427,914.92,0.0973
13110,3277,1.997881e-4,1.116525,3.0542,943.41,0.1071
13120,3280,1.9978773e-4,1.105444,3.0206,716.41,0.0791
13130,3282,1.9978746e-4,1.062135,2.8925,978.06,0.1011
13140,3285,1.9978709e-4,1.107198,3.0259,789.00,0.0848
13150,3287,1.9978682e-4,1.125278,3.0811,546.96,0.0846
13160,3290,1.9978645e-4,1.084571,2.9582,974.00,0.0913
13170,3292,1.9978615e-4,1.124791,3.0796,743.60,0.0854
13180,3295,1.9978578e-4,1.037189,2.8213,1133.64,0.0790
13190,3297,1.9978551e-4,1.111493,3.0389,839.24,0.0905
13200,3300,1.9978514e-4,1.038856,2.8260,825.96,0.0913
13210,3302,1.9978487e-4,1.059833,2.8859,1204.40,0.0919
13220,3305,1.997845e-4,1.048513,2.8534,714.49,0.0976
13230,3307,1.997842e-4,1.068081,2.9098,584.15,0.0976
13240,3310,1.9978383e-4,1.101126,3.0076,1485.78,0.0678
13250,3312,1.9978356e-4,1.139214,3.1243,1183.21,0.0833
13260,3315,1.9978319e-4,1.037551,2.8223,675.29,0.0808
13270,3317,1.9978292e-4,1.067751,2.9088,659.39,0.0836
13280,3320,1.9978252e-4,1.064349,2.8990,852.72,0.0837
13290,3322,1.9978225e-4,1.184513,3.2691,1751.47,0.0847
13300,3325,1.9978188e-4,1.115301,3.0505,627.89,0.0906
13310,3327,1.9978161e-4,1.106276,3.0231,1214.89,0.1156
13320,3330,1.997812e-4,1.093560,2.9849,888.63,0.0766
13330,3332,1.9978094e-4,1.055158,2.8724,832.37,0.0780
13340,3335,1.9978057e-4,1.160633,3.1920,1599.40,0.0881
13350,3337,1.9978028e-4,1.131894,3.1015,875.36,0.0817
13360,3340,1.997799e-4,1.148775,3.1543,727.44,0.0978
13370,3342,1.9977964e-4,1.210000,3.3535,1391.32,0.0885
13380,3345,1.9977923e-4,1.158056,3.1837,767.21,0.0808
13390,3347,1.9977897e-4,1.063444,2.8963,895.60,0.0915
13400,3350,1.9977856e-4,1.198494,3.3151,1019.34,0.0882
13410,3352,1.997783e-4,1.095306,2.9901,1024.00,0.1009
13420,3355,1.9977792e-4,1.090401,2.9755,948.27,0.0932
13430,3357,1.9977763e-4,1.112013,3.0405,813.61,0.0878
13440,3360,1.9977725e-4,1.072731,2.9234,624.11,0.0788
13450,3362,1.9977699e-4,1.108210,3.0289,698.73,0.0828
13460,3365,1.9977658e-4,1.159489,3.1883,1337.21,0.0838
13470,3367,1.9977632e-4,1.135221,3.1119,524.48,0.0820
13480,3370,1.9977591e-4,1.130872,3.0984,1463.70,0.0812
13490,3372,1.9977565e-4,1.046428,2.8475,1204.15,0.0747
13500,3375,1.9977524e-4,1.098379,2.9993,561.04,0.0830
13510,3377,1.9977498e-4,1.090046,2.9744,1347.22,0.1061
13520,3380,1.997746e-4,1.177882,3.2475,1269.57,0.0908
13530,3382,1.9977431e-4,1.099723,3.0033,1119.65,0.0942
13540,3385,1.9977393e-4,1.055495,2.8734,718.58,0.0869
13550,3387,1.9977367e-4,1.138918,3.1234,726.89,0.0824
13560,3390,1.9977326e-4,1.063303,2.8959,518.11,0.0875
13570,3392,1.9977297e-4,1.152440,3.1659,891.74,0.0952
13580,3395,1.9977259e-4,1.252147,3.4978,1090.41,0.0836
13590,3397,1.997723e-4,1.107717,3.0274,587.99,0.0870
13600,3400,1.997719e-4,1.112870,3.0431,521.86,0.0856
13610,3402,1.9977166e-4,1.061830,2.8917,1031.73,0.1181
13620,3405,1.9977125e-4,1.062717,2.8942,1239.12,0.0895
13630,3407,1.9977096e-4,1.018612,2.7693,846.83,0.0779
13640,3410,1.9977058e-4,1.126626,3.0852,1519.70,0.0788
13650,3412,1.997703e-4,1.051738,2.8626,985.80,0.0859
13660,3415,1.9976989e-4,1.066137,2.9041,982.89,0.0932
13670,3417,1.9976962e-4,1.083688,2.9556,689.37,0.0833
13680,3420,1.9976922e-4,1.116518,3.0542,789.38,0.0830
13690,3422,1.9976895e-4,1.190785,3.2897,777.95,0.0969
13700,3425,1.9976855e-4,1.129387,3.0938,879.25,0.0828
13710,3427,1.9976828e-4,1.189126,3.2842,1036.50,0.1047
13720,3430,1.9976788e-4,1.110427,3.0357,659.29,0.0977
13730,3432,1.9976759e-4,1.091511,2.9788,627.50,0.0902
13740,3435,1.9976721e-4,1.015628,2.7611,574.18,0.0858
13750,3437,1.9976692e-4,1.070028,2.9155,537.81,0.0829
13760,3440,1.9976651e-4,1.040470,2.8305,785.13,0.0894
13770,3442,1.9976625e-4,1.109548,3.0330,1031.56,0.0947
13780,3445,1.9976584e-4,1.035172,2.8156,489.62,0.0851
13790,3447,1.9976558e-4,1.163009,3.1995,918.19,0.0834
13800,3450,1.9976517e-4,1.135306,3.1121,1461.45,0.0859
13810,3452,1.9976488e-4,1.049048,2.8549,875.27,0.1182
13820,3455,1.9976447e-4,1.021462,2.7773,637.43,0.0806
13830,3457,1.9976421e-4,0.988561,2.6874,902.36,0.0943
13840,3460,1.997638e-4,1.150723,3.1605,1052.88,0.0810
13850,3462,1.9976351e-4,1.079867,2.9443,937.30,0.0865
13860,3465,1.997631e-4,1.114498,3.0480,980.87,0.0895
13870,3467,1.9976284e-4,1.081167,2.9481,859.85,0.0795
13880,3470,1.9976243e-4,1.223828,3.4002,431.58,0.0846
13890,3472,1.9976214e-4,1.074992,2.9300,974.12,0.0907
13900,3475,1.9976174e-4,1.052160,2.8638,520.87,0.0822
13910,3477,1.9976147e-4,1.022920,2.7813,903.83,0.1129
13920,3480,1.9976107e-4,1.096760,2.9944,1074.31,0.1026
13930,3482,1.9976078e-4,1.075186,2.9305,724.34,0.0859
13940,3485,1.9976037e-4,1.067218,2.9073,665.71,0.0862
13950,3487,1.997601e-4,1.069145,2.9129,474.81,0.0860
13960,3490,1.9975967e-4,0.998576,2.7144,539.32,0.1038
13970,3492,1.9975941e-4,1.103200,3.0138,1079.29,0.0902
13980,3495,1.99759e-4,1.094051,2.9863,462.16,0.0816
13990,3497,1.9975871e-4,1.090687,2.9763,765.27,0.0819
14000,3500,1.997583e-4,1.055348,2.8730,621.78,0.1101
14010,3502,1.9975801e-4,1.098463,2.9996,787.20,0.1143
14020,3505,1.997576e-4,1.141875,3.1326,1245.48,0.0786
14030,3507,1.9975734e-4,1.052988,2.8662,729.39,0.0976
14040,3510,1.9975693e-4,1.077157,2.9363,836.38,0.0903
14050,3512,1.9975664e-4,1.066980,2.9066,670.56,0.0854
14060,3515,1.9975624e-4,1.040659,2.8311,494.09,0.0877
14070,3517,1.9975594e-4,1.087793,2.9677,701.64,0.0945
14080,3520,1.9975554e-4,1.187713,3.2796,1106.57,0.0819
14090,3522,1.9975525e-4,1.165254,3.2067,419.59,0.0913
14100,3525,1.9975484e-4,1.103475,3.0146,701.48,0.0802
14110,3527,1.9975458e-4,1.011329,2.7493,1464.63,0.0977
14120,3530,1.9975414e-4,1.070073,2.9156,579.50,0.0881
14130,3532,1.9975385e-4,1.078610,2.9406,633.66,0.0858
14140,3535,1.9975344e-4,1.052001,2.8634,684.97,0.0884
14150,3537,1.9975318e-4,1.071823,2.9207,562.47,0.0907
14160,3540,1.9975274e-4,1.059275,2.8843,1344.56,0.0755
14170,3542,1.9975245e-4,1.077325,2.9368,1117.00,0.0909
14180,3545,1.9975204e-4,1.068790,2.9119,930.90,0.0795
14190,3547,1.9975178e-4,1.109106,3.0316,919.93,0.0816
14200,3550,1.9975135e-4,1.056428,2.8761,826.06,0.0922
14210,3552,1.9975108e-4,1.081647,2.9495,837.75,0.1175
14220,3555,1.9975065e-4,1.116193,3.0532,809.99,0.0805
14230,3557,1.9975039e-4,1.126737,3.0856,556.41,0.0859
14240,3560,1.9974995e-4,1.053691,2.8682,812.39,0.0995
14250,3562,1.9974969e-4,1.039118,2.8267,893.21,0.0747
14260,3565,1.9974925e-4,1.074874,2.9296,643.37,0.0894
14270,3567,1.9974896e-4,1.096946,2.9950,825.59,0.0886
14280,3570,1.9974855e-4,1.014537,2.7581,649.40,0.0983
14290,3572,1.9974826e-4,1.064574,2.8996,620.95,0.0833
14300,3575,1.9974785e-4,1.115734,3.0518,566.77,0.0859
14310,3577,1.9974756e-4,1.163151,3.2000,1399.72,0.1085
14320,3580,1.9974713e-4,1.079451,2.9431,1157.55,0.0810
14330,3582,1.9974686e-4,1.102694,3.0123,962.03,0.0868
14340,3585,1.9974643e-4,1.027844,2.7950,802.67,0.0974
14350,3587,1.9974614e-4,1.095095,2.9895,1557.62,0.0779
14360,3590,1.9974573e-4,1.149349,3.1561,544.15,0.0831
14370,3592,1.9974544e-4,1.040116,2.8295,775.86,0.0928
14380,3595,1.9974503e-4,1.158169,3.1841,1399.97,0.0760
14390,3597,1.9974474e-4,1.207628,3.3455,829.32,0.1054
14400,3600,1.997443e-4,1.098103,2.9985,895.99,0.0785
14410,3602,1.9974401e-4,1.045362,2.8444,996.16,0.1084
14420,3605,1.997436e-4,1.102645,3.0121,789.74,0.0888
14430,3607,1.9974331e-4,1.114300,3.0474,609.18,0.1008
14440,3610,1.9974288e-4,1.061556,2.8909,561.89,0.0873
14450,3612,1.9974259e-4,1.040572,2.8308,805.63,0.0828
14460,3615,1.9974218e-4,1.087534,2.9669,1117.45,0.0876
14470,3617,1.9974189e-4,1.146851,3.1483,907.46,0.0816
14480,3620,1.9974145e-4,1.017766,2.7670,644.33,0.0828
14490,3622,1.9974116e-4,1.097778,2.9975,823.09,0.0922
14500,3625,1.9974075e-4,1.053622,2.8680,565.80,0.0808
14510,3627,1.9974046e-4,1.172357,3.2296,1408.64,0.1025
14520,3630,1.9974002e-4,1.001819,2.7232,893.28,0.0851
14530,3632,1.9973973e-4,1.129773,3.0950,1335.33,0.0748
14540,3635,1.9973933e-4,1.080728,2.9468,1128.29,0.0726
14550,3637,1.9973904e-4,1.180999,3.2576,1187.09,0.0727
14560,3640,1.997386e-4,1.032910,2.8092,1030.51,0.0848
14570,3642,1.9973831e-4,1.012473,2.7524,486.34,0.1043
14580,3645,1.9973787e-4,1.000143,2.7187,545.75,0.0966
14590,3647,1.9973758e-4,1.109102,3.0316,623.83,0.0847
14600,3650,1.9973714e-4,1.043860,2.8402,814.47,0.0817
14610,3652,1.9973685e-4,1.236067,3.4421,1661.27,0.1069
14620,3655,1.9973645e-4,1.123982,3.0771,586.74,0.0888
14630,3657,1.9973615e-4,1.095139,2.9896,1082.93,0.0812
14640,3660,1.9973572e-4,1.067848,2.9091,1113.47,0.0817
14650,3662,1.9973543e-4,1.210104,3.3538,1585.03,0.0725
14660,3665,1.9973499e-4,1.059278,2.8843,848.47,0.0937
14670,3667,1.997347e-4,1.101125,3.0075,576.53,0.0898
14680,3670,1.9973426e-4,1.083936,2.9563,1112.28,0.0820
14690,3672,1.9973397e-4,1.131393,3.1000,1413.50,0.0915
14700,3675,1.9973353e-4,1.115232,3.0503,772.54,0.0936
14710,3677,1.9973324e-4,1.082232,2.9513,1021.62,0.1119
14720,3680,1.997328e-4,1.072950,2.9240,669.09,0.0854
14730,3682,1.9973255e-4,1.084783,2.9588,899.78,0.0756
14740,3685,1.9973208e-4,1.076655,2.9348,626.36,0.0809
14750,3687,1.9973179e-4,1.075063,2.9302,832.35,0.0987
14760,3690,1.9973135e-4,1.042037,2.8350,1208.23,0.0819
14770,3692,1.9973106e-4,1.096525,2.9937,656.56,0.0813
14780,3695,1.9973065e-4,1.059215,2.8841,885.87,0.0861
14790,3697,1.9973033e-4,1.139766,3.1260,1128.28,0.0893
14800,3700,1.9972993e-4,1.067915,2.9093,868.42,0.0872
14810,3702,1.997296e-4,1.087213,2.9660,1092.67,0.1214
14820,3705,1.997292e-4,1.102306,3.0111,617.60,0.0838
14830,3707,1.9972888e-4,1.073784,2.9264,774.89,0.0762
14840,3710,1.9972844e-4,1.146256,3.1464,783.47,0.0854
14850,3712,1.9972815e-4,1.089693,2.9734,1060.50,0.0916
14860,3715,1.9972771e-4,1.020685,2.7751,921.58,0.0818
14870,3717,1.9972742e-4,1.185311,3.2717,1009.17,0.0899
14880,3720,1.9972699e-4,1.062771,2.8944,681.45,0.0855
14890,3722,1.997267e-4,1.095357,2.9903,646.55,0.0813
14900,3725,1.9972626e-4,1.136140,3.1147,877.75,0.0843
14910,3727,1.9972597e-4,1.041821,2.8344,927.90,0.1471
14920,3730,1.997255e-4,1.093609,2.9850,1105.79,0.0826
14930,3732,1.9972521e-4,1.125358,3.0813,573.00,0.0836
14940,3735,1.9972477e-4,1.052585,2.8650,678.23,0.0818
14950,3737,1.9972448e-4,1.084582,2.9582,995.71,0.0923
14960,3740,1.9972405e-4,1.060215,2.8870,556.32,0.0816
14970,3742,1.9972376e-4,1.116122,3.0530,1169.87,0.0816
14980,3745,1.9972332e-4,1.088123,2.9687,1224.14,0.0897
14990,3747,1.99723e-4,1.126876,3.0860,906.85,0.0807
15000,3750,1.9972256e-4,1.083300,2.9544,730.94,0.0759
15010,3752,1.9972227e-4,1.040282,2.8300,1091.85,0.1154
15020,3755,1.9972184e-4,1.145387,3.1437,736.25,0.0894
15030,3757,1.9972151e-4,1.104696,3.0183,978.48,0.0749
15040,3760,1.9972108e-4,1.051870,2.8630,1068.78,0.0834
15050,3762,1.9972079e-4,1.046930,2.8489,1155.53,0.0786
15060,3765,1.9972035e-4,1.028259,2.7962,909.38,0.0936
15070,3767,1.9972003e-4,1.162274,3.1972,1067.70,0.0839
15080,3770,1.997196e-4,1.045512,2.8449,737.94,0.0853
15090,3772,1.997193e-4,1.065085,2.9011,842.63,0.0913
15100,3775,1.9971887e-4,1.092117,2.9806,776.02,0.0895
15110,3777,1.9971855e-4,1.069495,2.9139,1173.70,0.1084
15120,3780,1.9971811e-4,1.022308,2.7796,683.97,0.0800
15130,3782,1.9971782e-4,1.155720,3.1763,735.02,0.0975
15140,3785,1.9971735e-4,0.989514,2.6899,548.65,0.0819
15150,3787,1.9971706e-4,1.206461,3.3416,1351.30,0.0825
15160,3790,1.997166e-4,1.074472,2.9284,825.14,0.1069
15170,3792,1.997163e-4,1.096413,2.9934,707.70,0.0835
15180,3795,1.9971587e-4,1.074065,2.9273,427.41,0.0862
15190,3797,1.9971558e-4,1.101551,3.0088,996.25,0.0849
15200,3800,1.9971511e-4,1.094577,2.9879,1108.34,0.0942
15210,3802,1.9971482e-4,1.081939,2.9504,1239.47,0.0994
15220,3805,1.9971436e-4,1.124329,3.0781,619.94,0.0941
15230,3807,1.9971406e-4,1.050543,2.8592,948.93,0.0843
15240,3810,1.9971363e-4,1.048228,2.8526,716.82,0.0847
15250,3812,1.9971331e-4,1.088350,2.9694,1186.17,0.0873
15260,3815,1.9971287e-4,1.025504,2.7885,712.69,0.0880
15270,3817,1.9971258e-4,1.024327,2.7852,712.60,0.0836
15280,3820,1.9971211e-4,1.031547,2.8054,713.49,0.0804
15290,3822,1.997118e-4,1.182717,3.2632,1333.98,0.0789
15300,3825,1.9971136e-4,1.156772,3.1797,1390.03,0.0552
15310,3827,1.9971107e-4,1.139543,3.1253,1344.64,0.1086
15320,3830,1.997106e-4,1.082216,2.9512,859.45,0.0808
15330,3832,1.9971031e-4,1.151214,3.1620,679.92,0.0948
15340,3835,1.9970984e-4,1.120198,3.0655,1296.87,0.0935
15350,3837,1.9970955e-4,1.095502,2.9907,1212.10,0.0810
15360,3840,1.9970909e-4,1.088564,2.9700,592.44,0.1148
15370,3842,1.997088e-4,1.101483,3.0086,895.69,0.0775
15380,3845,1.9970833e-4,1.084562,2.9581,802.03,0.0745
15390,3847,1.9970804e-4,1.098022,2.9982,765.33,0.0927
15400,3850,1.9970757e-4,1.171993,3.2284,582.64,0.0934
15410,3852,1.9970728e-4,1.029172,2.7987,770.64,0.1200
15420,3855,1.9970682e-4,1.140826,3.1294,1422.85,0.0879
15430,3857,1.9970653e-4,1.060637,2.8882,870.66,0.0813
15440,3860,1.9970606e-4,1.089608,2.9731,740.60,0.0856
15450,3862,1.9970574e-4,1.048484,2.8533,761.57,0.0839
15460,3865,1.997053e-4,1.061633,2.8911,849.63,0.0988
15470,3867,1.9970498e-4,1.047150,2.8495,691.63,0.0828
15480,3870,1.9970452e-4,1.097716,2.9973,773.26,0.0832
15490,3872,1.9970423e-4,1.090777,2.9766,767.01,0.0891
15500,3875,1.9970376e-4,1.088817,2.9708,924.25,0.0899
15510,3877,1.9970347e-4,1.133024,3.1050,1455.25,0.0821
15520,3880,1.99703e-4,1.112001,3.0404,1051.36,0.0942
15530,3882,1.9970268e-4,1.160393,3.1912,786.08,0.0833
15540,3885,1.9970225e-4,1.063773,2.8973,834.42,0.0784
15550,3887,1.9970193e-4,1.056025,2.8749,1159.69,0.0935
15560,3890,1.9970146e-4,1.051746,2.8626,701.85,0.0818
15570,3892,1.9970117e-4,1.045124,2.8438,614.93,0.0815
15580,3895,1.997007e-4,1.063851,2.8975,540.36,0.0799
15590,3897,1.9970039e-4,1.083854,2.9561,1273.83,0.0898
15600,3900,1.9969995e-4,0.978354,2.6601,760.93,0.0817
15610,3902,1.9969963e-4,1.092704,2.9823,965.78,0.1090
15620,3905,1.9969916e-4,1.128266,3.0903,680.42,0.1016
15630,3907,1.9969887e-4,1.087704,2.9675,1034.13,0.0797
15640,3910,1.996984e-4,1.039897,2.8289,993.84,0.0795
15650,3912,1.9969809e-4,1.104059,3.0164,1221.74,0.0857
15660,3915,1.9969762e-4,1.024476,2.7856,721.44,0.0828
15670,3917,1.9969733e-4,1.089033,2.9714,663.76,0.0854
15680,3920,1.9969683e-4,1.154385,3.1721,1080.85,0.0881
15690,3922,1.9969654e-4,1.031833,2.8062,766.09,0.0870
15700,3925,1.9969608e-4,1.087856,2.9679,580.86,0.0837
15710,3927,1.9969579e-4,1.014047,2.7567,705.15,0.1220
15720,3930,1.9969529e-4,1.075045,2.9301,623.29,0.1096
15730,3932,1.99695e-4,1.065858,2.9033,998.19,0.0818
15740,3935,1.9969454e-4,1.056196,2.8754,701.81,0.0884
15750,3937,1.9969422e-4,1.058320,2.8815,1032.02,0.0945
15760,3940,1.9969375e-4,1.055438,2.8732,788.60,0.0861
15770,3942,1.9969343e-4,1.025781,2.7893,913.28,0.0845
15780,3945,1.9969296e-4,1.043316,2.8386,601.57,0.0929
15790,3947,1.9969267e-4,1.086908,2.9651,1199.40,0.0799
15800,3950,1.9969218e-4,1.041523,2.8335,851.21,0.0832
15810,3952,1.9969189e-4,1.104155,3.0167,795.90,0.1434
15820,3955,1.9969142e-4,1.061103,2.8896,720.81,0.0833
15830,3957,1.996911e-4,1.042731,2.8370,639.11,0.0818
15840,3960,1.9969064e-4,1.002403,2.7248,579.84,0.0811
15850,3962,1.9969032e-4,1.047113,2.8494,885.54,0.0969
15860,3965,1.9968985e-4,1.005459,2.7332,723.01,0.0808
15870,3967,1.9968953e-4,1.125173,3.0807,507.47,0.0905
15880,3970,1.996891e-4,0.988057,2.6860,631.01,0.0787
15890,3972,1.9968877e-4,1.109200,3.0319,1327.58,0.0913
15900,3975,1.9968828e-4,0.976446,2.6550,481.79,0.0834
15910,3977,1.9968799e-4,1.070986,2.9183,888.04,0.1129
15920,3980,1.9968752e-4,1.061748,2.8914,594.76,0.0844
15930,3982,1.996872e-4,1.110542,3.0360,907.40,0.0992
15940,3985,1.996867e-4,1.129752,3.0949,1137.34,0.0816
15950,3987,1.9968642e-4,1.166081,3.2094,617.86,0.0875
15960,3990,1.9968595e-4,1.034290,2.8131,945.66,0.0960
15970,3992,1.9968563e-4,0.991735,2.6959,677.94,0.0778
15980,3995,1.9968516e-4,1.106714,3.0244,978.28,0.0760
15990,3997,1.9968484e-4,1.017380,2.7659,680.90,0.0940
16000,4000,1.9968435e-4,1.101269,3.0080,605.96,0.1012
16010,4002,1.9968403e-4,1.123850,3.0767,741.06,0.1225
16020,4005,1.9968356e-4,1.027007,2.7927,681.67,0.0828
16030,4007,1.9968324e-4,1.084659,2.9584,1304.67,0.0861
16040,4010,1.9968278e-4,1.136810,3.1168,1111.26,0.0708
16050,4012,1.9968246e-4,1.100349,3.0052,536.81,0.0803
16060,4015,1.9968199e-4,1.175920,3.2411,868.85,0.0975
16070,4017,1.9968167e-4,1.059726,2.8856,610.85,0.0853
16080,4020,1.996812e-4,1.015097,2.7596,858.35,0.0774
16090,4022,1.9968089e-4,1.113042,3.0436,1190.87,0.0889
16100,4025,1.9968042e-4,1.133503,3.1065,879.03,0.0847
16110,4027,1.996801e-4,1.037218,2.8214,784.32,0.1163
16120,4030,1.996796e-4,1.052109,2.8637,447.94,0.0879
16130,4032,1.9967929e-4,1.125228,3.0809,1260.32,0.0941
16140,4035,1.9967882e-4,0.977783,2.6586,564.19,0.0796
16150,4037,1.996785e-4,1.153357,3.1688,795.33,0.0817
16160,4040,1.99678e-4,1.049299,2.8556,1101.68,0.0849
16170,4042,1.9967771e-4,1.074245,2.9278,707.08,0.0804
16180,4045,1.9967722e-4,1.021520,2.7774,644.69,0.0777
16190,4047,1.996769e-4,1.026646,2.7917,716.62,0.0852
16200,4050,1.9967643e-4,1.088634,2.9702,1017.77,0.0858
16210,4052,1.9967611e-4,1.037421,2.8219,1024.23,0.1054
16220,4055,1.9967562e-4,1.050224,2.8583,612.40,0.0790
16230,4057,1.996753e-4,1.096012,2.9922,1396.60,0.0894
16240,4060,1.9967483e-4,1.086730,2.9646,792.55,0.0818
16250,4062,1.9967451e-4,1.039579,2.8280,937.50,0.0993
16260,4065,1.9967402e-4,1.143299,3.1371,1012.23,0.0819
16270,4067,1.996737e-4,1.067936,2.9094,631.77,0.0822
16280,4070,1.9967323e-4,1.025271,2.7879,786.16,0.0923
16290,4072,1.9967291e-4,1.069060,2.9126,1056.17,0.0846
16300,4075,1.9967242e-4,1.016051,2.7623,763.75,0.0837
16310,4077,1.996721e-4,1.018875,2.7701,960.55,0.1036
16320,4080,1.996716e-4,1.072915,2.9239,867.53,0.0915
16330,4082,1.9967128e-4,1.094778,2.9885,891.98,0.0824
16340,4085,1.9967082e-4,1.147898,3.1516,826.96,0.0822
16350,4087,1.996705e-4,1.015498,2.7607,866.06,0.1004
16360,4090,1.9967e-4,1.117872,3.0583,1429.23,0.0805
16370,4092,1.9966968e-4,1.045882,2.8459,1626.40,0.0826
16380,4095,1.9966919e-4,1.089260,2.9721,1012.15,0.0823
16390,4097,1.9966887e-4,1.084543,2.9581,938.14,0.0872
16400,4100,1.996684e-4,1.012595,2.7527,715.75,0.0894
16410,4102,1.9966808e-4,1.057572,2.8794,1102.39,0.0972
16420,4105,1.9966759e-4,1.029001,2.7983,1092.08,0.0903
16430,4107,1.9966727e-4,1.065759,2.9030,807.93,0.0871
16440,4110,1.9966677e-4,1.079798,2.9441,962.08,0.0811
16450,4112,1.9966645e-4,1.028529,2.7969,693.15,0.0866
16460,4115,1.9966596e-4,1.061705,2.8913,649.46,0.1109
16470,4117,1.9966564e-4,1.089128,2.9717,873.79,0.0822
16480,4120,1.9966514e-4,1.063536,2.8966,533.76,0.0896
16490,4122,1.9966482e-4,1.082690,2.9526,780.54,0.0823
16500,4125,1.9966433e-4,1.026780,2.7921,1029.56,0.0810
16510,4127,1.99664e-4,1.092073,2.9804,1364.15,0.1002
16520,4130,1.9966351e-4,1.020293,2.7740,897.88,0.0930
16530,4132,1.9966319e-4,1.076597,2.9347,718.77,0.0824
16540,4135,1.996627e-4,1.008577,2.7417,589.45,0.0808
16550,4137,1.9966238e-4,1.116754,3.0549,720.84,0.0805
16560,4140,1.9966188e-4,1.011572,2.7499,830.52,0.0940
16570,4142,1.9966156e-4,1.092730,2.9824,680.08,0.0805
16580,4145,1.9966107e-4,1.031084,2.8041,814.40,0.0746
16590,4147,1.9966075e-4,1.063953,2.8978,1034.53,0.0905
16600,4150,1.9966025e-4,1.108894,3.0310,581.01,0.0900
16610,4152,1.9965993e-4,1.098126,2.9985,890.97,0.1115
16620,4155,1.9965944e-4,1.099111,3.0015,517.10,0.0844
16630,4157,1.9965912e-4,1.079744,2.9439,869.03,0.0976
16640,4160,1.9965862e-4,0.989002,2.6886,642.36,0.0816
16650,4162,1.996583e-4,1.076430,2.9342,1169.47,0.0815
16660,4165,1.996578e-4,1.122076,3.0712,1102.45,0.0903
16670,4167,1.9965749e-4,1.038158,2.8240,694.79,0.0884
16680,4170,1.9965699e-4,1.146423,3.1469,883.95,0.0837
16690,4172,1.9965664e-4,1.156533,3.1789,1010.06,0.0872
16700,4175,1.9965615e-4,1.026881,2.7923,530.33,0.0925
16710,4177,1.9965583e-4,1.098161,2.9986,1111.22,0.1018
16720,4180,1.9965533e-4,1.033805,2.8117,800.02,0.0879
16730,4182,1.9965501e-4,1.088604,2.9701,554.65,0.0958
16740,4185,1.9965452e-4,1.036057,2.8181,660.37,0.0817
16750,4187,1.9965417e-4,1.055377,2.8731,697.63,0.0844
16760,4190,1.9965367e-4,1.062346,2.8931,1261.77,0.0836
16770,4192,1.9965335e-4,1.105359,3.0203,1012.34,0.0684
16780,4195,1.9965286e-4,1.060228,2.8870,1075.42,0.0837
16790,4197,1.9965251e-4,1.034401,2.8134,790.06,0.0911
16800,4200,1.9965201e-4,0.983652,2.6742,822.35,0.0801
16810,4202,1.996517e-4,1.115987,3.0526,1083.18,0.1044
16820,4205,1.996512e-4,1.071094,2.9186,700.17,0.0947
16830,4207,1.9965085e-4,1.090675,2.9763,730.60,0.0842
16840,4210,1.9965039e-4,1.034479,2.8136,1127.56,0.0781
16850,4212,1.9965004e-4,1.116092,3.0529,937.47,0.0890
16860,4215,1.9964954e-4,1.053204,2.8668,510.93,0.0853
16870,4217,1.9964922e-4,1.111751,3.0397,1275.13,0.0744
16880,4220,1.996487e-4,0.935223,2.5478,907.55,0.0931
16890,4222,1.9964838e-4,1.096248,2.9929,730.29,0.0793
16900,4225,1.9964788e-4,1.002414,2.7249,1031.20,0.0791
16910,4227,1.9964753e-4,1.032332,2.8076,1350.96,0.1144
16920,4230,1.9964704e-4,1.078907,2.9415,649.41,0.0782
16930,4232,1.9964669e-4,1.041441,2.8333,784.58,0.0782
16940,4235,1.996462e-4,0.996395,2.7085,775.35,0.0974
16950,4237,1.9964587e-4,1.073370,2.9252,924.54,0.0817
16960,4240,1.9964538e-4,1.079692,2.9438,826.70,0.0827
16970,4242,1.9964503e-4,1.122195,3.0716,933.45,0.0983
16980,4245,1.9964454e-4,1.057401,2.8789,960.43,0.0783
16990,4247,1.9964422e-4,1.003560,2.7280,763.83,0.0819
17000,4250,1.9964369e-4,1.070629,2.9172,838.73,0.0845
17010,4252,1.9964337e-4,1.017751,2.7670,747.06,0.1204
17020,4255,1.9964285e-4,1.052610,2.8651,619.74,0.0871
17030,4257,1.9964253e-4,1.078178,2.9393,899.21,0.0822
17040,4260,1.9964203e-4,1.128126,3.0899,1239.10,0.0939
17050,4262,1.9964168e-4,1.052001,2.8634,1062.09,0.0774
17060,4265,1.9964119e-4,1.069247,2.9132,879.70,0.0805
17070,4267,1.9964084e-4,1.100389,3.0053,1280.85,0.0876
17080,4270,1.9964034e-4,1.208121,3.3472,728.37,0.0854
17090,4272,1.9964e-4,1.135732,3.1135,967.35,0.0915
17100,4275,1.996395e-4,1.055743,2.8741,1020.89,0.0904
17110,4277,1.9963915e-4,1.012804,2.7533,933.70,0.0976
17120,4280,1.9963866e-4,1.064089,2.8982,856.80,0.0899
17130,4282,1.996383e-4,1.007176,2.7379,636.92,0.1009
17140,4285,1.9963781e-4,1.086661,2.9644,1229.31,0.0729
17150,4287,1.9963746e-4,1.084064,2.9567,1182.93,0.0903
17160,4290,1.9963697e-4,1.079792,2.9441,523.06,0.0873
17170,4292,1.9963662e-4,1.041134,2.8324,863.89,0.0754
17180,4295,1.9963612e-4,1.032574,2.8083,845.73,0.0881
17190,4297,1.9963578e-4,1.049455,2.8561,677.10,0.0988
17200,4300,1.9963525e-4,1.027568,2.7943,890.82,0.0794
17210,4302,1.9963493e-4,1.074973,2.9299,946.75,0.1095
17220,4305,1.9963444e-4,1.065752,2.9030,1156.79,0.0841
17230,4307,1.9963409e-4,1.047910,2.8517,1069.32,0.0795
17240,4310,1.9963356e-4,1.059469,2.8848,739.58,0.0808
17250,4312,1.9963321e-4,1.064729,2.9001,1053.68,0.0925
17260,4315,1.9963272e-4,1.043820,2.8400,718.36,0.0887
17270,4317,1.996324e-4,1.066223,2.9044,780.96,0.0852
17280,4320,1.9963188e-4,1.047862,2.8515,697.09,0.0980
17290,4322,1.9963153e-4,1.062556,2.8938,1070.54,0.0719
17300,4325,1.99631e-4,0.999969,2.7182,608.36,0.0823
17310,4327,1.9963068e-4,0.981191,2.6676,946.59,0.1233
17320,4330,1.9963016e-4,1.057736,2.8798,848.68,0.0797
17330,4332,1.9962984e-4,1.065397,2.9020,512.95,0.0843
17340,4335,1.9962931e-4,1.110500,3.0359,581.14,0.0842
17350,4337,1.9962896e-4,1.199349,3.3180,847.15,0.0931
17360,4340,1.9962847e-4,1.086274,2.9632,794.07,0.0844
17370,4342,1.9962812e-4,1.118238,3.0595,1192.48,0.0789
17380,4345,1.996276e-4,1.060467,2.8877,1128.73,0.0906
17390,4347,1.9962725e-4,1.084777,2.9588,836.38,0.0860
17400,4350,1.9962675e-4,1.096158,2.9926,742.82,0.0845
17410,4352,1.996264e-4,1.041690,2.8340,1298.38,0.1078
17420,4355,1.9962588e-4,1.003424,2.7276,617.92,0.0828
17430,4357,1.9962553e-4,1.082231,2.9513,732.43,0.0828
17440,4360,1.9962504e-4,1.046213,2.8468,764.27,0.0928
17450,4362,1.9962469e-4,1.030593,2.8027,582.49,0.0791
17460,4365,1.9962416e-4,1.089147,2.9717,615.87,0.0858
17470,4367,1.9962381e-4,1.045676,2.8453,893.84,0.0830
17480,4370,1.9962332e-4,1.049507,2.8562,813.61,0.0961
17490,4372,1.9962297e-4,1.095595,2.9910,1040.18,0.0871
17500,4375,1.9962245e-4,1.053249,2.8670,880.86,0.0774
17510,4377,1.996221e-4,1.074901,2.9297,1594.95,0.0996
17520,4380,1.9962157e-4,1.023960,2.7842,834.33,0.0811
17530,4382,1.9962122e-4,1.051808,2.8628,727.51,0.0884
17540,4385,1.9962073e-4,1.034231,2.8129,1209.71,0.0789
17550,4387,1.9962038e-4,1.038729,2.8256,979.26,0.0787
17560,4390,1.9961986e-4,1.089564,2.9730,588.18,0.0875
17570,4392,1.996195e-4,1.075891,2.9326,1170.63,0.0861
17580,4395,1.9961898e-4,1.034543,2.8138,730.71,0.0903
17590,4397,1.9961863e-4,1.086354,2.9634,826.85,0.0837
17600,4400,1.9961811e-4,1.054399,2.8702,907.65,0.0992
17610,4402,1.9961779e-4,1.024230,2.7850,738.93,0.1237
17620,4405,1.9961727e-4,1.034310,2.8132,934.03,0.0768
17630,4407,1.9961692e-4,1.093966,2.9861,931.20,0.0897
17640,4410,1.9961639e-4,1.180518,3.2561,606.17,0.0867
17650,4412,1.9961604e-4,1.099780,3.0035,949.54,0.0817
17660,4415,1.9961552e-4,1.048588,2.8536,974.43,0.0885
17670,4417,1.9961517e-4,1.043851,2.8401,822.17,0.0832
17680,4420,1.9961465e-4,1.059477,2.8849,538.01,0.0819
17690,4422,1.996143e-4,1.107676,3.0273,941.08,0.0791
17700,4425,1.9961377e-4,1.000347,2.7192,620.24,0.1064
17710,4427,1.9961342e-4,1.048734,2.8540,777.96,0.1182
17720,4430,1.996129e-4,1.080443,2.9460,946.31,0.0804
17730,4432,1.9961255e-4,1.080296,2.9456,900.44,0.0948
17740,4435,1.9961203e-4,1.019153,2.7708,435.20,0.0859
17750,4437,1.9961168e-4,1.034773,2.8145,849.21,0.0748
17760,4440,1.9961115e-4,1.074697,2.9291,712.61,0.0850
17770,4442,1.996108e-4,1.019958,2.7731,961.41,0.0886
17780,4445,1.9961028e-4,0.991749,2.6959,579.32,0.0785
17790,4447,1.9960993e-4,1.041993,2.8349,658.97,0.0857
17800,4450,1.996094e-4,1.034735,2.8144,794.82,0.0814
17810,4452,1.9960906e-4,1.083035,2.9536,894.51,0.1586
17820,4455,1.9960853e-4,1.076845,2.9354,786.95,0.0806
17830,4457,1.9960816e-4,1.050659,2.8595,970.28,0.0839
17840,4460,1.9960766e-4,1.078643,2.9407,781.03,0.0902
17850,4462,1.9960728e-4,1.037631,2.8225,964.67,0.0884
17860,4465,1.9960676e-4,1.051064,2.8607,561.43,0.0853
17870,4467,1.9960641e-4,1.117492,3.0572,962.89,0.0788
17880,4470,1.9960589e-4,1.055188,2.8725,767.77,0.0988
17890,4472,1.9960554e-4,1.047559,2.8507,568.02,0.0894
17900,4475,1.9960501e-4,1.043390,2.8388,683.61,0.0879
17910,4477,1.9960463e-4,1.023437,2.7827,1057.15,0.1197
17920,4480,1.9960411e-4,1.110229,3.0351,986.69,0.0872
17930,4482,1.9960376e-4,1.102678,3.0122,708.21,0.0827
17940,4485,1.9960324e-4,1.068064,2.9097,573.80,0.0824
17950,4487,1.9960289e-4,1.026267,2.7906,817.27,0.1022
17960,4490,1.9960233e-4,0.994347,2.7030,759.58,0.0782
17970,4492,1.9960199e-4,1.062505,2.8936,919.89,0.0831
17980,4495,1.9960146e-4,1.063803,2.8974,1341.80,0.0944
17990,4497,1.9960111e-4,0.996134,2.7078,825.69,0.0806
18000,4500,1.9960059e-4,0.985178,2.6783,583.49,0.0855
18010,4502,1.9960021e-4,1.095776,2.9915,1393.57,0.1002
18020,4505,1.9959969e-4,0.987551,2.6847,585.19,0.0851
18030,4507,1.9959934e-4,1.000105,2.7186,531.25,0.0739
18040,4510,1.9959881e-4,1.058693,2.8826,1149.52,0.0849
18050,4512,1.9959843e-4,1.049339,2.8558,912.62,0.0740
18060,4515,1.9959791e-4,1.132847,3.1045,843.06,0.0881
18070,4517,1.9959756e-4,1.067368,2.9077,1138.20,0.0930
18080,4520,1.9959704e-4,1.112939,3.0433,701.46,0.0852
18090,4522,1.9959666e-4,1.078726,2.9409,838.36,0.0829
18100,4525,1.9959614e-4,1.051227,2.8612,755.28,0.0987
18110,4527,1.9959579e-4,1.104979,3.0192,870.26,0.1196
18120,4530,1.9959523e-4,1.100624,3.0060,577.21,0.0895
18130,4532,1.9959488e-4,1.092339,2.9812,939.55,0.0862
18140,4535,1.9959433e-4,1.179844,3.2539,1072.94,0.0932
18150,4537,1.9959398e-4,1.154960,3.1739,818.37,0.0822
18160,4540,1.9959346e-4,1.049967,2.8576,653.91,0.0855
18170,4542,1.9959311e-4,1.162088,3.1966,1334.36,0.0816
18180,4545,1.9959256e-4,1.012756,2.7532,654.75,0.0806
18190,4547,1.995922e-4,1.003858,2.7288,686.65,0.0822
18200,4550,1.9959165e-4,0.981729,2.6691,876.80,0.0923
18210,4552,1.995913e-4,1.065452,2.9021,1128.27,0.1095
18220,4555,1.9959075e-4,1.076894,2.9355,987.20,0.0841
18230,4557,1.995904e-4,1.042575,2.8365,774.53,0.0873
18240,4560,1.9958985e-4,1.037228,2.8214,696.78,0.0832
18250,4562,1.995895e-4,1.076662,2.9349,472.02,0.0869
18260,4565,1.9958895e-4,1.082917,2.9533,529.74,0.0848
18270,4567,1.995886e-4,1.110992,3.0374,822.77,0.1027
18280,4570,1.9958804e-4,1.100645,3.0061,690.07,0.0832
18290,4572,1.995877e-4,1.126790,3.0857,696.59,0.0832
18300,4575,1.9958714e-4,1.104507,3.0177,577.68,0.0912
18310,4577,1.995868e-4,1.080856,2.9472,1173.25,0.1070
18320,4580,1.9958627e-4,1.057984,2.8806,948.19,0.0766
18330,4582,1.9958589e-4,1.052261,2.8641,774.38,0.0846
18340,4585,1.9958537e-4,1.100781,3.0065,1084.63,0.0896
18350,4587,1.9958499e-4,1.143850,3.1388,615.27,0.0904
18360,4590,1.9958447e-4,1.119040,3.0619,731.02,0.0868
18370,4592,1.9958409e-4,1.083438,2.9548,929.72,0.0902
18380,4595,1.9958356e-4,1.036126,2.8183,628.28,0.0850
18390,4597,1.9958318e-4,1.069011,2.9125,1008.47,0.0788
18400,4600,1.9958266e-4,1.028437,2.7967,399.48,0.0943
18410,4602,1.9958228e-4,1.060722,2.8885,973.05,0.1190
18420,4605,1.9958173e-4,1.075439,2.9313,795.08,0.0789
18430,4607,1.9958138e-4,1.045713,2.8454,1186.90,0.0874
18440,4610,1.9958083e-4,1.049700,2.8568,560.68,0.1025
18450,4612,1.9958045e-4,1.027187,2.7932,763.55,0.0836
18460,4615,1.9957992e-4,1.109707,3.0335,546.56,0.0747
18470,4617,1.9957955e-4,0.978337,2.6600,562.39,0.0846
18480,4620,1.99579e-4,1.061437,2.8905,573.68,0.1119
18490,4622,1.9957864e-4,1.099630,3.0031,982.67,0.0818
18500,4625,1.9957809e-4,1.043379,2.8388,869.69,0.0882
18510,4627,1.9957774e-4,1.041249,2.8328,1310.61,0.1141
18520,4630,1.9957719e-4,1.131442,3.1001,892.14,0.0779
18530,4632,1.9957681e-4,1.045107,2.8437,766.42,0.0859
18540,4635,1.9957629e-4,1.081172,2.9481,576.23,0.0956
18550,4637,1.9957591e-4,1.039723,2.8284,891.73,0.0792
18560,4640,1.9957536e-4,1.034538,2.8138,739.58,0.0846
18570,4642,1.9957498e-4,1.143604,3.1381,1059.40,0.0935
18580,4645,1.9957445e-4,1.063409,2.8962,337.07,0.0891
18590,4647,1.9957407e-4,1.088160,2.9688,961.15,0.0838
18600,4650,1.9957352e-4,1.059924,2.8862,346.07,0.0923
18610,4652,1.9957317e-4,1.046473,2.8476,691.58,0.1469
18620,4655,1.9957262e-4,1.050045,2.8578,692.54,0.1002
18630,4657,1.9957224e-4,0.997880,2.7125,611.97,0.0818
18640,4660,1.9957169e-4,0.963158,2.6200,824.08,0.0798
18650,4662,1.9957131e-4,1.050346,2.8586,1287.24,0.0900
18660,4665,1.9957079e-4,1.075145,2.9304,1003.13,0.0805
18670,4667,1.9957041e-4,1.088684,2.9704,832.21,0.0777
18680,4670,1.9956985e-4,1.021816,2.7782,899.13,0.0943
18690,4672,1.9956948e-4,1.041132,2.8324,610.66,0.0802
18700,4675,1.9956895e-4,1.085605,2.9612,1155.21,0.0862
18710,4677,1.9956857e-4,1.084229,2.9572,1007.47,0.1131
18720,4680,1.9956802e-4,1.161678,3.1953,820.81,0.0826
18730,4682,1.9956764e-4,1.022327,2.7797,848.11,0.0786
18740,4685,1.9956709e-4,1.027815,2.7950,784.21,0.1036
18750,4687,1.9956671e-4,1.001359,2.7220,509.41,0.0839
18760,4690,1.9956616e-4,1.078854,2.9413,958.38,0.0817
18770,4692,1.9956581e-4,1.193195,3.2976,1600.86,0.0808
18780,4695,1.9956526e-4,0.993003,2.6993,1132.34,0.0739
18790,4697,1.9956488e-4,1.133368,3.1061,1176.71,0.0872
18800,4700,1.9956433e-4,1.138452,3.1219,944.81,0.0833
18810,4702,1.9956395e-4,1.076919,2.9356,719.42,0.1226
18820,4705,1.995634e-4,1.125292,3.0811,1046.62,0.0870
18830,4707,1.9956302e-4,0.991610,2.6956,772.84,0.0823
18840,4710,1.9956246e-4,1.046408,2.8474,722.45,0.0830
18850,4712,1.9956208e-4,1.064602,2.8997,490.26,0.0850
18860,4715,1.9956153e-4,0.970534,2.6394,1211.59,0.0856
18870,4717,1.9956115e-4,1.119276,3.0626,678.34,0.0868
18880,4720,1.995606e-4,1.041865,2.8345,306.62,0.0888
18890,4722,1.9956022e-4,1.045078,2.8436,860.52,0.0848
18900,4725,1.9955967e-4,1.014067,2.7568,650.72,0.0963
18910,4727,1.9955929e-4,1.104284,3.0171,1068.98,0.1051
18920,4730,1.9955874e-4,1.123060,3.0742,811.67,0.0837
18930,4732,1.9955836e-4,1.110866,3.0370,1243.00,0.0905
18940,4735,1.995578e-4,1.098072,2.9984,744.73,0.0839
18950,4737,1.9955743e-4,1.104977,3.0192,937.50,0.0829
18960,4740,1.9955687e-4,1.084842,2.9590,996.62,0.1045
18970,4742,1.995565e-4,1.210770,3.3561,917.89,0.0849
18980,4745,1.9955594e-4,1.071874,2.9208,895.63,0.0819
18990,4747,1.9955556e-4,0.998060,2.7130,471.14,0.0933
19000,4750,1.9955501e-4,1.100264,3.0050,1241.55,0.0808
19010,4752,1.9955463e-4,0.976038,2.6539,1147.34,0.0916
19020,4755,1.9955408e-4,1.135499,3.1127,1119.65,0.0899
19030,4757,1.995537e-4,1.193285,3.2979,731.13,0.0851
19040,4760,1.9955312e-4,0.997966,2.7128,765.11,0.0775
19050,4762,1.9955277e-4,1.115986,3.0526,866.49,0.0921
19060,4765,1.9955219e-4,0.990695,2.6931,728.84,0.0803
19070,4767,1.9955181e-4,1.013169,2.7543,544.19,0.0859
19080,4770,1.9955126e-4,1.135763,3.1135,622.17,0.0837
19090,4772,1.9955088e-4,1.082907,2.9533,661.06,0.0918
19100,4775,1.9955033e-4,1.033721,2.8115,1090.75,0.0833
19110,4777,1.9954992e-4,1.007843,2.7397,947.51,0.1078
19120,4780,1.9954937e-4,1.003976,2.7291,1006.29,0.0891
19130,4782,1.9954899e-4,1.094695,2.9883,531.35,0.0870
19140,4785,1.9954843e-4,1.016958,2.7648,877.58,0.0804
19150,4787,1.9954806e-4,1.038702,2.8255,1371.22,0.0877
19160,4790,1.9954747e-4,1.032365,2.8077,1416.18,0.0784
19170,4792,1.995471e-4,1.022751,2.7808,878.81,0.0801
19180,4795,1.9954654e-4,1.081557,2.9493,1126.06,0.0921
19190,4797,1.9954616e-4,0.999906,2.7180,508.03,0.0811
19200,4800,1.9954558e-4,1.115323,3.0506,1053.84,0.0805
19210,4802,1.995452e-4,1.042456,2.8362,1085.93,0.1181
19220,4805,1.9954465e-4,0.982703,2.6717,705.80,0.0849
19230,4807,1.9954427e-4,1.004542,2.7307,615.24,0.0808
19240,4810,1.9954369e-4,1.133985,3.1080,1694.86,0.0742
19250,4812,1.9954331e-4,0.965616,2.6264,476.63,0.0798
19260,4815,1.9954276e-4,1.098606,3.0000,600.11,0.0802
19270,4817,1.9954238e-4,1.056582,2.8765,1543.79,0.0822
19280,4820,1.995418e-4,1.007108,2.7377,579.00,0.0852
19290,4822,1.9954142e-4,1.026529,2.7914,908.39,0.0771
19300,4825,1.9954084e-4,1.055008,2.8720,986.47,0.0953
19310,4827,1.9954046e-4,1.017887,2.7673,834.95,0.1140
19320,4830,1.995399e-4,1.049720,2.8569,715.62,0.0804
19330,4832,1.9953953e-4,0.985925,2.6803,666.37,0.0809
19340,4835,1.9953895e-4,1.070146,2.9158,861.80,0.0946
19350,4837,1.9953857e-4,1.053091,2.8665,608.65,0.0853
19360,4840,1.9953799e-4,1.039254,2.8271,795.66,0.0842
19370,4842,1.9953761e-4,1.040254,2.8299,457.47,0.0899
19380,4845,1.9953705e-4,1.041186,2.8326,1024.75,0.0873
19390,4847,1.9953668e-4,1.102877,3.0128,789.86,0.0794
19400,4850,1.995361e-4,1.019161,2.7709,733.78,0.0829
19410,4852,1.9953569e-4,1.058376,2.8817,1149.99,0.1158
19420,4855,1.9953513e-4,1.083559,2.9552,922.27,0.0819
19430,4857,1.9953476e-4,1.088714,2.9705,697.78,0.0830
19440,4860,1.9953417e-4,1.040980,2.8320,995.45,0.0930
19450,4862,1.995338e-4,1.069543,2.9140,668.01,0.0841
19460,4865,1.9953321e-4,1.076566,2.9346,1050.01,0.0811
19470,4867,1.9953283e-4,1.088962,2.9712,1266.71,0.0879
19480,4870,1.9953225e-4,1.043602,2.8394,555.75,0.0816
19490,4872,1.9953187e-4,1.130460,3.0971,959.52,0.0783
19500,4875,1.9953129e-4,1.038005,2.8236,1193.64,0.0886
19510,4877,1.9953091e-4,1.069204,2.9131,701.28,0.1332
19520,4880,1.9953033e-4,1.025759,2.7892,598.38,0.0895
19530,4882,1.9952995e-4,1.144607,3.1412,1269.78,0.0957
19540,4885,1.9952937e-4,1.044392,2.8417,778.28,0.0824
19550,4887,1.99529e-4,1.084491,2.9579,914.35,0.0825
19560,4890,1.9952841e-4,1.035965,2.8178,1144.13,0.0938
19570,4892,1.9952803e-4,0.966680,2.6292,502.61,0.0833
19580,4895,1.9952745e-4,0.995900,2.7072,742.14,0.0819
19590,4897,1.9952704e-4,1.060109,2.8867,877.08,0.0900
19600,4900,1.9952646e-4,1.005378,2.7329,1132.98,0.0919
19610,4902,1.9952608e-4,0.978326,2.6600,982.91,0.0991
19620,4905,1.995255e-4,1.056806,2.8772,1404.59,0.0873
19630,4907,1.9952512e-4,1.025487,2.7885,872.95,0.0803
19640,4910,1.9952454e-4,1.020979,2.7759,487.90,0.0859
19650,4912,1.9952416e-4,1.115234,3.0503,1011.79,0.0946
19660,4915,1.9952358e-4,1.048648,2.8538,1146.68,0.0786
19670,4917,1.995232e-4,1.146766,3.1480,822.06,0.0896
19680,4920,1.9952262e-4,1.060626,2.8882,851.43,0.0937
19690,4922,1.9952221e-4,1.022966,2.7814,864.91,0.0795
19700,4925,1.9952166e-4,1.115929,3.0524,1031.40,0.0882
19710,4927,1.9952125e-4,1.040786,2.8314,1168.34,0.1158
19720,4930,1.9952067e-4,0.998698,2.7147,722.72,0.0823
19730,4932,1.9952026e-4,1.066319,2.9047,682.17,0.0846
19740,4935,1.9951968e-4,0.970514,2.6393,1036.65,0.0849
19750,4937,1.995193e-4,1.001361,2.7220,803.23,0.0771
19760,4940,1.9951872e-4,1.032166,2.8071,545.63,0.0815
19770,4942,1.9951834e-4,1.039403,2.8275,782.95,0.0843
19780,4945,1.9951776e-4,1.028845,2.7978,738.41,0.0878
19790,4947,1.9951735e-4,0.985760,2.6798,785.64,0.0861
19800,4950,1.9951677e-4,1.098589,2.9999,644.41,0.0911
19810,4952,1.9951639e-4,1.000642,2.7200,777.46,0.1460
19820,4955,1.9951581e-4,1.102741,3.0124,1353.89,0.0832
19830,4957,1.995154e-4,1.122523,3.0726,1318.89,0.0812
19840,4960,1.9951482e-4,1.020213,2.7738,1049.48,0.0882
19850,4962,1.9951444e-4,1.095644,2.9911,993.96,0.0852
19860,4965,1.9951386e-4,1.106660,3.0242,1223.21,0.0856
19870,4967,1.9951345e-4,1.034703,2.8143,1122.23,0.0805
19880,4970,1.9951287e-4,1.078976,2.9417,950.05,0.0838
19890,4972,1.9951246e-4,1.077887,2.9385,1067.95,0.0906
19900,4975,1.9951188e-4,1.020439,2.7744,644.47,0.0849
19910,4977,1.995115e-4,1.156238,3.1780,1136.63,0.1089
19920,4980,1.9951092e-4,0.963425,2.6207,1199.11,0.0873
19930,4982,1.9951051e-4,1.037218,2.8214,643.32,0.0795
19940,4985,1.9950993e-4,1.063575,2.8967,671.06,0.0871
19950,4987,1.9950952e-4,1.085670,2.9614,894.43,0.0927
19960,4990,1.9950894e-4,1.058462,2.8819,527.09,0.0844
19970,4992,1.9950853e-4,1.080487,2.9461,451.67,0.0834
19980,4995,1.9950795e-4,1.039485,2.8278,970.33,0.0830
19990,4997,1.9950757e-4,1.120515,3.0664,686.36,0.1114
20000,5000,1.9950696e-4,1.041668,2.8339,861.40,0.0817
20010,5002,1.9950658e-4,1.042096,2.8352,802.39,0.1128
20020,5005,1.9950597e-4,1.091058,2.9774,1136.52,0.0917
20030,5007,1.995056e-4,1.019215,2.7710,790.12,0.0861
20040,5010,1.9950498e-4,1.006791,2.7368,498.42,0.0856
20050,5012,1.995046e-4,1.014554,2.7581,908.33,0.0824
20060,5015,1.9950402e-4,1.033710,2.8115,994.41,0.0937
20070,5017,1.9950361e-4,1.028841,2.7978,666.25,0.0817
20080,5020,1.9950303e-4,0.992939,2.6992,726.69,0.0786
20090,5022,1.9950263e-4,1.093228,2.9839,917.69,0.0971
20100,5025,1.9950204e-4,1.086884,2.9650,1100.49,0.0817
20110,5027,1.9950164e-4,1.075195,2.9306,922.78,0.1066
20120,5030,1.9950105e-4,1.060622,2.8882,853.37,0.1050
20130,5032,1.9950065e-4,1.066751,2.9059,607.37,0.0822
20140,5035,1.9950006e-4,1.040176,2.8297,698.21,0.0790
20150,5037,1.9949966e-4,1.109622,3.0332,876.01,0.0799
20160,5040,1.9949907e-4,0.990421,2.6924,879.02,0.0942
20170,5042,1.9949867e-4,1.092957,2.9831,1024.41,0.0806
20180,5045,1.9949806e-4,1.093798,2.9856,760.25,0.0817
20190,5047,1.9949768e-4,1.058390,2.8817,821.21,0.0997
20200,5050,1.9949707e-4,1.054186,2.8696,597.47,0.0808
20210,5052,1.9949666e-4,1.081656,2.9496,732.09,0.1261
20220,5055,1.9949608e-4,1.107717,3.0274,1011.37,0.0782
20230,5057,1.9949567e-4,1.058166,2.8811,902.34,0.0856
20240,5060,1.9949509e-4,1.081891,2.9503,952.18,0.0792
20250,5062,1.9949468e-4,1.079104,2.9420,1007.09,0.0878
20260,5065,1.994941e-4,1.035145,2.8155,922.38,0.0868
20270,5067,1.9949369e-4,1.052097,2.8637,726.29,0.0816
20280,5070,1.9949308e-4,0.960400,2.6127,1225.48,0.0851
20290,5072,1.9949267e-4,1.066962,2.9065,1043.12,0.0792
20300,5075,1.9949209e-4,1.047595,2.8508,998.45,0.0745
20310,5077,1.9949168e-4,1.084574,2.9582,1791.26,0.1074
20320,5080,1.994911e-4,1.003816,2.7287,1169.38,0.0764
20330,5082,1.9949069e-4,1.025987,2.7898,939.15,0.0906
20340,5085,1.9949008e-4,1.010015,2.7456,504.29,0.0876
20350,5087,1.9948967e-4,1.048986,2.8548,408.32,0.0864
20360,5090,1.9948906e-4,1.088545,2.9700,1170.19,0.0895
20370,5092,1.9948868e-4,1.070104,2.9157,684.94,0.0892
20380,5095,1.9948807e-4,1.072887,2.9238,1150.72,0.0775
20390,5097,1.9948767e-4,1.008008,2.7401,1052.92,0.0849
20400,5100,1.9948708e-4,1.076904,2.9356,843.62,0.0832
20410,5102,1.9948668e-4,1.249380,3.4882,2300.37,0.0675
20420,5105,1.9948606e-4,1.036438,2.8192,501.72,0.0927
20430,5107,1.9948566e-4,1.058400,2.8818,691.96,0.0816
20440,5110,1.9948508e-4,1.077500,2.9373,748.44,0.0910
20450,5112,1.9948464e-4,1.025995,2.7899,950.10,0.0909
20460,5115,1.9948406e-4,1.063926,2.8977,547.81,0.0842
20470,5117,1.9948365e-4,1.010161,2.7460,862.28,0.0804
20480,5120,1.9948304e-4,1.077024,2.9359,533.00,0.0921
20490,5122,1.9948263e-4,0.986407,2.6816,752.33,0.0747
20500,5125,1.9948205e-4,0.987921,2.6856,1226.62,0.0791
20510,5127,1.9948164e-4,1.045691,2.8454,1179.45,0.1120
20520,5130,1.9948103e-4,1.104259,3.0170,1432.17,0.0797
20530,5132,1.9948062e-4,1.014231,2.7572,664.82,0.0803
20540,5135,1.9948001e-4,0.978101,2.6594,750.48,0.0916
20550,5137,1.994796e-4,1.039038,2.8265,650.55,0.0816
20560,5140,1.9947902e-4,1.120293,3.0658,865.25,0.0786
20570,5142,1.9947861e-4,1.105071,3.0194,807.28,0.0944
20580,5145,1.99478e-4,1.557316,4.7461,1590.31,0.0742
20590,5147,1.994776e-4,1.123608,3.0759,955.28,0.0792
20600,5150,1.9947698e-4,1.021769,2.7781,780.86,0.0915
20610,5152,1.9947658e-4,0.997927,2.7127,1065.86,0.0989
20620,5155,1.9947597e-4,1.014961,2.7593,1041.08,0.0758
20630,5157,1.9947556e-4,1.066934,2.9065,880.06,0.0980
20640,5160,1.9947495e-4,1.027428,2.7939,833.26,0.0818
20650,5162,1.9947454e-4,1.107686,3.0273,1093.38,0.0766
20660,5165,1.9947393e-4,1.075175,2.9305,907.19,0.0986
20670,5167,1.9947352e-4,1.150178,3.1588,876.00,0.0803
20680,5170,1.9947291e-4,1.067652,2.9085,1313.32,0.0839
20690,5172,1.994725e-4,1.071163,2.9188,829.16,0.0889
20700,5175,1.9947189e-4,1.046333,2.8472,753.34,0.0851
20710,5177,1.9947148e-4,1.059830,2.8859,957.94,0.1060
20720,5180,1.9947087e-4,1.070194,2.9159,1315.82,0.0889
20730,5182,1.9947047e-4,1.091847,2.9798,1053.65,0.0824
20740,5185,1.9946985e-4,1.091220,2.9779,736.57,0.1040
20750,5187,1.9946945e-4,1.063036,2.8951,610.54,0.0863
20760,5190,1.9946884e-4,1.017141,2.7653,570.71,0.0843
20770,5192,1.9946843e-4,1.066839,2.9062,569.32,0.0923
20780,5195,1.9946782e-4,1.013093,2.7541,913.51,0.0973
20790,5197,1.9946741e-4,0.972555,2.6447,789.67,0.0758
20800,5200,1.9946677e-4,0.963781,2.6216,544.11,0.0883
20810,5202,1.9946636e-4,1.101635,3.0091,898.13,0.1198
20820,5205,1.9946575e-4,0.983918,2.6749,805.43,0.0929
20830,5207,1.9946534e-4,1.010590,2.7472,528.06,0.0820
20840,5210,1.9946473e-4,1.027765,2.7948,750.57,0.0773
20850,5212,1.9946432e-4,1.033941,2.8121,529.07,0.0836
20860,5215,1.9946371e-4,1.044745,2.8427,792.86,0.1032
20870,5217,1.994633e-4,1.067579,2.9083,771.47,0.0867
20880,5220,1.994627e-4,1.059671,2.8854,715.12,0.0852
20890,5222,1.9946226e-4,0.997775,2.7122,651.47,0.0930
20900,5225,1.9946165e-4,1.112627,3.0423,1066.72,0.0931
20910,5227,1.9946124e-4,1.016534,2.7636,1067.78,0.1006
20920,5230,1.9946063e-4,1.016151,2.7625,948.88,0.1034
20930,5232,1.9946022e-4,1.062934,2.8949,1306.45,0.0797
20940,5235,1.9945958e-4,1.099452,3.0025,833.22,0.0854
20950,5237,1.9945917e-4,1.079667,2.9437,1008.91,0.0903
20960,5240,1.9945856e-4,0.994604,2.7037,658.44,0.0798
20970,5242,1.9945815e-4,0.958712,2.6083,624.95,0.0847
20980,5245,1.9945751e-4,1.103786,3.0156,1213.86,0.0951
20990,5247,1.994571e-4,0.978146,2.6595,601.69,0.0822
21000,5250,1.994565e-4,1.096272,2.9930,812.35,0.0829
21010,5252,1.9945606e-4,1.085356,2.9605,1225.79,0.1123
21020,5255,1.9945545e-4,0.991295,2.6947,582.58,0.0970
21030,5257,1.9945504e-4,1.089725,2.9735,990.40,0.0787
21040,5260,1.9945443e-4,1.086800,2.9648,879.14,0.0893
21050,5262,1.9945399e-4,1.119700,3.0639,1593.76,0.0859
21060,5265,1.9945338e-4,1.054164,2.8696,816.65,0.0763
21070,5267,1.9945297e-4,1.108927,3.0311,2701.44,0.0761
21080,5270,1.9945233e-4,1.029753,2.8004,716.81,0.0968
21090,5272,1.9945193e-4,1.052768,2.8656,675.85,0.0922
21100,5275,1.9945131e-4,1.148646,3.1539,789.48,0.0832
21110,5277,1.9945088e-4,1.006340,2.7356,808.39,0.1073
21120,5280,1.9945027e-4,1.125308,3.0812,1212.91,0.0758
21130,5282,1.9944986e-4,1.061356,2.8903,568.00,0.0857
21140,5285,1.9944922e-4,1.046074,2.8465,638.43,0.0866
21150,5287,1.9944881e-4,1.028828,2.7978,489.75,0.0879
21160,5290,1.9944817e-4,1.075788,2.9323,902.68,0.0960
21170,5292,1.9944776e-4,1.035606,2.8168,440.63,0.0843
21180,5295,1.9944715e-4,1.098000,2.9982,1076.14,0.0820
21190,5297,1.9944672e-4,1.019073,2.7706,1372.25,0.0821
21200,5300,1.994461e-4,1.121955,3.0709,833.60,0.0829
21210,5302,1.994457e-4,1.191406,3.2917,771.86,0.1241
21220,5305,1.9944506e-4,1.131960,3.1017,664.72,0.0883
21230,5307,1.9944462e-4,1.042227,2.8355,912.17,0.0968
21240,5310,1.9944401e-4,1.160454,3.1914,1255.06,0.0833
21250,5312,1.9944357e-4,1.212175,3.3608,969.15,0.1027
21260,5315,1.9944296e-4,1.135977,3.1142,748.28,0.0758
21270,5317,1.9944255e-4,1.264517,3.5414,1159.32,0.0815
21280,5320,1.9944191e-4,1.151667,3.1635,903.87,0.0824
21290,5322,1.9944148e-4,1.317772,3.7351,1337.07,0.0761
21300,5325,1.9944087e-4,1.201905,3.3264,616.95,0.0845
21310,5327,1.9944046e-4,1.222272,3.3949,964.18,0.1296
21320,5330,1.9943982e-4,1.212047,3.3604,1009.65,0.0790
21330,5332,1.9943941e-4,1.190933,3.2901,963.79,0.0830
21340,5335,1.9943877e-4,1.151974,3.1644,806.09,0.0907
21350,5337,1.9943833e-4,1.072433,2.9225,784.52,0.0796
21360,5340,1.9943772e-4,1.165551,3.2077,900.18,0.0808
21370,5342,1.9943729e-4,1.176475,3.2429,987.40,0.0946
21380,5345,1.9943668e-4,1.021302,2.7768,817.54,0.0812
21390,5347,1.9943624e-4,1.155952,3.1770,547.82,0.0853
21400,5350,1.994356e-4,1.111995,3.0404,1166.95,0.0966
21410,5352,1.9943519e-4,1.024857,2.7867,646.55,0.1267
21420,5355,1.9943455e-4,1.097650,2.9971,829.23,0.0792
21430,5357,1.9943414e-4,1.125661,3.0823,1403.25,0.0856
21440,5360,1.994335e-4,1.093810,2.9856,1017.57,0.0860
21450,5362,1.9943307e-4,1.185738,3.2731,971.71,0.0903
21460,5365,1.9943246e-4,1.074923,2.9298,987.77,0.0955
21470,5367,1.9943202e-4,1.148675,3.1540,936.93,0.0839
21480,5370,1.9943138e-4,1.073024,2.9242,440.07,0.0898
21490,5372,1.9943097e-4,1.097108,2.9955,786.16,0.0889
21500,5375,1.9943033e-4,1.059030,2.8836,934.63,0.0898
21510,5377,1.994299e-4,1.249241,3.4877,1536.29,0.0979
21520,5380,1.9942928e-4,1.067541,2.9082,743.95,0.0927
21530,5382,1.9942885e-4,1.052840,2.8658,669.27,0.0775
21540,5385,1.994282e-4,1.081099,2.9479,974.56,0.0817
21550,5387,1.9942777e-4,1.157315,3.1814,939.41,0.0905
21560,5390,1.9942716e-4,1.125870,3.0829,640.03,0.0871
21570,5392,1.9942672e-4,1.084235,2.9572,1064.13,0.0752
21580,5395,1.9942608e-4,1.092490,2.9817,752.99,0.1122
21590,5397,1.9942567e-4,1.115699,3.0517,990.85,0.0821
21600,5400,1.9942503e-4,0.993172,2.6998,705.29,0.0834
21610,5402,1.994246e-4,1.089268,2.9721,1092.13,0.1229
21620,5405,1.9942396e-4,1.055835,2.8744,1098.63,0.0812
21630,5407,1.9942352e-4,1.114533,3.0481,400.44,0.0901
21640,5410,1.9942291e-4,1.099648,3.0031,879.09,0.0859
21650,5412,1.9942247e-4,1.051378,2.8616,663.90,0.0982
21660,5415,1.9942183e-4,1.116062,3.0528,489.39,0.0906
21670,5417,1.994214e-4,1.025540,2.7886,751.99,0.0849
21680,5420,1.9942076e-4,1.088252,2.9691,598.73,0.0868
21690,5422,1.9942032e-4,1.122746,3.0733,1401.50,0.0913
21700,5425,1.9941968e-4,1.070123,2.9157,685.23,0.0833
21710,5427,1.9941927e-4,1.080683,2.9467,1059.09,0.1156
21720,5430,1.9941863e-4,1.082952,2.9534,728.01,0.0932
21730,5432,1.994182e-4,1.057111,2.8780,572.56,0.0764
21740,5435,1.9941755e-4,1.067142,2.9071,568.31,0.0823
21750,5437,1.9941712e-4,1.047823,2.8514,1396.07,0.0852
21760,5440,1.9941648e-4,1.033989,2.8123,665.56,0.0828
21770,5442,1.9941604e-4,1.112635,3.0424,701.33,0.0839
21780,5445,1.994154e-4,1.091093,2.9775,651.86,0.0907
21790,5447,1.99415e-4,1.152709,3.1668,650.54,0.0911
21800,5450,1.9941432e-4,1.087328,2.9663,1325.85,0.0807
21810,5452,1.9941392e-4,1.130514,3.0972,673.83,0.1279
21820,5455,1.9941328e-4,1.171336,3.2263,1760.48,0.0888
21830,5457,1.9941284e-4,1.135660,3.1132,725.93,0.0832
21840,5460,1.994122e-4,1.080625,2.9465,1282.73,0.0809
21850,5462,1.9941176e-4,0.965396,2.6258,1204.06,0.0752
21860,5465,1.9941112e-4,1.149345,3.1561,971.22,0.0910
21870,5467,1.9941069e-4,1.010628,2.7473,789.99,0.0855
21880,5470,1.9941005e-4,0.994206,2.7026,719.33,0.0801
21890,5472,1.9940958e-4,1.023223,2.7821,824.61,0.0824
21900,5475,1.9940894e-4,1.155443,3.1754,1407.78,0.0967
21910,5477,1.9940853e-4,1.060457,2.8877,1051.19,0.1053
21920,5480,1.9940789e-4,1.048638,2.8538,1017.79,0.0921
21930,5482,1.9940746e-4,1.101341,3.0082,954.78,0.0830
21940,5485,1.9940679e-4,1.015868,2.7618,879.21,0.0837
21950,5487,1.9940638e-4,1.061371,2.8903,1251.75,0.0930
21960,5490,1.9940571e-4,1.082859,2.9531,633.91,0.0851
21970,5492,1.9940527e-4,1.048012,2.8520,952.51,0.0832
21980,5495,1.9940463e-4,1.034589,2.8139,621.44,0.1004
21990,5497,1.994042e-4,1.066068,2.9039,690.41,0.0875
22000,5500,1.9940356e-4,1.084701,2.9586,836.40,0.0838
22010,5502,1.9940312e-4,1.037918,2.8233,764.52,0.1162
22020,5505,1.9940248e-4,1.137769,3.1198,921.39,0.0909
22030,5507,1.9940204e-4,1.107857,3.0279,483.37,0.0863
22040,5510,1.9940137e-4,1.189692,3.2861,874.13,0.0884
22050,5512,1.9940094e-4,1.124806,3.0796,1243.33,0.0906
22060,5515,1.994003e-4,1.011763,2.7504,582.95,0.0921
22070,5517,1.9939986e-4,1.117270,3.0565,857.58,0.0854
22080,5520,1.9939922e-4,1.039277,2.8272,539.46,0.0919
22090,5522,1.9939878e-4,0.996473,2.7087,687.77,0.1026
22100,5525,1.9939811e-4,1.092083,2.9805,693.90,0.0789
22110,5527,1.9939768e-4,1.076643,2.9348,1317.87,0.0833
22120,5530,1.9939704e-4,1.159563,3.1885,964.00,0.1046
22130,5532,1.993966e-4,1.043428,2.8389,451.12,0.0841
22140,5535,1.9939596e-4,1.090868,2.9769,801.45,0.0832
22150,5537,1.993955e-4,1.037900,2.8233,2203.91,0.0724
22160,5540,1.9939485e-4,1.071203,2.9189,733.50,0.0845
22170,5542,1.9939442e-4,1.065367,2.9019,845.18,0.0891
22180,5545,1.9939375e-4,1.054250,2.8698,628.77,0.0990
22190,5547,1.9939334e-4,1.036158,2.8184,619.09,0.0818
22200,5550,1.9939267e-4,1.114175,3.0471,644.60,0.0917
22210,5552,1.9939223e-4,1.026688,2.7918,721.88,0.1184
22220,5555,1.9939156e-4,1.051657,2.8624,888.87,0.0967
22230,5557,1.9939113e-4,1.022706,2.7807,467.18,0.0888
22240,5560,1.9939049e-4,1.078875,2.9414,1420.70,0.0792
22250,5562,1.9939005e-4,1.059102,2.8838,1044.01,0.0922
22260,5565,1.9938938e-4,1.132685,3.1040,603.06,0.0857
22270,5567,1.9938895e-4,1.053401,2.8674,918.11,0.0781
22280,5570,1.9938828e-4,1.022385,2.7798,897.95,0.0914
22290,5572,1.9938787e-4,1.050129,2.8580,806.35,0.0815
22300,5575,1.993872e-4,1.020880,2.7756,762.65,0.0785
22310,5577,1.9938676e-4,1.091320,2.9782,1302.55,0.1151
22320,5580,1.993861e-4,1.020171,2.7737,1035.90,0.0743
22330,5582,1.9938566e-4,1.042894,2.8374,1360.35,0.0884
22340,5585,1.9938499e-4,1.079375,2.9428,926.95,0.0800
22350,5587,1.9938455e-4,1.092244,2.9810,791.10,0.0793
22360,5590,1.9938388e-4,1.144769,3.1417,1196.21,0.0867
22370,5592,1.9938344e-4,1.030495,2.8025,632.83,0.0839
22380,5595,1.993828e-4,0.986094,2.6807,647.55,0.0782
22390,5597,1.9938237e-4,1.084971,2.9594,713.72,0.0812
22400,5600,1.993817e-4,1.015557,2.7609,980.73,0.0949
22410,5602,1.9938126e-4,1.063096,2.8953,883.91,0.1172
22420,5605,1.9938059e-4,1.031890,2.8064,765.46,0.0835
22430,5607,1.9938016e-4,1.077286,2.9367,1281.75,0.0929
22440,5610,1.9937949e-4,0.997283,2.7109,1373.15,0.0787
22450,5612,1.9937905e-4,1.089443,2.9726,851.16,0.1036
22460,5615,1.9937838e-4,1.108127,3.0287,781.82,0.0834
22470,5617,1.9937794e-4,1.084355,2.9575,1093.31,0.0885
22480,5620,1.9937727e-4,1.009802,2.7451,828.26,0.0900
22490,5622,1.9937684e-4,1.042919,2.8375,942.34,0.0803
22500,5625,1.9937617e-4,1.026651,2.7917,992.00,0.0838
22510,5627,1.993757e-4,1.115282,3.0504,1397.89,0.1036
22520,5630,1.9937503e-4,1.096970,2.9951,715.70,0.0880
22530,5632,1.9937463e-4,1.102285,3.0110,1131.29,0.0888
22540,5635,1.9937396e-4,1.103058,3.0134,640.71,0.0866
22550,5637,1.9937349e-4,1.069843,2.9149,741.97,0.0858
22560,5640,1.9937285e-4,1.125152,3.0807,528.88,0.0883
22570,5642,1.9937239e-4,1.080444,2.9460,1269.34,0.0966
22580,5645,1.9937172e-4,1.026194,2.7904,580.68,0.0812
22590,5647,1.9937128e-4,1.038989,2.8264,977.40,0.0764
22600,5650,1.9937061e-4,1.124460,3.0786,1085.38,0.0876
22610,5652,1.9937017e-4,1.012835,2.7534,1259.64,0.0977
22620,5655,1.993695e-4,0.961103,2.6146,810.86,0.0826
22630,5657,1.9936907e-4,1.174167,3.2354,802.96,0.0992
22640,5660,1.993684e-4,1.045565,2.8450,1020.89,0.0763
22650,5662,1.9936793e-4,1.010682,2.7475,1099.47,0.0807
22660,5665,1.9936726e-4,1.119920,3.0646,1021.62,0.0925
22670,5667,1.9936683e-4,1.061934,2.8920,1137.13,0.0812
22680,5670,1.9936616e-4,1.031619,2.8056,871.96,0.0935
22690,5672,1.9936572e-4,1.062443,2.8934,842.65,0.0823
22700,5675,1.9936505e-4,0.983853,2.6747,572.07,0.0850
22710,5677,1.9936459e-4,1.102981,3.0131,1363.31,0.1016
22720,5680,1.9936392e-4,1.016541,2.7636,478.15,0.0946
22730,5682,1.9936348e-4,1.061206,2.8899,537.24,0.0868
22740,5685,1.9936278e-4,1.135958,3.1142,818.24,0.0893
22750,5687,1.9936234e-4,1.063341,2.8960,1137.72,0.0864
22760,5690,1.9936168e-4,1.021877,2.7784,699.68,0.0819
22770,5692,1.9936124e-4,1.071160,2.9188,567.11,0.0875
22780,5695,1.9936057e-4,1.024079,2.7845,705.83,0.0764
22790,5697,1.993601e-4,0.967290,2.6308,767.55,0.0869
22800,5700,1.9935943e-4,1.054852,2.8715,804.08,0.0795
22810,5702,1.99359e-4,1.085022,2.9595,1168.92,0.1004
22820,5705,1.993583e-4,0.990658,2.6930,1058.21,0.0943
22830,5707,1.9935786e-4,1.083458,2.9549,649.43,0.0845
22840,5710,1.993572e-4,1.077093,2.9361,565.41,0.0908
22850,5712,1.9935676e-4,1.126653,3.0853,1159.63,0.0900
22860,5715,1.9935606e-4,1.069081,2.9127,799.82,0.0872
22870,5717,1.9935559e-4,1.060115,2.8867,616.05,0.0865
22880,5720,1.9935495e-4,1.058571,2.8822,641.15,0.0833
22890,5722,1.9935449e-4,1.091486,2.9787,590.28,0.1022
22900,5725,1.9935382e-4,0.996690,2.7093,1082.07,0.0783
22910,5727,1.9935335e-4,1.022881,2.7812,1644.08,0.0991
22920,5730,1.9935268e-4,1.059874,2.8860,749.99,0.0946
22930,5732,1.9935225e-4,0.998980,2.7155,915.61,0.0846
22940,5735,1.9935155e-4,1.014163,2.7571,1125.46,0.0852
22950,5737,1.9935111e-4,1.076214,2.9336,782.56,0.0953
22960,5740,1.9935041e-4,1.051673,2.8624,844.65,0.0827
22970,5742,1.9934998e-4,0.994374,2.7030,595.24,0.0881
22980,5745,1.993493e-4,1.087654,2.9673,1127.43,0.1002
22990,5747,1.9934884e-4,1.005272,2.7327,519.94,0.0841
23000,5750,1.9934817e-4,1.015356,2.7603,494.85,0.0888
23010,5752,1.993477e-4,1.057034,2.8778,789.25,0.1452
23020,5755,1.9934704e-4,1.128886,3.0922,684.55,0.1123
23030,5757,1.9934657e-4,1.081506,2.9491,1055.41,0.0783
23040,5760,1.993459e-4,1.092596,2.9820,622.63,0.0861
23050,5762,1.9934544e-4,1.010529,2.7471,480.26,0.0925
23060,5765,1.9934477e-4,1.079548,2.9434,769.04,0.0901
23070,5767,1.993443e-4,1.024636,2.7861,570.98,0.0866
23080,5770,1.9934363e-4,0.991035,2.6940,802.89,0.0816
23090,5772,1.9934317e-4,1.070496,2.9168,477.62,0.0871
23100,5775,1.993425e-4,1.057569,2.8794,771.09,0.0982
23110,5777,1.9934203e-4,1.005624,2.7336,1093.10,0.1025
23120,5780,1.9934136e-4,1.051507,2.8620,539.34,0.0872
23130,5782,1.993409e-4,1.042103,2.8352,1033.98,0.0887
23140,5785,1.993402e-4,0.994395,2.7031,1020.97,0.0830
23150,5787,1.9933976e-4,1.039002,2.8264,733.55,0.0807
23160,5790,1.9933906e-4,1.047947,2.8518,950.24,0.0990
23170,5792,1.9933862e-4,1.098640,3.0001,693.60,0.0888
23180,5795,1.9933793e-4,1.071334,2.9193,739.45,0.0867
23190,5797,1.9933746e-4,1.120452,3.0662,1190.99,0.0916
23200,5800,1.9933679e-4,1.018640,2.7694,922.79,0.0776
23210,5802,1.9933633e-4,1.040145,2.8296,740.62,0.1230
23220,5805,1.9933566e-4,1.040031,2.8293,457.81,0.0848
23230,5807,1.9933519e-4,0.983938,2.6750,729.88,0.0967
23240,5810,1.9933449e-4,1.030409,2.8022,784.23,0.0739
23250,5812,1.9933406e-4,1.050428,2.8589,992.16,0.0728
23260,5815,1.9933336e-4,0.993163,2.6998,680.23,0.0997
23270,5817,1.9933289e-4,1.085757,2.9617,448.73,0.1093
23280,5820,1.9933222e-4,1.069582,2.9142,1623.99,0.0756
23290,5822,1.9933176e-4,1.026279,2.7907,1240.77,0.0931
23300,5825,1.9933106e-4,1.031887,2.8064,702.05,0.0854
23310,5827,1.9933062e-4,0.980661,2.6662,1190.34,0.1039
23320,5830,1.9932992e-4,1.102761,3.0125,1400.55,0.0843
23330,5832,1.9932946e-4,1.080328,2.9456,698.35,0.0830
23340,5835,1.9932879e-4,0.955479,2.5999,653.82,0.0829
23350,5837,1.9932832e-4,1.103080,3.0134,1210.15,0.0823
23360,5840,1.9932762e-4,1.085885,2.9621,489.24,0.0856
23370,5842,1.9932716e-4,1.002707,2.7256,659.04,0.0776
23380,5845,1.9932646e-4,1.159486,3.1883,912.03,0.1060
23390,5847,1.9932602e-4,1.011336,2.7493,550.30,0.0824
23400,5850,1.9932532e-4,0.977332,2.6574,1181.24,0.0766
23410,5852,1.9932486e-4,1.106477,3.0237,1094.69,0.1268
23420,5855,1.9932416e-4,1.041404,2.8332,802.13,0.0818
23430,5857,1.9932372e-4,1.086266,2.9632,712.65,0.0863
23440,5860,1.9932303e-4,1.093116,2.9836,1036.19,0.0978
23450,5862,1.9932256e-4,1.120939,3.0677,1009.65,0.0707
23460,5865,1.9932186e-4,1.078489,2.9402,939.85,0.0783
23470,5867,1.993214e-4,1.110522,3.0359,527.66,0.0940
23480,5870,1.993207e-4,1.023009,2.7816,1092.76,0.0863
23490,5872,1.9932023e-4,0.922597,2.5158,572.85,0.0826
23500,5875,1.9931956e-4,1.038645,2.8254,699.67,0.0821
23510,5877,1.993191e-4,1.025721,2.7891,1369.71,0.1017
23520,5880,1.993184e-4,1.036659,2.8198,799.42,0.0873
23530,5882,1.9931793e-4,1.043616,2.8395,1173.60,0.0901
23540,5885,1.9931723e-4,1.086245,2.9631,913.01,0.0859
23550,5887,1.9931677e-4,1.013588,2.7555,1134.51,0.0784
23560,5890,1.9931607e-4,1.180365,3.2556,769.72,0.1050
23570,5892,1.993156e-4,0.946110,2.5757,949.88,0.0722
23580,5895,1.9931493e-4,1.063384,2.8962,1140.27,0.0742
23590,5897,1.9931444e-4,1.043222,2.8383,1106.66,0.0867
23600,5900,1.9931374e-4,0.964873,2.6245,606.18,0.0781
23610,5902,1.993133e-4,1.030077,2.8013,981.80,0.1116
23620,5905,1.9931258e-4,0.981343,2.6680,702.22,0.0993
23630,5907,1.9931214e-4,1.107975,3.0282,1046.19,0.0788
23640,5910,1.9931141e-4,1.080396,2.9458,1460.59,0.0939
23650,5912,1.9931098e-4,1.068917,2.9122,983.88,0.0832
23660,5915,1.9931028e-4,1.031293,2.8047,556.91,0.0867
23670,5917,1.9930978e-4,1.060376,2.8875,1464.60,0.0897
23680,5920,1.9930908e-4,1.062300,2.8930,1423.70,0.0793
23690,5922,1.9930865e-4,1.005153,2.7323,673.48,0.1017
23700,5925,1.9930792e-4,1.073974,2.9270,931.84,0.0882
23710,5927,1.9930745e-4,1.026996,2.7927,867.57,0.1156
23720,5930,1.9930676e-4,1.068105,2.9099,827.12,0.0872
23730,5932,1.9930629e-4,1.127506,3.0879,1128.60,0.0750
23740,5935,1.9930559e-4,1.032261,2.8074,828.43,0.0783
23750,5937,1.9930513e-4,1.001759,2.7231,962.79,0.0919
23760,5940,1.9930443e-4,1.061697,2.8913,729.36,0.0962
23770,5942,1.9930396e-4,1.000516,2.7197,632.99,0.0800
23780,5945,1.9930326e-4,0.988546,2.6873,722.72,0.0804
23790,5947,1.993028e-4,1.048089,2.8522,588.85,0.0954
23800,5950,1.993021e-4,1.019951,2.7731,967.97,0.0995
23810,5952,1.993016e-4,1.115676,3.0516,1256.01,0.0993
23820,5955,1.993009e-4,0.972201,2.6438,945.34,0.1008
23830,5957,1.9930044e-4,1.006037,2.7347,740.06,0.0805
23840,5960,1.9929974e-4,1.072769,2.9235,1050.34,0.0793
23850,5962,1.9929928e-4,1.037177,2.8212,852.78,0.1062
23860,5965,1.9929858e-4,1.084595,2.9582,726.65,0.0870
23870,5967,1.9929811e-4,1.087215,2.9660,530.82,0.0890
23880,5970,1.9929738e-4,1.096503,2.9937,1515.68,0.0887
23890,5972,1.9929692e-4,1.027913,2.7952,919.33,0.0788
23900,5975,1.9929622e-4,1.015160,2.7598,865.91,0.0833
23910,5977,1.9929576e-4,0.977028,2.6565,895.61,0.1183
23920,5980,1.9929506e-4,1.066323,2.9047,1161.60,0.0697
23930,5982,1.9929456e-4,1.067207,2.9072,1318.06,0.0924
23940,5985,1.9929386e-4,1.047205,2.8497,988.17,0.0798
23950,5987,1.992934e-4,1.019213,2.7710,801.39,0.0811
23960,5990,1.992927e-4,1.102865,3.0128,1085.76,0.0897
23970,5992,1.9929223e-4,1.089872,2.9739,984.06,0.0825
23980,5995,1.992915e-4,1.064454,2.8993,1120.59,0.0762
23990,5997,1.9929104e-4,1.077199,2.9364,1199.17,0.0999
24000,6000,1.9929034e-4,0.959963,2.6116,756.14,0.0763
24010,6002,1.9928985e-4,1.056756,2.8770,845.18,0.1204
24020,6005,1.9928915e-4,0.972332,2.6441,1100.45,0.0946
24030,6007,1.9928868e-4,1.114136,3.0469,852.05,0.0815
24040,6010,1.9928796e-4,1.034005,2.8123,525.72,0.0884
24050,6012,1.9928749e-4,1.034033,2.8124,570.12,0.0824
24060,6015,1.9928676e-4,1.063324,2.8960,732.35,0.1188
24070,6017,1.992863e-4,1.051903,2.8631,1052.01,0.0819
24080,6020,1.992856e-4,1.039718,2.8284,749.19,0.0791
24090,6022,1.9928513e-4,1.115932,3.0524,670.04,0.0993
24100,6025,1.992844e-4,1.026065,2.7901,766.95,0.0945
24110,6027,1.9928394e-4,0.984434,2.6763,719.47,0.1237
24120,6030,1.9928321e-4,1.025716,2.7891,644.24,0.0802
24130,6032,1.9928275e-4,0.984651,2.6769,905.63,0.0889
24140,6035,1.9928202e-4,1.066260,2.9045,697.91,0.0843
24150,6037,1.9928155e-4,1.017083,2.7651,750.00,0.0853
24160,6040,1.9928085e-4,1.030715,2.8031,845.76,0.0923
24170,6042,1.9928039e-4,1.021248,2.7767,830.41,0.0935
24180,6045,1.9927966e-4,1.058612,2.8824,772.58,0.0883
24190,6047,1.9927917e-4,1.056587,2.8765,822.48,0.0871
24200,6050,1.9927847e-4,1.080223,2.9453,990.08,0.0971
24210,6052,1.99278e-4,1.045763,2.8456,1071.10,0.1068
24220,6055,1.9927727e-4,1.056277,2.8756,663.99,0.0850
24230,6057,1.9927678e-4,1.036138,2.8183,1077.65,0.0922
24240,6060,1.9927608e-4,0.985584,2.6794,700.89,0.0873
24250,6062,1.9927562e-4,1.056930,2.8775,676.16,0.0836
24260,6065,1.9927489e-4,1.073284,2.9250,1100.79,0.0919
24270,6067,1.9927442e-4,1.096998,2.9952,1117.31,0.0781
24280,6070,1.992737e-4,1.039050,2.8265,1180.54,0.0725
24290,6072,1.992732e-4,1.024156,2.7847,821.03,0.1016
24300,6075,1.992725e-4,1.011955,2.7510,848.03,0.0852
24310,6077,1.99272e-4,1.016049,2.7623,690.28,0.1185
24320,6080,1.9927131e-4,1.055550,2.8736,584.94,0.0963
24330,6082,1.9927084e-4,1.085315,2.9604,1786.99,0.0663
24340,6085,1.9927009e-4,1.090761,2.9765,883.61,0.0907
24350,6087,1.9926962e-4,1.076223,2.9336,651.58,0.1031
24360,6090,1.9926889e-4,0.964235,2.6228,365.78,0.0832
24370,6092,1.9926843e-4,1.076196,2.9335,717.28,0.0820
24380,6095,1.992677e-4,1.014801,2.7588,446.21,0.0841
24390,6097,1.9926723e-4,1.070488,2.9168,1142.35,0.0882
24400,6100,1.992665e-4,1.003311,2.7273,726.01,0.0815
24410,6102,1.9926601e-4,1.057215,2.8783,1056.10,0.1097
24420,6105,1.9926531e-4,0.894503,2.4461,946.11,0.0907
24430,6107,1.9926482e-4,1.137997,3.1205,769.50,0.0817
24440,6110,1.9926409e-4,0.995090,2.7050,665.41,0.0762
24450,6112,1.9926362e-4,1.055054,2.8721,845.79,0.0987
24460,6115,1.992629e-4,0.977953,2.6590,849.05,0.0898
24470,6117,1.992624e-4,1.000452,2.7195,708.27,0.0809
24480,6120,1.9926167e-4,1.117728,3.0579,860.66,0.0842
24490,6122,1.9926121e-4,1.032604,2.8084,683.44,0.1077
24500,6125,1.9926048e-4,1.048330,2.8529,807.57,0.0816
24510,6127,1.9926002e-4,1.048414,2.8531,1202.41,0.1003
24520,6130,1.9925929e-4,1.034636,2.8141,915.51,0.0914
24530,6132,1.992588e-4,0.979284,2.6625,805.56,0.0798
24540,6135,1.992581e-4,1.051473,2.8619,588.67,0.0843
24550,6137,1.992576e-4,0.935295,2.5480,1472.09,0.0777
24560,6140,1.9925687e-4,1.028655,2.7973,774.31,0.0833
24570,6142,1.9925638e-4,1.062775,2.8944,906.31,0.0792
24580,6145,1.9925565e-4,0.970401,2.6390,1780.03,0.0755
24590,6147,1.9925518e-4,1.134851,3.1107,1050.01,0.0836
24600,6150,1.9925446e-4,1.044745,2.8427,1114.82,0.0901
24610,6152,1.9925396e-4,1.044729,2.8426,1237.57,0.1014
24620,6155,1.9925323e-4,1.049155,2.8552,911.18,0.0923
24630,6157,1.9925274e-4,1.058654,2.8825,973.22,0.0828
24640,6160,1.9925204e-4,0.948524,2.5819,477.71,0.0833
24650,6162,1.9925155e-4,1.030762,2.8032,1213.65,0.0890
24660,6165,1.9925082e-4,0.955538,2.6001,662.47,0.0865
24670,6167,1.9925032e-4,1.125608,3.0821,795.99,0.0828
24680,6170,1.992496e-4,1.029910,2.8008,586.53,0.0810
24690,6172,1.992491e-4,1.040046,2.8293,923.18,0.0934
24700,6175,1.9924837e-4,1.039562,2.8280,1003.01,0.0826
24710,6177,1.9924788e-4,1.060689,2.8884,899.18,0.1063
24720,6180,1.9924715e-4,0.936552,2.5512,495.47,0.0982
24730,6182,1.9924669e-4,1.170268,3.2229,1333.06,0.0874
24740,6185,1.9924596e-4,1.047691,2.8511,811.70,0.0795
24750,6187,1.9924546e-4,1.014531,2.7581,632.46,0.0896
24760,6190,1.9924474e-4,1.014390,2.7577,623.23,0.0970
24770,6192,1.9924424e-4,0.987685,2.6850,599.18,0.0829
24780,6195,1.9924351e-4,1.067384,2.9078,612.05,0.0808
24790,6197,1.9924302e-4,1.160477,3.1915,1491.41,0.0744
24800,6200,1.9924229e-4,0.998010,2.7129,680.59,0.0848
24810,6202,1.992418e-4,1.022970,2.7814,940.20,0.1169
24820,6205,1.9924107e-4,0.965725,2.6267,470.99,0.0885
24830,6207,1.9924057e-4,1.038674,2.8255,616.50,0.0942
24840,6210,1.9923985e-4,0.995360,2.7057,457.76,0.0841
24850,6212,1.9923935e-4,1.085631,2.9613,616.21,0.0776
24860,6215,1.9923862e-4,1.056983,2.8777,623.46,0.0818
24870,6217,1.9923813e-4,1.007480,2.7387,788.26,0.1017
24880,6220,1.992374e-4,0.994911,2.7045,654.25,0.0825
24890,6222,1.992369e-4,1.036423,2.8191,719.38,0.0820
24900,6225,1.9923618e-4,1.035755,2.8172,593.48,0.0899
24910,6227,1.9923568e-4,0.994890,2.7044,748.28,0.1329
24920,6230,1.9923496e-4,1.075052,2.9301,932.84,0.0887
24930,6232,1.9923446e-4,1.095716,2.9913,811.89,0.0812
24940,6235,1.9923373e-4,1.024586,2.7859,569.07,0.0847
24950,6237,1.9923324e-4,0.978737,2.6611,1182.29,0.0836
24960,6240,1.9923251e-4,1.059733,2.8856,727.28,0.1360
24970,6242,1.9923202e-4,1.032851,2.8091,978.75,0.0820
24980,6245,1.9923126e-4,1.046205,2.8468,525.71,0.0865
24990,6247,1.9923077e-4,1.014582,2.7582,1042.61,0.0796
25000,6250,1.9923004e-4,1.044117,2.8409,872.73,0.0838
25010,6252,1.9922954e-4,1.013481,2.7552,1231.97,0.0975
25020,6255,1.9922882e-4,1.021986,2.7787,1215.50,0.0773
25030,6257,1.9922832e-4,1.062930,2.8948,1132.02,0.0770
25040,6260,1.992276e-4,1.035972,2.8178,991.20,0.0816
25050,6262,1.992271e-4,1.082028,2.9507,856.19,0.0838
25060,6265,1.9922634e-4,1.081367,2.9487,1016.70,0.0789
25070,6267,1.9922585e-4,1.141152,3.1304,1308.36,0.0811
25080,6270,1.9922512e-4,1.081975,2.9505,687.61,0.0843
25090,6272,1.9922463e-4,1.079832,2.9442,597.92,0.0834
25100,6275,1.9922387e-4,1.102677,3.0122,876.00,0.0834
25110,6277,1.9922337e-4,1.100585,3.0059,751.44,0.1297
25120,6280,1.9922265e-4,1.078793,2.9411,697.65,0.0852
25130,6282,1.9922215e-4,1.020534,2.7747,640.37,0.0855
25140,6285,1.9922142e-4,1.117307,3.0566,1231.37,0.0806
25150,6287,1.9922093e-4,1.045352,2.8444,1027.90,0.0798
25160,6290,1.9922017e-4,1.102407,3.0114,919.24,0.0865
25170,6292,1.9921968e-4,1.012771,2.7532,541.79,0.0876
25180,6295,1.9921892e-4,1.060777,2.8886,894.55,0.0842
25190,6297,1.9921843e-4,1.022758,2.7809,1567.26,0.0738
25200,6300,1.992177e-4,1.019625,2.7722,550.38,0.0854
25210,6302,1.992172e-4,1.064228,2.8986,962.01,0.1012
25220,6305,1.9921645e-4,1.060891,2.8889,701.39,0.0896
25230,6307,1.9921595e-4,1.101356,3.0082,645.50,0.0857
25240,6310,1.992152e-4,1.029535,2.7998,524.46,0.0864
25250,6312,1.9921473e-4,1.044119,2.8409,748.40,0.0823
25260,6315,1.9921397e-4,0.933327,2.5430,601.75,0.0840
25270,6317,1.9921348e-4,1.034324,2.8132,551.11,0.0834
25280,6320,1.9921272e-4,1.059587,2.8852,1031.14,0.0796
25290,6322,1.9921223e-4,1.167355,3.2135,873.87,0.0825
25300,6325,1.9921147e-4,1.044623,2.8423,711.36,0.0885
25310,6327,1.9921098e-4,1.188025,3.2806,1199.45,0.1002
25320,6330,1.9921022e-4,1.119492,3.0633,715.61,0.0802
25330,6332,1.9920972e-4,1.195082,3.3038,988.96,0.0799
25340,6335,1.99209e-4,1.192147,3.2941,831.05,0.0836
25350,6337,1.992085e-4,1.190851,3.2899,941.42,0.0767
25360,6340,1.9920775e-4,1.281605,3.6024,1080.21,0.0843
25370,6342,1.9920725e-4,1.280195,3.5973,829.26,0.0817
25380,6345,1.992065e-4,1.270175,3.5615,1142.01,0.0812
25390,6347,1.9920597e-4,1.302579,3.6788,967.53,0.0769
25400,6350,1.9920524e-4,1.328581,3.7757,694.18,0.0824
25410,6352,1.9920475e-4,1.289870,3.6323,913.93,0.1093
25420,6355,1.9920399e-4,1.286337,3.6195,1127.58,0.0827
25430,6357,1.992035e-4,1.312562,3.7157,830.03,0.0869
25440,6360,1.9920274e-4,1.323544,3.7567,485.10,0.0888
25450,6362,1.9920224e-4,1.387531,4.0050,1308.97,0.0902
25460,6365,1.9920149e-4,1.338026,3.8115,650.46,0.0794
25470,6367,1.99201e-4,1.326710,3.7686,460.79,0.1027
25480,6370,1.9920024e-4,1.307320,3.6963,501.97,0.0907
25490,6372,1.9919974e-4,1.277945,3.5893,853.73,0.0820
25500,6375,1.9919898e-4,1.254718,3.5069,977.90,0.0825
25510,6377,1.9919846e-4,1.253567,3.5028,1294.31,0.0994
25520,6380,1.9919773e-4,1.277560,3.5879,887.23,0.0843
25530,6382,1.9919724e-4,1.229628,3.4200,1130.47,0.0774
25540,6385,1.9919645e-4,1.225731,3.4067,1117.57,0.0802
25550,6387,1.9919596e-4,1.244047,3.4696,586.77,0.0838
25560,6390,1.991952e-4,1.313632,3.7197,536.43,0.0874
25570,6392,1.991947e-4,1.347796,3.8489,1014.73,0.0838
25580,6395,1.9919395e-4,1.245360,3.4742,740.83,0.0839
25590,6397,1.9919346e-4,1.277222,3.5867,674.96,0.0795
25600,6400,1.991927e-4,1.315269,3.7258,871.22,0.0849
25610,6402,1.9919217e-4,1.342395,3.8282,1251.29,0.1044
25620,6405,1.9919145e-4,1.281939,3.6036,480.12,0.0915
25630,6407,1.9919092e-4,1.322917,3.7544,741.88,0.0861
25640,6410,1.9919017e-4,1.264005,3.5396,791.03,0.0846
25650,6412,1.9918967e-4,1.302092,3.6770,1073.40,0.0809
25660,6415,1.9918891e-4,1.410072,4.0962,912.72,0.0821
25670,6417,1.9918842e-4,1.322109,3.7513,794.69,0.0815
25680,6420,1.9918763e-4,1.319518,3.7416,1081.61,0.0856
25690,6422,1.9918714e-4,1.297960,3.6618,989.75,0.0863
25700,6425,1.9918638e-4,1.242282,3.4635,718.46,0.0826
25710,6427,1.9918589e-4,1.243577,3.4680,919.47,0.1115
25720,6430,1.9918513e-4,1.303381,3.6817,1003.93,0.0859
25730,6432,1.9918461e-4,1.245884,3.4760,548.45,0.0888
25740,6435,1.9918385e-4,1.371302,3.9405,848.26,0.0850
25750,6437,1.9918336e-4,1.270740,3.5635,633.99,0.0821
25760,6440,1.991826e-4,1.247916,3.4831,959.95,0.0823
25770,6442,1.9918208e-4,1.262013,3.5325,860.41,0.0931
25780,6445,1.9918132e-4,1.216538,3.3755,1188.01,0.0795
25790,6447,1.9918082e-4,1.229082,3.4181,804.31,0.0820
25800,6450,1.9918004e-4,1.214834,3.3697,666.19,0.0790
