step,batch,lr,loss,perplexity,ms_per_step,s_per_norm_seq,word_loss
100,50,8.333333e-6,4.966314,143.4970,462.68,0.0562,32.086491
200,100,1.6666667e-5,3.586761,36.1169,197.58,0.0237,23.181984
300,150,2.5e-5,2.922010,18.5786,152.77,0.0154,19.152624
400,200,3.3333334e-5,2.541486,12.6985,164.82,0.0152,16.203972
500,250,4.1666666e-5,2.304280,10.0170,203.86,0.0158,14.431580
600,300,5e-5,2.119934,8.3306,129.81,0.0159,13.731882
700,350,5.833333e-5,2.028134,7.5999,180.29,0.0151,13.094181
800,400,6.666667e-5,1.931461,6.8996,162.99,0.0157,12.288932
900,450,7.4999996e-5,1.856559,6.4017,139.62,0.0159,11.781223
1000,500,8.333333e-5,1.767198,5.8544,167.71,0.0150,11.545018
1100,550,9.166667e-5,1.749837,5.7537,205.59,0.0217,11.190704
1200,600,9.999986e-5,1.669809,5.3112,154.41,0.0152,10.853081
1300,650,9.999983e-5,1.655456,5.2355,157.89,0.0154,10.637033
1400,700,9.99998e-5,1.583415,4.8716,135.91,0.0158,10.266793
1500,750,9.999977e-5,1.548663,4.7052,149.20,0.0159,9.764955
1600,800,9.999974e-5,1.523381,4.5877,142.98,0.0156,9.876559
1700,850,9.9999714e-5,1.476782,4.3788,155.67,0.0154,9.468888
1800,900,9.9999685e-5,1.460229,4.3069,144.32,0.0158,9.356378
1900,950,9.999964e-5,1.449505,4.2610,138.41,0.0158,9.342123
2000,1000,9.99996e-5,1.449195,4.2597,137.82,0.0162,9.245706
2100,1050,9.999957e-5,1.410074,4.0963,189.95,0.0188,9.062518
2200,1100,9.9999525e-5,1.397576,4.0454,158.26,0.0156,9.052707
2300,1150,9.999948e-5,1.372392,3.9448,162.11,0.0152,8.798957
2400,1200,9.999944e-5,1.340995,3.8228,162.64,0.0153,8.656948
2500,1250,9.999938e-5,1.338280,3.8125,154.99,0.0156,8.589763
2600,1300,9.9999335e-5,1.339365,3.8166,155.54,0.0156,8.548391
2700,1350,9.999928e-5,1.335227,3.8009,159.77,0.0158,8.602878
2800,1400,9.999923e-5,1.321993,3.7509,162.15,0.0155,8.495589
2900,1450,9.9999175e-5,1.300115,3.6697,152.32,0.0156,8.344291
3000,1500,9.999912e-5,1.305814,3.6907,162.63,0.0156,8.350502
3100,1550,9.999906e-5,1.273324,3.5727,182.08,0.0187,8.195823
3200,1600,9.9998986e-5,1.292418,3.6416,141.30,0.0160,8.186634
3300,1650,9.999893e-5,1.272236,3.5688,160.52,0.0156,8.144115
3400,1700,9.999887e-5,1.248590,3.4854,151.17,0.0152,8.097133
3500,1750,9.999878e-5,1.258003,3.5184,141.84,0.0164,7.959828
3600,1800,9.9998724e-5,1.270160,3.5614,164.73,0.0159,8.153063
3700,1850,9.999865e-5,1.256019,3.5114,157.09,0.0157,7.991296
3800,1900,9.999858e-5,1.233546,3.4334,166.17,0.0153,7.838636
3900,1950,9.9998506e-5,1.210452,3.3550,162.05,0.0154,7.794021
4000,2000,9.999842e-5,1.242970,3.4659,150.97,0.0155,7.945260
4100,2050,9.999833e-5,1.241914,3.4622,175.60,0.0184,7.936279
4200,2100,9.999826e-5,1.219781,3.3864,143.34,0.0160,7.808877
4300,2150,9.999817e-5,1.229140,3.4183,156.31,0.0157,7.806556
4400,2200,9.99981e-5,1.237467,3.4469,193.33,0.0152,7.940652
4500,2250,9.999801e-5,1.240298,3.4566,163.63,0.0156,7.888157
4600,2300,9.999791e-5,1.180489,3.2560,160.90,0.0155,7.523355
4700,2350,9.999782e-5,1.200670,3.3223,201.66,0.0150,7.711425
4800,2400,9.999772e-5,1.184681,3.2696,174.98,0.0151,7.667956
4900,2450,9.999763e-5,1.213753,3.3661,147.66,0.0157,7.698332
5000,2500,9.999753e-5,1.180342,3.2555,132.62,0.0159,7.545970
5100,2550,9.999744e-5,1.187392,3.2785,167.65,0.0186,7.628288
5200,2600,9.999733e-5,1.188656,3.2827,143.67,0.0157,7.575875
5300,2650,9.9997225e-5,1.168203,3.2162,129.31,0.0159,7.484643
5400,2700,9.999712e-5,1.187826,3.2799,157.44,0.0154,7.618461
5500,2750,9.999702e-5,1.167651,3.2144,166.84,0.0155,7.410379
5600,2800,9.9996905e-5,1.168393,3.2168,154.45,0.0155,7.497792
5700,2850,9.999679e-5,1.199312,3.3178,132.22,0.0159,7.704882
5800,2900,9.999669e-5,1.168645,3.2176,132.15,0.0160,7.425943
5900,2950,9.999657e-5,1.159412,3.1881,139.22,0.0158,7.411353
6000,3000,9.9996454e-5,1.185839,3.2734,138.07,0.0159,7.487703
6100,3050,9.999634e-5,1.146514,3.1472,220.56,0.0167,7.457655
6200,3100,9.999621e-5,1.140177,3.1273,148.57,0.0157,7.352794
6300,3150,9.999609e-5,1.145240,3.1432,154.38,0.0156,7.352342
6400,3200,9.999596e-5,1.146183,3.1462,175.24,0.0155,7.305653
6500,3250,9.999583e-5,1.201305,3.3245,139.18,0.0157,7.720843
6600,3300,9.99957e-5,1.159383,3.1880,153.47,0.0156,7.477707
6700,3350,9.999557e-5,1.147816,3.1513,180.29,0.0158,7.295679
6800,3400,9.9995435e-5,1.147146,3.1492,166.05,0.0155,7.266092
6900,3450,9.9995304e-5,1.126714,3.0855,170.78,0.0156,7.252600
7000,3500,9.999516e-5,1.161176,3.1937,127.84,0.0161,7.417306
7100,3550,9.999503e-5,1.138258,3.1213,165.36,0.0192,7.258894
7200,3600,9.999488e-5,1.112086,3.0407,177.74,0.0159,7.151903
7300,3650,9.999474e-5,1.121522,3.0695,171.09,0.0151,7.246164
7400,3700,9.999459e-5,1.143336,3.1372,164.83,0.0155,7.285979
7500,3750,9.9994446e-5,1.116951,3.0555,130.27,0.0161,7.134453
7600,3800,9.99943e-5,1.134068,3.1083,141.62,0.0162,7.263669
7700,3850,9.9994155e-5,1.117578,3.0574,152.07,0.0155,7.131808
7800,3900,9.9993995e-5,1.111081,3.0376,158.41,0.0155,7.135744
7900,3950,9.999385e-5,1.111394,3.0386,130.06,0.0159,7.086105
8000,4000,9.9993675e-5,1.101297,3.0081,168.11,0.0158,7.043791
8100,4050,9.999353e-5,1.114263,3.0473,229.29,0.0177,7.062160
8200,4100,9.999337e-5,1.129434,3.0939,154.50,0.0158,7.144718
8300,4150,9.9993194e-5,1.117885,3.0584,153.01,0.0160,7.070151
8400,4200,9.9993034e-5,1.099904,3.0039,153.09,0.0155,6.993702
8500,4250,9.9992874e-5,1.094777,2.9885,146.20,0.0156,7.001295
8600,4300,9.99927e-5,1.142681,3.1352,152.68,0.0157,7.356478
8700,4350,9.999254e-5,1.112623,3.0423,172.47,0.0152,7.138783
8800,4400,9.9992365e-5,1.087421,2.9666,147.37,0.0157,6.975561
8900,4450,9.9992176e-5,1.096979,2.9951,132.54,0.0159,7.035025
9000,4500,9.9992e-5,1.097208,2.9958,143.66,0.0160,6.958423
9100,4550,9.999183e-5,1.102423,3.0115,169.77,0.0188,6.972803
9200,4600,9.999165e-5,1.082615,2.9524,155.85,0.0157,7.042462
9300,4650,9.999146e-5,1.105048,3.0194,173.38,0.0155,7.027230
9400,4700,9.999127e-5,1.087234,2.9661,128.60,0.0164,6.931821
9500,4750,9.99911e-5,1.089783,2.9736,164.05,0.0155,6.979329
9600,4800,9.999091e-5,1.086825,2.9648,133.30,0.0158,6.952189
9700,4850,9.999072e-5,1.101343,3.0082,134.34,0.0157,7.058472
9800,4900,9.999052e-5,1.081389,2.9488,154.50,0.0155,6.915460
9900,4950,9.999033e-5,1.069849,2.9149,157.37,0.0155,6.827993
10000,5000,9.9990124e-5,1.076597,2.9347,151.57,0.0158,6.886522
10100,5050,9.9989935e-5,1.086123,2.9628,182.83,0.0188,6.893982
10200,5100,9.998973e-5,1.079112,2.9421,161.43,0.0157,6.980748
10300,5150,9.998953e-5,1.091257,2.9780,145.05,0.0157,6.959564
10400,5200,9.9989324e-5,1.078386,2.9399,163.93,0.0155,6.896176
10500,5250,9.998912e-5,1.037472,2.8221,165.29,0.0154,6.684560
10600,5300,9.9988916e-5,1.074067,2.9273,150.12,0.0154,6.936745
10700,5350,9.99887e-5,1.069836,2.9149,156.01,0.0157,6.865072
10800,5400,9.9988494e-5,1.075258,2.9308,221.49,0.0151,6.826694
10900,5450,9.9988276e-5,1.064053,2.8981,159.22,0.0158,6.824372
11000,5500,9.998806e-5,1.069702,2.9145,187.77,0.0157,6.831508
11100,5550,9.998784e-5,1.058634,2.8824,195.41,0.0176,6.732162
11200,5600,9.998762e-5,1.074661,2.9290,177.51,0.0155,6.826350
11300,5650,9.99874e-5,1.041132,2.8324,152.83,0.0159,6.655602
11400,5700,9.998717e-5,1.041094,2.8323,160.30,0.0157,6.662770
11500,5750,9.998695e-5,1.037376,2.8218,141.81,0.0161,6.718618
11600,5800,9.998672e-5,1.058507,2.8821,146.39,0.0154,6.813327
11700,5850,9.99865e-5,1.057426,2.8790,155.62,0.0156,6.715108
11800,5900,9.998625e-5,1.058821,2.8830,147.44,0.0156,6.813069
11900,5950,9.998602e-5,1.052081,2.8636,145.97,0.0158,6.746223
12000,6000,9.998579e-5,1.065539,2.9024,137.66,0.0161,6.712465
12100,6050,9.9985555e-5,1.051665,2.8624,179.22,0.0183,6.729706
12200,6100,9.998531e-5,1.036942,2.8206,151.64,0.0154,6.669157
12300,6150,9.998506e-5,1.062244,2.8929,162.74,0.0157,6.771961
12400,6200,9.998483e-5,1.019426,2.7716,174.34,0.0155,6.567571
12500,6250,9.998458e-5,1.031542,2.8054,150.95,0.0157,6.565153
12600,6300,9.998433e-5,1.051601,2.8622,126.66,0.0160,6.757629
12700,6350,9.9984085e-5,1.071206,2.9189,135.35,0.0159,6.864272
12800,6400,9.998384e-5,1.038879,2.8260,176.55,0.0156,6.616720
12900,6450,9.9983576e-5,1.066280,2.9046,147.65,0.0158,6.772485
13000,6500,9.998333e-5,1.053673,2.8682,133.83,0.0161,6.752454
13100,6550,9.9983066e-5,1.047246,2.8498,170.88,0.0183,6.787975
13200,6600,9.9982804e-5,1.024906,2.7868,151.39,0.0157,6.549201
13300,6650,9.998254e-5,1.027360,2.7937,184.80,0.0155,6.546929
13400,6700,9.998228e-5,1.060025,2.8864,176.02,0.0155,6.757015
13500,6750,9.998202e-5,1.033621,2.8112,167.50,0.0155,6.646603
13600,6800,9.998176e-5,1.066594,2.9055,154.35,0.0158,6.750160
13700,6850,9.998148e-5,1.029118,2.7986,177.99,0.0159,6.550178
13800,6900,9.9981204e-5,1.031544,2.8054,141.92,0.0157,6.598829
13900,6950,9.998094e-5,1.020537,2.7747,148.15,0.0158,6.633234
14000,7000,9.998065e-5,1.019795,2.7726,125.32,0.0163,6.508105
14100,7050,9.9980374e-5,1.044533,2.8421,172.41,0.0186,6.767574
14200,7100,9.99801e-5,1.000978,2.7209,156.41,0.0157,6.408597
14300,7150,9.997982e-5,1.030188,2.8016,135.87,0.0159,6.538319
14400,7200,9.997953e-5,1.035123,2.8155,180.60,0.0156,6.712880
14500,7250,9.9979254e-5,1.030082,2.8013,142.34,0.0158,6.557390
14600,7300,9.997896e-5,1.005393,2.7330,183.43,0.0160,6.363031
14700,7350,9.997867e-5,1.042961,2.8376,186.66,0.0154,6.641634
14800,7400,9.997838e-5,1.017909,2.7674,154.86,0.0157,6.467253
14900,7450,9.997809e-5,1.030061,2.8012,151.77,0.0158,6.629066
15000,7500,9.99778e-5,1.016232,2.7628,159.40,0.0154,6.516050
15100,7550,9.997751e-5,0.998338,2.7138,198.49,0.0184,6.376816
15200,7600,9.99772e-5,1.024682,2.7862,149.58,0.0157,6.534175
15300,7650,9.9976896e-5,1.017746,2.7669,174.70,0.0149,6.612869
15400,7700,9.997659e-5,1.040221,2.8298,154.53,0.0154,6.666993
15500,7750,9.9976285e-5,1.017472,2.7662,162.46,0.0155,6.467843
15600,7800,9.997598e-5,1.006013,2.7347,158.31,0.0157,6.469254
15700,7850,9.9975674e-5,1.012371,2.7521,151.22,0.0154,6.451128
15800,7900,9.997537e-5,1.002030,2.7238,146.38,0.0156,6.503925
15900,7950,9.997505e-5,0.992544,2.6981,131.30,0.0161,6.402736
16000,8000,9.997473e-5,1.007899,2.7398,138.92,0.0157,6.429354
16100,8050,9.997442e-5,1.027782,2.7949,184.58,0.0178,6.616414
16200,8100,9.99741e-5,1.004055,2.7293,147.14,0.0156,6.451615
16300,8150,9.997378e-5,0.999091,2.7158,156.28,0.0155,6.397107
16400,8200,9.997346e-5,0.996486,2.7087,180.91,0.0152,6.423085
16500,8250,9.997314e-5,0.986445,2.6817,155.06,0.0157,6.323650
16600,8300,9.997281e-5,0.997605,2.7118,141.38,0.0158,6.404404
16700,8350,9.997249e-5,1.013367,2.7549,153.15,0.0157,6.474370
16800,8400,9.997215e-5,0.985002,2.6778,157.09,0.0152,6.331913
16900,8450,9.997182e-5,0.985606,2.6794,167.20,0.0156,6.370237
17000,8500,9.997148e-5,0.985145,2.6782,148.15,0.0154,6.364169
17100,8550,9.9971134e-5,1.009778,2.7450,193.37,0.0174,6.507175
17200,8600,9.997081e-5,0.967391,2.6311,154.41,0.0157,6.227711
17300,8650,9.9970464e-5,0.968624,2.6343,156.99,0.0153,6.216531
17400,8700,9.9970115e-5,1.013253,2.7545,156.60,0.0157,6.483605
17500,8750,9.996978e-5,0.985624,2.6795,150.26,0.0156,6.323415
17600,8800,9.996943e-5,0.974324,2.6494,162.37,0.0159,6.243301
17700,8850,9.996908e-5,1.001496,2.7224,144.26,0.0157,6.353727
17800,8900,9.996873e-5,0.975273,2.6519,138.62,0.0156,6.308550
17900,8950,9.996838e-5,0.995432,2.7059,143.64,0.0160,6.318723
18000,9000,9.9968034e-5,0.972717,2.6451,145.22,0.0157,6.251081
18100,9050,9.996767e-5,0.994803,2.7042,208.90,0.0204,6.357976
18200,9100,9.996731e-5,0.996563,2.7090,157.78,0.0159,6.363769
18300,9150,9.996696e-5,1.009362,2.7439,132.89,0.0160,6.490689
18400,9200,9.996659e-5,0.997496,2.7115,141.88,0.0158,6.346784
18500,9250,9.996623e-5,0.977753,2.6585,147.69,0.0157,6.235754
18600,9300,9.9965866e-5,0.990199,2.6918,133.59,0.0164,6.316830
18700,9350,9.996549e-5,0.969557,2.6368,152.32,0.0155,6.225625
18800,9400,9.9965124e-5,0.999114,2.7159,175.88,0.0154,6.393718
18900,9450,9.9964745e-5,0.974802,2.6506,141.13,0.0160,6.271696
19000,9500,9.996438e-5,0.992767,2.6987,165.90,0.0154,6.302047
19100,9550,9.9964e-5,0.989795,2.6907,171.30,0.0183,6.331223
19200,9600,9.9963625e-5,0.960570,2.6132,172.70,0.0152,6.143664
19300,9650,9.996325e-5,0.957659,2.6056,162.26,0.0151,6.177226
19400,9700,9.9962854e-5,0.975334,2.6521,136.90,0.0159,6.254130
19500,9750,9.9962475e-5,0.996493,2.7088,162.22,0.0153,6.379215
19600,9800,9.99621e-5,0.953438,2.5946,154.09,0.0158,6.068643
19700,9850,9.9961704e-5,0.975815,2.6533,173.01,0.0158,6.229155
19800,9900,9.996131e-5,0.949058,2.5833,135.33,0.0156,6.145497
19900,9950,9.996092e-5,0.981689,2.6690,189.44,0.0153,6.253421
20000,10000,9.9960525e-5,0.983854,2.6747,136.98,0.0157,6.339948
20100,10050,9.996013e-5,0.957601,2.6054,180.42,0.0183,6.121589
20200,10100,9.995974e-5,0.974036,2.6486,138.89,0.0157,6.215208
20300,10150,9.995933e-5,0.958688,2.6083,184.91,0.0151,6.155555
20400,10200,9.9958925e-5,0.970770,2.6400,191.26,0.0152,6.278183
20500,10250,9.995853e-5,0.953932,2.5959,149.93,0.0158,6.175058
20600,10300,9.9958124e-5,1.014155,2.7570,180.46,0.0158,6.501547
20700,10350,9.995772e-5,0.974371,2.6495,174.89,0.0158,6.278444
20800,10400,9.995731e-5,0.960334,2.6126,138.93,0.0158,6.139893
20900,10450,9.995689e-5,0.968314,2.6335,131.66,0.0158,6.178636
21000,10500,9.995648e-5,0.960793,2.6138,162.95,0.0155,6.181019
21100,10550,9.995607e-5,0.965149,2.6252,214.90,0.0171,6.162162
21200,10600,9.995565e-5,0.970308,2.6388,150.18,0.0158,6.208505
21300,10650,9.995523e-5,0.980800,2.6666,170.40,0.0155,6.238595
21400,10700,9.995481e-5,0.970581,2.6395,152.53,0.0156,6.225105
21500,10750,9.9954384e-5,0.975773,2.6532,170.57,0.0154,6.222227
21600,10800,9.995396e-5,0.969838,2.6375,158.31,0.0162,6.210197
21700,10850,9.995354e-5,0.978380,2.6601,139.39,0.0161,6.217073
21800,10900,9.9953104e-5,0.971683,2.6424,145.38,0.0157,6.163828
21900,10950,9.995268e-5,0.949960,2.5856,188.12,0.0152,6.059152
22000,11000,9.9952245e-5,0.959823,2.6112,149.28,0.0155,6.182909
22100,11050,9.995181e-5,0.976525,2.6552,164.77,0.0193,6.181721
22200,11100,9.995137e-5,0.953610,2.5951,179.23,0.0167,6.056222
22300,11150,9.995092e-5,0.950925,2.5881,154.02,0.0157,6.146641
22400,11200,9.9950485e-5,0.952125,2.5912,172.87,0.0154,6.162709
22500,11250,9.995005e-5,0.941944,2.5650,174.58,0.0154,6.079974
22600,11300,9.99496e-5,0.979611,2.6634,161.03,0.0155,6.296576
22700,11350,9.994916e-5,0.949235,2.5837,168.57,0.0156,6.132766
22800,11400,9.994871e-5,0.954722,2.5979,144.82,0.0165,6.120471
22900,11450,9.994826e-5,0.956878,2.6036,164.56,0.0163,6.071065
23000,11500,9.994781e-5,0.938872,2.5571,144.50,0.0168,6.005703
23100,11550,9.994734e-5,0.972792,2.6453,163.03,0.0201,6.182192
23200,11600,9.994689e-5,0.955500,2.6000,157.76,0.0163,6.074642
23300,11650,9.994644e-5,0.929007,2.5320,160.55,0.0156,6.025074
23400,11700,9.994597e-5,0.956097,2.6015,164.14,0.0162,6.112355
23500,11750,9.994551e-5,0.950807,2.5878,163.73,0.0160,6.085979
23600,11800,9.994504e-5,0.936963,2.5522,178.45,0.0159,6.043361
23700,11850,9.994458e-5,0.941059,2.5627,182.85,0.0162,6.030223
23800,11900,9.994411e-5,0.942049,2.5652,163.82,0.0166,5.965850
23900,11950,9.994363e-5,0.941312,2.5633,165.13,0.0164,5.986722
24000,12000,9.9943165e-5,0.950872,2.5880,195.22,0.0162,6.088711
24100,12050,9.9942685e-5,0.955347,2.5996,168.27,0.0200,6.058121
24200,12100,9.994222e-5,0.943475,2.5689,154.99,0.0169,5.945374
24300,12150,9.994174e-5,0.941816,2.5646,168.60,0.0165,6.009806
24400,12200,9.994126e-5,0.951266,2.5890,163.81,0.0164,6.134288
24500,12250,9.994078e-5,0.933515,2.5434,153.56,0.0166,6.023714
24600,12300,9.9940284e-5,0.918006,2.5043,198.48,0.0156,5.950839
24700,12350,9.99398e-5,0.934787,2.5467,158.86,0.0165,6.029078
24800,12400,9.993931e-5,0.951897,2.5906,154.09,0.0163,6.070644
24900,12450,9.993883e-5,0.938187,2.5553,122.04,0.0172,6.083433
25000,12500,9.9938334e-5,0.946221,2.5760,165.15,0.0163,6.077013
25100,12550,9.993784e-5,0.948760,2.5825,207.31,0.0184,6.128479
25200,12600,9.9937344e-5,0.934141,2.5450,174.92,0.0160,6.058555
25300,12650,9.9936835e-5,0.943461,2.5689,147.03,0.0169,5.980004
25400,12700,9.993634e-5,0.918219,2.5048,179.04,0.0161,5.929758
25500,12750,9.9935845e-5,0.931395,2.5380,159.12,0.0167,5.915720
25600,12800,9.9935336e-5,0.922444,2.5154,165.06,0.0159,5.965036
25700,12850,9.993483e-5,0.950752,2.5877,163.09,0.0165,6.014528
25800,12900,9.993432e-5,0.932183,2.5400,165.12,0.0165,5.970269
25900,12950,9.993381e-5,0.926744,2.5263,158.36,0.0168,5.904933
26000,13000,9.99333e-5,0.952111,2.5912,153.82,0.0169,6.091337
26100,13050,9.993279e-5,0.955820,2.6008,176.49,0.0199,6.064829
26200,13100,9.9932266e-5,0.951896,2.5906,174.29,0.0165,6.031038
26300,13150,9.9931756e-5,0.931426,2.5381,182.66,0.0162,5.922439
26400,13200,9.993123e-5,0.924683,2.5211,164.11,0.0164,5.871630
26500,13250,9.993071e-5,0.945456,2.5740,158.24,0.0166,6.016149
26600,13300,9.9930185e-5,0.947541,2.5794,185.39,0.0164,6.045713
26700,13350,9.992966e-5,0.950570,2.5872,171.50,0.0163,6.036577
26800,13400,9.992914e-5,0.943106,2.5679,149.00,0.0168,6.012085
26900,13450,9.99286e-5,0.941065,2.5627,169.92,0.0165,5.997794
27000,13500,9.9928075e-5,0.936440,2.5509,160.11,0.0165,5.987375
27100,13550,9.9927536e-5,0.917194,2.5023,204.83,0.0186,5.833487
27200,13600,9.9927e-5,0.925394,2.5229,167.71,0.0163,5.915273
27300,13650,9.992646e-5,0.928765,2.5314,177.20,0.0166,5.877759
27400,13700,9.992592e-5,0.932819,2.5417,139.64,0.0171,5.905132
27500,13750,9.992538e-5,0.921233,2.5124,159.30,0.0167,5.849547
27600,13800,9.9924844e-5,0.918257,2.5049,197.79,0.0157,5.933540
27700,13850,9.992429e-5,0.948313,2.5814,172.92,0.0162,6.048857
27800,13900,9.992375e-5,0.935994,2.5497,150.95,0.0164,5.970926
27900,13950,9.99232e-5,0.945257,2.5735,162.86,0.0166,6.015603
28000,14000,9.992265e-5,0.950436,2.5868,151.28,0.0169,6.038220
28100,14050,9.9922094e-5,0.946049,2.5755,163.37,0.0204,5.961134
28200,14100,9.992154e-5,0.933383,2.5431,160.23,0.0162,5.979262
28300,14150,9.992099e-5,0.902119,2.4648,166.66,0.0160,5.828408
28400,14200,9.992042e-5,0.916151,2.4997,149.36,0.0162,5.914564
28500,14250,9.991985e-5,0.928737,2.5313,148.27,0.0165,5.942895
28600,14300,9.99193e-5,0.929869,2.5342,163.30,0.0161,5.983310
28700,14350,9.991873e-5,0.922577,2.5158,160.43,0.0162,5.964275
28800,14400,9.9918165e-5,0.945476,2.5740,166.44,0.0174,5.960905
28900,14450,9.99176e-5,0.938841,2.5570,141.83,0.0164,6.025517
29000,14500,9.991703e-5,0.928187,2.5299,161.76,0.0162,5.982968
29100,14550,9.991645e-5,0.908575,2.4808,241.27,0.0227,5.796652
29200,14600,9.991588e-5,0.912889,2.4915,158.60,0.0164,5.891161
29300,14650,9.99153e-5,0.904542,2.4708,182.37,0.0158,5.829340
29400,14700,9.9914716e-5,0.913700,2.4935,143.39,0.0165,5.858609
29500,14750,9.9914134e-5,0.909892,2.4841,165.87,0.0163,5.803342
29600,14800,9.991355e-5,0.925281,2.5226,140.95,0.0169,5.947808
29700,14850,9.991297e-5,0.896534,2.4511,168.70,0.0157,5.845983
29800,14900,9.991239e-5,0.909107,2.4821,179.26,0.0163,5.831393
29900,14950,9.991179e-5,0.913033,2.4919,166.73,0.0158,5.846590
30000,15000,9.991121e-5,0.926935,2.5268,200.83,0.0154,5.917814
30100,15050,9.991061e-5,0.908723,2.4812,224.05,0.0234,5.890402
30200,15100,9.9910016e-5,0.917492,2.5030,175.10,0.0154,5.913714
30300,15150,9.990942e-5,0.919044,2.5069,160.13,0.0160,5.894215
30400,15200,9.990882e-5,0.893439,2.4435,157.58,0.0155,5.775427
30500,15250,9.9908226e-5,0.920505,2.5106,151.72,0.0162,5.898448
30600,15300,9.9907615e-5,0.908346,2.4802,149.83,0.0167,5.825766
30700,15350,9.990702e-5,0.911842,2.4889,158.64,0.0157,5.865316
30800,15400,9.990641e-5,0.924302,2.5201,135.93,0.0162,5.895525
30900,15450,9.9905796e-5,0.942316,2.5659,169.89,0.0159,6.026302
31000,15500,9.9905184e-5,0.905598,2.4734,142.41,0.0158,5.831326
31100,15550,9.990457e-5,0.892304,2.4407,231.04,0.0242,5.770657
31200,15600,9.990396e-5,0.935732,2.5491,153.25,0.0159,5.984892
31300,15650,9.990335e-5,0.915739,2.4986,165.58,0.0152,5.932742
31400,15700,9.9902725e-5,0.924316,2.5201,147.05,0.0162,5.831717
31500,15750,9.99021e-5,0.893310,2.4432,163.51,0.0153,5.784339
31600,15800,9.990149e-5,0.915953,2.4992,161.71,0.0159,5.778723
31700,15850,9.990086e-5,0.913107,2.4921,137.48,0.0162,5.808236
31800,15900,9.990024e-5,0.909280,2.4825,166.87,0.0153,5.778735
31900,15950,9.98996e-5,0.930940,2.5369,177.36,0.0156,5.893143
32000,16000,9.989897e-5,0.888193,2.4307,158.87,0.0155,5.679324
32100,16050,9.9898345e-5,0.918717,2.5061,227.12,0.0245,5.839816
32200,16100,9.9897705e-5,0.868181,2.3826,179.94,0.0151,5.638451
32300,16150,9.9897065e-5,0.910599,2.4858,135.61,0.0161,5.775133
32400,16200,9.989644e-5,0.907307,2.4776,131.72,0.0160,5.808119
32500,16250,9.98958e-5,0.895434,2.4484,129.63,0.0160,5.748401
32600,16300,9.9895144e-5,0.909926,2.4841,122.16,0.0164,5.821208
32700,16350,9.98945e-5,0.902767,2.4664,182.70,0.0158,5.782512
32800,16400,9.989386e-5,0.889917,2.4349,160.83,0.0157,5.707331
32900,16450,9.989322e-5,0.917105,2.5020,164.80,0.0157,5.871414
33000,16500,9.989257e-5,0.899600,2.4586,181.34,0.0153,5.752496
33100,16550,9.989191e-5,0.920564,2.5107,253.18,0.0214,5.897243
33200,16600,9.989126e-5,0.907471,2.4780,171.94,0.0156,5.808871
33300,16650,9.98906e-5,0.924365,2.5203,161.88,0.0158,5.887048
33400,16700,9.988995e-5,0.906641,2.4760,156.97,0.0155,5.797784
33500,16750,9.988928e-5,0.908967,2.4818,159.05,0.0154,5.818617
33600,16800,9.9888624e-5,0.923038,2.5169,169.10,0.0159,5.890983
33700,16850,9.9887955e-5,0.893690,2.4441,166.74,0.0165,5.681404
33800,16900,9.98873e-5,0.881891,2.4155,145.94,0.0163,5.635884
33900,16950,9.988663e-5,0.917529,2.5031,181.66,0.0156,5.897720
34000,17000,9.988595e-5,0.894970,2.4473,152.28,0.0162,5.735507
34100,17050,9.988529e-5,0.900094,2.4598,239.49,0.0232,5.710922
34200,17100,9.988461e-5,0.925915,2.5242,277.39,0.0150,5.831119
34300,17150,9.988394e-5,0.901225,2.4626,159.39,0.0163,5.716014
34400,17200,9.9883255e-5,0.872853,2.3937,176.12,0.0150,5.725743
34500,17250,9.9882585e-5,0.921113,2.5121,217.28,0.0153,5.902461
34600,17300,9.98819e-5,0.891699,2.4393,180.44,0.0158,5.702060
34700,17350,9.988122e-5,0.877214,2.4042,137.88,0.0160,5.662464
34800,17400,9.988053e-5,0.893170,2.4429,167.49,0.0161,5.779476
34900,17450,9.9879835e-5,0.902633,2.4661,186.69,0.0163,5.776945
35000,17500,9.987915e-5,0.906860,2.4765,150.62,0.0164,5.825294
35100,17550,9.987847e-5,0.889781,2.4346,222.92,0.0252,5.670811
35200,17600,9.987777e-5,0.894715,2.4466,156.05,0.0164,5.717479
35300,17650,9.987707e-5,0.894703,2.4466,178.68,0.0156,5.751763
35400,17700,9.987637e-5,0.904463,2.4706,166.21,0.0156,5.794642
35500,17750,9.987567e-5,0.929413,2.5330,140.09,0.0161,5.946078
35600,17800,9.9874975e-5,0.892883,2.4422,146.38,0.0159,5.694153
35700,17850,9.9874276e-5,0.912825,2.4913,198.05,0.0158,5.802220
35800,17900,9.987356e-5,0.879312,2.4092,142.47,0.0159,5.719584
35900,17950,9.9872865e-5,0.890510,2.4364,171.23,0.0155,5.742090
36000,18000,9.987215e-5,0.882027,2.4158,200.14,0.0165,5.643111
36100,18050,9.987144e-5,0.903305,2.4677,241.53,0.0228,5.826137
36200,18100,9.9870726e-5,0.892994,2.4424,185.70,0.0158,5.692728
36300,18150,9.987001e-5,0.893137,2.4428,165.87,0.0164,5.691066
36400,18200,9.98693e-5,0.897356,2.4531,173.75,0.0158,5.669124
36500,18250,9.986857e-5,0.891431,2.4386,154.98,0.0158,5.742476
36600,18300,9.986786e-5,0.920937,2.5116,169.54,0.0154,5.820403
36700,18350,9.986713e-5,0.898742,2.4565,138.74,0.0159,5.724583
36800,18400,9.98664e-5,0.900196,2.4601,143.61,0.0156,5.763693
36900,18450,9.9865676e-5,0.867592,2.3812,188.75,0.0153,5.574409
37000,18500,9.986496e-5,0.888528,2.4315,183.79,0.0153,5.732662
37100,18550,9.986422e-5,0.897156,2.4526,229.86,0.0225,5.757440
37200,18600,9.986349e-5,0.887623,2.4293,211.29,0.0150,5.701368
37300,18650,9.986275e-5,0.893383,2.4434,136.98,0.0166,5.711542
37400,18700,9.986202e-5,0.898413,2.4557,154.79,0.0160,5.762894
37500,18750,9.986128e-5,0.909962,2.4842,158.48,0.0161,5.828866
37600,18800,9.986054e-5,0.875831,2.4009,151.93,0.0158,5.670254
37700,18850,9.98598e-5,0.896719,2.4515,167.97,0.0160,5.689996
37800,18900,9.9859055e-5,0.871799,2.3912,174.39,0.0152,5.553205
37900,18950,9.98583e-5,0.893651,2.4440,140.66,0.0159,5.718061
38000,19000,9.9857556e-5,0.879004,2.4085,158.00,0.0159,5.624121
38100,19050,9.9856814e-5,0.893259,2.4431,188.29,0.0194,5.723973
38200,19100,9.985606e-5,0.887317,2.4286,166.81,0.0159,5.738809
38300,19150,9.98553e-5,0.891668,2.4392,153.83,0.0156,5.710317
38400,19200,9.9854544e-5,0.915381,2.4977,161.74,0.0156,5.858135
38500,19250,9.985379e-5,0.899701,2.4589,162.28,0.0158,5.693517
38600,19300,9.985303e-5,0.863488,2.3714,224.21,0.0148,5.632388
38700,19350,9.985226e-5,0.861494,2.3667,171.20,0.0160,5.534990
38800,19400,9.98515e-5,0.878216,2.4066,176.01,0.0159,5.685660
38900,19450,9.985073e-5,0.894046,2.4450,153.85,0.0161,5.746800
39000,19500,9.9849975e-5,0.871108,2.3896,152.34,0.0157,5.604957
39100,19550,9.98492e-5,0.875604,2.4003,187.67,0.0190,5.614729
39200,19600,9.984842e-5,0.913435,2.4929,149.69,0.0164,5.848194
39300,19650,9.9847646e-5,0.894575,2.4463,145.12,0.0160,5.766116
39400,19700,9.9846875e-5,0.887537,2.4291,161.87,0.0165,5.630482
39500,19750,9.984609e-5,0.876601,2.4027,154.96,0.0161,5.721101
39600,19800,9.984532e-5,0.879417,2.4095,185.42,0.0157,5.605854
39700,19850,9.984455e-5,0.878460,2.4072,161.38,0.0156,5.644427
39800,19900,9.984376e-5,0.868778,2.3840,161.00,0.0164,5.565951
39900,19950,9.9842975e-5,0.882454,2.4168,167.25,0.0160,5.695704
40000,20000,9.9842175e-5,0.884709,2.4223,165.38,0.0156,5.706360
40100,20050,9.984139e-5,0.889766,2.4346,177.87,0.0192,5.664817
40200,20100,9.98406e-5,0.885066,2.4231,154.25,0.0159,5.658594
40300,20150,9.98398e-5,0.868929,2.3844,159.59,0.0161,5.588175
40400,20200,9.9839e-5,0.888302,2.4310,211.75,0.0156,5.677871
40500,20250,9.983822e-5,0.876894,2.4034,160.06,0.0165,5.615985
40600,20300,9.9837416e-5,0.874040,2.3966,161.32,0.0159,5.669224
40700,20350,9.9836616e-5,0.880839,2.4129,146.68,0.0163,5.626796
40800,20400,9.98358e-5,0.885626,2.4245,167.04,0.0156,5.627427
40900,20450,9.9835e-5,0.883332,2.4189,139.71,0.0156,5.715167
41000,20500,9.98342e-5,0.881427,2.4143,157.79,0.0154,5.639627
41100,20550,9.9833385e-5,0.881495,2.4145,159.93,0.0192,5.651282
41200,20600,9.983257e-5,0.887190,2.4283,147.74,0.0154,5.694336
41300,20650,9.9831756e-5,0.871714,2.3910,154.85,0.0152,5.612696
41400,20700,9.983094e-5,0.855277,2.3520,160.15,0.0152,5.501864
41500,20750,9.9830126e-5,0.872505,2.3929,162.72,0.0152,5.578762
41600,20800,9.982931e-5,0.860950,2.3654,137.77,0.0156,5.547764
41700,20850,9.9828496e-5,0.858973,2.3607,157.17,0.0149,5.616690
41800,20900,9.982767e-5,0.890159,2.4355,150.61,0.0158,5.637722
41900,20950,9.982684e-5,0.878495,2.4073,162.76,0.0155,5.601212
42000,21000,9.982601e-5,0.851900,2.3441,152.66,0.0156,5.469236
42100,21050,9.982519e-5,0.872846,2.3937,214.31,0.0172,5.607413
42200,21100,9.982435e-5,0.874629,2.3980,128.73,0.0158,5.668697
42300,21150,9.982352e-5,0.845616,2.3294,162.60,0.0155,5.430374
42400,21200,9.982269e-5,0.881808,2.4153,152.74,0.0154,5.621098
42500,21250,9.9821846e-5,0.876915,2.4035,153.28,0.0156,5.595832
42600,21300,9.9821016e-5,0.881463,2.4144,146.92,0.0155,5.671150
42700,21350,9.982017e-5,0.882241,2.4163,149.63,0.0155,5.624018
42800,21400,9.981933e-5,0.878249,2.4067,146.49,0.0157,5.584775
42900,21450,9.9818484e-5,0.856715,2.3554,136.24,0.0155,5.558598
43000,21500,9.9817626e-5,0.857341,2.3569,145.85,0.0155,5.453660
43100,21550,9.981678e-5,0.834005,2.3025,186.06,0.0179,5.393625
43200,21600,9.981594e-5,0.893004,2.4425,155.46,0.0167,5.624422
43300,21650,9.981508e-5,0.878121,2.4064,140.14,0.0158,5.656048
43400,21700,9.9814235e-5,0.860521,2.3644,149.19,0.0154,5.522086
43500,21750,9.981338e-5,0.839121,2.3143,175.79,0.0149,5.444295
43600,21800,9.981252e-5,0.882403,2.4167,143.82,0.0159,5.591605
43700,21850,9.981166e-5,0.869182,2.3850,124.56,0.0162,5.576503
43800,21900,9.9810786e-5,0.872942,2.3939,154.85,0.0155,5.616284
43900,21950,9.980993e-5,0.872626,2.3932,175.70,0.0152,5.592841
44000,22000,9.9809055e-5,0.888806,2.4322,173.40,0.0154,5.609227
44100,22050,9.9808196e-5,0.839907,2.3162,162.97,0.0188,5.446862
44200,22100,9.980732e-5,0.877957,2.4060,160.70,0.0155,5.561940
44300,22150,9.980645e-5,0.873585,2.3955,124.09,0.0160,5.621531
44400,22200,9.980558e-5,0.867316,2.3805,196.88,0.0149,5.573735
44500,22250,9.98047e-5,0.866189,2.3778,164.92,0.0157,5.563693
44600,22300,9.980383e-5,0.852847,2.3463,169.30,0.0152,5.481401
44700,22350,9.980294e-5,0.869310,2.3853,174.31,0.0157,5.504891
44800,22400,9.9802055e-5,0.856913,2.3559,156.51,0.0156,5.458492
44900,22450,9.980117e-5,0.880522,2.4122,144.00,0.0158,5.649436
45000,22500,9.9800294e-5,0.883651,2.4197,168.52,0.0155,5.627727
45100,22550,9.979941e-5,0.856786,2.3556,174.53,0.0180,5.562418
45200,22600,9.979852e-5,0.889049,2.4328,141.42,0.0160,5.672019
45300,22650,9.979762e-5,0.891129,2.4379,137.99,0.0159,5.638271
45400,22700,9.979673e-5,0.854597,2.3504,147.85,0.0156,5.521284
45500,22750,9.979583e-5,0.865577,2.3764,151.28,0.0155,5.523078
45600,22800,9.9794925e-5,0.854085,2.3492,150.28,0.0154,5.483381
45700,22850,9.979402e-5,0.868121,2.3824,155.97,0.0156,5.485049
45800,22900,9.9793135e-5,0.859516,2.3620,179.81,0.0153,5.422406
45900,22950,9.979223e-5,0.870952,2.3892,161.40,0.0155,5.583209
46000,23000,9.979133e-5,0.869633,2.3860,156.11,0.0153,5.580113
46100,23050,9.979041e-5,0.875828,2.4009,184.19,0.0183,5.589703
46200,23100,9.97895e-5,0.870440,2.3880,166.59,0.0159,5.558782
46300,23150,9.9788595e-5,0.867049,2.3799,152.81,0.0154,5.610829
46400,23200,9.978768e-5,0.864244,2.3732,139.83,0.0159,5.485693
46500,23250,9.978676e-5,0.868535,2.3834,144.16,0.0156,5.533777
46600,23300,9.9785844e-5,0.869183,2.3850,144.04,0.0155,5.548023
46700,23350,9.978493e-5,0.848547,2.3363,136.09,0.0161,5.397439
46800,23400,9.978401e-5,0.872178,2.3921,141.46,0.0157,5.612204
46900,23450,9.978308e-5,0.879426,2.4095,143.71,0.0156,5.640497
47000,23500,9.978216e-5,0.853988,2.3490,144.27,0.0157,5.459130
47100,23550,9.978123e-5,0.856315,2.3545,188.35,0.0179,5.513538
47200,23600,9.97803e-5,0.846955,2.3325,139.61,0.0154,5.474992
47300,23650,9.977937e-5,0.867229,2.3803,131.76,0.0158,5.546321
47400,23700,9.977844e-5,0.857580,2.3574,152.86,0.0152,5.540518
47500,23750,9.9777506e-5,0.865438,2.3760,133.51,0.0162,5.430197
47600,23800,9.977656e-5,0.870844,2.3889,174.90,0.0152,5.559994
47700,23850,9.977563e-5,0.859080,2.3610,205.73,0.0150,5.566088
47800,23900,9.977468e-5,0.881700,2.4150,143.03,0.0158,5.574995
47900,23950,9.977374e-5,0.838600,2.3131,142.91,0.0155,5.393305
48000,24000,9.977279e-5,0.888203,2.4308,153.16,0.0156,5.654754
48100,24050,9.9771845e-5,0.861423,2.3665,172.43,0.0188,5.526803
48200,24100,9.97709e-5,0.864135,2.3730,144.32,0.0157,5.532024
48300,24150,9.976995e-5,0.867663,2.3813,139.72,0.0158,5.532739
48400,24200,9.976899e-5,0.851773,2.3438,161.93,0.0154,5.453903
48500,24250,9.976805e-5,0.851068,2.3421,174.05,0.0154,5.415837
48600,24300,9.976709e-5,0.881563,2.4147,159.05,0.0155,5.670946
48700,24350,9.976613e-5,0.869089,2.3847,149.66,0.0157,5.533077
48800,24400,9.9765166e-5,0.859363,2.3617,167.70,0.0157,5.458577
48900,24450,9.9764206e-5,0.846833,2.3322,145.31,0.0155,5.422386
49000,24500,9.976323e-5,0.831026,2.2957,164.21,0.0158,5.346918
49100,24550,9.976227e-5,0.848393,2.3359,195.37,0.0175,5.427589
49200,24600,9.976131e-5,0.846166,2.3307,170.40,0.0154,5.462364
49300,24650,9.9760335e-5,0.872006,2.3917,170.66,0.0159,5.553231
49400,24700,9.975936e-5,0.849005,2.3373,179.62,0.0152,5.408925
49500,24750,9.9758385e-5,0.843455,2.3244,152.74,0.0152,5.447821
49600,24800,9.975741e-5,0.857080,2.3563,165.79,0.0153,5.494224
49700,24850,9.9756435e-5,0.809092,2.2459,160.09,0.0154,5.290169
49800,24900,9.975546e-5,0.869231,2.3851,147.15,0.0155,5.541605
49900,24950,9.975447e-5,0.879866,2.4106,170.06,0.0153,5.589125
50000,25000,9.975348e-5,0.838477,2.3128,150.67,0.0153,5.418458
50100,25050,9.975249e-5,0.856998,2.3561,157.77,0.0194,5.505796
50200,25100,9.9751516e-5,0.853478,2.3478,155.97,0.0153,5.510883
50300,25150,9.975053e-5,0.856003,2.3537,161.39,0.0154,5.443332
50400,25200,9.974954e-5,0.876092,2.4015,178.17,0.0161,5.579105
50500,25250,9.974853e-5,0.832284,2.2986,134.27,0.0158,5.333834
50600,25300,9.974754e-5,0.872436,2.3927,140.60,0.0160,5.524814
50700,25350,9.974654e-5,0.889982,2.4351,144.26,0.0158,5.730984
50800,25400,9.974555e-5,0.874210,2.3970,135.22,0.0158,5.628473
50900,25450,9.974453e-5,0.863456,2.3713,141.37,0.0158,5.532675
51000,25500,9.974354e-5,0.834312,2.3032,158.83,0.0156,5.361740
51100,25550,9.974254e-5,0.855833,2.3533,174.61,0.0184,5.447957
51200,25600,9.974152e-5,0.821405,2.2737,164.74,0.0153,5.276309
51300,25650,9.9740515e-5,0.842095,2.3212,162.47,0.0154,5.386899
51400,25700,9.973951e-5,0.831735,2.2973,144.34,0.0161,5.319046
51500,25750,9.973849e-5,0.882592,2.4172,141.19,0.0158,5.604723
51600,25800,9.9737474e-5,0.865165,2.3754,170.38,0.0157,5.538908
51700,25850,9.9736455e-5,0.855510,2.3526,153.68,0.0156,5.501318
51800,25900,9.973544e-5,0.842194,2.3215,192.59,0.0148,5.379640
51900,25950,9.973442e-5,0.836391,2.3080,178.73,0.0155,5.355316
52000,26000,9.9733385e-5,0.864338,2.3734,141.85,0.0160,5.498729
52100,26050,9.9732366e-5,0.877369,2.4046,203.83,0.0179,5.554088
52200,26100,9.973135e-5,0.830507,2.2945,158.00,0.0157,5.306423
52300,26150,9.9730314e-5,0.847160,2.3330,147.66,0.0159,5.405115
52400,26200,9.972928e-5,0.832455,2.2990,182.11,0.0149,5.362902
52500,26250,9.972825e-5,0.823393,2.2782,177.44,0.0152,5.345468
52600,26300,9.9727215e-5,0.846865,2.3323,141.63,0.0158,5.444356
52700,26350,9.972617e-5,0.875106,2.3991,155.17,0.0156,5.571061
52800,26400,9.972513e-5,0.850014,2.3397,154.13,0.0157,5.377838
52900,26450,9.9724086e-5,0.846678,2.3319,177.72,0.0154,5.446377
53000,26500,9.972305e-5,0.838404,2.3127,149.03,0.0158,5.351462
53100,26550,9.9722005e-5,0.862540,2.3692,165.69,0.0189,5.454445
53200,26600,9.972096e-5,0.855404,2.3523,158.77,0.0155,5.430758
53300,26650,9.971991e-5,0.856389,2.3546,179.12,0.0151,5.461363
53400,26700,9.971886e-5,0.850135,2.3400,158.50,0.0153,5.459652
53500,26750,9.97178e-5,0.832970,2.3001,167.27,0.0151,5.344869
53600,26800,9.971675e-5,0.836972,2.3094,148.82,0.0156,5.397294
53700,26850,9.971569e-5,0.829564,2.2923,149.70,0.0157,5.377622
53800,26900,9.971464e-5,0.836251,2.3077,123.59,0.0162,5.338835
53900,26950,9.971358e-5,0.847773,2.3344,124.38,0.0161,5.401407
54000,27000,9.971252e-5,0.839798,2.3159,144.20,0.0157,5.378694
54100,27050,9.9711455e-5,0.838983,2.3140,175.44,0.0181,5.412840
54200,27100,9.971038e-5,0.853490,2.3478,166.53,0.0154,5.467283
54300,27150,9.9709316e-5,0.837413,2.3104,182.90,0.0153,5.394528
54400,27200,9.970824e-5,0.857148,2.3564,171.07,0.0156,5.442816
54500,27250,9.970716e-5,0.863268,2.3709,141.57,0.0155,5.553791
54600,27300,9.97061e-5,0.869233,2.3851,176.81,0.0152,5.502047
54700,27350,9.970502e-5,0.852523,2.3456,147.63,0.0163,5.384709
54800,27400,9.9703946e-5,0.842239,2.3216,154.64,0.0153,5.356497
54900,27450,9.9702855e-5,0.831304,2.2963,152.10,0.0160,5.306148
55000,27500,9.970178e-5,0.841308,2.3194,167.21,0.0155,5.368391
55100,27550,9.970069e-5,0.856735,2.3555,202.26,0.0174,5.505593
55200,27600,9.969961e-5,0.862939,2.3701,148.20,0.0158,5.540152
55300,27650,9.969852e-5,0.822696,2.2766,140.94,0.0154,5.280365
55400,27700,9.969743e-5,0.826946,2.2863,185.61,0.0154,5.348948
55500,27750,9.9696335e-5,0.817995,2.2660,154.34,0.0156,5.256330
55600,27800,9.9695244e-5,0.834799,2.3044,164.68,0.0153,5.307949
55700,27850,9.969414e-5,0.831752,2.2973,135.16,0.0160,5.347975
55800,27900,9.969305e-5,0.822158,2.2754,145.84,0.0155,5.271811
55900,27950,9.969194e-5,0.854905,2.3512,166.14,0.0155,5.503896
56000,28000,9.969085e-5,0.853743,2.3484,156.74,0.0155,5.469419
56100,28050,9.968974e-5,0.824647,2.2811,187.86,0.0181,5.283068
56200,28100,9.968864e-5,0.835507,2.3060,168.60,0.0157,5.353685
56300,28150,9.968752e-5,0.818552,2.2672,160.17,0.0155,5.195936
56400,28200,9.9686426e-5,0.811637,2.2516,156.70,0.0152,5.271504
56500,28250,9.9685305e-5,0.860006,2.3632,142.05,0.0157,5.483366
56600,28300,9.96842e-5,0.828700,2.2903,148.90,0.0156,5.308685
56700,28350,9.968308e-5,0.853687,2.3483,154.63,0.0154,5.479937
56800,28400,9.968196e-5,0.857429,2.3571,127.91,0.0160,5.459065
56900,28450,9.968084e-5,0.839307,2.3148,156.00,0.0154,5.420547
57000,28500,9.967972e-5,0.830638,2.2948,166.49,0.0153,5.260956
57100,28550,9.96786e-5,0.826584,2.2855,158.37,0.0191,5.302968
57200,28600,9.9677476e-5,0.841651,2.3202,151.09,0.0153,5.392111
57300,28650,9.967634e-5,0.829388,2.2919,137.42,0.0159,5.257115
57400,28700,9.9675206e-5,0.848688,2.3366,167.68,0.0155,5.462704
57500,28750,9.9674086e-5,0.829838,2.2929,156.27,0.0162,5.337458
57600,28800,9.967295e-5,0.840172,2.3168,160.36,0.0160,5.311069
57700,28850,9.9671815e-5,0.831781,2.2974,163.20,0.0153,5.327413
57800,28900,9.967068e-5,0.832054,2.2980,175.77,0.0157,5.313995
57900,28950,9.966953e-5,0.830665,2.2948,139.41,0.0157,5.324062
58000,29000,9.9668396e-5,0.823336,2.2781,164.31,0.0156,5.301032
58100,29050,9.9667246e-5,0.851449,2.3430,174.10,0.0184,5.431077
58200,29100,9.966611e-5,0.819241,2.2688,157.14,0.0153,5.296435
58300,29150,9.966496e-5,0.835723,2.3065,148.22,0.0153,5.386072
58400,29200,9.966381e-5,0.838622,2.3132,168.86,0.0151,5.406929
58500,29250,9.966266e-5,0.844712,2.3273,136.89,0.0155,5.504739
58600,29300,9.966151e-5,0.843916,2.3255,164.23,0.0156,5.411917
58700,29350,9.966035e-5,0.822714,2.2767,146.72,0.0167,5.292036
58800,29400,9.96592e-5,0.801847,2.2297,169.57,0.0150,5.197556
58900,29450,9.9658035e-5,0.829540,2.2923,152.64,0.0156,5.335571
59000,29500,9.965687e-5,0.840171,2.3168,138.27,0.0158,5.391712
59100,29550,9.965571e-5,0.833245,2.3008,201.03,0.0178,5.307372
59200,29600,9.965454e-5,0.824712,2.2812,163.54,0.0157,5.270463
59300,29650,9.965338e-5,0.831242,2.2962,140.96,0.0158,5.338735
59400,29700,9.9652214e-5,0.816342,2.2622,176.35,0.0155,5.252206
59500,29750,9.965105e-5,0.815832,2.2611,131.61,0.0158,5.256415
59600,29800,9.964987e-5,0.828892,2.2908,128.34,0.0162,5.294574
59700,29850,9.964869e-5,0.833297,2.3009,165.91,0.0154,5.332030
59800,29900,9.964753e-5,0.847567,2.3340,175.17,0.0156,5.419796
59900,29950,9.964635e-5,0.849799,2.3392,145.05,0.0160,5.410729
60000,30000,9.964517e-5,0.846020,2.3304,171.26,0.0155,5.374608
60100,30050,9.964398e-5,0.800485,2.2266,184.07,0.0178,5.240608
60200,30100,9.96428e-5,0.840315,2.3171,169.19,0.0153,5.370669
60300,30150,9.9641606e-5,0.830172,2.2937,135.42,0.0160,5.254059
60400,30200,9.964043e-5,0.831677,2.2972,150.66,0.0158,5.344648
60500,30250,9.9639234e-5,0.839124,2.3143,158.28,0.0157,5.384177
60600,30300,9.963804e-5,0.860016,2.3632,161.17,0.0163,5.447288
60700,30350,9.963685e-5,0.830945,2.2955,153.62,0.0152,5.334400
60800,30400,9.9635654e-5,0.837162,2.3098,160.45,0.0156,5.363209
60900,30450,9.9634446e-5,0.858274,2.3591,137.73,0.0158,5.443828
61000,30500,9.963325e-5,0.816292,2.2621,147.59,0.0159,5.300284
61100,30550,9.9632045e-5,0.859566,2.3621,197.99,0.0175,5.491776
61200,30600,9.963084e-5,0.831622,2.2970,148.18,0.0156,5.280374
61300,30650,9.9629644e-5,0.841188,2.3191,151.44,0.0158,5.290240
61400,30700,9.9628436e-5,0.814935,2.2590,194.70,0.0149,5.216300
61500,30750,9.962723e-5,0.835925,2.3069,167.90,0.0155,5.296779
61600,30800,9.962602e-5,0.827490,2.2876,189.36,0.0150,5.292812
61700,30850,9.96248e-5,0.822981,2.2773,161.41,0.0152,5.298707
61800,30900,9.9623576e-5,0.816610,2.2628,155.98,0.0156,5.265752
61900,30950,9.962237e-5,0.830674,2.2949,153.53,0.0157,5.371052
62000,31000,9.9621146e-5,0.818421,2.2669,174.59,0.0154,5.272141
62100,31050,9.961992e-5,0.830911,2.2954,184.62,0.0179,5.303349
62200,31100,9.96187e-5,0.806176,2.2393,187.47,0.0152,5.189359
62300,31150,9.961748e-5,0.811959,2.2523,160.11,0.0157,5.147791
62400,31200,9.9616256e-5,0.806948,2.2411,175.74,0.0153,5.151507
62500,31250,9.961502e-5,0.819923,2.2703,157.33,0.0156,5.255810
62600,31300,9.96138e-5,0.836446,2.3081,156.94,0.0155,5.316072
62700,31350,9.961256e-5,0.817141,2.2640,125.90,0.0159,5.238418
62800,31400,9.961132e-5,0.825538,2.2831,159.82,0.0153,5.303816
62900,31450,9.9610086e-5,0.843268,2.3239,178.14,0.0153,5.390950
63000,31500,9.960885e-5,0.838794,2.3136,132.25,0.0157,5.444603
63100,31550,9.96076e-5,0.808734,2.2451,186.38,0.0181,5.206135
63200,31600,9.960636e-5,0.837017,2.3095,161.49,0.0158,5.334564
63300,31650,9.960511e-5,0.837197,2.3099,155.73,0.0155,5.316388
63400,31700,9.960387e-5,0.810956,2.2501,166.33,0.0158,5.166281
63500,31750,9.960262e-5,0.835257,2.3054,174.03,0.0155,5.320864
63600,31800,9.960137e-5,0.830596,2.2947,138.04,0.0157,5.347288
63700,31850,9.960012e-5,0.823968,2.2795,172.57,0.0152,5.329631
63800,31900,9.959887e-5,0.828197,2.2892,193.19,0.0150,5.278228
63900,31950,9.95976e-5,0.814529,2.2581,188.44,0.0157,5.178448
64000,32000,9.959635e-5,0.860451,2.3642,167.90,0.0159,5.440037
64100,32050,9.959508e-5,0.817721,2.2653,189.92,0.0179,5.207973
64200,32100,9.959382e-5,0.805922,2.2388,152.59,0.0158,5.141771
64300,32150,9.9592566e-5,0.822369,2.2759,161.75,0.0152,5.327999
64400,32200,9.95913e-5,0.838932,2.3139,162.48,0.0157,5.317219
64500,32250,9.959002e-5,0.802317,2.2307,162.12,0.0155,5.151571
64600,32300,9.958875e-5,0.810735,2.2496,163.90,0.0156,5.219773
64700,32350,9.958749e-5,0.804571,2.2357,165.26,0.0161,5.144541
64800,32400,9.958621e-5,0.824120,2.2799,158.94,0.0155,5.280271
64900,32450,9.958494e-5,0.808298,2.2441,165.93,0.0150,5.193130
65000,32500,9.958366e-5,0.804132,2.2348,159.87,0.0152,5.155794
65100,32550,9.9582365e-5,0.839282,2.3147,192.97,0.0179,5.361744
65200,32600,9.95811e-5,0.836458,2.3082,152.68,0.0156,5.322913
65300,32650,9.9579804e-5,0.817505,2.2648,178.16,0.0149,5.327438
65400,32700,9.957852e-5,0.879782,2.4104,247.64,0.0167,5.378315
65500,32750,9.957723e-5,0.808817,2.2452,161.66,0.0151,5.284825
65600,32800,9.957595e-5,0.828417,2.2897,145.35,0.0156,5.265745
65700,32850,9.957465e-5,0.814035,2.2570,165.26,0.0158,5.195619
65800,32900,9.957336e-5,0.828472,2.2898,151.04,0.0154,5.332681
65900,32950,9.957206e-5,0.820187,2.2709,161.85,0.0155,5.228225
66000,33000,9.957077e-5,0.812022,2.2525,165.90,0.0153,5.196115
66100,33050,9.956946e-5,0.836840,2.3091,179.04,0.0183,5.382566
66200,33100,9.956816e-5,0.831505,2.2968,142.01,0.0158,5.319934
66300,33150,9.956685e-5,0.835457,2.3059,160.92,0.0155,5.274396
66400,33200,9.956556e-5,0.812216,2.2529,167.80,0.0156,5.200003
66500,33250,9.956425e-5,0.821770,2.2745,140.07,0.0156,5.276627
66600,33300,9.956294e-5,0.812316,2.2531,142.61,0.0156,5.215153
66700,33350,9.956163e-5,0.805464,2.2377,162.15,0.0154,5.149210
66800,33400,9.956032e-5,0.788877,2.2009,158.43,0.0151,5.101855
66900,33450,9.9558994e-5,0.804055,2.2346,165.00,0.0155,5.084556
67000,33500,9.9557685e-5,0.819442,2.2692,144.15,0.0154,5.307994
67100,33550,9.955636e-5,0.813694,2.2562,204.78,0.0224,5.217917
67200,33600,9.955505e-5,0.831753,2.2973,138.63,0.0160,5.300364
67300,33650,9.955371e-5,0.806392,2.2398,135.38,0.0157,5.176446
67400,33700,9.955239e-5,0.822466,2.2761,165.80,0.0158,5.263846
67500,33750,9.955106e-5,0.842059,2.3211,165.91,0.0154,5.337494
67600,33800,9.954974e-5,0.801346,2.2285,165.40,0.0156,5.118192
67700,33850,9.95484e-5,0.821459,2.2738,142.52,0.0162,5.239979
67800,33900,9.954708e-5,0.861022,2.3656,142.78,0.0160,5.491163
67900,33950,9.954574e-5,0.817171,2.2641,141.48,0.0158,5.241259
68000,34000,9.95444e-5,0.829864,2.2930,175.93,0.0155,5.306514
68100,34050,9.954306e-5,0.834827,2.3044,168.27,0.0187,5.303577
68200,34100,9.954172e-5,0.809911,2.2477,162.61,0.0153,5.179018
68300,34150,9.954038e-5,0.832719,2.2996,129.15,0.0158,5.367185
68400,34200,9.9539044e-5,0.811238,2.2507,162.09,0.0154,5.210245
68500,34250,9.953769e-5,0.801468,2.2288,168.54,0.0151,5.162265
68600,34300,9.953634e-5,0.820047,2.2706,140.46,0.0162,5.226779
68700,34350,9.9535e-5,0.813829,2.2565,132.12,0.0160,5.181002
68800,34400,9.9533645e-5,0.800301,2.2262,155.84,0.0153,5.110455
68900,34450,9.953228e-5,0.825066,2.2820,177.41,0.0156,5.234127
69000,34500,9.9530924e-5,0.833618,2.3016,139.98,0.0158,5.333032
69100,34550,9.952957e-5,0.800004,2.2255,186.64,0.0177,5.145640
69200,34600,9.952822e-5,0.845856,2.3300,129.54,0.0169,5.363556
69300,34650,9.952685e-5,0.833770,2.3020,158.00,0.0154,5.301927
69400,34700,9.952548e-5,0.832716,2.2996,195.81,0.0152,5.259018
69500,34750,9.952411e-5,0.815937,2.2613,161.98,0.0153,5.248249
69600,34800,9.9522746e-5,0.831454,2.2967,134.03,0.0162,5.312427
69700,34850,9.952138e-5,0.834343,2.3033,145.48,0.0158,5.266909
69800,34900,9.952001e-5,0.828796,2.2906,145.91,0.0157,5.301646
69900,34950,9.951863e-5,0.810554,2.2492,157.49,0.0157,5.151972
70000,35000,9.951726e-5,0.807172,2.2416,167.03,0.0153,5.169772
70100,35050,9.951588e-5,0.812963,2.2546,190.79,0.0177,5.257593
70200,35100,9.9514495e-5,0.812127,2.2527,158.41,0.0156,5.181979
70300,35150,9.951311e-5,0.806602,2.2403,143.44,0.0157,5.200812
70400,35200,9.951173e-5,0.806390,2.2398,164.87,0.0153,5.182795
70500,35250,9.951035e-5,0.831256,2.2962,150.78,0.0154,5.335677
70600,35300,9.9508965e-5,0.823422,2.2783,137.49,0.0160,5.238284
70700,35350,9.950757e-5,0.814325,2.2577,152.62,0.0155,5.210133
70800,35400,9.9506186e-5,0.816874,2.2634,162.38,0.0161,5.167949
70900,35450,9.950479e-5,0.842723,2.3227,136.82,0.0158,5.404447
71000,35500,9.950339e-5,0.813994,2.2569,182.77,0.0154,5.229897
71100,35550,9.9501995e-5,0.799444,2.2243,165.02,0.0187,5.149621
71200,35600,9.95006e-5,0.819547,2.2695,161.37,0.0154,5.209749
71300,35650,9.9499186e-5,0.811729,2.2518,153.15,0.0158,5.199561
71400,35700,9.949779e-5,0.824000,2.2796,136.97,0.0157,5.253908
71500,35750,9.949638e-5,0.819843,2.2701,157.44,0.0158,5.265950
71600,35800,9.949498e-5,0.818912,2.2680,138.22,0.0156,5.311937
71700,35850,9.949357e-5,0.821164,2.2731,175.34,0.0159,5.223073
71800,35900,9.949216e-5,0.820772,2.2723,153.72,0.0155,5.261501
71900,35950,9.9490746e-5,0.834225,2.3030,167.82,0.0170,5.259744
72000,36000,9.9489334e-5,0.821151,2.2731,171.95,0.0152,5.289459
72100,36050,9.948791e-5,0.835440,2.3058,170.86,0.0189,5.314804
72200,36100,9.94865e-5,0.811462,2.2512,146.48,0.0160,5.207591
72300,36150,9.948507e-5,0.808427,2.2444,176.29,0.0152,5.142620
72400,36200,9.948366e-5,0.833447,2.3012,143.67,0.0157,5.288532
72500,36250,9.948223e-5,0.810842,2.2498,161.25,0.0152,5.221098
72600,36300,9.948081e-5,0.810059,2.2480,154.66,0.0156,5.184972
72700,36350,9.947938e-5,0.821692,2.2743,178.98,0.0156,5.201464
72800,36400,9.947794e-5,0.806594,2.2403,172.84,0.0151,5.178290
72900,36450,9.9476514e-5,0.801874,2.2297,158.19,0.0153,5.133056
73000,36500,9.947507e-5,0.817971,2.2659,150.87,0.0155,5.245690
73100,36550,9.947363e-5,0.790378,2.2042,209.40,0.0181,5.052611
73200,36600,9.947219e-5,0.850741,2.3414,170.90,0.0159,5.410315
73300,36650,9.947075e-5,0.811331,2.2509,124.56,0.0161,5.185215
73400,36700,9.946931e-5,0.781253,2.1842,149.64,0.0152,5.024006
73500,36750,9.946787e-5,0.810358,2.2487,152.19,0.0155,5.135565
73600,36800,9.946643e-5,0.802454,2.2310,197.78,0.0153,5.143270
73700,36850,9.9464974e-5,0.824625,2.2810,178.60,0.0157,5.259977
73800,36900,9.9463534e-5,0.805671,2.2382,132.43,0.0159,5.188484
73900,36950,9.946208e-5,0.810841,2.2498,153.00,0.0159,5.205423
74000,37000,9.946062e-5,0.816889,2.2634,171.81,0.0156,5.194812
74100,37050,9.945917e-5,0.814441,2.2579,176.33,0.0185,5.200520
74200,37100,9.945771e-5,0.806662,2.2404,141.91,0.0155,5.193967
74300,37150,9.945626e-5,0.803498,2.2333,142.92,0.0154,5.148427
74400,37200,9.945479e-5,0.819600,2.2696,155.48,0.0156,5.218680
74500,37250,9.945332e-5,0.783088,2.1882,142.60,0.0156,5.078111
74600,37300,9.945186e-5,0.819617,2.2696,132.94,0.0160,5.249539
74700,37350,9.945039e-5,0.824741,2.2813,152.61,0.0155,5.278454
74800,37400,9.9448924e-5,0.808205,2.2439,178.81,0.0153,5.159170
74900,37450,9.9447454e-5,0.813596,2.2560,164.75,0.0151,5.249422
75000,37500,9.944597e-5,0.817037,2.2638,137.47,0.0160,5.209799
75100,37550,9.94445e-5,0.790860,2.2053,188.75,0.0183,5.030595
75200,37600,9.944303e-5,0.796672,2.2181,141.73,0.0155,5.142637
75300,37650,9.9441546e-5,0.820660,2.2720,138.88,0.0158,5.204333
75400,37700,9.944006e-5,0.813372,2.2555,145.93,0.0158,5.216226
75500,37750,9.943858e-5,0.813720,2.2563,168.31,0.0159,5.226518
75600,37800,9.943709e-5,0.795639,2.2159,158.44,0.0157,5.063170
75700,37850,9.943561e-5,0.795251,2.2150,147.17,0.0157,5.132658
75800,37900,9.9434124e-5,0.795550,2.2157,154.52,0.0154,5.117708
75900,37950,9.9432626e-5,0.834018,2.3026,148.66,0.0156,5.302883
76000,38000,9.943114e-5,0.812258,2.2530,181.20,0.0152,5.189268
76100,38050,9.942964e-5,0.783755,2.1897,181.11,0.0180,5.064945
76200,38100,9.942814e-5,0.811374,2.2510,152.74,0.0160,5.200429
76300,38150,9.9426645e-5,0.824196,2.2800,158.72,0.0155,5.296821
76400,38200,9.9425146e-5,0.811418,2.2511,185.01,0.0151,5.235725
76500,38250,9.942365e-5,0.803828,2.2341,146.62,0.0158,5.114434
76600,38300,9.9422134e-5,0.796269,2.2173,140.84,0.0156,5.096196
76700,38350,9.9420635e-5,0.797011,2.2189,158.52,0.0156,5.128071
76800,38400,9.941912e-5,0.805306,2.2374,143.34,0.0157,5.157013
76900,38450,9.941761e-5,0.823579,2.2786,179.28,0.0155,5.274445
77000,38500,9.9416095e-5,0.837803,2.3113,140.24,0.0158,5.314169
77100,38550,9.941458e-5,0.794176,2.2126,184.43,0.0184,5.129915
77200,38600,9.941307e-5,0.825586,2.2832,142.64,0.0156,5.279171
77300,38650,9.9411554e-5,0.822364,2.2759,157.91,0.0155,5.270043
77400,38700,9.941003e-5,0.790976,2.2055,154.28,0.0153,5.111898
77500,38750,9.940851e-5,0.822942,2.2772,148.49,0.0157,5.237527
77600,38800,9.9406985e-5,0.813440,2.2557,154.12,0.0158,5.178776
77700,38850,9.940546e-5,0.792209,2.2083,166.68,0.0149,5.174986
77800,38900,9.940393e-5,0.828567,2.2900,173.06,0.0154,5.281703
77900,38950,9.94024e-5,0.814983,2.2591,159.76,0.0153,5.197419
78000,39000,9.940087e-5,0.800977,2.2277,146.18,0.0154,5.153224
78100,39050,9.939933e-5,0.802816,2.2318,176.18,0.0185,5.144829
78200,39100,9.93978e-5,0.815011,2.2592,162.74,0.0158,5.180045
78300,39150,9.939626e-5,0.820371,2.2713,166.32,0.0153,5.221341
78400,39200,9.939472e-5,0.789304,2.2019,166.13,0.0157,5.093710
78500,39250,9.9393175e-5,0.829055,2.2912,151.27,0.0158,5.191597
78600,39300,9.939163e-5,0.786725,2.1962,141.64,0.0155,5.050561
78700,39350,9.939009e-5,0.755947,2.1296,152.84,0.0152,4.931485
78800,39400,9.938855e-5,0.807139,2.2415,167.91,0.0152,5.144125
78900,39450,9.938699e-5,0.830602,2.2947,178.42,0.0161,5.278159
79000,39500,9.938545e-5,0.811484,2.2512,161.85,0.0163,5.216694
79100,39550,9.938389e-5,0.811080,2.2503,170.38,0.0186,5.160455
79200,39600,9.9382334e-5,0.815602,2.2605,152.71,0.0158,5.196822
79300,39650,9.938078e-5,0.789791,2.2029,153.83,0.0155,5.081237
79400,39700,9.937922e-5,0.810676,2.2494,155.57,0.0161,5.152652
79500,39750,9.937765e-5,0.820832,2.2724,151.30,0.0155,5.252626
79600,39800,9.937609e-5,0.811501,2.2513,193.67,0.0152,5.184197
79700,39850,9.9374534e-5,0.816349,2.2622,155.62,0.0156,5.182391
79800,39900,9.937296e-5,0.806668,2.2404,156.18,0.0155,5.126875
79900,39950,9.937139e-5,0.803546,2.2334,159.92,0.0154,5.125824
80000,40000,9.936982e-5,0.806135,2.2392,173.67,0.0154,5.115032
80100,40050,9.936825e-5,0.785212,2.1929,159.20,0.0190,5.070304
80200,40100,9.9366676e-5,0.800068,2.2257,166.15,0.0154,5.103674
80300,40150,9.9365105e-5,0.807839,2.2431,138.37,0.0157,5.150210
80400,40200,9.936352e-5,0.796532,2.2178,159.43,0.0153,5.125820
80500,40250,9.936193e-5,0.795333,2.2152,161.35,0.0154,5.116423
80600,40300,9.936036e-5,0.821449,2.2738,152.21,0.0163,5.202940
80700,40350,9.9358775e-5,0.788609,2.2003,168.20,0.0153,5.037435
80800,40400,9.935719e-5,0.803982,2.2344,153.79,0.0158,5.101852
80900,40450,9.93556e-5,0.797009,2.2189,161.75,0.0153,5.122989
81000,40500,9.9354e-5,0.806857,2.2409,145.42,0.0157,5.148360
81100,40550,9.9352415e-5,0.800001,2.2255,198.11,0.0221,5.067222
81200,40600,9.9350815e-5,0.794195,2.2127,166.00,0.0157,5.076770
81300,40650,9.934923e-5,0.803535,2.2334,183.31,0.0158,5.159123
81400,40700,9.934763e-5,0.817741,2.2654,151.26,0.0157,5.251070
81500,40750,9.934603e-5,0.803341,2.2330,157.28,0.0160,5.112394
81600,40800,9.934443e-5,0.769447,2.1586,154.67,0.0151,4.973913
81700,40850,9.9342826e-5,0.776979,2.1749,155.32,0.0156,5.006240
81800,40900,9.9341225e-5,0.774968,2.1705,144.76,0.0156,4.972831
81900,40950,9.933961e-5,0.783370,2.1888,150.58,0.0157,5.037564
82000,41000,9.9337994e-5,0.770846,2.1616,139.73,0.0157,4.998794
82100,41050,9.9336394e-5,0.784398,2.1911,188.09,0.0184,4.985463
82200,41100,9.9334764e-5,0.810472,2.2490,152.87,0.0155,5.190159
82300,41150,9.933316e-5,0.807621,2.2426,142.49,0.0160,5.116406
82400,41200,9.933155e-5,0.808121,2.2437,163.65,0.0153,5.164370
82500,41250,9.932992e-5,0.791460,2.2066,147.50,0.0156,5.073166
82600,41300,9.93283e-5,0.801637,2.2292,157.38,0.0156,5.144132
82700,41350,9.932667e-5,0.802963,2.2321,146.63,0.0163,5.134952
82800,41400,9.932504e-5,0.781570,2.1849,158.50,0.0151,5.068831
82900,41450,9.932343e-5,0.802227,2.2305,172.50,0.0161,5.102488
83000,41500,9.93218e-5,0.802701,2.2316,148.40,0.0156,5.120891
83100,41550,9.932017e-5,0.798199,2.2215,198.35,0.0180,5.104792
83200,41600,9.9318524e-5,0.791081,2.2058,153.06,0.0155,5.046762
83300,41650,9.9316894e-5,0.806665,2.2404,160.72,0.0155,5.119092
83400,41700,9.931525e-5,0.815483,2.2603,136.39,0.0158,5.177407
83500,41750,9.931362e-5,0.777346,2.1757,140.40,0.0160,4.954146
83600,41800,9.9311976e-5,0.779988,2.1814,176.38,0.0156,5.007335
83700,41850,9.931033e-5,0.784808,2.1920,146.95,0.0156,4.987096
83800,41900,9.930869e-5,0.806950,2.2411,155.73,0.0154,5.176654
83900,41950,9.930704e-5,0.784661,2.1917,166.28,0.0157,5.053792
84000,42000,9.93054e-5,0.810854,2.2498,175.32,0.0152,5.147442
84100,42050,9.930374e-5,0.790909,2.2054,165.17,0.0191,5.067899
84200,42100,9.9302095e-5,0.779800,2.1810,181.36,0.0152,5.034451
84300,42150,9.9300436e-5,0.801666,2.2293,144.86,0.0156,5.113026
84400,42200,9.929879e-5,0.788519,2.2001,146.35,0.0156,5.071355
84500,42250,9.929712e-5,0.790627,2.2048,159.32,0.0155,5.039470
84600,42300,9.929546e-5,0.792308,2.2085,133.20,0.0162,5.069744
84700,42350,9.92938e-5,0.781347,2.1844,146.09,0.0155,5.024928
84800,42400,9.929213e-5,0.806596,2.2403,157.19,0.0158,5.117804
84900,42450,9.929047e-5,0.794640,2.2136,162.50,0.0153,5.095426
85000,42500,9.928881e-5,0.793250,2.2106,149.54,0.0158,5.046797
85100,42550,9.9287136e-5,0.794326,2.2129,194.74,0.0180,5.131999
85200,42600,9.928546e-5,0.830753,2.2950,183.74,0.0155,5.234775
85300,42650,9.928379e-5,0.780865,2.1834,167.29,0.0157,4.969516
85400,42700,9.9282115e-5,0.814643,2.2584,189.00,0.0155,5.188819
85500,42750,9.928043e-5,0.796391,2.2175,146.30,0.0155,5.103705
85600,42800,9.927875e-5,0.785405,2.1933,154.84,0.0153,5.064719
85700,42850,9.9277066e-5,0.802245,2.2305,147.77,0.0159,5.074330
85800,42900,9.927539e-5,0.783876,2.1899,154.08,0.0156,5.060438
85900,42950,9.9273704e-5,0.780452,2.1825,152.65,0.0154,5.018060
86000,43000,9.9272016e-5,0.808498,2.2445,170.03,0.0156,5.154967
86100,43050,9.927033e-5,0.757149,2.1322,243.15,0.0174,4.860215
86200,43100,9.926864e-5,0.799312,2.2240,156.94,0.0165,5.108931
86300,43150,9.926694e-5,0.804060,2.2346,156.19,0.0152,5.179421
86400,43200,9.926525e-5,0.861768,2.3673,222.33,0.0150,5.453859
86500,43250,9.926355e-5,0.806762,2.2406,135.80,0.0158,5.190465
86600,43300,9.926186e-5,0.793463,2.2110,156.09,0.0162,5.084591
86700,43350,9.9260156e-5,0.798380,2.2219,146.65,0.0157,5.081931
86800,43400,9.925844e-5,0.756522,2.1309,185.26,0.0155,4.852566
86900,43450,9.925674e-5,0.815119,2.2594,155.83,0.0154,5.179251
87000,43500,9.9255034e-5,0.787291,2.1974,165.27,0.0154,5.050076
87100,43550,9.925333e-5,0.760807,2.1400,173.41,0.0184,4.892869
87200,43600,9.9251614e-5,0.781693,2.1852,177.86,0.0151,5.038318
87300,43650,9.924991e-5,0.812906,2.2545,145.91,0.0158,5.154772
87400,43700,9.9248195e-5,0.784284,2.1908,172.97,0.0154,5.066078
87500,43750,9.924648e-5,0.767929,2.1553,172.91,0.0150,4.998996
87600,43800,9.924476e-5,0.765353,2.1498,161.58,0.0155,4.847797
87700,43850,9.924303e-5,0.774438,2.1694,131.94,0.0159,4.966969
87800,43900,9.924131e-5,0.796521,2.2178,154.05,0.0155,5.078458
87900,43950,9.923958e-5,0.778689,2.1786,149.71,0.0157,4.996029
88000,44000,9.923786e-5,0.792173,2.2082,157.69,0.0151,5.090576
88100,44050,9.923613e-5,0.792482,2.2089,174.51,0.0196,5.063363
88200,44100,9.92344e-5,0.788311,2.1997,163.78,0.0155,5.073198
88300,44150,9.923267e-5,0.813640,2.2561,164.83,0.0154,5.202850
88400,44200,9.9230936e-5,0.795522,2.2156,139.90,0.0162,5.080782
88500,44250,9.9229204e-5,0.789278,2.2018,147.61,0.0154,5.088399
88600,44300,9.922746e-5,0.787617,2.1982,161.72,0.0154,5.071869
88700,44350,9.922573e-5,0.788713,2.2006,141.57,0.0159,5.051691
88800,44400,9.922398e-5,0.775693,2.1721,147.98,0.0155,4.989935
88900,44450,9.9222234e-5,0.800851,2.2274,167.53,0.0156,5.134938
89000,44500,9.922049e-5,0.775162,2.1709,156.08,0.0155,4.973443
89100,44550,9.921874e-5,0.791792,2.2073,187.68,0.0195,5.022687
89200,44600,9.9216995e-5,0.789265,2.2018,171.19,0.0158,5.053686
89300,44650,9.9215235e-5,0.793696,2.2116,156.63,0.0155,5.077391
89400,44700,9.921349e-5,0.789852,2.2031,149.73,0.0159,5.015570
89500,44750,9.921173e-5,0.800941,2.2276,169.60,0.0153,5.112706
89600,44800,9.920997e-5,0.798929,2.2232,153.52,0.0162,5.136749
89700,44850,9.9208206e-5,0.776843,2.1746,169.73,0.0150,4.982987
89800,44900,9.920646e-5,0.772018,2.1641,149.45,0.0156,4.922100
89900,44950,9.92047e-5,0.791672,2.2071,154.23,0.0155,5.136124
90000,45000,9.920292e-5,0.769600,2.1589,148.92,0.0156,4.892621
90100,45050,9.920116e-5,0.777229,2.1754,211.20,0.0176,4.978293
90200,45100,9.919939e-5,0.801854,2.2297,183.33,0.0151,5.150107
90300,45150,9.919763e-5,0.771141,2.1622,157.90,0.0160,4.981711
90400,45200,9.919585e-5,0.799587,2.2246,146.89,0.0159,5.141996
90500,45250,9.9194076e-5,0.781938,2.1857,146.83,0.0156,5.007673
90600,45300,9.91923e-5,0.769044,2.1577,155.98,0.0154,4.959565
90700,45350,9.9190525e-5,0.767164,2.1537,141.10,0.0157,4.883962
90800,45400,9.9188735e-5,0.787130,2.1971,199.58,0.0154,5.019619
90900,45450,9.918696e-5,0.785865,2.1943,160.70,0.0154,5.020616
91000,45500,9.918517e-5,0.775602,2.1719,152.51,0.0157,4.952302
91100,45550,9.918338e-5,0.788607,2.2003,190.66,0.0182,5.034342
91200,45600,9.918159e-5,0.818158,2.2663,143.36,0.0161,5.218629
91300,45650,9.91798e-5,0.763648,2.1461,158.49,0.0151,4.925950
91400,45700,9.917801e-5,0.796397,2.2175,143.49,0.0157,5.077058
91500,45750,9.917622e-5,0.777663,2.1764,170.60,0.0152,5.026616
91600,45800,9.917442e-5,0.775683,2.1721,163.68,0.0150,4.988149
91700,45850,9.917263e-5,0.811029,2.2502,153.59,0.0159,5.217204
91800,45900,9.917082e-5,0.806975,2.2411,159.72,0.0156,5.141816
91900,45950,9.916902e-5,0.765161,2.1493,184.86,0.0150,4.861540
92000,46000,9.916721e-5,0.775950,2.1727,154.17,0.0154,5.019006
92100,46050,9.916541e-5,0.775892,2.1725,162.51,0.0193,4.994152
92200,46100,9.9163604e-5,0.788600,2.2003,167.91,0.0157,5.011797
92300,46150,9.91618e-5,0.792174,2.2082,151.21,0.0156,5.070784
92400,46200,9.915998e-5,0.764786,2.1485,162.08,0.0154,4.894512
92500,46250,9.915818e-5,0.789327,2.2019,147.31,0.0158,5.009496
92600,46300,9.915636e-5,0.802452,2.2310,166.93,0.0154,5.086238
92700,46350,9.915454e-5,0.794184,2.2126,173.62,0.0155,5.039278
92800,46400,9.915272e-5,0.781197,2.1841,157.60,0.0155,4.987931
92900,46450,9.91509e-5,0.781189,2.1841,150.75,0.0158,4.986627
93000,46500,9.914908e-5,0.775937,2.1726,155.43,0.0157,4.984434
93100,46550,9.914725e-5,0.764906,2.1488,194.29,0.0176,4.917891
93200,46600,9.914543e-5,0.788258,2.1996,135.68,0.0159,5.037747
93300,46650,9.9143595e-5,0.784297,2.1909,161.00,0.0154,5.007805
93400,46700,9.914176e-5,0.774379,2.1692,200.35,0.0158,4.946333
93500,46750,9.913993e-5,0.789713,2.2028,170.60,0.0156,5.031469
93600,46800,9.9138095e-5,0.812001,2.2524,143.61,0.0157,5.153741
93700,46850,9.913626e-5,0.789950,2.2033,185.49,0.0155,5.051845
93800,46900,9.913441e-5,0.803909,2.2343,163.10,0.0155,5.125286
93900,46950,9.913258e-5,0.788739,2.2006,198.17,0.0156,5.045080
94000,47000,9.913073e-5,0.780067,2.1816,151.52,0.0155,5.033318
94100,47050,9.91289e-5,0.788709,2.2006,198.57,0.0180,5.001867
94200,47100,9.912705e-5,0.791907,2.2076,148.40,0.0160,5.102396
94300,47150,9.912519e-5,0.796735,2.2183,143.36,0.0159,5.075344
94400,47200,9.9123354e-5,0.816987,2.2637,157.05,0.0159,5.149034
94500,47250,9.912149e-5,0.782097,2.1861,152.96,0.0155,4.974029
94600,47300,9.911964e-5,0.770242,2.1603,177.23,0.0154,4.981191
94700,47350,9.911778e-5,0.797976,2.2210,140.68,0.0155,5.117034
94800,47400,9.911592e-5,0.784555,2.1914,176.79,0.0156,4.997835
94900,47450,9.911407e-5,0.785306,2.1931,151.76,0.0154,4.996803
95000,47500,9.911221e-5,0.780090,2.1817,142.72,0.0156,4.988623
95100,47550,9.9110344e-5,0.793064,2.2102,154.29,0.0203,5.068635
95200,47600,9.910848e-5,0.791072,2.2058,140.10,0.0158,5.040448
95300,47650,9.9106604e-5,0.792638,2.2092,164.00,0.0159,5.017974
95400,47700,9.910473e-5,0.783695,2.1895,149.84,0.0156,5.008842
95500,47750,9.9102865e-5,0.804831,2.2363,176.77,0.0155,5.147933
95600,47800,9.910099e-5,0.787669,2.1983,131.31,0.0161,5.029569
95700,47850,9.909911e-5,0.758102,2.1342,155.70,0.0155,4.852375
95800,47900,9.909723e-5,0.770952,2.1618,148.72,0.0157,4.911353
95900,47950,9.9095356e-5,0.748666,2.1142,160.84,0.0151,4.805992
96000,48000,9.909348e-5,0.760712,2.1398,161.35,0.0152,4.909153
96100,48050,9.90916e-5,0.781815,2.1854,188.30,0.0181,4.986316
96200,48100,9.908971e-5,0.784887,2.1922,147.21,0.0154,4.999949
96300,48150,9.908782e-5,0.792840,2.2097,153.12,0.0156,5.069286
96400,48200,9.908594e-5,0.774770,2.1701,165.05,0.0158,4.953120
96500,48250,9.908405e-5,0.760255,2.1388,197.68,0.0153,4.829026
96600,48300,9.908214e-5,0.766235,2.1517,176.21,0.0152,4.917344
96700,48350,9.908025e-5,0.795581,2.2157,143.16,0.0158,5.079017
96800,48400,9.907836e-5,0.777098,2.1752,151.65,0.0157,4.977337
96900,48450,9.907647e-5,0.752906,2.1232,177.69,0.0159,4.838254
97000,48500,9.907456e-5,0.800544,2.2268,157.01,0.0156,5.050363
97100,48550,9.9072655e-5,0.777541,2.1761,192.43,0.0178,4.946685
97200,48600,9.907075e-5,0.789794,2.2029,163.47,0.0156,5.014883
97300,48650,9.906884e-5,0.782203,2.1863,169.55,0.0148,5.021866
97400,48700,9.9066936e-5,0.782614,2.1872,159.60,0.0155,4.978828
97500,48750,9.906503e-5,0.799755,2.2250,140.40,0.0160,5.133279
97600,48800,9.906312e-5,0.784159,2.1906,158.88,0.0155,5.042942
97700,48850,9.90612e-5,0.786765,2.1963,121.66,0.0160,5.052670
97800,48900,9.905928e-5,0.792803,2.2096,156.07,0.0154,5.043148
97900,48950,9.905736e-5,0.785133,2.1927,162.70,0.0154,5.010582
98000,49000,9.905544e-5,0.788954,2.2011,121.67,0.0164,4.990215
98100,49050,9.905352e-5,0.762985,2.1447,182.60,0.0183,4.886459
98200,49100,9.90516e-5,0.809689,2.2472,159.94,0.0155,5.198267
98300,49150,9.904968e-5,0.779222,2.1798,161.46,0.0153,5.012348
98400,49200,9.904774e-5,0.779604,2.1806,154.79,0.0155,4.982120
98500,49250,9.904582e-5,0.796297,2.2173,187.94,0.0151,5.039147
98600,49300,9.9043886e-5,0.767420,2.1542,135.99,0.0161,4.918171
98700,49350,9.904195e-5,0.760076,2.1384,194.51,0.0149,4.907429
98800,49400,9.9040015e-5,0.796072,2.2168,165.83,0.0157,5.062457
98900,49450,9.903808e-5,0.765426,2.1499,150.47,0.0155,4.929204
99000,49500,9.9036144e-5,0.780967,2.1836,156.22,0.0156,4.974950
99100,49550,9.903421e-5,0.748393,2.1136,176.83,0.0180,4.858754
99200,49600,9.903226e-5,0.781759,2.1853,130.55,0.0158,4.993176
99300,49650,9.903031e-5,0.768014,2.1555,157.21,0.0155,4.960854
99400,49700,9.902836e-5,0.767172,2.1537,142.96,0.0157,4.940562
99500,49750,9.902641e-5,0.784271,2.1908,153.88,0.0154,5.039024
99600,49800,9.902446e-5,0.754182,2.1259,151.38,0.0154,4.852685
99700,49850,9.902251e-5,0.794089,2.2124,149.08,0.0158,4.983863
99800,49900,9.902056e-5,0.796844,2.2185,159.64,0.0158,5.120946
99900,49950,9.901861e-5,0.781133,2.1839,162.20,0.0154,4.969006
100000,50000,9.9016645e-5,0.759946,2.1382,144.28,0.0159,4.857055
100100,50050,9.901468e-5,0.791368,2.2064,160.35,0.0194,5.055144
100200,50100,9.901273e-5,0.761232,2.1409,138.19,0.0155,4.902212
100300,50150,9.9010766e-5,0.770879,2.1617,159.45,0.0156,4.899888
100400,50200,9.900879e-5,0.793710,2.2116,154.97,0.0160,5.025513
100500,50250,9.900682e-5,0.768883,2.1574,156.28,0.0160,4.963457
100600,50300,9.900484e-5,0.777564,2.1762,171.23,0.0158,4.997995
100700,50350,9.900288e-5,0.769329,2.1583,163.24,0.0152,4.964152
100800,50400,9.90009e-5,0.767428,2.1542,144.42,0.0157,4.913448
100900,50450,9.899892e-5,0.791221,2.2061,157.69,0.0161,5.050907
101000,50500,9.8996956e-5,0.776810,2.1745,143.28,0.0156,4.952775
101100,50550,9.899498e-5,0.767591,2.1546,183.09,0.0185,4.968461
101200,50600,9.8993e-5,0.776415,2.1737,155.64,0.0159,4.960789
101300,50650,9.8991004e-5,0.792456,2.2088,136.04,0.0159,5.088971
101400,50700,9.8989025e-5,0.761891,2.1423,200.94,0.0156,4.887742
101500,50750,9.898703e-5,0.758400,2.1349,134.57,0.0158,4.834683
101600,50800,9.898504e-5,0.760055,2.1384,149.42,0.0157,4.901942
101700,50850,9.898306e-5,0.760401,2.1391,177.00,0.0152,4.898801
101800,50900,9.8981065e-5,0.776814,2.1745,156.11,0.0153,4.960171
101900,50950,9.897907e-5,0.751374,2.1199,139.53,0.0156,4.813016
102000,51000,9.897706e-5,0.755417,2.1285,141.19,0.0156,4.845170
102100,51050,9.897507e-5,0.763608,2.1460,173.30,0.0185,4.870342
102200,51100,9.8973076e-5,0.769338,2.1583,164.41,0.0155,4.903308
102300,51150,9.897107e-5,0.769377,2.1584,160.64,0.0163,4.903156
102400,51200,9.896906e-5,0.754229,2.1260,160.12,0.0155,4.853823
102500,51250,9.896705e-5,0.769758,2.1592,162.22,0.0154,4.956922
102600,51300,9.896504e-5,0.814541,2.2581,175.24,0.0154,5.218361
102700,51350,9.8963035e-5,0.766208,2.1516,155.77,0.0153,4.882074
102800,51400,9.896103e-5,0.766688,2.1526,168.83,0.0151,4.956459
102900,51450,9.8959004e-5,0.768521,2.1566,139.39,0.0158,4.892296
103000,51500,9.895698e-5,0.770656,2.1612,159.82,0.0154,4.968261
103100,51550,9.895497e-5,0.778551,2.1783,173.17,0.0182,4.985370
103200,51600,9.895295e-5,0.788190,2.1994,149.29,0.0155,5.018342
103300,51650,9.895093e-5,0.762801,2.1443,160.23,0.0152,4.900038
103400,51700,9.8948905e-5,0.769075,2.1578,147.00,0.0156,4.915233
103500,51750,9.894688e-5,0.780453,2.1825,139.47,0.0158,4.988902
103600,51800,9.8944845e-5,0.764994,2.1490,154.56,0.0155,4.909239
103700,51850,9.894282e-5,0.785841,2.1943,137.95,0.0158,5.061145
103800,51900,9.8940785e-5,0.748073,2.1129,138.76,0.0154,4.844123
103900,51950,9.893875e-5,0.756813,2.1315,143.85,0.0156,4.890245
104000,52000,9.8936725e-5,0.771885,2.1638,165.47,0.0155,4.878598
104100,52050,9.893469e-5,0.764918,2.1488,212.96,0.0176,4.871677
104200,52100,9.8932636e-5,0.775377,2.1714,169.49,0.0153,4.966664
104300,52150,9.89306e-5,0.799204,2.2238,183.93,0.0153,5.075402
104400,52200,9.892856e-5,0.756785,2.1314,163.65,0.0154,4.823366
104500,52250,9.892651e-5,0.735648,2.0868,163.09,0.0152,4.754424
104600,52300,9.892447e-5,0.758248,2.1345,191.18,0.0150,4.871397
104700,52350,9.892242e-5,0.783111,2.1883,135.20,0.0160,4.961774
104800,52400,9.892037e-5,0.780483,2.1825,179.46,0.0159,4.931933
104900,52450,9.89183e-5,0.783208,2.1885,155.32,0.0154,5.008806
105000,52500,9.891625e-5,0.767699,2.1548,138.09,0.0156,4.925043
105100,52550,9.89142e-5,0.782978,2.1880,182.36,0.0184,4.932076
105200,52600,9.891215e-5,0.769835,2.1594,141.35,0.0157,4.922354
105300,52650,9.891008e-5,0.721228,2.0570,180.60,0.0148,4.674317
105400,52700,9.8908014e-5,0.784961,2.1923,156.75,0.0155,5.020452
105500,52750,9.890595e-5,0.768184,2.1558,159.69,0.0157,4.871784
105600,52800,9.890388e-5,0.774667,2.1699,166.65,0.0154,4.939412
105700,52850,9.8901815e-5,0.785826,2.1942,153.10,0.0157,5.087885
105800,52900,9.889975e-5,0.767660,2.1547,157.42,0.0155,4.870863
105900,52950,9.889768e-5,0.763030,2.1448,145.43,0.0161,4.826199
106000,53000,9.88956e-5,0.771333,2.1626,157.18,0.0153,4.973871
106100,53050,9.889352e-5,0.773394,2.1671,190.22,0.0186,4.935063
106200,53100,9.889144e-5,0.767001,2.1533,171.29,0.0154,4.906712
106300,53150,9.888936e-5,0.760666,2.1397,144.44,0.0158,4.867096
106400,53200,9.888728e-5,0.763745,2.1463,157.90,0.0157,4.817401
106500,53250,9.88852e-5,0.785967,2.1945,170.68,0.0152,4.988974
106600,53300,9.8883116e-5,0.767565,2.1545,159.12,0.0161,4.911701
106700,53350,9.888102e-5,0.770929,2.1618,186.32,0.0152,4.901479
106800,53400,9.887894e-5,0.753310,2.1240,161.43,0.0153,4.789486
106900,53450,9.8876844e-5,0.762256,2.1431,164.37,0.0161,4.849009
107000,53500,9.887475e-5,0.762011,2.1426,144.68,0.0154,4.909948
107100,53550,9.887265e-5,0.748079,2.1129,169.99,0.0184,4.850612
107200,53600,9.887056e-5,0.798665,2.2226,147.69,0.0154,5.124722
107300,53650,9.886846e-5,0.778360,2.1779,174.43,0.0157,4.988649
107400,53700,9.886637e-5,0.815123,2.2595,172.22,0.0158,5.199735
107500,53750,9.886426e-5,0.759558,2.1373,167.40,0.0152,4.845265
107600,53800,9.886215e-5,0.754655,2.1269,174.90,0.0153,4.903373
107700,53850,9.886004e-5,0.762092,2.1428,169.49,0.0160,4.856071
107800,53900,9.885793e-5,0.762246,2.1431,140.67,0.0162,4.889591
107900,53950,9.885583e-5,0.771902,2.1639,156.41,0.0157,4.961521
108000,54000,9.885371e-5,0.757389,2.1327,143.66,0.0157,4.861109
108100,54050,9.88516e-5,0.755478,2.1286,174.11,0.0184,4.843787
108200,54100,9.884947e-5,0.755265,2.1282,136.67,0.0158,4.872150
108300,54150,9.884736e-5,0.741416,2.0989,161.85,0.0152,4.783834
108400,54200,9.884524e-5,0.762579,2.1438,133.94,0.0162,4.839056
108500,54250,9.884313e-5,0.743616,2.1035,142.31,0.0157,4.735582
108600,54300,9.8841e-5,0.745847,2.1082,148.23,0.0155,4.793753
108700,54350,9.8838864e-5,0.767808,2.1550,165.81,0.0152,4.930761
108800,54400,9.883674e-5,0.767032,2.1534,145.46,0.0156,4.943867
108900,54450,9.8834615e-5,0.763089,2.1449,145.03,0.0158,4.860760
109000,54500,9.8832475e-5,0.766456,2.1521,141.84,0.0158,4.889133
109100,54550,9.8830336e-5,0.797088,2.2191,176.52,0.0185,5.082321
109200,54600,9.882821e-5,0.793756,2.2117,174.16,0.0163,5.089649
109300,54650,9.882607e-5,0.761263,2.1410,143.30,0.0156,4.861022
109400,54700,9.882393e-5,0.791047,2.2057,149.19,0.0157,5.045811
109500,54750,9.8821794e-5,0.745350,2.1072,148.66,0.0152,4.811304
109600,54800,9.881964e-5,0.773749,2.1679,146.72,0.0162,4.874663
109700,54850,9.88175e-5,0.765770,2.1507,159.85,0.0155,4.865453
109800,54900,9.881536e-5,0.764919,2.1488,143.52,0.0154,4.885649
109900,54950,9.881321e-5,0.773974,2.1684,124.44,0.0161,4.948985
110000,55000,9.8811055e-5,0.776378,2.1736,167.83,0.0158,4.926311
110100,55050,9.88089e-5,0.766223,2.1516,180.68,0.0187,4.878504
110200,55100,9.880673e-5,0.757480,2.1329,141.31,0.0157,4.838977
110300,55150,9.880458e-5,0.757205,2.1323,142.87,0.0156,4.852293
110400,55200,9.8802426e-5,0.753243,2.1239,130.75,0.0160,4.821672
110500,55250,9.880027e-5,0.767977,2.1554,168.86,0.0152,4.954703
110600,55300,9.8798104e-5,0.762867,2.1444,168.26,0.0153,4.897463
110700,55350,9.8795936e-5,0.757894,2.1338,159.04,0.0155,4.833926
110800,55400,9.879377e-5,0.766794,2.1529,142.10,0.0157,4.888328
110900,55450,9.87916e-5,0.767120,2.1536,142.75,0.0154,4.919561
111000,55500,9.878943e-5,0.755562,2.1288,167.75,0.0154,4.833865
111100,55550,9.878726e-5,0.758637,2.1354,177.62,0.0180,4.827089
111200,55600,9.8785094e-5,0.747885,2.1125,182.17,0.0152,4.810036
111300,55650,9.878291e-5,0.779383,2.1801,142.47,0.0158,4.954744
111400,55700,9.878073e-5,0.752806,2.1229,164.96,0.0151,4.884096
111500,55750,9.877856e-5,0.758554,2.1352,170.79,0.0157,4.832521
111600,55800,9.877638e-5,0.757031,2.1319,156.21,0.0156,4.860505
111700,55850,9.8774195e-5,0.783767,2.1897,169.18,0.0158,4.960886
111800,55900,9.8772e-5,0.794887,2.2142,168.16,0.0155,5.039714
111900,55950,9.8769815e-5,0.751725,2.1207,161.57,0.0152,4.839515
112000,56000,9.876762e-5,0.768080,2.1556,163.53,0.0152,4.943558
112100,56050,9.8765435e-5,0.749619,2.1162,192.86,0.0181,4.863993
112200,56100,9.876324e-5,0.764973,2.1489,151.63,0.0155,4.916896
112300,56150,9.876104e-5,0.750815,2.1187,146.21,0.0155,4.814785
112400,56200,9.875884e-5,0.755762,2.1292,169.90,0.0153,4.823697
112500,56250,9.8756645e-5,0.768793,2.1572,159.29,0.0154,4.902442
112600,56300,9.875445e-5,0.742368,2.1009,156.69,0.0155,4.742948
112700,56350,9.8752236e-5,0.784025,2.1903,187.18,0.0158,5.000217
112800,56400,9.875004e-5,0.757530,2.1330,153.75,0.0154,4.829415
112900,56450,9.874783e-5,0.763797,2.1464,149.67,0.0157,4.884859
113000,56500,9.874563e-5,0.761751,2.1420,141.81,0.0156,4.854361
113100,56550,9.874342e-5,0.757300,2.1325,175.25,0.0191,4.864104
113200,56600,9.874119e-5,0.759137,2.1364,140.87,0.0158,4.814740
113300,56650,9.8738994e-5,0.768170,2.1558,168.02,0.0154,4.910476
113400,56700,9.873677e-5,0.762668,2.1440,148.79,0.0156,4.878300
113500,56750,9.8734556e-5,0.758425,2.1349,154.37,0.0154,4.882952
113600,56800,9.873233e-5,0.749731,2.1164,137.70,0.0163,4.795653
113700,56850,9.87301e-5,0.768570,2.1567,179.42,0.0152,4.909353
113800,56900,9.8727876e-5,0.794221,2.2127,160.01,0.0161,5.067487
113900,56950,9.872565e-5,0.758778,2.1357,152.70,0.0155,4.860661
114000,57000,9.872342e-5,0.774489,2.1695,161.21,0.0156,4.979921
114100,57050,9.87212e-5,0.760988,2.1404,173.32,0.0189,4.846256
114200,57100,9.871897e-5,0.779395,2.1802,169.35,0.0153,4.939414
114300,57150,9.871673e-5,0.749974,2.1169,163.60,0.0153,4.813280
114400,57200,9.87145e-5,0.786455,2.1956,186.33,0.0157,4.997507
114500,57250,9.871226e-5,0.794520,2.2134,148.99,0.0157,5.035134
114600,57300,9.871002e-5,0.775434,2.1715,196.51,0.0154,4.929944
114700,57350,9.870778e-5,0.764606,2.1481,152.47,0.0155,4.902693
114800,57400,9.870554e-5,0.749766,2.1165,163.19,0.0153,4.851594
114900,57450,9.87033e-5,0.781453,2.1846,146.64,0.0171,5.021884
115000,57500,9.870104e-5,0.766147,2.1515,173.82,0.0151,4.897645
115100,57550,9.86988e-5,0.754781,2.1271,182.50,0.0182,4.821812
115200,57600,9.8696546e-5,0.764219,2.1473,161.13,0.0155,4.915476
115300,57650,9.869429e-5,0.742498,2.1012,137.75,0.0158,4.744421
115400,57700,9.8692035e-5,0.758349,2.1347,172.81,0.0155,4.847002
115500,57750,9.868978e-5,0.750238,2.1175,146.95,0.0157,4.778869
115600,57800,9.8687524e-5,0.741719,2.0995,138.81,0.0156,4.759657
115700,57850,9.8685254e-5,0.761615,2.1417,148.18,0.0154,4.911661
115800,57900,9.8683e-5,0.755566,2.1288,160.96,0.0156,4.833575
115900,57950,9.868073e-5,0.773286,2.1669,191.60,0.0153,4.958128
116000,58000,9.867847e-5,0.777822,2.1767,138.76,0.0158,4.976511
116100,58050,9.86762e-5,0.774272,2.1690,168.93,0.0191,4.939894
116200,58100,9.867393e-5,0.739781,2.0955,170.05,0.0155,4.775209
116300,58150,9.867165e-5,0.757355,2.1326,146.32,0.0157,4.886486
116400,58200,9.866938e-5,0.756542,2.1309,177.96,0.0153,4.806576
116500,58250,9.866711e-5,0.739394,2.0947,163.56,0.0154,4.774350
116600,58300,9.866482e-5,0.758668,2.1354,150.87,0.0154,4.910573
116700,58350,9.866255e-5,0.760012,2.1383,149.57,0.0154,4.879577
116800,58400,9.866027e-5,0.759123,2.1364,154.17,0.0153,4.855524
116900,58450,9.865798e-5,0.750515,2.1181,149.89,0.0156,4.778100
117000,58500,9.86557e-5,0.769684,2.1591,137.35,0.0155,4.918856
117100,58550,9.8653414e-5,0.736601,2.0888,183.15,0.0180,4.770588
117200,58600,9.8651115e-5,0.744024,2.1044,169.91,0.0154,4.708417
117300,58650,9.864883e-5,0.751440,2.1200,159.91,0.0155,4.810902
117400,58700,9.864653e-5,0.777366,2.1757,135.46,0.0164,4.853520
117500,58750,9.864425e-5,0.772325,2.1648,168.60,0.0153,4.949860
117600,58800,9.864195e-5,0.759540,2.1373,143.49,0.0163,4.876384
117700,58850,9.863965e-5,0.800390,2.2264,211.44,0.0159,5.004242
117800,58900,9.863735e-5,0.771634,2.1633,167.50,0.0151,4.929935
117900,58950,9.863505e-5,0.782123,2.1861,152.53,0.0157,5.032869
118000,59000,9.8632736e-5,0.735839,2.0872,121.03,0.0160,4.787320
118100,59050,9.863044e-5,0.760984,2.1404,211.43,0.0210,4.840561
118200,59100,9.862812e-5,0.742314,2.1008,160.46,0.0154,4.750550
118300,59150,9.862581e-5,0.746140,2.1088,161.69,0.0157,4.813376
118400,59200,9.8623495e-5,0.757991,2.1340,177.01,0.0153,4.861753
118500,59250,9.862118e-5,0.738882,2.0936,136.72,0.0158,4.710769
118600,59300,9.861887e-5,0.769476,2.1586,142.50,0.0157,4.927643
118700,59350,9.8616554e-5,0.757809,2.1336,166.08,0.0153,4.863190
118800,59400,9.8614226e-5,0.751991,2.1212,169.60,0.0153,4.858257
118900,59450,9.861191e-5,0.754086,2.1257,171.05,0.0156,4.873855
119000,59500,9.8609584e-5,0.758137,2.1343,131.70,0.0158,4.839297
119100,59550,9.8607255e-5,0.707942,2.0298,227.19,0.0207,4.588433
119200,59600,9.860493e-5,0.767189,2.1537,158.00,0.0154,4.898537
119300,59650,9.86026e-5,0.768893,2.1574,165.64,0.0155,4.899704
119400,59700,9.860027e-5,0.783109,2.1883,169.64,0.0158,4.960634
119500,59750,9.859794e-5,0.760899,2.1402,160.49,0.0154,4.874134
119600,59800,9.8595614e-5,0.742422,2.1010,153.52,0.0154,4.754259
119700,59850,9.859327e-5,0.753811,2.1251,154.25,0.0156,4.820640
119800,59900,9.859093e-5,0.770637,2.1611,153.42,0.0157,4.901369
119900,59950,9.8588585e-5,0.746996,2.1107,148.21,0.0156,4.778869
120000,60000,9.858624e-5,0.756887,2.1316,155.79,0.0155,4.845255
120100,60050,9.85839e-5,0.733136,2.0816,157.19,0.0192,4.701839
120200,60100,9.858156e-5,0.735093,2.0857,163.50,0.0155,4.679288
120300,60150,9.85792e-5,0.752365,2.1220,145.20,0.0156,4.781533
120400,60200,9.857686e-5,0.768802,2.1572,156.10,0.0156,4.876069
120500,60250,9.85745e-5,0.738491,2.0928,153.49,0.0156,4.743629
120600,60300,9.857214e-5,0.784427,2.1912,144.73,0.0157,4.985515
120700,60350,9.8569784e-5,0.808887,2.2454,164.09,0.0155,5.164483
120800,60400,9.856743e-5,0.747398,2.1115,154.32,0.0153,4.801359
120900,60450,9.856507e-5,0.757714,2.1334,135.51,0.0158,4.888357
121000,60500,9.856271e-5,0.750087,2.1172,179.31,0.0153,4.802338
121100,60550,9.856034e-5,0.745313,2.1071,185.99,0.0181,4.816323
121200,60600,9.855798e-5,0.765876,2.1509,175.02,0.0152,4.921303
121300,60650,9.855561e-5,0.785242,2.1929,146.14,0.0160,4.964435
121400,60700,9.855324e-5,0.777983,2.1771,189.19,0.0154,5.004323
121500,60750,9.855087e-5,0.745730,2.1080,169.55,0.0152,4.784075
121600,60800,9.8548495e-5,0.757521,2.1330,170.54,0.0152,4.873638
121700,60850,9.854612e-5,0.761689,2.1419,153.96,0.0156,4.932312
121800,60900,9.854375e-5,0.762993,2.1447,151.72,0.0157,4.853425
121900,60950,9.8541364e-5,0.755214,2.1281,143.85,0.0157,4.886364
122000,61000,9.853898e-5,0.774358,2.1692,158.31,0.0154,4.935627
122100,61050,9.853659e-5,0.752517,2.1223,199.73,0.0186,4.836827
122200,61100,9.853422e-5,0.736576,2.0888,156.53,0.0155,4.745711
122300,61150,9.853183e-5,0.768734,2.1570,137.91,0.0159,4.908783
122400,61200,9.852945e-5,0.740347,2.0967,186.62,0.0158,4.749036
122500,61250,9.8527045e-5,0.727558,2.0700,137.23,0.0156,4.675965
122600,61300,9.852466e-5,0.748856,2.1146,152.83,0.0157,4.794138
122700,61350,9.852226e-5,0.753803,2.1251,155.88,0.0155,4.845800
122800,61400,9.851987e-5,0.746335,2.1093,155.66,0.0153,4.787539
122900,61450,9.851747e-5,0.758866,2.1359,175.36,0.0157,4.879245
123000,61500,9.851507e-5,0.756868,2.1316,120.37,0.0161,4.842717
123100,61550,9.851267e-5,0.748172,2.1131,235.39,0.0171,4.739016
123200,61600,9.851025e-5,0.757151,2.1322,150.46,0.0157,4.849536
123300,61650,9.850785e-5,0.748221,2.1132,145.01,0.0156,4.784001
123400,61700,9.850545e-5,0.763500,2.1458,186.74,0.0155,4.856209
123500,61750,9.8503035e-5,0.755144,2.1279,157.21,0.0156,4.836325
123600,61800,9.850062e-5,0.749809,2.1166,147.66,0.0154,4.779469
123700,61850,9.849822e-5,0.733808,2.0830,166.11,0.0153,4.718367
123800,61900,9.84958e-5,0.762718,2.1441,134.06,0.0158,4.838517
123900,61950,9.849339e-5,0.781884,2.1856,143.83,0.0161,4.943964
124000,62000,9.849096e-5,0.764550,2.1480,141.76,0.0158,4.852951
124100,62050,9.848854e-5,0.761382,2.1412,178.33,0.0188,4.829206
124200,62100,9.8486125e-5,0.745738,2.1080,163.76,0.0152,4.789271
124300,62150,9.8483695e-5,0.755540,2.1288,171.87,0.0152,4.858130
124400,62200,9.8481265e-5,0.762650,2.1439,188.77,0.0159,4.862270
124500,62250,9.8478835e-5,0.774353,2.1692,149.70,0.0155,4.956001
124600,62300,9.8476405e-5,0.759720,2.1377,123.45,0.0161,4.845487
124700,62350,9.8473975e-5,0.762077,2.1427,158.65,0.0159,4.871610
124800,62400,9.8471544e-5,0.758192,2.1344,157.15,0.0157,4.795276
124900,62450,9.84691e-5,0.755088,2.1278,170.60,0.0151,4.896037
125000,62500,9.846667e-5,0.752495,2.1223,156.14,0.0153,4.831326
125100,62550,9.8464225e-5,0.777958,2.1770,192.83,0.0184,4.960167
125200,62600,9.846178e-5,0.736290,2.0882,163.93,0.0157,4.710293
125300,62650,9.8459335e-5,0.780301,2.1821,149.27,0.0155,4.932699
125400,62700,9.845689e-5,0.734638,2.0847,145.39,0.0153,4.742891
125500,62750,9.8454446e-5,0.734863,2.0852,151.13,0.0155,4.739736
125600,62800,9.845199e-5,0.767268,2.1539,143.94,0.0160,4.924657
125700,62850,9.844954e-5,0.732261,2.0798,144.70,0.0155,4.693738
125800,62900,9.844708e-5,0.745965,2.1085,162.32,0.0157,4.790885
125900,62950,9.844464e-5,0.748914,2.1147,166.59,0.0153,4.824122
126000,63000,9.844218e-5,0.753296,2.1240,146.36,0.0161,4.805981
126100,63050,9.843972e-5,0.763191,2.1451,199.09,0.0177,4.899117
126200,63100,9.843726e-5,0.765307,2.1497,167.92,0.0153,4.859548
126300,63150,9.8434786e-5,0.751020,2.1192,164.85,0.0152,4.789040
126400,63200,9.843233e-5,0.740906,2.0978,146.50,0.0160,4.761888
126500,63250,9.842985e-5,0.741502,2.0991,153.60,0.0154,4.744210
126600,63300,9.8427394e-5,0.742354,2.1009,150.14,0.0154,4.762043
126700,63350,9.842492e-5,0.753946,2.1254,140.43,0.0161,4.780774
126800,63400,9.8422446e-5,0.779615,2.1806,138.17,0.0156,4.982057
126900,63450,9.841997e-5,0.752137,2.1215,153.02,0.0156,4.825711
127000,63500,9.84175e-5,0.773213,2.1667,160.62,0.0152,4.914431
127100,63550,9.8415025e-5,0.761989,2.1425,238.51,0.0208,4.855026
127200,63600,9.8412536e-5,0.764041,2.1469,162.73,0.0156,4.919871
127300,63650,9.841005e-5,0.755896,2.1295,180.46,0.0151,4.864341
127400,63700,9.8407574e-5,0.756057,2.1299,150.76,0.0160,4.828859
127500,63750,9.8405086e-5,0.724537,2.0638,127.88,0.0160,4.648207
127600,63800,9.84026e-5,0.736689,2.0890,171.87,0.0153,4.716013
127700,63850,9.840011e-5,0.751623,2.1204,160.87,0.0153,4.841447
127800,63900,9.839762e-5,0.764361,2.1476,151.81,0.0154,4.928713
127900,63950,9.839512e-5,0.742305,2.1008,180.17,0.0157,4.715391
128000,64000,9.839263e-5,0.737241,2.0902,182.69,0.0150,4.745768
128100,64050,9.839013e-5,0.763414,2.1456,167.24,0.0188,4.872918
128200,64100,9.838762e-5,0.765022,2.1490,148.61,0.0165,4.872869
128300,64150,9.8385135e-5,0.759925,2.1381,165.23,0.0156,4.835106
128400,64200,9.838262e-5,0.756184,2.1301,177.27,0.0152,4.849933
128500,64250,9.8380115e-5,0.747127,2.1109,156.08,0.0153,4.799050
128600,64300,9.837761e-5,0.737747,2.0912,149.33,0.0159,4.716505
128700,64350,9.837511e-5,0.717854,2.0500,204.36,0.0150,4.648253
128800,64400,9.837259e-5,0.774848,2.1703,157.65,0.0155,4.911020
128900,64450,9.837009e-5,0.767810,2.1550,139.14,0.0161,4.885809
129000,64500,9.836757e-5,0.760840,2.1401,163.58,0.0153,4.863951
129100,64550,9.836505e-5,0.765126,2.1493,187.68,0.0182,4.847750
129200,64600,9.8362536e-5,0.766464,2.1521,170.82,0.0161,4.892289
129300,64650,9.836002e-5,0.756687,2.1312,154.95,0.0155,4.832122
129400,64700,9.835749e-5,0.754570,2.1267,157.75,0.0156,4.828911
129500,64750,9.835497e-5,0.759373,2.1369,201.46,0.0152,4.848523
129600,64800,9.835244e-5,0.740737,2.0975,153.44,0.0155,4.789825
129700,64850,9.8349905e-5,0.743018,2.1023,140.93,0.0155,4.797426
129800,64900,9.834739e-5,0.745561,2.1076,167.56,0.0151,4.767327
129900,64950,9.8344855e-5,0.756914,2.1317,168.95,0.0153,4.847854
130000,65000,9.834231e-5,0.753273,2.1239,142.67,0.0155,4.796952
130100,65050,9.833978e-5,0.745290,2.1071,166.28,0.0188,4.789329
130200,65100,9.8337245e-5,0.754005,2.1255,176.24,0.0158,4.858415
130300,65150,9.83347e-5,0.746002,2.1086,148.89,0.0153,4.783366
130400,65200,9.8332166e-5,0.768372,2.1563,152.80,0.0158,4.925094
130500,65250,9.832962e-5,0.727626,2.0702,143.52,0.0155,4.673673
130600,65300,9.832707e-5,0.754076,2.1256,149.92,0.0156,4.856375
130700,65350,9.8324526e-5,0.715228,2.0447,166.83,0.0148,4.617983
130800,65400,9.832198e-5,0.749840,2.1167,153.99,0.0156,4.767478
130900,65450,9.831942e-5,0.733374,2.0821,151.77,0.0152,4.778206
131000,65500,9.831687e-5,0.774413,2.1693,183.96,0.0154,4.975414
131100,65550,9.8314325e-5,0.737106,2.0899,223.77,0.0216,4.692964
131200,65600,9.8311764e-5,0.760217,2.1387,147.30,0.0159,4.853148
131300,65650,9.83092e-5,0.746874,2.1104,147.28,0.0151,4.814533
131400,65700,9.830664e-5,0.739443,2.0948,155.65,0.0155,4.756805
131500,65750,9.830408e-5,0.749104,2.1151,162.35,0.0151,4.852884
131600,65800,9.830152e-5,0.738983,2.0938,132.78,0.0156,4.784811
131700,65850,9.829896e-5,0.745970,2.1085,175.83,0.0153,4.744480
131800,65900,9.82964e-5,0.783445,2.1890,172.63,0.0157,4.982388
131900,65950,9.829382e-5,0.766803,2.1529,165.58,0.0156,4.853520
132000,66000,9.8291246e-5,0.739612,2.0951,130.60,0.0159,4.741586
132100,66050,9.828867e-5,0.736509,2.0886,206.89,0.0181,4.711896
132200,66100,9.8286095e-5,0.719635,2.0537,144.27,0.0154,4.593280
132300,66150,9.828352e-5,0.759172,2.1365,145.40,0.0156,4.837208
132400,66200,9.828094e-5,0.737747,2.0912,136.34,0.0158,4.723394
132500,66250,9.827837e-5,0.746172,2.1089,189.10,0.0150,4.794871
132600,66300,9.827578e-5,0.739552,2.0950,158.82,0.0154,4.758905
132700,66350,9.82732e-5,0.740754,2.0975,181.67,0.0151,4.749506
132800,66400,9.82706e-5,0.724561,2.0638,137.39,0.0160,4.672575
132900,66450,9.826801e-5,0.780711,2.1830,157.90,0.0158,4.929011
133000,66500,9.826543e-5,0.742368,2.1009,137.78,0.0157,4.790995
133100,66550,9.8262826e-5,0.705452,2.0248,172.74,0.0186,4.508746
133200,66600,9.8260236e-5,0.761378,2.1412,147.68,0.0158,4.841852
133300,66650,9.8257646e-5,0.756347,2.1305,152.64,0.0155,4.837317
133400,66700,9.825504e-5,0.751577,2.1203,182.91,0.0153,4.799178
133500,66750,9.825245e-5,0.733886,2.0832,154.86,0.0156,4.670942
133600,66800,9.8249846e-5,0.731593,2.0784,157.08,0.0156,4.690996
133700,66850,9.824724e-5,0.745793,2.1081,158.05,0.0160,4.716043
133800,66900,9.8244636e-5,0.756008,2.1298,201.37,0.0150,4.806201
133900,66950,9.824203e-5,0.747313,2.1113,164.07,0.0155,4.746931
134000,67000,9.823941e-5,0.762474,2.1436,161.95,0.0155,4.891532
134100,67050,9.823681e-5,0.789252,2.2017,170.31,0.0191,4.976649
134200,67100,9.823419e-5,0.724936,2.0646,133.54,0.0159,4.651251
134300,67150,9.823158e-5,0.745155,2.1068,142.09,0.0156,4.746684
134400,67200,9.8228964e-5,0.762746,2.1442,132.48,0.0160,4.851943
134500,67250,9.8226345e-5,0.733725,2.0828,166.61,0.0152,4.738383
134600,67300,9.8223725e-5,0.739711,2.0953,158.18,0.0155,4.715687
134700,67350,9.822109e-5,0.748158,2.1131,173.31,0.0154,4.735750
134800,67400,9.821847e-5,0.748027,2.1128,171.58,0.0157,4.781293
134900,67450,9.821584e-5,0.746856,2.1104,140.15,0.0157,4.792851
135000,67500,9.821322e-5,0.741819,2.0998,134.18,0.0157,4.774319
135100,67550,9.8210585e-5,0.735048,2.0856,201.44,0.0175,4.729715
135200,67600,9.820795e-5,0.717415,2.0491,155.32,0.0155,4.655752
135300,67650,9.820532e-5,0.776083,2.1729,170.25,0.0154,4.888604
135400,67700,9.820268e-5,0.749973,2.1169,184.78,0.0157,4.828237
135500,67750,9.820005e-5,0.750204,2.1174,153.55,0.0157,4.806047
135600,67800,9.81974e-5,0.753120,2.1236,166.60,0.0153,4.821694
135700,67850,9.819477e-5,0.765544,2.1502,125.13,0.0161,4.849010
135800,67900,9.819212e-5,0.732284,2.0798,165.96,0.0149,4.783486
135900,67950,9.8189485e-5,0.734678,2.0848,154.37,0.0154,4.722330
136000,68000,9.818682e-5,0.729110,2.0732,191.93,0.0148,4.734667
136100,68050,9.818417e-5,0.733887,2.0832,163.29,0.0191,4.674594
136200,68100,9.8181525e-5,0.749752,2.1165,129.32,0.0162,4.781579
136300,68150,9.8178876e-5,0.738905,2.0936,145.58,0.0155,4.727214
136400,68200,9.817621e-5,0.747206,2.1111,176.22,0.0160,4.733793
136500,68250,9.8173565e-5,0.750551,2.1182,126.38,0.0158,4.815937
136600,68300,9.81709e-5,0.743498,2.1033,146.53,0.0156,4.738322
136700,68350,9.816824e-5,0.756224,2.1302,166.55,0.0155,4.782193
136800,68400,9.8165576e-5,0.697980,2.0097,207.30,0.0148,4.530883
136900,68450,9.816291e-5,0.774089,2.1686,141.26,0.0158,4.953716
137000,68500,9.816025e-5,0.752312,2.1219,139.41,0.0157,4.818924
137100,68550,9.815759e-5,0.737042,2.0897,210.56,0.0173,4.764405
137200,68600,9.815491e-5,0.718226,2.0508,151.38,0.0154,4.618695
137300,68650,9.815223e-5,0.734559,2.0846,175.78,0.0151,4.678187
137400,68700,9.814957e-5,0.749629,2.1162,170.73,0.0154,4.760725
137500,68750,9.814689e-5,0.754195,2.1259,177.90,0.0150,4.801928
137600,68800,9.814421e-5,0.758231,2.1345,153.64,0.0159,4.857306
137700,68850,9.8141536e-5,0.733921,2.0832,146.81,0.0156,4.676210
137800,68900,9.8138844e-5,0.734124,2.0837,148.91,0.0156,4.741863
137900,68950,9.8136166e-5,0.753880,2.1252,175.07,0.0153,4.863211
138000,69000,9.813349e-5,0.749457,2.1159,161.34,0.0153,4.802233
138100,69050,9.81308e-5,0.744405,2.1052,174.49,0.0186,4.784772
138200,69100,9.8128105e-5,0.730961,2.0771,171.50,0.0151,4.705637
138300,69150,9.812541e-5,0.762642,2.1439,170.73,0.0153,4.873658
138400,69200,9.812272e-5,0.746442,2.1095,172.71,0.0151,4.798830
138500,69250,9.812003e-5,0.767291,2.1539,183.00,0.0154,4.892869
138600,69300,9.811732e-5,0.737649,2.0910,153.89,0.0155,4.723428
138700,69350,9.811463e-5,0.759947,2.1382,178.61,0.0159,4.827414
138800,69400,9.811192e-5,0.719550,2.0535,163.15,0.0153,4.590912
138900,69450,9.810923e-5,0.720274,2.0550,181.80,0.0153,4.636229
139000,69500,9.8106524e-5,0.763247,2.1452,151.66,0.0156,4.807159
139100,69550,9.810382e-5,0.773073,2.1664,174.10,0.0184,4.896143
139200,69600,9.810111e-5,0.748122,2.1130,158.06,0.0160,4.813560
139300,69650,9.8098404e-5,0.713262,2.0406,155.14,0.0152,4.617818
139400,69700,9.809568e-5,0.733874,2.0831,145.44,0.0156,4.720848
139500,69750,9.8092976e-5,0.722174,2.0589,156.27,0.0154,4.637989
139600,69800,9.8090255e-5,0.748423,2.1137,137.12,0.0163,4.807958
139700,69850,9.808755e-5,0.758395,2.1348,165.59,0.0158,4.859056
139800,69900,9.808483e-5,0.744210,2.1048,142.10,0.0164,4.736946
139900,69950,9.8082106e-5,0.737574,2.0909,125.84,0.0163,4.763016
140000,70000,9.8079385e-5,0.743396,2.1031,173.34,0.0156,4.720429
140100,70050,9.807665e-5,0.740601,2.0972,195.57,0.0182,4.771983
140200,70100,9.807393e-5,0.737458,2.0906,149.85,0.0155,4.741092
140300,70150,9.807119e-5,0.748997,2.1149,157.46,0.0155,4.824552
140400,70200,9.806847e-5,0.732535,2.0803,168.05,0.0153,4.674982
140500,70250,9.8065735e-5,0.743137,2.1025,153.01,0.0155,4.726813
140600,70300,9.8063e-5,0.719249,2.0529,141.06,0.0154,4.637483
140700,70350,9.806026e-5,0.727165,2.0692,155.79,0.0155,4.629457
140800,70400,9.805753e-5,0.747719,2.1122,159.70,0.0154,4.818767
140900,70450,9.805479e-5,0.723939,2.0625,185.64,0.0152,4.681569
141000,70500,9.805204e-5,0.760930,2.1403,149.87,0.0161,4.815303
141100,70550,9.8049306e-5,0.732843,2.0810,175.72,0.0188,4.698759
141200,70600,9.8046556e-5,0.734736,2.0849,148.64,0.0162,4.713975
141300,70650,9.8043805e-5,0.752311,2.1219,165.63,0.0159,4.802629
141400,70700,9.8041055e-5,0.724486,2.0637,181.99,0.0154,4.636061
141500,70750,9.8038305e-5,0.733819,2.0830,147.46,0.0164,4.761575
141600,70800,9.8035554e-5,0.756304,2.1304,144.72,0.0169,4.827162
141700,70850,9.803279e-5,0.738096,2.0919,169.74,0.0163,4.735434
141800,70900,9.803004e-5,0.726776,2.0684,189.51,0.0158,4.677930
141900,70950,9.8027274e-5,0.736634,2.0889,153.25,0.0164,4.743914
142000,71000,9.8024524e-5,0.735595,2.0867,186.41,0.0159,4.733598
142100,71050,9.802176e-5,0.760933,2.1403,183.77,0.0194,4.875912
142200,71100,9.8018994e-5,0.729575,2.0742,169.79,0.0163,4.670240
142300,71150,9.801623e-5,0.753623,2.1247,172.89,0.0163,4.768720
142400,71200,9.8013465e-5,0.762272,2.1431,162.06,0.0163,4.882475
142500,71250,9.8010685e-5,0.734335,2.0841,175.46,0.0162,4.665426
142600,71300,9.800792e-5,0.747609,2.1119,139.73,0.0168,4.782619
142700,71350,9.800514e-5,0.752209,2.1217,176.33,0.0163,4.748052
142800,71400,9.800236e-5,0.725081,2.0649,153.74,0.0165,4.666349
142900,71450,9.799958e-5,0.729523,2.0741,142.54,0.0166,4.700936
143000,71500,9.79968e-5,0.731940,2.0791,171.97,0.0161,4.648188
143100,71550,9.799402e-5,0.733677,2.0827,200.57,0.0187,4.744026
143200,71600,9.7991244e-5,0.719338,2.0531,173.97,0.0158,4.612469
143300,71650,9.798845e-5,0.756238,2.1302,169.22,0.0164,4.791595
143400,71700,9.798567e-5,0.716692,2.0476,178.12,0.0160,4.626044
143500,71750,9.798288e-5,0.753039,2.1234,202.78,0.0163,4.722013
143600,71800,9.798008e-5,0.754528,2.1266,177.54,0.0171,4.790291
143700,71850,9.797729e-5,0.724234,2.0632,178.87,0.0159,4.651363
143800,71900,9.797451e-5,0.736892,2.0894,193.64,0.0160,4.687177
143900,71950,9.79717e-5,0.745709,2.1079,171.58,0.0161,4.759491
144000,72000,9.796891e-5,0.734950,2.0854,156.80,0.0162,4.705816
144100,72050,9.79661e-5,0.721808,2.0582,239.17,0.0174,4.661201
144200,72100,9.7963304e-5,0.726862,2.0686,171.52,0.0157,4.691599
144300,72150,9.7960496e-5,0.736468,2.0885,167.41,0.0161,4.694068
144400,72200,9.795769e-5,0.724607,2.0639,178.42,0.0159,4.643643
144500,72250,9.795488e-5,0.748629,2.1141,164.28,0.0163,4.730218
144600,72300,9.795207e-5,0.743302,2.1029,164.04,0.0158,4.757590
144700,72350,9.794926e-5,0.721394,2.0573,158.65,0.0163,4.607522
144800,72400,9.794645e-5,0.727517,2.0699,183.49,0.0161,4.677665
144900,72450,9.794363e-5,0.731138,2.0774,145.36,0.0160,4.667932
145000,72500,9.794082e-5,0.745681,2.1079,178.41,0.0162,4.776809
145100,72550,9.7938e-5,0.707082,2.0281,229.13,0.0216,4.540755
145200,72600,9.7935175e-5,0.751688,2.1206,187.39,0.0160,4.787568
145300,72650,9.793235e-5,0.743805,2.1039,175.13,0.0161,4.733394
145400,72700,9.792953e-5,0.735217,2.0859,162.20,0.0160,4.716852
145500,72750,9.792669e-5,0.754082,2.1257,171.01,0.0151,4.796124
145600,72800,9.792387e-5,0.732261,2.0798,160.55,0.0155,4.655830
145700,72850,9.7921045e-5,0.733028,2.0814,144.77,0.0164,4.668668
145800,72900,9.791821e-5,0.743789,2.1039,156.03,0.0163,4.754084
145900,72950,9.7915385e-5,0.742052,2.1002,140.55,0.0164,4.757027
146000,73000,9.791253e-5,0.713189,2.0405,215.01,0.0156,4.632441
146100,73050,9.7909695e-5,0.742580,2.1013,178.63,0.0201,4.701099
146200,73100,9.790686e-5,0.721040,2.0566,130.67,0.0169,4.616900
146300,73150,9.790402e-5,0.751555,2.1203,190.07,0.0161,4.813971
146400,73200,9.790117e-5,0.736071,2.0877,159.86,0.0164,4.711134
146500,73250,9.789833e-5,0.741090,2.0982,177.09,0.0160,4.756385
146600,73300,9.789548e-5,0.720712,2.0559,163.43,0.0163,4.682438
146700,73350,9.7892625e-5,0.722230,2.0590,179.76,0.0162,4.632210
146800,73400,9.788977e-5,0.733745,2.0829,152.69,0.0165,4.718718
146900,73450,9.788692e-5,0.757100,2.1321,145.13,0.0169,4.791736
147000,73500,9.788407e-5,0.746622,2.1099,159.93,0.0164,4.737593
147100,73550,9.788122e-5,0.746965,2.1106,186.07,0.0190,4.775435
147200,73600,9.787835e-5,0.736681,2.0890,163.87,0.0162,4.678438
147300,73650,9.78755e-5,0.728137,2.0712,157.07,0.0163,4.632289
147400,73700,9.787263e-5,0.731779,2.0788,157.95,0.0164,4.708333
147500,73750,9.7869764e-5,0.723268,2.0612,167.34,0.0162,4.611976
147600,73800,9.78669e-5,0.710728,2.0355,166.21,0.0162,4.592984
147700,73850,9.786403e-5,0.707582,2.0291,168.07,0.0159,4.597995
147800,73900,9.7861164e-5,0.748490,2.1138,208.36,0.0158,4.803043
147900,73950,9.785828e-5,0.729025,2.0731,164.24,0.0165,4.638050
148000,74000,9.7855416e-5,0.720408,2.0553,169.96,0.0163,4.583806
148100,74050,9.7852535e-5,0.733736,2.0828,198.11,0.0192,4.633648
148200,74100,9.784967e-5,0.758424,2.1349,189.41,0.0168,4.733507
148300,74150,9.784679e-5,0.734731,2.0849,156.29,0.0164,4.691271
148400,74200,9.7843906e-5,0.741436,2.0989,181.61,0.0161,4.735313
148500,74250,9.784101e-5,0.709685,2.0334,169.53,0.0159,4.567919
148600,74300,9.783813e-5,0.757210,2.1323,150.92,0.0166,4.801196
148700,74350,9.783525e-5,0.751667,2.1205,164.36,0.0163,4.828550
148800,74400,9.783235e-5,0.713115,2.0403,168.10,0.0163,4.544669
148900,74450,9.782947e-5,0.728924,2.0728,168.47,0.0161,4.673652
149000,74500,9.7826574e-5,0.775806,2.1723,187.38,0.0158,4.927152
149100,74550,9.782368e-5,0.730812,2.0768,186.34,0.0193,4.676718
149200,74600,9.782078e-5,0.742959,2.1021,162.10,0.0163,4.730120
149300,74650,9.781789e-5,0.773239,2.1668,163.10,0.0166,4.877360
149400,74700,9.781499e-5,0.743811,2.1039,162.37,0.0161,4.787138
149500,74750,9.781208e-5,0.735249,2.0860,159.58,0.0162,4.752481
149600,74800,9.7809185e-5,0.747554,2.1118,143.71,0.0165,4.812128
149700,74850,9.7806274e-5,0.723232,2.0611,164.48,0.0161,4.659914
149800,74900,9.7803364e-5,0.743694,2.1037,153.44,0.0165,4.776132
149900,74950,9.7800454e-5,0.721963,2.0585,149.57,0.0167,4.598759
150000,75000,9.779754e-5,0.717245,2.0488,195.76,0.0156,4.655758
150100,75050,9.779463e-5,0.736919,2.0895,184.54,0.0191,4.730063
150200,75100,9.779172e-5,0.729603,2.0743,164.58,0.0164,4.616339
150300,75150,9.77888e-5,0.737400,2.0905,136.75,0.0169,4.687027
150400,75200,9.778589e-5,0.735941,2.0874,166.51,0.0162,4.689242
150500,75250,9.778296e-5,0.755817,2.1294,173.32,0.0160,4.832497
150600,75300,9.778004e-5,0.738225,2.0922,166.56,0.0161,4.743443
150700,75350,9.777711e-5,0.736205,2.0880,153.95,0.0166,4.697065
150800,75400,9.777419e-5,0.752347,2.1220,153.25,0.0176,4.742959
150900,75450,9.777126e-5,0.719098,2.0526,163.79,0.0161,4.642497
151000,75500,9.776832e-5,0.739454,2.0948,162.24,0.0164,4.738820
151100,75550,9.77654e-5,0.748321,2.1134,216.86,0.0184,4.740317
151200,75600,9.776246e-5,0.732384,2.0800,204.40,0.0156,4.709861
151300,75650,9.775952e-5,0.747861,2.1125,157.30,0.0163,4.774250
151400,75700,9.775658e-5,0.742875,2.1020,140.04,0.0167,4.764434
151500,75750,9.775364e-5,0.732556,2.0804,174.25,0.0161,4.676303
151600,75800,9.77507e-5,0.736598,2.0888,163.43,0.0164,4.695368
151700,75850,9.774776e-5,0.772320,2.1648,155.05,0.0167,4.884162
151800,75900,9.774482e-5,0.709440,2.0329,154.08,0.0160,4.598577
151900,75950,9.774187e-5,0.716796,2.0479,162.36,0.0162,4.630466
152000,76000,9.773891e-5,0.756550,2.1309,139.91,0.0166,4.755675
152100,76050,9.7735974e-5,0.744029,2.1044,189.08,0.0187,4.766531
152200,76100,9.773302e-5,0.694424,2.0026,183.86,0.0155,4.525563
152300,76150,9.7730066e-5,0.714644,2.0435,142.30,0.0163,4.616845
152400,76200,9.772711e-5,0.734633,2.0847,149.33,0.0161,4.741961
152500,76250,9.772414e-5,0.753631,2.1247,134.15,0.0168,4.826196
152600,76300,9.772119e-5,0.738574,2.0929,155.38,0.0163,4.726943
152700,76350,9.771822e-5,0.752666,2.1227,160.42,0.0162,4.792537
152800,76400,9.771527e-5,0.732320,2.0799,194.32,0.0155,4.688444
152900,76450,9.77123e-5,0.698536,2.0108,163.41,0.0157,4.534425
153000,76500,9.770933e-5,0.725022,2.0648,181.78,0.0159,4.619843
153100,76550,9.770636e-5,0.734083,2.0836,182.43,0.0190,4.705852
153200,76600,9.770339e-5,0.711730,2.0375,154.64,0.0159,4.555914
153300,76650,9.770041e-5,0.724752,2.0642,169.89,0.0156,4.681650
153400,76700,9.769744e-5,0.719321,2.0530,170.11,0.0160,4.598769
153500,76750,9.769446e-5,0.702577,2.0189,153.51,0.0159,4.620854
153600,76800,9.769149e-5,0.732995,2.0813,138.53,0.0164,4.701181
153700,76850,9.7688506e-5,0.731858,2.0789,169.90,0.0160,4.675888
153800,76900,9.768552e-5,0.726843,2.0685,175.83,0.0160,4.629761
153900,76950,9.768254e-5,0.738523,2.0928,171.38,0.0155,4.723394
154000,77000,9.767954e-5,0.732940,2.0812,152.38,0.0159,4.701762
154100,77050,9.767656e-5,0.761789,2.1421,186.25,0.0191,4.820041
154200,77100,9.7673576e-5,0.733538,2.0824,165.82,0.0164,4.661945
154300,77150,9.767058e-5,0.754576,2.1267,160.81,0.0160,4.876733
154400,77200,9.766758e-5,0.716536,2.0473,134.80,0.0163,4.600995
154500,77250,9.766458e-5,0.725696,2.0662,153.61,0.0162,4.627565
154600,77300,9.7661585e-5,0.729756,2.0746,198.16,0.0157,4.687199
154700,77350,9.765859e-5,0.728598,2.0722,166.43,0.0162,4.696951
154800,77400,9.765559e-5,0.714812,2.0438,160.22,0.0161,4.607229
154900,77450,9.765259e-5,0.723666,2.0620,146.76,0.0157,4.653185
155000,77500,9.764958e-5,0.737578,2.0909,142.00,0.0155,4.739166
155100,77550,9.764657e-5,0.737126,2.0899,175.46,0.0187,4.680567
155200,77600,9.764357e-5,0.740891,2.0978,161.31,0.0157,4.636916
155300,77650,9.764056e-5,0.729939,2.0750,171.31,0.0152,4.669271
155400,77700,9.7637545e-5,0.731480,2.0782,141.01,0.0156,4.707839
155500,77750,9.763453e-5,0.738660,2.0931,159.92,0.0151,4.737121
155600,77800,9.7631506e-5,0.751602,2.1204,159.75,0.0157,4.807114
155700,77850,9.7628494e-5,0.737784,2.0913,189.06,0.0158,4.739501
155800,77900,9.762547e-5,0.730600,2.0763,188.19,0.0160,4.652781
155900,77950,9.7622455e-5,0.725182,2.0651,146.60,0.0161,4.663476
156000,78000,9.761943e-5,0.733858,2.0831,165.21,0.0161,4.695723
156100,78050,9.76164e-5,0.706709,2.0273,277.86,0.0228,4.572166
156200,78100,9.7613374e-5,0.721093,2.0567,145.70,0.0164,4.643990
156300,78150,9.761035e-5,0.737591,2.0909,156.68,0.0163,4.753544
156400,78200,9.7607306e-5,0.746343,2.1093,144.01,0.0164,4.789072
156500,78250,9.760428e-5,0.722663,2.0599,176.44,0.0160,4.645499
156600,78300,9.760124e-5,0.749822,2.1166,154.72,0.0161,4.768522
156700,78350,9.759821e-5,0.718858,2.0521,155.65,0.0162,4.597526
156800,78400,9.759517e-5,0.746229,2.1090,160.33,0.0165,4.706225
156900,78450,9.759213e-5,0.725589,2.0659,153.00,0.0163,4.621449
157000,78500,9.758909e-5,0.744094,2.1045,131.84,0.0167,4.768826
157100,78550,9.7586046e-5,0.712673,2.0394,200.56,0.0184,4.596979
157200,78600,9.758299e-5,0.728942,2.0729,180.56,0.0160,4.639816
157300,78650,9.7579934e-5,0.743496,2.1033,143.70,0.0160,4.754999
157400,78700,9.757689e-5,0.733396,2.0821,218.24,0.0153,4.686922
157500,78750,9.757384e-5,0.731619,2.0784,150.19,0.0159,4.687819
157600,78800,9.7570795e-5,0.751584,2.1204,146.75,0.0161,4.783003
157700,78850,9.7567725e-5,0.720948,2.0564,171.74,0.0156,4.606300
157800,78900,9.756467e-5,0.741660,2.0994,163.99,0.0159,4.741878
157900,78950,9.756161e-5,0.737700,2.0911,142.48,0.0164,4.666631
158000,79000,9.755856e-5,0.744366,2.1051,180.91,0.0162,4.748560
158100,79050,9.755549e-5,0.722411,2.0594,193.88,0.0182,4.623566
158200,79100,9.755243e-5,0.739449,2.0948,159.89,0.0158,4.724827
158300,79150,9.754936e-5,0.738755,2.0933,166.03,0.0158,4.757720
158400,79200,9.754629e-5,0.725721,2.0662,171.92,0.0157,4.605232
158500,79250,9.754322e-5,0.713998,2.0421,155.71,0.0159,4.589092
158600,79300,9.754015e-5,0.726204,2.0672,159.49,0.0159,4.604054
158700,79350,9.753708e-5,0.722360,2.0593,191.41,0.0156,4.626020
158800,79400,9.753399e-5,0.721490,2.0575,154.53,0.0163,4.625399
158900,79450,9.753092e-5,0.726813,2.0685,159.05,0.0159,4.696008
159000,79500,9.752784e-5,0.726498,2.0678,149.68,0.0162,4.619733
159100,79550,9.752475e-5,0.736081,2.0877,201.96,0.0184,4.714802
159200,79600,9.752167e-5,0.716776,2.0478,175.41,0.0159,4.605270
159300,79650,9.751858e-5,0.712287,2.0386,160.97,0.0158,4.620264
159400,79700,9.75155e-5,0.738376,2.0925,179.12,0.0157,4.792923
159500,79750,9.751241e-5,0.713694,2.0415,145.19,0.0164,4.547557
159600,79800,9.750933e-5,0.714036,2.0422,152.67,0.0158,4.596344
159700,79850,9.750623e-5,0.723125,2.0609,155.33,0.0163,4.600393
159800,79900,9.750313e-5,0.732120,2.0795,173.27,0.0159,4.692626
159900,79950,9.750003e-5,0.716899,2.0481,157.52,0.0161,4.593764
160000,80000,9.749693e-5,0.729865,2.0748,132.26,0.0169,4.628536
160100,80050,9.749383e-5,0.726324,2.0675,206.26,0.0183,4.680713
160200,80100,9.749073e-5,0.738509,2.0928,154.87,0.0163,4.707903
160300,80150,9.748763e-5,0.746522,2.1096,156.91,0.0161,4.763517
160400,80200,9.748452e-5,0.736702,2.0890,146.33,0.0163,4.741644
160500,80250,9.748142e-5,0.746937,2.1105,183.36,0.0159,4.746345
160600,80300,9.74783e-5,0.738952,2.0937,168.89,0.0159,4.736150
160700,80350,9.747519e-5,0.721407,2.0573,182.12,0.0157,4.613057
160800,80400,9.747209e-5,0.714965,2.0441,147.17,0.0161,4.592227
160900,80450,9.746896e-5,0.709201,2.0324,142.70,0.0160,4.599710
161000,80500,9.746585e-5,0.721026,2.0565,132.99,0.0165,4.646571
161100,80550,9.746273e-5,0.743105,2.1025,184.62,0.0188,4.731495
161200,80600,9.7459604e-5,0.728849,2.0727,140.86,0.0166,4.656579
161300,80650,9.745649e-5,0.727028,2.0689,189.93,0.0155,4.660808
161400,80700,9.745336e-5,0.751136,2.1194,153.12,0.0163,4.809356
161500,80750,9.745023e-5,0.731170,2.0775,151.01,0.0163,4.671799
161600,80800,9.7447104e-5,0.735493,2.0865,153.13,0.0162,4.730072
161700,80850,9.7443975e-5,0.714724,2.0436,165.11,0.0160,4.585745
161800,80900,9.744085e-5,0.750973,2.1191,166.07,0.0159,4.815260
161900,80950,9.74377e-5,0.749850,2.1167,175.17,0.0157,4.824882
162000,81000,9.7434575e-5,0.723720,2.0621,190.37,0.0158,4.617369
162100,81050,9.743143e-5,0.731810,2.0788,173.47,0.0190,4.681014
162200,81100,9.74283e-5,0.742895,2.1020,158.51,0.0163,4.755215
162300,81150,9.742516e-5,0.707463,2.0288,165.45,0.0159,4.528206
162400,81200,9.742202e-5,0.731167,2.0775,166.92,0.0162,4.687216
162500,81250,9.741887e-5,0.742228,2.1006,187.92,0.0156,4.745100
162600,81300,9.741573e-5,0.726282,2.0674,172.84,0.0158,4.641781
162700,81350,9.741257e-5,0.726719,2.0683,168.99,0.0159,4.606927
162800,81400,9.7409415e-5,0.714556,2.0433,167.69,0.0158,4.596144
162900,81450,9.740627e-5,0.735725,2.0870,161.05,0.0160,4.711521
163000,81500,9.740311e-5,0.751892,2.1210,146.40,0.0165,4.766633
163100,81550,9.7399956e-5,0.731607,2.0784,186.16,0.0185,4.687464
163200,81600,9.73968e-5,0.718624,2.0516,154.17,0.0157,4.618293
163300,81650,9.739364e-5,0.726895,2.0686,131.82,0.0164,4.679905
163400,81700,9.739048e-5,0.719050,2.0525,172.55,0.0156,4.641143
163500,81750,9.738731e-5,0.732238,2.0797,147.62,0.0163,4.662755
163600,81800,9.738415e-5,0.744593,2.1056,151.69,0.0162,4.791875
163700,81850,9.738098e-5,0.732062,2.0794,181.18,0.0161,4.643309
163800,81900,9.737781e-5,0.723394,2.0614,168.09,0.0162,4.588659
163900,81950,9.737465e-5,0.728404,2.0718,135.68,0.0167,4.592002
164000,82000,9.737146e-5,0.713396,2.0409,158.71,0.0162,4.579979
164100,82050,9.736829e-5,0.721347,2.0572,193.24,0.0188,4.581691
164200,82100,9.736512e-5,0.742535,2.1013,177.70,0.0159,4.698256
164300,82150,9.7361946e-5,0.726040,2.0669,157.20,0.0161,4.654428
164400,82200,9.735876e-5,0.701245,2.0163,152.77,0.0160,4.514317
164500,82250,9.735557e-5,0.716197,2.0466,147.47,0.0160,4.580313
164600,82300,9.7352386e-5,0.721592,2.0577,170.07,0.0162,4.560747
164700,82350,9.734921e-5,0.754717,2.1270,170.13,0.0159,4.817294
164800,82400,9.734603e-5,0.714282,2.0427,159.64,0.0161,4.557196
164900,82450,9.7342825e-5,0.720672,2.0558,137.29,0.0164,4.617334
165000,82500,9.733964e-5,0.752466,2.1222,170.82,0.0157,4.827103
165100,82550,9.733644e-5,0.717277,2.0488,204.25,0.0196,4.563565
165200,82600,9.733325e-5,0.717631,2.0496,164.36,0.0161,4.563378
165300,82650,9.733005e-5,0.732097,2.0794,151.05,0.0164,4.660081
165400,82700,9.732685e-5,0.737251,2.0902,175.19,0.0157,4.703832
165500,82750,9.7323646e-5,0.713005,2.0401,195.09,0.0155,4.555821
165600,82800,9.7320444e-5,0.754996,2.1276,174.20,0.0160,4.780783
165700,82850,9.731724e-5,0.755047,2.1277,146.92,0.0164,4.775174
165800,82900,9.731404e-5,0.733832,2.0830,164.46,0.0162,4.656250
165900,82950,9.7310825e-5,0.732760,2.0808,154.85,0.0161,4.746909
166000,83000,9.7307624e-5,0.733866,2.0831,164.65,0.0160,4.690906
166100,83050,9.730441e-5,0.743257,2.1028,159.78,0.0203,4.718909
166200,83100,9.730119e-5,0.735755,2.0871,165.83,0.0162,4.697559
166300,83150,9.7297976e-5,0.734040,2.0835,149.93,0.0164,4.649216
166400,83200,9.729476e-5,0.735303,2.0861,151.08,0.0161,4.709867
166500,83250,9.7291544e-5,0.735319,2.0861,162.33,0.0163,4.658677
166600,83300,9.728831e-5,0.723474,2.0616,178.45,0.0155,4.672484
166700,83350,9.72851e-5,0.720109,2.0547,145.42,0.0161,4.618683
166800,83400,9.728187e-5,0.731711,2.0786,173.91,0.0158,4.692652
166900,83450,9.727864e-5,0.722800,2.0602,153.29,0.0162,4.635157
167000,83500,9.7275406e-5,0.739754,2.0954,135.01,0.0165,4.734155
167100,83550,9.727219e-5,0.702647,2.0191,179.77,0.0187,4.543027
167200,83600,9.7268945e-5,0.743494,2.1033,159.64,0.0160,4.697748
167300,83650,9.7265714e-5,0.716147,2.0465,181.15,0.0157,4.592978
167400,83700,9.7262484e-5,0.708921,2.0318,159.71,0.0158,4.569450
167500,83750,9.725924e-5,0.739324,2.0945,173.01,0.0160,4.696290
167600,83800,9.725601e-5,0.751247,2.1196,148.12,0.0164,4.768564
167700,83850,9.725276e-5,0.729504,2.0741,164.66,0.0159,4.645831
167800,83900,9.724952e-5,0.715994,2.0462,156.94,0.0161,4.613841
167900,83950,9.724627e-5,0.741738,2.0996,151.19,0.0162,4.770144
168000,84000,9.724303e-5,0.733427,2.0822,172.08,0.0157,4.740543
168100,84050,9.723977e-5,0.745238,2.1069,231.89,0.0234,4.752222
168200,84100,9.723652e-5,0.702867,2.0195,178.45,0.0160,4.490747
168300,84150,9.7233264e-5,0.732470,2.0802,144.47,0.0161,4.717175
168400,84200,9.723002e-5,0.709448,2.0329,163.65,0.0163,4.526878
168500,84250,9.722676e-5,0.737548,2.0908,157.22,0.0166,4.680032
168600,84300,9.72235e-5,0.724134,2.0629,163.41,0.0162,4.642149
168700,84350,9.722024e-5,0.747454,2.1116,156.38,0.0167,4.756009
168800,84400,9.721698e-5,0.717804,2.0499,165.99,0.0157,4.594918
168900,84450,9.721372e-5,0.708674,2.0313,194.23,0.0154,4.557520
169000,84500,9.7210446e-5,0.735522,2.0866,132.21,0.0169,4.695447
169100,84550,9.720719e-5,0.738912,2.0937,237.60,0.0238,4.704227
169200,84600,9.720391e-5,0.724604,2.0639,195.40,0.0159,4.642122
169300,84650,9.720064e-5,0.717901,2.0501,149.33,0.0165,4.600657
169400,84700,9.719738e-5,0.718573,2.0515,164.67,0.0160,4.630995
169500,84750,9.719409e-5,0.711924,2.0379,160.49,0.0162,4.605578
169600,84800,9.7190816e-5,0.703714,2.0212,168.50,0.0161,4.511685
169700,84850,9.718754e-5,0.733239,2.0818,169.32,0.0159,4.667099
169800,84900,9.718427e-5,0.711999,2.0381,171.61,0.0156,4.582698
169900,84950,9.718098e-5,0.733335,2.0820,148.58,0.0163,4.663304
170000,85000,9.717769e-5,0.729249,2.0735,146.38,0.0157,4.670584
170100,85050,9.71744e-5,0.726506,2.0678,571.62,0.0613,4.665056
170200,85100,9.717111e-5,0.716692,2.0476,173.88,0.0156,4.604573
170300,85150,9.7167824e-5,0.719397,2.0532,169.85,0.0156,4.562168
170400,85200,9.7164535e-5,0.705939,2.0257,146.65,0.0156,4.548176
170500,85250,9.7161246e-5,0.719602,2.0536,161.75,0.0154,4.612330
170600,85300,9.715794e-5,0.709641,2.0333,150.96,0.0152,4.580934
170700,85350,9.7154654e-5,0.696674,2.0071,159.75,0.0154,4.429081
170800,85400,9.715135e-5,0.705690,2.0252,189.16,0.0146,4.584929
170900,85450,9.714805e-5,0.741967,2.1001,180.31,0.0153,4.734223
171000,85500,9.7144744e-5,0.722274,2.0591,170.17,0.0156,4.625286
171100,85550,9.714144e-5,0.731349,2.0779,193.23,0.0187,4.684893
171200,85600,9.713814e-5,0.708501,2.0309,164.97,0.0157,4.542331
171300,85650,9.713482e-5,0.717067,2.0484,174.03,0.0156,4.565647
171400,85700,9.713152e-5,0.698389,2.0105,170.33,0.0165,4.458899
171500,85750,9.71282e-5,0.741937,2.1000,187.78,0.0176,4.708971
171600,85800,9.712488e-5,0.696555,2.0068,168.64,0.0169,4.488154
171700,85850,9.712158e-5,0.711644,2.0373,166.37,0.0171,4.507915
171800,85900,9.711826e-5,0.732384,2.0800,172.95,0.0174,4.639833
171900,85950,9.711494e-5,0.702541,2.0189,187.05,0.0168,4.481514
172000,86000,9.711161e-5,0.725419,2.0656,166.83,0.0160,4.654692
172100,86050,9.710829e-5,0.738106,2.0920,196.56,0.0185,4.744048
172200,86100,9.7104974e-5,0.690822,1.9954,146.96,0.0159,4.456482
172300,86150,9.710164e-5,0.703014,2.0198,154.83,0.0156,4.578517
172400,86200,9.709831e-5,0.725746,2.0663,163.65,0.0152,4.623739
172500,86250,9.709498e-5,0.740092,2.0961,149.50,0.0158,4.656061
172600,86300,9.7091644e-5,0.734819,2.0851,166.17,0.0154,4.671735
172700,86350,9.708831e-5,0.735501,2.0865,195.89,0.0150,4.672672
172800,86400,9.708498e-5,0.713331,2.0408,169.30,0.0154,4.509344
172900,86450,9.708163e-5,0.696426,2.0066,161.45,0.0153,4.530930
173000,86500,9.70783e-5,0.721478,2.0575,165.11,0.0158,4.628138
173100,86550,9.707497e-5,0.722152,2.0589,173.38,0.0195,4.578000
173200,86600,9.707162e-5,0.749564,2.1161,135.21,0.0170,4.775330
173300,86650,9.7068274e-5,0.727719,2.0704,153.22,0.0159,4.701642
173400,86700,9.706493e-5,0.701948,2.0177,178.92,0.0151,4.560780
173500,86750,9.706158e-5,0.741884,2.0999,153.18,0.0163,4.714754
173600,86800,9.705822e-5,0.708933,2.0318,195.40,0.0157,4.580586
173700,86850,9.705487e-5,0.716684,2.0476,169.60,0.0157,4.594631
173800,86900,9.7051525e-5,0.734483,2.0844,166.52,0.0159,4.636432
173900,86950,9.704816e-5,0.733490,2.0823,178.36,0.0155,4.696431
174000,87000,9.70448e-5,0.720285,2.0550,147.96,0.0156,4.610273
174100,87050,9.704144e-5,0.721057,2.0566,180.65,0.0184,4.639109
174200,87100,9.703808e-5,0.721885,2.0583,139.84,0.0160,4.691170
174300,87150,9.703472e-5,0.728774,2.0725,175.77,0.0158,4.636780
174400,87200,9.7031356e-5,0.709005,2.0320,180.51,0.0162,4.543837
174500,87250,9.702798e-5,0.728691,2.0724,181.00,0.0157,4.693575
174600,87300,9.702462e-5,0.723123,2.0609,148.97,0.0157,4.585263
174700,87350,9.702124e-5,0.739446,2.0948,180.24,0.0151,4.724123
174800,87400,9.7017866e-5,0.715481,2.0452,146.42,0.0155,4.594919
174900,87450,9.7014505e-5,0.728862,2.0727,156.34,0.0152,4.669695
175000,87500,9.7011114e-5,0.706886,2.0277,149.67,0.0154,4.522503
175100,87550,9.700774e-5,0.705983,2.0258,181.18,0.0181,4.565759
175200,87600,9.700436e-5,0.706718,2.0273,134.21,0.0162,4.572670
175300,87650,9.7000986e-5,0.692200,1.9981,125.82,0.0167,4.484221
175400,87700,9.6997595e-5,0.718757,2.0519,146.68,0.0164,4.514062
175500,87750,9.6994205e-5,0.712504,2.0391,145.38,0.0160,4.573500
175600,87800,9.6990814e-5,0.750099,2.1172,208.98,0.0154,4.693072
175700,87850,9.698742e-5,0.723998,2.0627,165.48,0.0161,4.581414
175800,87900,9.698403e-5,0.710834,2.0357,146.04,0.0160,4.565175
175900,87950,9.698064e-5,0.712796,2.0397,142.71,0.0158,4.635368
176000,88000,9.697725e-5,0.735480,2.0865,150.97,0.0162,4.679499
176100,88050,9.697386e-5,0.741761,2.0996,163.22,0.0197,4.696806
176200,88100,9.6970456e-5,0.716684,2.0476,161.84,0.0156,4.578394
176300,88150,9.696705e-5,0.718118,2.0506,171.71,0.0158,4.640757
176400,88200,9.696366e-5,0.710722,2.0355,162.13,0.0161,4.548900
176500,88250,9.6960255e-5,0.732195,2.0796,154.11,0.0163,4.690546
176600,88300,9.6956835e-5,0.724460,2.0636,193.06,0.0152,4.613880
176700,88350,9.695343e-5,0.704677,2.0232,159.37,0.0153,4.518144
176800,88400,9.6950025e-5,0.736890,2.0894,130.90,0.0158,4.714013
176900,88450,9.694662e-5,0.688272,1.9903,173.98,0.0154,4.440095
177000,88500,9.69432e-5,0.717092,2.0485,162.76,0.0153,4.607148
177100,88550,9.693978e-5,0.722285,2.0591,188.48,0.0180,4.634931
177200,88600,9.6936375e-5,0.738602,2.0930,143.74,0.0156,4.729625
177300,88650,9.6932956e-5,0.740201,2.0964,145.19,0.0158,4.731987
177400,88700,9.692952e-5,0.740634,2.0973,156.25,0.0156,4.713490
177500,88750,9.69261e-5,0.734698,2.0849,154.00,0.0157,4.666175
177600,88800,9.692268e-5,0.725530,2.0658,163.11,0.0156,4.615976
177700,88850,9.691926e-5,0.736191,2.0880,151.68,0.0159,4.708452
177800,88900,9.691583e-5,0.697741,2.0092,170.16,0.0159,4.495058
177900,88950,9.6912394e-5,0.706811,2.0275,159.38,0.0163,4.516430
178000,89000,9.690896e-5,0.736158,2.0879,154.96,0.0163,4.699519
178100,89050,9.6905525e-5,0.735684,2.0869,177.80,0.0184,4.726508
178200,89100,9.690209e-5,0.735316,2.0861,159.49,0.0153,4.655391
178300,89150,9.689866e-5,0.727031,2.0689,152.52,0.0157,4.610299
178400,89200,9.689522e-5,0.713024,2.0402,174.55,0.0155,4.551762
178500,89250,9.689179e-5,0.695245,2.0042,187.89,0.0156,4.447030
178600,89300,9.688834e-5,0.732250,2.0798,186.97,0.0161,4.648461
178700,89350,9.688489e-5,0.718928,2.0522,159.81,0.0159,4.590494
178800,89400,9.688144e-5,0.704249,2.0223,147.15,0.0162,4.515937
178900,89450,9.687799e-5,0.701434,2.0166,150.55,0.0160,4.462424
179000,89500,9.6874544e-5,0.731650,2.0785,192.17,0.0157,4.666474
179100,89550,9.6871096e-5,0.716142,2.0465,173.26,0.0187,4.591984
179200,89600,9.686765e-5,0.710341,2.0347,153.51,0.0157,4.593071
179300,89650,9.686418e-5,0.753856,2.1252,263.98,0.0150,4.867274
179400,89700,9.6860735e-5,0.699358,2.0125,165.03,0.0156,4.513878
179500,89750,9.685727e-5,0.705392,2.0246,201.79,0.0154,4.542487
179600,89800,9.685381e-5,0.742063,2.1003,162.74,0.0160,4.656770
179700,89850,9.6850345e-5,0.712249,2.0386,152.19,0.0165,4.533385
179800,89900,9.684688e-5,0.747649,2.1120,143.83,0.0159,4.836274
179900,89950,9.684342e-5,0.717852,2.0500,156.06,0.0155,4.617319
180000,90000,9.683994e-5,0.708531,2.0310,158.80,0.0159,4.535109
180100,90050,9.683648e-5,0.729117,2.0732,195.00,0.0185,4.639527
180200,90100,9.6833e-5,0.712202,2.0385,140.10,0.0161,4.568428
180300,90150,9.682952e-5,0.714460,2.0431,165.93,0.0158,4.544744
180400,90200,9.682604e-5,0.737247,2.0902,172.04,0.0161,4.641223
180500,90250,9.6822565e-5,0.712875,2.0398,140.85,0.0166,4.540799
180600,90300,9.681909e-5,0.715387,2.0450,159.45,0.0161,4.542300
180700,90350,9.681561e-5,0.705903,2.0257,165.11,0.0157,4.508609
180800,90400,9.681213e-5,0.702642,2.0191,168.20,0.0154,4.515824
180900,90450,9.680864e-5,0.720535,2.0555,156.55,0.0160,4.594140
181000,90500,9.680516e-5,0.697730,2.0092,178.57,0.0153,4.472583
181100,90550,9.680167e-5,0.700626,2.0150,173.95,0.0188,4.475933
181200,90600,9.6798176e-5,0.723203,2.0610,137.04,0.0162,4.615615
181300,90650,9.679468e-5,0.717065,2.0484,178.89,0.0155,4.608166
181400,90700,9.679119e-5,0.715816,2.0459,184.10,0.0159,4.569977
181500,90750,9.6787684e-5,0.704595,2.0230,154.59,0.0161,4.505583
181600,90800,9.678419e-5,0.701128,2.0160,168.13,0.0156,4.461577
181700,90850,9.67807e-5,0.715581,2.0454,180.74,0.0154,4.578155
181800,90900,9.677719e-5,0.689127,1.9920,159.03,0.0155,4.475949
181900,90950,9.6773685e-5,0.695919,2.0056,146.10,0.0160,4.480911
182000,91000,9.677019e-5,0.754712,2.1270,135.31,0.0164,4.811401
182100,91050,9.6766686e-5,0.719684,2.0538,188.75,0.0182,4.562668
182200,91100,9.6763164e-5,0.731073,2.0773,170.95,0.0154,4.708125
182300,91150,9.675966e-5,0.697777,2.0093,152.10,0.0162,4.457341
182400,91200,9.675615e-5,0.719114,2.0526,167.72,0.0160,4.611342
182500,91250,9.675263e-5,0.701587,2.0170,159.64,0.0157,4.469211
182600,91300,9.674912e-5,0.748750,2.1144,173.56,0.0160,4.704820
182700,91350,9.67456e-5,0.730401,2.0759,184.34,0.0154,4.673971
182800,91400,9.674208e-5,0.695913,2.0055,175.43,0.0154,4.499661
182900,91450,9.673856e-5,0.714585,2.0433,154.44,0.0163,4.579290
183000,91500,9.6735035e-5,0.707295,2.0285,163.68,0.0159,4.528556
183100,91550,9.67315e-5,0.726431,2.0677,183.55,0.0185,4.635417
183200,91600,9.672798e-5,0.731711,2.0786,144.53,0.0164,4.670041
183300,91650,9.6724456e-5,0.704629,2.0231,198.78,0.0152,4.527151
183400,91700,9.672092e-5,0.742570,2.1013,160.05,0.0165,4.686516
183500,91750,9.6717384e-5,0.750963,2.1190,152.62,0.0161,4.770750
183600,91800,9.671386e-5,0.714488,2.0431,149.30,0.0164,4.595669
183700,91850,9.671031e-5,0.713011,2.0401,171.78,0.0158,4.596230
183800,91900,9.6706775e-5,0.728869,2.0727,154.82,0.0161,4.650576
183900,91950,9.670324e-5,0.724236,2.0632,142.15,0.0166,4.633632
184000,92000,9.669969e-5,0.705258,2.0244,134.53,0.0167,4.499129
184100,92050,9.669615e-5,0.725486,2.0657,204.41,0.0180,4.636412
184200,92100,9.66926e-5,0.736496,2.0886,162.48,0.0160,4.694660
184300,92150,9.6689066e-5,0.715320,2.0448,176.55,0.0157,4.570889
184400,92200,9.6685515e-5,0.669652,1.9536,174.48,0.0157,4.270956
184500,92250,9.6681964e-5,0.727930,2.0708,170.26,0.0157,4.629252
184600,92300,9.6678414e-5,0.725228,2.0652,173.08,0.0157,4.579903
184700,92350,9.667486e-5,0.731380,2.0779,155.35,0.0163,4.643954
184800,92400,9.66713e-5,0.717475,2.0493,190.33,0.0157,4.533161
184900,92450,9.666773e-5,0.685795,1.9853,167.42,0.0156,4.449015
185000,92500,9.666418e-5,0.711024,2.0361,163.36,0.0159,4.517363
185100,92550,9.666062e-5,0.743937,2.1042,194.95,0.0191,4.708183
185200,92600,9.665705e-5,0.750737,2.1186,201.54,0.0158,4.724350
185300,92650,9.6653486e-5,0.710292,2.0346,174.18,0.0155,4.530921
185400,92700,9.664992e-5,0.736010,2.0876,168.98,0.0162,4.706120
185500,92750,9.6646356e-5,0.704752,2.0233,168.22,0.0158,4.476672
185600,92800,9.6642776e-5,0.717712,2.0497,170.93,0.0156,4.629722
185700,92850,9.663921e-5,0.725322,2.0654,144.97,0.0161,4.616549
185800,92900,9.663563e-5,0.683412,1.9806,175.33,0.0152,4.412342
185900,92950,9.663205e-5,0.711576,2.0372,159.12,0.0159,4.522830
186000,93000,9.662847e-5,0.705623,2.0251,142.71,0.0159,4.566090
186100,93050,9.662489e-5,0.681019,1.9759,186.11,0.0177,4.423283
186200,93100,9.662131e-5,0.714339,2.0428,140.68,0.0160,4.603461
186300,93150,9.661772e-5,0.704221,2.0223,156.61,0.0156,4.562991
186400,93200,9.661414e-5,0.701751,2.0173,147.77,0.0154,4.538526
186500,93250,9.661056e-5,0.686775,1.9873,148.36,0.0154,4.431026
186600,93300,9.6606964e-5,0.733321,2.0820,141.40,0.0154,4.705860
186700,93350,9.660337e-5,0.712080,2.0382,164.03,0.0158,4.565624
186800,93400,9.6599775e-5,0.699991,2.0137,152.00,0.0154,4.467673
186900,93450,9.659618e-5,0.742598,2.1014,152.90,0.0153,4.704615
187000,93500,9.659259e-5,0.713036,2.0402,168.29,0.0152,4.569736
187100,93550,9.658899e-5,0.729072,2.0732,181.05,0.0177,4.623151
187200,93600,9.658538e-5,0.719020,2.0524,149.77,0.0154,4.608194
187300,93650,9.658179e-5,0.712340,2.0388,157.83,0.0153,4.536009
187400,93700,9.6578195e-5,0.714148,2.0424,149.39,0.0155,4.542719
187500,93750,9.6574586e-5,0.719168,2.0527,153.56,0.0152,4.633420
187600,93800,9.657096e-5,0.732499,2.0803,148.49,0.0153,4.692256
187700,93850,9.656737e-5,0.698199,2.0101,164.49,0.0150,4.505757
187800,93900,9.6563745e-5,0.711360,2.0368,168.15,0.0154,4.509272
187900,93950,9.6560136e-5,0.702070,2.0179,150.33,0.0155,4.468021
188000,94000,9.655653e-5,0.733451,2.0823,148.33,0.0157,4.657860
188100,94050,9.65529e-5,0.691999,1.9977,189.05,0.0172,4.475595
188200,94100,9.654928e-5,0.730928,2.0770,151.34,0.0155,4.647443
188300,94150,9.654567e-5,0.726726,2.0683,173.71,0.0149,4.671705
188400,94200,9.654205e-5,0.717082,2.0484,143.61,0.0154,4.621818
188500,94250,9.6538424e-5,0.732093,2.0794,183.00,0.0151,4.681884
188600,94300,9.65348e-5,0.715298,2.0448,169.92,0.0150,4.594283
188700,94350,9.653116e-5,0.722373,2.0593,140.39,0.0157,4.577856
188800,94400,9.652754e-5,0.729409,2.0739,151.88,0.0155,4.656727
188900,94450,9.65239e-5,0.728957,2.0729,136.15,0.0158,4.632679
189000,94500,9.652028e-5,0.677801,1.9695,158.19,0.0151,4.394212
189100,94550,9.651664e-5,0.721153,2.0568,201.95,0.0180,4.636629
189200,94600,9.6513e-5,0.711275,2.0366,141.94,0.0156,4.552579
189300,94650,9.6509364e-5,0.710225,2.0344,184.72,0.0154,4.520264
189400,94700,9.6505726e-5,0.712555,2.0392,145.77,0.0159,4.522058
189500,94750,9.650207e-5,0.717755,2.0498,156.97,0.0155,4.594608
189600,94800,9.6498436e-5,0.708785,2.0315,171.84,0.0161,4.554873
189700,94850,9.64948e-5,0.712086,2.0382,167.76,0.0152,4.575701
189800,94900,9.6491145e-5,0.713152,2.0404,148.77,0.0152,4.591109
189900,94950,9.648749e-5,0.710371,2.0347,144.53,0.0156,4.518224
190000,95000,9.648384e-5,0.717584,2.0495,147.61,0.0156,4.592177
190100,95050,9.648019e-5,0.703436,2.0207,169.16,0.0176,4.534538
190200,95100,9.6476535e-5,0.678552,1.9710,180.54,0.0150,4.365862
190300,95150,9.647287e-5,0.740077,2.0961,190.52,0.0150,4.712113
190400,95200,9.6469215e-5,0.705524,2.0249,152.76,0.0155,4.501396
190500,95250,9.646556e-5,0.744563,2.1055,143.44,0.0158,4.713629
190600,95300,9.6461896e-5,0.740802,2.0976,165.05,0.0154,4.735519
190700,95350,9.645823e-5,0.728398,2.0718,147.41,0.0159,4.634690
190800,95400,9.645456e-5,0.718649,2.0517,165.68,0.0152,4.597081
190900,95450,9.645091e-5,0.703119,2.0200,134.78,0.0154,4.564016
191000,95500,9.644723e-5,0.719669,2.0538,167.43,0.0150,4.626246
191100,95550,9.644356e-5,0.724834,2.0644,186.88,0.0173,4.660247
191200,95600,9.643988e-5,0.699410,2.0126,172.49,0.0153,4.466403
191300,95650,9.643621e-5,0.739669,2.0952,152.31,0.0156,4.721253
191400,95700,9.643253e-5,0.715843,2.0459,196.02,0.0156,4.574826
191500,95750,9.642885e-5,0.748227,2.1132,143.36,0.0158,4.755794
191600,95800,9.642518e-5,0.722073,2.0587,148.57,0.0159,4.605567
191700,95850,9.64215e-5,0.710370,2.0347,158.20,0.0155,4.519985
191800,95900,9.64178e-5,0.732392,2.0800,151.40,0.0156,4.670805
191900,95950,9.641412e-5,0.726153,2.0671,159.31,0.0159,4.654208
192000,96000,9.641044e-5,0.718340,2.0510,143.28,0.0155,4.603718
192100,96050,9.6406744e-5,0.727429,2.0698,169.79,0.0181,4.588699
192200,96100,9.640305e-5,0.727789,2.0705,170.43,0.0154,4.619317
192300,96150,9.6399366e-5,0.718027,2.0504,161.67,0.0151,4.644719
192400,96200,9.639567e-5,0.718367,2.0511,170.89,0.0153,4.608877
192500,96250,9.6391974e-5,0.706095,2.0261,148.64,0.0153,4.545478
192600,96300,9.638826e-5,0.740663,2.0973,171.16,0.0157,4.647800
192700,96350,9.638457e-5,0.706904,2.0277,124.44,0.0158,4.551669
192800,96400,9.638087e-5,0.727777,2.0705,178.58,0.0150,4.623936
192900,96450,9.637716e-5,0.728009,2.0710,148.88,0.0162,4.651123
193000,96500,9.637345e-5,0.711537,2.0371,207.16,0.0148,4.538045
193100,96550,9.636975e-5,0.736063,2.0877,174.81,0.0179,4.712542
193200,96600,9.636604e-5,0.738952,2.0937,151.33,0.0155,4.683297
193300,96650,9.636233e-5,0.733619,2.0826,153.63,0.0155,4.655625
193400,96700,9.6358606e-5,0.709393,2.0328,156.20,0.0154,4.575987
193500,96750,9.6354896e-5,0.717641,2.0496,178.07,0.0152,4.557055
193600,96800,9.6351185e-5,0.688455,1.9906,156.01,0.0155,4.494425
193700,96850,9.634746e-5,0.724836,2.0644,137.30,0.0158,4.605020
193800,96900,9.634375e-5,0.707286,2.0285,171.16,0.0159,4.514642
193900,96950,9.634002e-5,0.696821,2.0074,141.32,0.0159,4.541477
194000,97000,9.63363e-5,0.704706,2.0233,160.30,0.0151,4.550262
194100,97050,9.633257e-5,0.704520,2.0229,161.29,0.0185,4.492299
194200,97100,9.632885e-5,0.691326,1.9964,162.09,0.0154,4.415854
194300,97150,9.632512e-5,0.691575,1.9969,168.91,0.0154,4.436182
194400,97200,9.632138e-5,0.707072,2.0280,154.69,0.0153,4.546838
194500,97250,9.631766e-5,0.718644,2.0516,182.72,0.0153,4.614398
194600,97300,9.631392e-5,0.730255,2.0756,173.89,0.0152,4.712259
194700,97350,9.631018e-5,0.702795,2.0194,176.37,0.0151,4.509612
194800,97400,9.630644e-5,0.699611,2.0130,142.39,0.0155,4.491606
194900,97450,9.63027e-5,0.703776,2.0214,162.26,0.0150,4.510341
195000,97500,9.629896e-5,0.692332,1.9984,188.71,0.0150,4.469884
195100,97550,9.629522e-5,0.715545,2.0453,183.53,0.0172,4.637390
195200,97600,9.629148e-5,0.705710,2.0253,152.94,0.0152,4.531013
195300,97650,9.6287724e-5,0.740644,2.0973,133.20,0.0158,4.708993
195400,97700,9.628397e-5,0.713968,2.0421,154.38,0.0152,4.579171
195500,97750,9.628023e-5,0.731699,2.0786,164.50,0.0158,4.643190
195600,97800,9.627646e-5,0.725475,2.0657,153.42,0.0157,4.645497
195700,97850,9.6272706e-5,0.683156,1.9801,160.06,0.0154,4.411009
195800,97900,9.626895e-5,0.710586,2.0352,143.39,0.0157,4.587371
195900,97950,9.62652e-5,0.724277,2.0632,186.59,0.0150,4.605870
196000,98000,9.626144e-5,0.715900,2.0460,143.44,0.0157,4.595402
196100,98050,9.6257674e-5,0.729627,2.0743,165.00,0.0180,4.628105
196200,98100,9.6253905e-5,0.689023,1.9918,137.91,0.0155,4.417759
196300,98150,9.625015e-5,0.733567,2.0825,138.91,0.0157,4.688322
196400,98200,9.624638e-5,0.715605,2.0454,173.17,0.0155,4.520884
196500,98250,9.624261e-5,0.700216,2.0142,148.27,0.0157,4.465196
196600,98300,9.623883e-5,0.721246,2.0570,155.01,0.0152,4.619005
196700,98350,9.623506e-5,0.745362,2.1072,180.62,0.0155,4.704008
196800,98400,9.623129e-5,0.724886,2.0645,142.16,0.0156,4.624706
196900,98450,9.622752e-5,0.729690,2.0744,164.06,0.0153,4.609464
197000,98500,9.622374e-5,0.702335,2.0185,143.25,0.0157,4.493438
197100,98550,9.6219956e-5,0.707409,2.0287,188.46,0.0173,4.499325
197200,98600,9.621617e-5,0.669846,1.9539,182.04,0.0153,4.345204
197300,98650,9.621239e-5,0.707575,2.0291,167.83,0.0151,4.523337
197400,98700,9.6208605e-5,0.720806,2.0561,177.01,0.0148,4.606128
197500,98750,9.620482e-5,0.704443,2.0227,160.49,0.0157,4.494767
197600,98800,9.620102e-5,0.694650,2.0030,173.68,0.0151,4.458328
197700,98850,9.619724e-5,0.727926,2.0708,176.45,0.0156,4.629309
197800,98900,9.619344e-5,0.706701,2.0273,154.38,0.0158,4.541770
197900,98950,9.6189644e-5,0.700147,2.0140,142.47,0.0155,4.495198
198000,99000,9.618586e-5,0.728028,2.0710,144.95,0.0163,4.618583
198100,99050,9.618206e-5,0.704979,2.0238,163.69,0.0177,4.602018
198200,99100,9.617825e-5,0.735808,2.0872,178.12,0.0159,4.668022
198300,99150,9.617445e-5,0.705155,2.0242,151.20,0.0155,4.561309
198400,99200,9.6170654e-5,0.711176,2.0364,150.41,0.0159,4.521865
198500,99250,9.616684e-5,0.685316,1.9844,141.48,0.0157,4.398240
198600,99300,9.616304e-5,0.720146,2.0547,136.15,0.0158,4.620935
198700,99350,9.615923e-5,0.722143,2.0588,159.26,0.0155,4.591013
198800,99400,9.615542e-5,0.696466,2.0066,165.20,0.0152,4.445606
198900,99450,9.6151605e-5,0.700477,2.0147,146.46,0.0154,4.517766
199000,99500,9.614779e-5,0.714747,2.0437,135.08,0.0157,4.572011
199100,99550,9.6143965e-5,0.712851,2.0398,167.98,0.0178,4.571504
199200,99600,9.614015e-5,0.712058,2.0382,155.70,0.0152,4.536338
199300,99650,9.6136326e-5,0.737339,2.0904,127.30,0.0160,4.729133
199400,99700,9.613251e-5,0.722217,2.0590,146.26,0.0157,4.598840
199500,99750,9.61287e-5,0.725673,2.0661,144.03,0.0161,4.618098
199600,99800,9.612486e-5,0.732973,2.0813,206.50,0.0151,4.660302
199700,99850,9.612103e-5,0.691372,1.9965,154.45,0.0155,4.454929
199800,99900,9.6117205e-5,0.691830,1.9974,163.41,0.0157,4.445644
199900,99950,9.611338e-5,0.702414,2.0186,144.28,0.0154,4.539719
200000,100000,9.6109536e-5,0.733678,2.0827,152.59,0.0158,4.640501
200100,100050,9.610571e-5,0.716775,2.0478,159.29,0.0183,4.579522
200200,100100,9.610188e-5,0.691215,1.9961,151.42,0.0157,4.457006
200300,100150,9.609804e-5,0.733137,2.0816,184.54,0.0157,4.660772
200400,100200,9.60942e-5,0.697897,2.0095,147.16,0.0155,4.495021
200500,100250,9.6090356e-5,0.735339,2.0862,163.02,0.0155,4.610106
200600,100300,9.6086515e-5,0.712781,2.0397,161.53,0.0153,4.531716
200700,100350,9.608267e-5,0.713627,2.0414,171.58,0.0153,4.574980
200800,100400,9.607882e-5,0.700153,2.0141,151.61,0.0154,4.502414
200900,100450,9.6074975e-5,0.707230,2.0284,133.57,0.0158,4.514276
201000,100500,9.607112e-5,0.708272,2.0305,162.25,0.0160,4.499050
201100,100550,9.606728e-5,0.691686,1.9971,168.80,0.0177,4.447470
201200,100600,9.606342e-5,0.713293,2.0407,167.24,0.0155,4.561152
201300,100650,9.605955e-5,0.717521,2.0493,151.82,0.0155,4.603346
201400,100700,9.605571e-5,0.725412,2.0656,156.30,0.0158,4.568624
201500,100750,9.605184e-5,0.712926,2.0400,156.00,0.0156,4.551105
201600,100800,9.604798e-5,0.709139,2.0322,156.69,0.0155,4.561047
201700,100850,9.6044125e-5,0.706087,2.0260,167.66,0.0158,4.494826
201800,100900,9.6040254e-5,0.709431,2.0328,159.24,0.0154,4.542736
201900,100950,9.603638e-5,0.686710,1.9872,142.36,0.0152,4.424415
202000,101000,9.603253e-5,0.702994,2.0198,156.38,0.0152,4.481603
202100,101050,9.602864e-5,0.679909,1.9737,199.44,0.0167,4.353919
202200,101100,9.602477e-5,0.721518,2.0576,143.19,0.0162,4.616450
202300,101150,9.60209e-5,0.720097,2.0546,178.28,0.0149,4.551811
202400,101200,9.601703e-5,0.729142,2.0733,167.70,0.0155,4.655348
202500,101250,9.6013144e-5,0.748148,2.1131,160.09,0.0156,4.738231
202600,101300,9.600927e-5,0.686395,1.9865,151.99,0.0160,4.456936
202700,101350,9.600539e-5,0.702645,2.0191,177.22,0.0152,4.479532
202800,101400,9.60015e-5,0.698562,2.0109,156.89,0.0153,4.476441
202900,101450,9.599762e-5,0.705062,2.0240,161.22,0.0155,4.511590
203000,101500,9.599373e-5,0.705776,2.0254,148.71,0.0154,4.535689
203100,101550,9.5989846e-5,0.709724,2.0334,172.08,0.0179,4.536591
203200,101600,9.598596e-5,0.698134,2.0100,194.64,0.0151,4.461335
203300,101650,9.598206e-5,0.697572,2.0089,149.95,0.0152,4.487345
203400,101700,9.597816e-5,0.697893,2.0095,155.24,0.0154,4.548002
203500,101750,9.5974276e-5,0.701102,2.0160,163.98,0.0152,4.465508
203600,101800,9.5970376e-5,0.706799,2.0275,159.84,0.0153,4.532683
203700,101850,9.5966476e-5,0.726314,2.0674,159.74,0.0157,4.596121
203800,101900,9.5962576e-5,0.696983,2.0077,164.41,0.0154,4.450625
203900,101950,9.5958676e-5,0.703478,2.0208,153.85,0.0155,4.536156
204000,102000,9.595476e-5,0.694522,2.0028,157.35,0.0150,4.450707
204100,102050,9.595086e-5,0.709594,2.0332,187.60,0.0174,4.545475
204200,102100,9.594696e-5,0.731799,2.0788,185.26,0.0157,4.631361
204300,102150,9.594305e-5,0.726703,2.0683,137.70,0.0159,4.613004
204400,102200,9.593913e-5,0.699193,2.0121,175.72,0.0157,4.476391
204500,102250,9.593522e-5,0.701270,2.0163,158.58,0.0149,4.529045
204600,102300,9.5931304e-5,0.716510,2.0473,148.08,0.0155,4.607439
204700,102350,9.592739e-5,0.724882,2.0645,161.65,0.0158,4.620264
204800,102400,9.5923475e-5,0.690748,1.9952,149.32,0.0154,4.421339
204900,102450,9.5919546e-5,0.700141,2.0140,135.83,0.0158,4.534101
205000,102500,9.591563e-5,0.718188,2.0507,131.51,0.0157,4.633102
205100,102550,9.59117e-5,0.706547,2.0270,175.77,0.0177,4.496794
205200,102600,9.590777e-5,0.719091,2.0526,141.37,0.0158,4.564207
205300,102650,9.5903844e-5,0.715871,2.0460,185.03,0.0154,4.601950
205400,102700,9.5899915e-5,0.698137,2.0100,177.15,0.0150,4.498518
205500,102750,9.5895986e-5,0.698182,2.0101,154.15,0.0156,4.448122
205600,102800,9.589206e-5,0.722850,2.0603,156.56,0.0156,4.661928
205700,102850,9.5888114e-5,0.677762,1.9695,167.11,0.0149,4.374927
205800,102900,9.5884185e-5,0.686408,1.9866,171.46,0.0156,4.360971
205900,102950,9.588024e-5,0.706187,2.0263,146.10,0.0155,4.530081
206000,103000,9.58763e-5,0.709682,2.0333,138.87,0.0158,4.555919
206100,103050,9.5872354e-5,0.698450,2.0106,180.61,0.0174,4.485913
206200,103100,9.586841e-5,0.704546,2.0229,147.41,0.0157,4.522680
206300,103150,9.586447e-5,0.710602,2.0352,157.14,0.0155,4.511200
206400,103200,9.586052e-5,0.712567,2.0392,157.63,0.0157,4.545959
206500,103250,9.585658e-5,0.705605,2.0251,158.22,0.0154,4.510604
206600,103300,9.585262e-5,0.719529,2.0535,159.17,0.0152,4.604316
206700,103350,9.584868e-5,0.714675,2.0435,182.51,0.0157,4.578920
206800,103400,9.5844705e-5,0.739573,2.0950,187.57,0.0166,4.657292
206900,103450,9.584076e-5,0.693253,2.0002,137.35,0.0157,4.465205
207000,103500,9.5836804e-5,0.720315,2.0551,191.45,0.0155,4.697664
207100,103550,9.5832846e-5,0.717434,2.0492,151.03,0.0187,4.607573
207200,103600,9.582887e-5,0.701388,2.0165,179.28,0.0147,4.451964
207300,103650,9.5824915e-5,0.717473,2.0492,224.30,0.0152,4.569061
207400,103700,9.582094e-5,0.685449,1.9847,175.17,0.0159,4.393489
207500,103750,9.5816984e-5,0.737051,2.0898,233.69,0.0151,4.635190
207600,103800,9.581301e-5,0.734262,2.0839,173.54,0.0149,4.749810
207700,103850,9.580904e-5,0.692385,1.9985,151.59,0.0157,4.467975
207800,103900,9.5805066e-5,0.678165,1.9703,161.39,0.0152,4.334013
207900,103950,9.580109e-5,0.690202,1.9941,162.83,0.0153,4.350008
208000,104000,9.579712e-5,0.691371,1.9965,176.75,0.0151,4.419444
208100,104050,9.579313e-5,0.686592,1.9869,196.09,0.0168,4.423290
208200,104100,9.578916e-5,0.730369,2.0758,162.13,0.0162,4.620877
208300,104150,9.578517e-5,0.711853,2.0378,145.74,0.0156,4.504026
208400,104200,9.57812e-5,0.685940,1.9856,190.16,0.0150,4.431175
208500,104250,9.57772e-5,0.714911,2.0440,144.07,0.0153,4.569976
208600,104300,9.5773226e-5,0.714847,2.0439,141.05,0.0157,4.595625
208700,104350,9.576924e-5,0.724546,2.0638,141.84,0.0153,4.662313
208800,104400,9.576524e-5,0.669122,1.9525,172.04,0.0149,4.340025
208900,104450,9.576125e-5,0.722854,2.0603,138.80,0.0155,4.656363
209000,104500,9.575726e-5,0.717896,2.0501,157.79,0.0154,4.558914
209100,104550,9.575326e-5,0.706691,2.0273,195.51,0.0179,4.492392
209200,104600,9.574926e-5,0.706859,2.0276,172.64,0.0152,4.519027
209300,104650,9.574527e-5,0.707129,2.0282,168.31,0.0152,4.509074
209400,104700,9.574127e-5,0.713949,2.0420,166.47,0.0155,4.546587
209500,104750,9.573727e-5,0.714990,2.0442,145.90,0.0154,4.578594
209600,104800,9.573325e-5,0.688091,1.9899,189.49,0.0152,4.420866
209700,104850,9.572925e-5,0.708567,2.0311,165.79,0.0155,4.567304
209800,104900,9.5725234e-5,0.700832,2.0154,157.21,0.0150,4.488244
209900,104950,9.572123e-5,0.703932,2.0217,151.27,0.0156,4.459065
210000,105000,9.5717216e-5,0.700178,2.0141,162.47,0.0153,4.469003
210100,105050,9.57132e-5,0.682615,1.9790,189.44,0.0168,4.429976
210200,105100,9.570918e-5,0.718421,2.0512,147.94,0.0164,4.564317
210300,105150,9.570517e-5,0.717819,2.0500,148.55,0.0153,4.533978
210400,105200,9.570115e-5,0.686013,1.9858,163.29,0.0154,4.391603
210500,105250,9.5697134e-5,0.699874,2.0135,147.54,0.0155,4.480895
210600,105300,9.56931e-5,0.737839,2.0914,172.14,0.0161,4.661313
210700,105350,9.568909e-5,0.726239,2.0673,140.88,0.0158,4.632948
210800,105400,9.5685056e-5,0.695266,2.0042,154.68,0.0160,4.461763
210900,105450,9.568104e-5,0.717167,2.0486,147.15,0.0154,4.610935
211000,105500,9.5676995e-5,0.697960,2.0096,142.82,0.0157,4.447663
211100,105550,9.5672964e-5,0.717215,2.0487,165.03,0.0192,4.564845
211200,105600,9.566893e-5,0.703197,2.0202,162.90,0.0151,4.516146
211300,105650,9.56649e-5,0.669551,1.9534,181.31,0.0153,4.357341
211400,105700,9.566086e-5,0.682278,1.9784,163.11,0.0151,4.354806
211500,105750,9.5656826e-5,0.693270,2.0002,153.81,0.0153,4.464475
211600,105800,9.565278e-5,0.685778,1.9853,153.94,0.0154,4.404819
211700,105850,9.5648735e-5,0.713136,2.0404,152.59,0.0154,4.573316
211800,105900,9.564469e-5,0.695075,2.0039,161.03,0.0154,4.452322
211900,105950,9.5640644e-5,0.717643,2.0496,172.22,0.0153,4.544796
212000,106000,9.56366e-5,0.710735,2.0355,138.98,0.0154,4.561529
212100,106050,9.563255e-5,0.710075,2.0341,197.10,0.0173,4.511168
212200,106100,9.562851e-5,0.700485,2.0147,160.21,0.0153,4.486762
212300,106150,9.562445e-5,0.706697,2.0273,161.89,0.0153,4.553497
212400,106200,9.562039e-5,0.715552,2.0453,149.74,0.0154,4.607426
212500,106250,9.561634e-5,0.711283,2.0366,158.74,0.0152,4.594166
212600,106300,9.561228e-5,0.715690,2.0456,170.55,0.0155,4.602899
212700,106350,9.560822e-5,0.700802,2.0154,160.37,0.0153,4.492043
212800,106400,9.560416e-5,0.726210,2.0672,157.07,0.0157,4.648228
212900,106450,9.560009e-5,0.737670,2.0911,147.34,0.0156,4.712803
213000,106500,9.559603e-5,0.680733,1.9753,154.80,0.0160,4.363124
213100,106550,9.559197e-5,0.680395,1.9747,217.81,0.0164,4.397912
213200,106600,9.558789e-5,0.699740,2.0132,152.51,0.0159,4.496088
213300,106650,9.558382e-5,0.687674,1.9891,150.60,0.0157,4.414798
213400,106700,9.557976e-5,0.707470,2.0289,152.94,0.0154,4.540473
213500,106750,9.557567e-5,0.712130,2.0383,141.30,0.0157,4.569096
213600,106800,9.5571595e-5,0.710309,2.0346,156.75,0.0155,4.511448
213700,106850,9.556752e-5,0.706935,2.0278,179.92,0.0154,4.509420
213800,106900,9.5563446e-5,0.706598,2.0271,158.28,0.0152,4.547803
213900,106950,9.555936e-5,0.713609,2.0413,152.40,0.0155,4.597114
214000,107000,9.555528e-5,0.715606,2.0454,182.06,0.0153,4.535155
214100,107050,9.555119e-5,0.720012,2.0545,183.22,0.0172,4.581153
214200,107100,9.5547104e-5,0.698385,2.0105,148.71,0.0155,4.457490
214300,107150,9.5543015e-5,0.718160,2.0507,157.72,0.0154,4.575488
214400,107200,9.5538926e-5,0.713607,2.0413,163.35,0.0156,4.607398
214500,107250,9.553484e-5,0.675682,1.9654,161.27,0.0154,4.358157
214600,107300,9.553075e-5,0.716177,2.0466,159.47,0.0153,4.553390
214700,107350,9.5526644e-5,0.709056,2.0321,180.84,0.0155,4.547771
214800,107400,9.552254e-5,0.712003,2.0381,158.33,0.0154,4.523897
214900,107450,9.551845e-5,0.719872,2.0542,145.31,0.0156,4.544505
215000,107500,9.551435e-5,0.698286,2.0103,181.17,0.0161,4.478821
215100,107550,9.5510244e-5,0.710221,2.0344,191.41,0.0173,4.519525
215200,107600,9.550614e-5,0.700065,2.0139,131.24,0.0161,4.456979
215300,107650,9.550204e-5,0.667194,1.9488,153.84,0.0151,4.294170
215400,107700,9.549792e-5,0.705424,2.0247,180.00,0.0154,4.502211
215500,107750,9.5493815e-5,0.671894,1.9579,157.64,0.0155,4.312430
215600,107800,9.54897e-5,0.680415,1.9747,154.50,0.0154,4.391226
215700,107850,9.548558e-5,0.689889,1.9935,164.11,0.0154,4.441821
215800,107900,9.5481475e-5,0.722737,2.0601,153.45,0.0157,4.571145
215900,107950,9.547736e-5,0.721556,2.0576,155.17,0.0158,4.561087
216000,108000,9.547324e-5,0.704451,2.0227,156.85,0.0152,4.545788
216100,108050,9.546912e-5,0.721370,2.0573,175.61,0.0185,4.627484
216200,108100,9.5465e-5,0.698498,2.0107,171.66,0.0152,4.485551
216300,108150,9.546087e-5,0.695339,2.0044,146.82,0.0156,4.419928
216400,108200,9.545675e-5,0.694478,2.0027,165.28,0.0160,4.459147
216500,108250,9.545262e-5,0.690241,1.9942,162.23,0.0153,4.443737
216600,108300,9.5448486e-5,0.691437,1.9966,148.29,0.0164,4.402331
216700,108350,9.544435e-5,0.714245,2.0426,182.95,0.0153,4.566581
216800,108400,9.544022e-5,0.699338,2.0124,152.44,0.0154,4.472758
216900,108450,9.543609e-5,0.672097,1.9583,176.64,0.0150,4.286423
217000,108500,9.5431955e-5,0.730876,2.0769,177.80,0.0153,4.639792
217100,108550,9.542781e-5,0.712141,2.0384,184.89,0.0175,4.533876
217200,108600,9.5423675e-5,0.694012,2.0017,140.27,0.0155,4.430493
217300,108650,9.541953e-5,0.697104,2.0079,165.75,0.0152,4.446396
217400,108700,9.541538e-5,0.744477,2.1053,175.00,0.0158,4.740897
217500,108750,9.541125e-5,0.706104,2.0261,147.68,0.0156,4.498325
217600,108800,9.54071e-5,0.704655,2.0231,169.68,0.0152,4.492484
217700,108850,9.540295e-5,0.700521,2.0148,162.48,0.0153,4.486164
217800,108900,9.539879e-5,0.700175,2.0141,144.31,0.0154,4.518346
217900,108950,9.5394644e-5,0.711340,2.0367,171.62,0.0154,4.523970
218000,109000,9.539048e-5,0.726305,2.0674,141.11,0.0158,4.637888
218100,109050,9.5386335e-5,0.692187,1.9981,182.50,0.0175,4.444769
218200,109100,9.538217e-5,0.703924,2.0217,172.89,0.0149,4.502676
218300,109150,9.537801e-5,0.695499,2.0047,159.40,0.0153,4.465158
218400,109200,9.537385e-5,0.699126,2.0120,149.46,0.0157,4.488790
218500,109250,9.536969e-5,0.686234,1.9862,157.24,0.0151,4.457352
218600,109300,9.5365525e-5,0.705185,2.0242,158.74,0.0153,4.489367
218700,109350,9.536136e-5,0.724270,2.0632,140.20,0.0160,4.574287
218800,109400,9.535719e-5,0.686040,1.9858,193.54,0.0158,4.354956
218900,109450,9.5353025e-5,0.692754,1.9992,160.37,0.0156,4.412322
219000,109500,9.534885e-5,0.703498,2.0208,156.36,0.0154,4.533109
219100,109550,9.534467e-5,0.681699,1.9772,181.63,0.0178,4.391635
219200,109600,9.5340496e-5,0.712449,2.0390,200.92,0.0151,4.535594
219300,109650,9.533632e-5,0.692407,1.9985,179.33,0.0150,4.413253
219400,109700,9.533214e-5,0.727005,2.0689,165.88,0.0159,4.632372
219500,109750,9.532795e-5,0.680479,1.9748,160.27,0.0150,4.379057
219600,109800,9.5323776e-5,0.690126,1.9940,147.60,0.0159,4.396927
219700,109850,9.5319585e-5,0.689277,1.9923,187.70,0.0152,4.423978
219800,109900,9.531541e-5,0.699523,2.0128,166.65,0.0153,4.438463
219900,109950,9.531122e-5,0.680925,1.9757,174.24,0.0153,4.425099
220000,110000,9.530703e-5,0.728305,2.0716,133.94,0.0162,4.577521
220100,110050,9.5302836e-5,0.699446,2.0126,147.76,0.0184,4.511493
220200,110100,9.5298645e-5,0.674499,1.9630,168.74,0.0151,4.376604
220300,110150,9.5294454e-5,0.696702,2.0071,153.23,0.0156,4.443795
220400,110200,9.529026e-5,0.706187,2.0263,160.00,0.0163,4.469847
220500,110250,9.528606e-5,0.699079,2.0119,130.28,0.0158,4.430694
220600,110300,9.528185e-5,0.715573,2.0454,138.23,0.0164,4.571757
220700,110350,9.5277646e-5,0.726359,2.0675,143.34,0.0157,4.626039
220800,110400,9.5273455e-5,0.686772,1.9873,143.73,0.0154,4.440072
220900,110450,9.5269235e-5,0.710150,2.0343,173.33,0.0150,4.537248
221000,110500,9.526503e-5,0.692063,1.9978,167.42,0.0152,4.445577
221100,110550,9.5260824e-5,0.717713,2.0497,145.41,0.0191,4.578635
221200,110600,9.525662e-5,0.676232,1.9665,158.00,0.0153,4.341438
221300,110650,9.52524e-5,0.696336,2.0064,171.14,0.0156,4.449965
221400,110700,9.524819e-5,0.701803,2.0174,151.29,0.0153,4.494357
221500,110750,9.524397e-5,0.683096,1.9800,154.88,0.0154,4.372512
221600,110800,9.523975e-5,0.689084,1.9919,166.70,0.0153,4.411197
221700,110850,9.523553e-5,0.687891,1.9895,156.05,0.0157,4.480712
221800,110900,9.523131e-5,0.681482,1.9768,176.35,0.0153,4.427317
221900,110950,9.522709e-5,0.717771,2.0499,163.33,0.0153,4.558966
222000,111000,9.522287e-5,0.703463,2.0207,169.61,0.0153,4.501512
222100,111050,9.521864e-5,0.688446,1.9906,158.46,0.0179,4.424704
222200,111100,9.5214404e-5,0.713608,2.0413,187.89,0.0155,4.598123
222300,111150,9.5210184e-5,0.660505,1.9358,158.82,0.0152,4.238750
222400,111200,9.520595e-5,0.686000,1.9858,152.08,0.0154,4.383089
222500,111250,9.5201714e-5,0.704619,2.0231,157.87,0.0162,4.495133
222600,111300,9.519748e-5,0.706231,2.0263,142.63,0.0162,4.540298
222700,111350,9.5193245e-5,0.708476,2.0309,184.43,0.0155,4.564508
222800,111400,9.5188996e-5,0.712453,2.0390,172.38,0.0152,4.543139
222900,111450,9.518476e-5,0.704685,2.0232,154.61,0.0153,4.512599
223000,111500,9.518051e-5,0.698549,2.0108,131.33,0.0156,4.487938
223100,111550,9.517628e-5,0.695805,2.0053,182.79,0.0175,4.447657
223200,111600,9.517203e-5,0.686641,1.9870,177.98,0.0152,4.432707
223300,111650,9.516778e-5,0.691307,1.9963,156.05,0.0153,4.406490
223400,111700,9.516353e-5,0.715697,2.0456,159.46,0.0156,4.513142
223500,111750,9.515928e-5,0.677444,1.9688,140.39,0.0154,4.353662
223600,111800,9.515503e-5,0.710477,2.0350,150.38,0.0157,4.507493
223700,111850,9.515077e-5,0.733823,2.0830,158.13,0.0159,4.670993
223800,111900,9.5146504e-5,0.703939,2.0217,155.04,0.0154,4.482590
223900,111950,9.5142255e-5,0.698535,2.0108,154.74,0.0159,4.453486
224000,112000,9.513799e-5,0.687570,1.9889,180.23,0.0149,4.417949
224100,112050,9.513373e-5,0.715650,2.0455,162.93,0.0180,4.549591
224200,112100,9.5129464e-5,0.704998,2.0238,134.71,0.0157,4.520189
224300,112150,9.51252e-5,0.684593,1.9830,174.65,0.0147,4.422274
224400,112200,9.512094e-5,0.722338,2.0592,142.32,0.0158,4.595616
224500,112250,9.511666e-5,0.707618,2.0292,156.92,0.0157,4.486145
224600,112300,9.5112395e-5,0.687567,1.9889,153.58,0.0158,4.363832
224700,112350,9.510813e-5,0.693768,2.0012,136.01,0.0159,4.445004
224800,112400,9.510385e-5,0.703144,2.0201,170.50,0.0150,4.559216
224900,112450,9.5099575e-5,0.705334,2.0245,160.31,0.0155,4.502866
225000,112500,9.5095296e-5,0.668911,1.9521,175.00,0.0149,4.287371
225100,112550,9.509102e-5,0.703768,2.0214,176.73,0.0176,4.483593
225200,112600,9.5086725e-5,0.703492,2.0208,185.92,0.0153,4.511952
225300,112650,9.508245e-5,0.711296,2.0366,161.32,0.0152,4.551573
225400,112700,9.507817e-5,0.711067,2.0362,188.01,0.0153,4.512006
225500,112750,9.5073876e-5,0.666270,1.9470,163.94,0.0153,4.268118
225600,112800,9.50696e-5,0.703244,2.0203,163.75,0.0150,4.524435
225700,112850,9.5065305e-5,0.687375,1.9885,209.74,0.0151,4.444582
225800,112900,9.506101e-5,0.713403,2.0409,152.28,0.0153,4.542958
225900,112950,9.5056705e-5,0.693306,2.0003,135.21,0.0157,4.437101
226000,113000,9.5052426e-5,0.714632,2.0434,136.97,0.0160,4.490041
226100,113050,9.504812e-5,0.712734,2.0396,183.11,0.0180,4.527560
226200,113100,9.5043826e-5,0.700728,2.0152,190.47,0.0148,4.525901
226300,113150,9.503952e-5,0.714097,2.0423,143.94,0.0156,4.531108
226400,113200,9.5035226e-5,0.708603,2.0312,144.26,0.0162,4.521202
226500,113250,9.503092e-5,0.693736,2.0012,134.87,0.0157,4.402995
226600,113300,9.502661e-5,0.695867,2.0054,157.82,0.0155,4.449825
226700,113350,9.5022304e-5,0.676438,1.9669,144.12,0.0153,4.381170
226800,113400,9.5018e-5,0.680522,1.9749,155.42,0.0154,4.371940
226900,113450,9.5013675e-5,0.696144,2.0060,141.02,0.0159,4.446852
227000,113500,9.500937e-5,0.662881,1.9404,188.71,0.0148,4.276762
227100,113550,9.5005045e-5,0.688553,1.9908,179.68,0.0179,4.441215
227200,113600,9.500074e-5,0.718127,2.0506,143.20,0.0155,4.624292
227300,113650,9.4996416e-5,0.708336,2.0306,155.06,0.0155,4.529716
227400,113700,9.4992094e-5,0.714737,2.0436,141.82,0.0158,4.544070
227500,113750,9.498777e-5,0.682116,1.9781,142.16,0.0156,4.405442
227600,113800,9.498345e-5,0.689207,1.9921,146.77,0.0157,4.427835
227700,113850,9.497913e-5,0.727738,2.0704,155.96,0.0159,4.651108
227800,113900,9.497479e-5,0.718591,2.0515,177.14,0.0156,4.549913
227900,113950,9.497047e-5,0.690810,1.9953,172.91,0.0151,4.400193
228000,114000,9.496613e-5,0.712871,2.0398,185.58,0.0151,4.550306
228100,114050,9.496181e-5,0.713990,2.0421,191.24,0.0176,4.503222
228200,114100,9.4957475e-5,0.684183,1.9822,169.62,0.0152,4.342389
228300,114150,9.495314e-5,0.679219,1.9723,138.92,0.0154,4.349476
228400,114200,9.49488e-5,0.713102,2.0403,137.27,0.0158,4.544443
228500,114250,9.4944466e-5,0.721537,2.0576,164.96,0.0157,4.583699
228600,114300,9.4940115e-5,0.714055,2.0423,148.96,0.0155,4.546539
228700,114350,9.493578e-5,0.690834,1.9954,165.28,0.0153,4.453484
228800,114400,9.493143e-5,0.684701,1.9832,153.28,0.0156,4.361282
228900,114450,9.492709e-5,0.698222,2.0102,143.84,0.0156,4.445032
229000,114500,9.492274e-5,0.703235,2.0203,173.94,0.0152,4.452315
229100,114550,9.491839e-5,0.673164,1.9604,189.96,0.0170,4.347829
229200,114600,9.491404e-5,0.696806,2.0073,153.08,0.0152,4.499790
229300,114650,9.490969e-5,0.697812,2.0094,172.94,0.0154,4.444961
229400,114700,9.490532e-5,0.696623,2.0070,135.72,0.0155,4.480247
229500,114750,9.490097e-5,0.671353,1.9569,159.73,0.0153,4.380192
229600,114800,9.489662e-5,0.729494,2.0740,140.71,0.0159,4.622124
229700,114850,9.489225e-5,0.677165,1.9683,148.70,0.0158,4.381280
229800,114900,9.488789e-5,0.701180,2.0161,166.79,0.0161,4.462476
229900,114950,9.488352e-5,0.706264,2.0264,169.89,0.0150,4.508967
230000,115000,9.487916e-5,0.680311,1.9745,192.04,0.0152,4.364421
230100,115050,9.487479e-5,0.679444,1.9728,184.66,0.0177,4.347287
230200,115100,9.4870426e-5,0.698960,2.0117,183.10,0.0151,4.506077
230300,115150,9.486606e-5,0.686751,1.9872,159.75,0.0153,4.413185
230400,115200,9.486168e-5,0.709701,2.0334,176.31,0.0150,4.543537
230500,115250,9.48573e-5,0.683297,1.9804,167.16,0.0149,4.442078
230600,115300,9.4852934e-5,0.686941,1.9876,190.55,0.0149,4.400328
230700,115350,9.4848554e-5,0.702745,2.0193,158.71,0.0151,4.499170
230800,115400,9.4844174e-5,0.686534,1.9868,131.96,0.0157,4.404223
230900,115450,9.4839794e-5,0.695686,2.0051,143.90,0.0154,4.471455
231000,115500,9.483541e-5,0.701081,2.0159,187.77,0.0153,4.433374
231100,115550,9.483102e-5,0.676545,1.9671,179.94,0.0178,4.382996
231200,115600,9.482664e-5,0.699021,2.0118,153.85,0.0155,4.409909
231300,115650,9.4822244e-5,0.702331,2.0185,167.87,0.0161,4.468191
231400,115700,9.4817864e-5,0.697210,2.0081,155.45,0.0151,4.478110
231500,115750,9.481347e-5,0.693748,2.0012,143.15,0.0155,4.482879
231600,115800,9.4809075e-5,0.729860,2.0748,208.63,0.0156,4.607834
231700,115850,9.480468e-5,0.715879,2.0460,179.53,0.0152,4.575300
231800,115900,9.4800285e-5,0.689824,1.9934,155.31,0.0154,4.398592
231900,115950,9.4795876e-5,0.720050,2.0545,157.90,0.0158,4.548842
232000,116000,9.479148e-5,0.702292,2.0184,136.56,0.0157,4.502506
232100,116050,9.478709e-5,0.715966,2.0462,178.10,0.0178,4.576579
232200,116100,9.478268e-5,0.694289,2.0023,146.13,0.0156,4.437799
232300,116150,9.477827e-5,0.710797,2.0356,152.48,0.0152,4.601812
232400,116200,9.477387e-5,0.721692,2.0579,144.74,0.0159,4.600398
232500,116250,9.4769464e-5,0.707437,2.0288,167.47,0.0151,4.523034
232600,116300,9.476504e-5,0.681826,1.9775,145.62,0.0157,4.297140
232700,116350,9.476063e-5,0.697164,2.0081,173.57,0.0151,4.447739
232800,116400,9.475622e-5,0.722070,2.0587,121.61,0.0161,4.648979
232900,116450,9.47518e-5,0.697437,2.0086,138.79,0.0156,4.452109
233000,116500,9.4747375e-5,0.692506,1.9987,193.80,0.0156,4.402248
233100,116550,9.4742965e-5,0.698199,2.0101,172.77,0.0180,4.501742
233200,116600,9.473854e-5,0.711991,2.0380,145.82,0.0155,4.508081
233300,116650,9.473412e-5,0.721641,2.0578,199.01,0.0155,4.594184
233400,116700,9.4729694e-5,0.701063,2.0159,159.08,0.0154,4.441232
233500,116750,9.472527e-5,0.690338,1.9944,147.40,0.0155,4.398983
233600,116800,9.472083e-5,0.695856,2.0054,144.41,0.0156,4.425171
233700,116850,9.471641e-5,0.696512,2.0067,135.62,0.0159,4.432818
233800,116900,9.471197e-5,0.673953,1.9620,155.72,0.0152,4.368956
233900,116950,9.4707546e-5,0.693384,2.0005,149.79,0.0154,4.405810
234000,117000,9.470311e-5,0.717063,2.0484,145.88,0.0164,4.550831
234100,117050,9.469867e-5,0.715741,2.0457,188.96,0.0171,4.528140
234200,117100,9.469423e-5,0.716281,2.0468,166.62,0.0154,4.486594
234300,117150,9.468978e-5,0.705636,2.0251,147.09,0.0160,4.499187
234400,117200,9.468534e-5,0.715022,2.0442,149.32,0.0155,4.536498
234500,117250,9.46809e-5,0.713118,2.0403,150.79,0.0158,4.542942
234600,117300,9.467646e-5,0.742775,2.1018,184.98,0.0152,4.657804
234700,117350,9.467201e-5,0.720082,2.0546,135.08,0.0158,4.570306
234800,117400,9.466756e-5,0.717687,2.0497,160.61,0.0153,4.550782
234900,117450,9.4663104e-5,0.670989,1.9562,160.04,0.0152,4.309654
235000,117500,9.465865e-5,0.696422,2.0066,159.88,0.0159,4.446669
235100,117550,9.46542e-5,0.675933,1.9659,174.24,0.0174,4.344505
235200,117600,9.4649746e-5,0.672795,1.9597,158.38,0.0158,4.315704
235300,117650,9.464529e-5,0.692690,1.9991,164.50,0.0160,4.494563
235400,117700,9.4640825e-5,0.706764,2.0274,149.65,0.0155,4.507781
235500,117750,9.463637e-5,0.691589,1.9969,141.44,0.0152,4.477967
235600,117800,9.4631905e-5,0.693140,2.0000,172.12,0.0149,4.474538
235700,117850,9.462744e-5,0.704261,2.0224,154.39,0.0155,4.535493
235800,117900,9.462297e-5,0.678264,1.9705,142.32,0.0152,4.394541
235900,117950,9.46185e-5,0.703479,2.0208,165.62,0.0156,4.503349
236000,118000,9.4614035e-5,0.693939,2.0016,156.28,0.0160,4.451395
236100,118050,9.460955e-5,0.695583,2.0049,188.25,0.0171,4.474388
236200,118100,9.4605086e-5,0.704095,2.0220,194.44,0.0149,4.551140
236300,118150,9.460062e-5,0.710689,2.0354,145.82,0.0156,4.551950
236400,118200,9.459614e-5,0.683303,1.9804,145.51,0.0159,4.395197
236500,118250,9.4591654e-5,0.695519,2.0047,154.66,0.0156,4.426321
236600,118300,9.458717e-5,0.714406,2.0430,170.99,0.0151,4.566914
236700,118350,9.458269e-5,0.680430,1.9747,168.58,0.0151,4.398977
236800,118400,9.457821e-5,0.674083,1.9622,137.22,0.0157,4.314080
236900,118450,9.457373e-5,0.681822,1.9775,173.02,0.0151,4.388523
237000,118500,9.456923e-5,0.731123,2.0774,159.05,0.0163,4.618035
237100,118550,9.456475e-5,0.718530,2.0514,142.42,0.0190,4.565259
237200,118600,9.456025e-5,0.688430,1.9906,147.83,0.0159,4.355628
237300,118650,9.4555755e-5,0.709586,2.0331,151.24,0.0155,4.539551
237400,118700,9.455126e-5,0.673514,1.9611,171.99,0.0152,4.338313
237500,118750,9.454678e-5,0.698673,2.0111,153.21,0.0154,4.445330
237600,118800,9.454228e-5,0.728411,2.0718,220.30,0.0154,4.532828
237700,118850,9.453777e-5,0.687457,1.9887,170.97,0.0156,4.405674
237800,118900,9.453327e-5,0.694924,2.0036,166.95,0.0152,4.436115
237900,118950,9.452876e-5,0.707315,2.0285,170.47,0.0149,4.565018
238000,119000,9.4524265e-5,0.660710,1.9362,152.91,0.0155,4.279933
238100,119050,9.451975e-5,0.684948,1.9837,182.72,0.0175,4.358336
238200,119100,9.451524e-5,0.683190,1.9802,163.29,0.0155,4.381202
238300,119150,9.451073e-5,0.662296,1.9392,185.61,0.0159,4.260216
238400,119200,9.450622e-5,0.703373,2.0206,153.29,0.0155,4.495306
238500,119250,9.450171e-5,0.695610,2.0049,147.20,0.0158,4.480546
238600,119300,9.44972e-5,0.685917,1.9856,166.50,0.0151,4.421975
238700,119350,9.449269e-5,0.728088,2.0711,146.50,0.0162,4.617466
238800,119400,9.448816e-5,0.678063,1.9701,140.00,0.0157,4.347533
238900,119450,9.4483636e-5,0.700108,2.0140,132.46,0.0158,4.458957
239000,119500,9.4479125e-5,0.699218,2.0122,151.46,0.0156,4.463845
239100,119550,9.44746e-5,0.678965,1.9718,178.25,0.0175,4.363973
239200,119600,9.447007e-5,0.677140,1.9682,163.42,0.0153,4.354899
239300,119650,9.446555e-5,0.700055,2.0139,155.83,0.0155,4.465602
239400,119700,9.446101e-5,0.695436,2.0046,181.10,0.0158,4.420727
239500,119750,9.445648e-5,0.711421,2.0369,140.45,0.0158,4.500222
239600,119800,9.445194e-5,0.696083,2.0059,164.63,0.0154,4.490841
239700,119850,9.4447416e-5,0.697238,2.0082,152.76,0.0154,4.419048
239800,119900,9.4442876e-5,0.722624,2.0598,155.75,0.0156,4.587168
239900,119950,9.443835e-5,0.681218,1.9763,172.19,0.0157,4.383790
240000,120000,9.4433795e-5,0.706564,2.0270,137.11,0.0159,4.455893
240100,120050,9.4429255e-5,0.712206,2.0385,179.41,0.0177,4.576944
240200,120100,9.4424715e-5,0.696289,2.0063,162.96,0.0158,4.401548
240300,120150,9.4420175e-5,0.686021,1.9858,147.72,0.0154,4.392979
240400,120200,9.441562e-5,0.711515,2.0371,187.25,0.0158,4.513981
240500,120250,9.441108e-5,0.711781,2.0376,166.16,0.0155,4.476202
240600,120300,9.4406525e-5,0.708897,2.0317,164.04,0.0158,4.454293
240700,120350,9.440197e-5,0.696640,2.0070,147.66,0.0156,4.471851
240800,120400,9.439743e-5,0.691806,1.9973,165.33,0.0151,4.411320
240900,120450,9.439286e-5,0.689141,1.9920,135.06,0.0155,4.430212
241000,120500,9.4388306e-5,0.715911,2.0461,177.17,0.0151,4.534284
241100,120550,9.438375e-5,0.699187,2.0121,164.57,0.0180,4.477392
241200,120600,9.43792e-5,0.685613,1.9850,136.19,0.0157,4.393882
241300,120650,9.437463e-5,0.681966,1.9778,152.71,0.0158,4.357160
241400,120700,9.437007e-5,0.686742,1.9872,164.71,0.0156,4.395841
241500,120750,9.43655e-5,0.688961,1.9916,161.85,0.0150,4.437366
241600,120800,9.4360934e-5,0.684930,1.9836,151.11,0.0157,4.375692
241700,120850,9.4356365e-5,0.688075,1.9899,161.94,0.0153,4.413377
241800,120900,9.4351795e-5,0.702110,2.0180,147.49,0.0159,4.552125
241900,120950,9.4347226e-5,0.721906,2.0584,162.95,0.0159,4.634787
242000,121000,9.434264e-5,0.691606,1.9969,138.63,0.0157,4.395274
242100,121050,9.433807e-5,0.716170,2.0466,167.56,0.0178,4.582722
242200,121100,9.433349e-5,0.692096,1.9979,163.59,0.0150,4.492403
242300,121150,9.432892e-5,0.693838,2.0014,137.55,0.0155,4.448501
242400,121200,9.4324336e-5,0.696686,2.0071,169.05,0.0158,4.449630
242500,121250,9.431975e-5,0.684185,1.9822,141.55,0.0155,4.421896
242600,121300,9.431517e-5,0.689465,1.9926,172.19,0.0158,4.408922
242700,121350,9.4310584e-5,0.669212,1.9527,181.11,0.0149,4.290689
242800,121400,9.4306e-5,0.704876,2.0236,157.35,0.0160,4.485717
242900,121450,9.43014e-5,0.687432,1.9886,149.60,0.0155,4.399614
243000,121500,9.42968e-5,0.663427,1.9414,135.56,0.0162,4.314994
243100,121550,9.429222e-5,0.710589,2.0352,153.92,0.0186,4.518748
243200,121600,9.428762e-5,0.712670,2.0394,132.53,0.0159,4.542165
243300,121650,9.428302e-5,0.693298,2.0003,172.31,0.0151,4.425797
243400,121700,9.4278425e-5,0.691659,1.9970,133.72,0.0157,4.424111
243500,121750,9.4273826e-5,0.671884,1.9579,153.72,0.0151,4.326616
243600,121800,9.426923e-5,0.701291,2.0164,183.21,0.0151,4.503996
243700,121850,9.426463e-5,0.698609,2.0110,171.92,0.0153,4.447440
243800,121900,9.4260016e-5,0.692108,1.9979,144.60,0.0157,4.392327
243900,121950,9.425542e-5,0.722960,2.0605,152.96,0.0157,4.573295
244000,122000,9.4250805e-5,0.719704,2.0538,158.08,0.0153,4.558156
244100,122050,9.424619e-5,0.703669,2.0212,182.19,0.0175,4.544158
244200,122100,9.424158e-5,0.675950,1.9659,168.07,0.0154,4.373693
244300,122150,9.4236966e-5,0.674317,1.9627,165.97,0.0152,4.289452
244400,122200,9.423235e-5,0.692691,1.9991,138.31,0.0157,4.440177
244500,122250,9.422774e-5,0.678745,1.9714,139.60,0.0153,4.368212
244600,122300,9.422311e-5,0.703582,2.0210,151.82,0.0152,4.515569
244700,122350,9.42185e-5,0.701070,2.0159,155.47,0.0157,4.463595
244800,122400,9.421387e-5,0.699987,2.0137,138.91,0.0158,4.488232
244900,122450,9.4209245e-5,0.691750,1.9972,159.60,0.0152,4.401516
245000,122500,9.420462e-5,0.711179,2.0364,155.70,0.0153,4.566220
245100,122550,9.419999e-5,0.688367,1.9905,166.55,0.0182,4.405859
245200,122600,9.419536e-5,0.681048,1.9759,163.27,0.0152,4.354339
245300,122650,9.4190735e-5,0.683168,1.9801,139.76,0.0157,4.357176
245400,122700,9.418609e-5,0.717376,2.0490,157.45,0.0159,4.548207
245500,122750,9.4181465e-5,0.663663,1.9419,175.75,0.0150,4.249972
245600,122800,9.417682e-5,0.720124,2.0547,169.00,0.0155,4.585757
245700,122850,9.4172196e-5,0.702075,2.0179,151.75,0.0154,4.480472
245800,122900,9.416755e-5,0.698487,2.0107,143.49,0.0158,4.435667
245900,122950,9.416291e-5,0.708135,2.0302,130.98,0.0157,4.560640
246000,123000,9.415827e-5,0.685229,1.9842,161.35,0.0155,4.369802
246100,123050,9.415363e-5,0.694879,2.0035,201.35,0.0173,4.403442
246200,123100,9.414897e-5,0.693953,2.0016,154.13,0.0154,4.424631
246300,123150,9.414433e-5,0.678497,1.9709,145.04,0.0157,4.319401
246400,123200,9.413969e-5,0.725620,2.0660,181.46,0.0151,4.612640
246500,123250,9.413503e-5,0.702999,2.0198,159.90,0.0155,4.411733
246600,123300,9.413037e-5,0.702780,2.0194,145.19,0.0160,4.499157
246700,123350,9.412572e-5,0.700585,2.0149,141.49,0.0155,4.513261
246800,123400,9.412106e-5,0.717415,2.0491,137.15,0.0157,4.532483
246900,123450,9.41164e-5,0.717401,2.0491,136.33,0.0158,4.562242
247000,123500,9.411175e-5,0.682626,1.9791,148.29,0.0154,4.405293
247100,123550,9.4107076e-5,0.689410,1.9925,158.15,0.0183,4.368312
247200,123600,9.410242e-5,0.695894,2.0055,137.61,0.0156,4.476764
247300,123650,9.409776e-5,0.661850,1.9384,185.49,0.0149,4.229545
247400,123700,9.409309e-5,0.701276,2.0163,157.87,0.0155,4.537247
247500,123750,9.408842e-5,0.702720,2.0192,171.46,0.0151,4.487320
247600,123800,9.408375e-5,0.695768,2.0052,148.62,0.0155,4.429020
247700,123850,9.407908e-5,0.713518,2.0412,175.22,0.0158,4.495788
247800,123900,9.407441e-5,0.719956,2.0543,158.53,0.0153,4.562485
247900,123950,9.406972e-5,0.681457,1.9768,160.56,0.0152,4.378416
248000,124000,9.406505e-5,0.682269,1.9784,164.76,0.0156,4.390410
248100,124050,9.406038e-5,0.696268,2.0063,215.63,0.0168,4.389425
248200,124100,9.405569e-5,0.698582,2.0109,175.20,0.0158,4.404243
248300,124150,9.405101e-5,0.688573,1.9909,145.74,0.0155,4.445104
248400,124200,9.404632e-5,0.697572,2.0089,172.37,0.0149,4.462216
248500,124250,9.4041636e-5,0.712293,2.0387,147.15,0.0156,4.503180
248600,124300,9.403695e-5,0.696380,2.0065,139.49,0.0155,4.476146
248700,124350,9.4032264e-5,0.703309,2.0204,188.39,0.0156,4.460865
248800,124400,9.4027564e-5,0.698979,2.0117,196.86,0.0150,4.477527
248900,124450,9.402288e-5,0.700591,2.0149,138.71,0.0158,4.449666
249000,124500,9.401818e-5,0.717668,2.0496,170.03,0.0154,4.558162
249100,124550,9.401349e-5,0.688952,1.9916,194.85,0.0177,4.399416
249200,124600,9.400879e-5,0.689388,1.9925,161.29,0.0154,4.387071
249300,124650,9.400409e-5,0.688060,1.9899,172.62,0.0154,4.409694
249400,124700,9.399939e-5,0.697549,2.0088,176.76,0.0150,4.462943
249500,124750,9.399469e-5,0.683832,1.9815,157.81,0.0155,4.409012
249600,124800,9.398998e-5,0.709463,2.0329,154.66,0.0153,4.621246
249700,124850,9.3985276e-5,0.682271,1.9784,176.65,0.0151,4.350969
249800,124900,9.398056e-5,0.680286,1.9744,149.32,0.0162,4.391560
249900,124950,9.397586e-5,0.716448,2.0471,160.88,0.0155,4.533523
250000,125000,9.3971146e-5,0.697235,2.0082,157.42,0.0158,4.475201
250100,125050,9.396643e-5,0.733680,2.0827,168.06,0.0184,4.676804
250200,125100,9.396172e-5,0.682368,1.9786,134.56,0.0157,4.354729
250300,125150,9.3957e-5,0.661245,1.9372,168.33,0.0157,4.262248
250400,125200,9.395229e-5,0.674662,1.9634,143.60,0.0154,4.349880
250500,125250,9.394756e-5,0.701839,2.0175,142.41,0.0157,4.460498
250600,125300,9.394284e-5,0.683195,1.9802,159.74,0.0151,4.422976
250700,125350,9.393811e-5,0.692313,1.9983,148.69,0.0161,4.374680
250800,125400,9.39334e-5,0.679908,1.9737,172.63,0.0155,4.366944
250900,125450,9.3928655e-5,0.697418,2.0086,144.42,0.0157,4.415992
251000,125500,9.392394e-5,0.690118,1.9940,161.87,0.0155,4.392473
251100,125550,9.391921e-5,0.705109,2.0241,175.22,0.0178,4.534905
251200,125600,9.391447e-5,0.676044,1.9661,171.42,0.0154,4.331656
251300,125650,9.390974e-5,0.695538,2.0048,176.65,0.0156,4.452008
251400,125700,9.390501e-5,0.685139,1.9840,185.12,0.0150,4.419688
251500,125750,9.3900264e-5,0.677325,1.9686,178.65,0.0152,4.345439
251600,125800,9.3895535e-5,0.698327,2.0104,144.11,0.0155,4.449548
251700,125850,9.389079e-5,0.682562,1.9789,158.51,0.0154,4.349500
251800,125900,9.388605e-5,0.689150,1.9920,120.93,0.0162,4.394938
251900,125950,9.38813e-5,0.650094,1.9157,170.98,0.0156,4.171728
252000,126000,9.387656e-5,0.714636,2.0434,165.85,0.0159,4.544359
252100,126050,9.3871815e-5,0.696003,2.0057,197.33,0.0170,4.432331
252200,126100,9.386706e-5,0.656772,1.9286,197.47,0.0151,4.288767
252300,126150,9.386231e-5,0.684111,1.9820,136.72,0.0156,4.388055
252400,126200,9.3857554e-5,0.743039,2.1023,138.86,0.0156,4.746725
252500,126250,9.3852796e-5,0.707734,2.0294,153.43,0.0156,4.487597
252600,126300,9.384804e-5,0.669058,1.9524,160.56,0.0156,4.268331
252700,126350,9.384329e-5,0.696695,2.0071,149.25,0.0154,4.486644
252800,126400,9.383852e-5,0.684457,1.9827,142.03,0.0155,4.395551
252900,126450,9.383376e-5,0.717266,2.0488,127.33,0.0163,4.518855
253000,126500,9.3829e-5,0.697113,2.0079,147.97,0.0155,4.458291
253100,126550,9.382423e-5,0.693546,2.0008,189.34,0.0179,4.383572
253200,126600,9.381947e-5,0.692495,1.9987,155.56,0.0152,4.438704
253300,126650,9.381471e-5,0.694266,2.0022,164.10,0.0161,4.496634
253400,126700,9.380994e-5,0.695086,2.0039,133.49,0.0159,4.434974
253500,126750,9.380517e-5,0.693366,2.0004,127.74,0.0162,4.418301
253600,126800,9.3800394e-5,0.688755,1.9912,151.12,0.0152,4.412640
253700,126850,9.379562e-5,0.720768,2.0560,188.57,0.0150,4.557263
253800,126900,9.379083e-5,0.698533,2.0108,157.51,0.0159,4.441092
253900,126950,9.378606e-5,0.680109,1.9741,158.10,0.0154,4.382832
254000,127000,9.378129e-5,0.676684,1.9673,150.33,0.0152,4.389763
254100,127050,9.37765e-5,0.685935,1.9856,180.09,0.0180,4.371933
254200,127100,9.377171e-5,0.736487,2.0886,279.68,0.0148,4.661346
254300,127150,9.376694e-5,0.702937,2.0197,144.87,0.0159,4.487107
254400,127200,9.376215e-5,0.683532,1.9809,153.42,0.0155,4.356619
254500,127250,9.3757364e-5,0.692230,1.9982,160.89,0.0153,4.443106
254600,127300,9.375256e-5,0.693457,2.0006,141.93,0.0157,4.447423
254700,127350,9.3747774e-5,0.718023,2.0504,195.16,0.0149,4.563665
254800,127400,9.374299e-5,0.695311,2.0043,160.48,0.0154,4.421972
254900,127450,9.3738185e-5,0.676856,1.9677,134.11,0.0158,4.376467
255000,127500,9.37334e-5,0.733573,2.0825,188.53,0.0151,4.668957
255100,127550,9.3728595e-5,0.694159,2.0020,175.91,0.0176,4.439905
255200,127600,9.372379e-5,0.713495,2.0411,159.63,0.0155,4.515069
255300,127650,9.371899e-5,0.674885,1.9638,154.06,0.0154,4.342954
255400,127700,9.371419e-5,0.686747,1.9872,136.57,0.0159,4.376644
255500,127750,9.370939e-5,0.708522,2.0310,201.36,0.0148,4.541173
255600,127800,9.3704584e-5,0.688997,1.9917,155.39,0.0156,4.388175
255700,127850,9.369977e-5,0.687923,1.9896,186.61,0.0150,4.406662
255800,127900,9.369495e-5,0.715326,2.0449,178.45,0.0152,4.549789
255900,127950,9.369015e-5,0.698658,2.0111,165.48,0.0157,4.425408
256000,128000,9.368533e-5,0.688440,1.9906,141.58,0.0155,4.391338
256100,128050,9.3680515e-5,0.699210,2.0122,194.00,0.0175,4.484518
256200,128100,9.36757e-5,0.696453,2.0066,165.91,0.0152,4.446379
256300,128150,9.367088e-5,0.686352,1.9865,150.44,0.0156,4.455227
256400,128200,9.3666065e-5,0.693754,2.0012,174.70,0.0151,4.477086
256500,128250,9.3661234e-5,0.706169,2.0262,160.89,0.0153,4.502665
256600,128300,9.365642e-5,0.682259,1.9783,179.98,0.0153,4.363248
256700,128350,9.3651586e-5,0.710335,2.0347,140.45,0.0158,4.539412
256800,128400,9.3646755e-5,0.730049,2.0752,144.66,0.0161,4.584050
256900,128450,9.364194e-5,0.672163,1.9585,158.38,0.0154,4.287169
257000,128500,9.363711e-5,0.736722,2.0891,173.94,0.0153,4.676484
257100,128550,9.363226e-5,0.707055,2.0280,198.51,0.0172,4.469006
257200,128600,9.362743e-5,0.707723,2.0294,153.93,0.0155,4.488867
257300,128650,9.36226e-5,0.718752,2.0519,151.73,0.0158,4.593753
257400,128700,9.361775e-5,0.700730,2.0152,137.90,0.0158,4.451686
257500,128750,9.361292e-5,0.681201,1.9763,176.34,0.0154,4.384700
257600,128800,9.3608076e-5,0.696942,2.0076,164.19,0.0157,4.433452
257700,128850,9.3603245e-5,0.666683,1.9478,148.34,0.0157,4.231450
257800,128900,9.35984e-5,0.668967,1.9522,151.64,0.0160,4.260450
257900,128950,9.359354e-5,0.683902,1.9816,154.64,0.0153,4.368319
258000,129000,9.358871e-5,0.663470,1.9415,157.66,0.0155,4.265039
258100,129050,9.358385e-5,0.693933,2.0016,168.20,0.0180,4.424382
258200,129100,9.3579e-5,0.720317,2.0551,150.30,0.0156,4.547992
258300,129150,9.357414e-5,0.673319,1.9607,172.27,0.0158,4.287528
258400,129200,9.3569295e-5,0.693457,2.0006,129.82,0.0159,4.461526
258500,129250,9.3564435e-5,0.669424,1.9531,157.38,0.0159,4.308962
258600,129300,9.3559574e-5,0.681582,1.9770,169.55,0.0152,4.335220
258700,129350,9.3554714e-5,0.698137,2.0100,164.70,0.0153,4.421909
258800,129400,9.3549854e-5,0.683044,1.9799,154.35,0.0154,4.362643
258900,129450,9.354499e-5,0.684101,1.9820,148.00,0.0154,4.387746
259000,129500,9.354013e-5,0.673016,1.9601,184.69,0.0150,4.369646
259100,129550,9.353527e-5,0.664812,1.9441,160.21,0.0179,4.286672
259200,129600,9.35304e-5,0.676417,1.9668,149.74,0.0157,4.353226
259300,129650,9.352552e-5,0.670618,1.9554,146.28,0.0156,4.324780
259400,129700,9.352065e-5,0.666407,1.9472,165.29,0.0152,4.273207
259500,129750,9.351579e-5,0.668755,1.9518,145.97,0.0155,4.322798
259600,129800,9.351091e-5,0.665723,1.9459,160.61,0.0152,4.338621
259700,129850,9.350602e-5,0.682977,1.9798,170.42,0.0156,4.393268
259800,129900,9.350115e-5,0.675982,1.9660,159.84,0.0153,4.319885
259900,129950,9.349627e-5,0.707548,2.0290,177.15,0.0156,4.489322
260000,130000,9.34914e-5,0.698514,2.0108,166.84,0.0153,4.514071
260100,130050,9.348651e-5,0.683553,1.9809,174.58,0.0177,4.352042
260200,130100,9.348162e-5,0.677818,1.9696,161.37,0.0156,4.356044
260300,130150,9.3476745e-5,0.688209,1.9901,151.20,0.0156,4.408873
260400,130200,9.347184e-5,0.703486,2.0208,126.80,0.0160,4.445215
260500,130250,9.3466966e-5,0.681063,1.9760,163.38,0.0153,4.366742
260600,130300,9.346206e-5,0.647478,1.9107,155.87,0.0151,4.184250
260700,130350,9.345717e-5,0.704783,2.0234,148.98,0.0159,4.445387
260800,130400,9.345228e-5,0.698187,2.0101,195.19,0.0152,4.484880
260900,130450,9.344738e-5,0.702536,2.0189,163.34,0.0158,4.447206
261000,130500,9.344249e-5,0.690605,1.9949,147.98,0.0156,4.436486
261100,130550,9.3437586e-5,0.678778,1.9715,174.45,0.0178,4.354232
261200,130600,9.343268e-5,0.705163,2.0242,158.13,0.0156,4.466120
261300,130650,9.342778e-5,0.644454,1.9049,198.76,0.0150,4.145599
261400,130700,9.3422874e-5,0.671258,1.9567,143.94,0.0156,4.247154
261500,130750,9.341797e-5,0.690520,1.9948,129.30,0.0159,4.408503
261600,130800,9.3413066e-5,0.695265,2.0042,156.70,0.0162,4.455289
261700,130850,9.340815e-5,0.673841,1.9618,171.18,0.0150,4.343524
261800,130900,9.340324e-5,0.711408,2.0369,161.38,0.0154,4.558064
261900,130950,9.3398325e-5,0.664448,1.9434,169.78,0.0154,4.327317
262000,131000,9.3393406e-5,0.691551,1.9968,169.32,0.0151,4.384463
262100,131050,9.33885e-5,0.693138,2.0000,173.30,0.0179,4.425208
262200,131100,9.338357e-5,0.700834,2.0154,136.82,0.0158,4.428739
262300,131150,9.337865e-5,0.697657,2.0090,144.05,0.0156,4.475860
262400,131200,9.337373e-5,0.689516,1.9928,143.23,0.0156,4.403900
262500,131250,9.336881e-5,0.656925,1.9289,140.87,0.0158,4.211711
262600,131300,9.336388e-5,0.712676,2.0394,170.23,0.0152,4.498242
262700,131350,9.335896e-5,0.703513,2.0208,153.41,0.0157,4.439740
262800,131400,9.335403e-5,0.660511,1.9358,160.36,0.0153,4.229696
262900,131450,9.3349096e-5,0.677922,1.9698,155.29,0.0154,4.331755
263000,131500,9.334416e-5,0.692648,1.9990,140.56,0.0160,4.436756
263100,131550,9.333923e-5,0.665494,1.9455,154.06,0.0184,4.280824
263200,131600,9.3334296e-5,0.690564,1.9948,165.80,0.0154,4.408057
263300,131650,9.332936e-5,0.704806,2.0235,164.19,0.0158,4.466584
263400,131700,9.3324416e-5,0.669834,1.9539,147.27,0.0151,4.337010
263500,131750,9.331948e-5,0.698627,2.0110,153.47,0.0157,4.463813
263600,131800,9.3314535e-5,0.673719,1.9615,162.93,0.0152,4.287656
263700,131850,9.33096e-5,0.702526,2.0188,136.39,0.0156,4.457504
263800,131900,9.3304654e-5,0.697350,2.0084,159.07,0.0152,4.438556
263900,131950,9.3299706e-5,0.697423,2.0086,176.75,0.0154,4.458502
264000,132000,9.329476e-5,0.687288,1.9883,200.08,0.0154,4.388415
264100,132050,9.32898e-5,0.716085,2.0464,196.27,0.0173,4.568777
264200,132100,9.328485e-5,0.699390,2.0125,165.42,0.0157,4.508004
264300,132150,9.32799e-5,0.710155,2.0343,153.23,0.0155,4.510787
264400,132200,9.327494e-5,0.712429,2.0389,148.44,0.0162,4.532469
264500,132250,9.326999e-5,0.683605,1.9810,164.04,0.0150,4.374071
264600,132300,9.326503e-5,0.692050,1.9978,169.06,0.0154,4.440579
264700,132350,9.326007e-5,0.695456,2.0046,166.64,0.0160,4.411476
264800,132400,9.3255105e-5,0.674190,1.9624,161.53,0.0155,4.298762
264900,132450,9.325014e-5,0.689263,1.9922,144.83,0.0156,4.412204
265000,132500,9.3245166e-5,0.670194,1.9546,161.95,0.0153,4.291133
265100,132550,9.32402e-5,0.670858,1.9559,210.57,0.0167,4.287025
265200,132600,9.323523e-5,0.680607,1.9751,149.16,0.0157,4.364547
265300,132650,9.3230265e-5,0.700825,2.0154,144.83,0.0155,4.450638
265400,132700,9.322529e-5,0.664010,1.9426,169.06,0.0154,4.284222
265500,132750,9.3220326e-5,0.717187,2.0487,140.32,0.0157,4.528629
265600,132800,9.321535e-5,0.687993,1.9897,168.65,0.0157,4.381372
265700,132850,9.321036e-5,0.704562,2.0230,161.32,0.0161,4.486230
265800,132900,9.320538e-5,0.704783,2.0234,193.80,0.0153,4.469885
265900,132950,9.3200404e-5,0.679469,1.9728,159.20,0.0158,4.335062
266000,133000,9.319543e-5,0.685248,1.9843,156.16,0.0152,4.407491
266100,133050,9.3190436e-5,0.711847,2.0378,200.24,0.0175,4.565710
266200,133100,9.318546e-5,0.671695,1.9576,183.15,0.0155,4.314148
266300,133150,9.318047e-5,0.693620,2.0009,144.89,0.0157,4.421785
266400,133200,9.317548e-5,0.668623,1.9515,163.67,0.0153,4.316295
266500,133250,9.3170485e-5,0.700323,2.0144,141.34,0.0157,4.454457
266600,133300,9.3165494e-5,0.673220,1.9605,151.70,0.0160,4.285384
266700,133350,9.31605e-5,0.680079,1.9740,151.41,0.0154,4.418846
266800,133400,9.315551e-5,0.696206,2.0061,140.00,0.0154,4.493881
266900,133450,9.3150506e-5,0.670374,1.9550,153.92,0.0156,4.320135
267000,133500,9.3145514e-5,0.692981,1.9997,145.34,0.0157,4.399240
267100,133550,9.314051e-5,0.690595,1.9949,187.18,0.0178,4.412003
267200,133600,9.31355e-5,0.689370,1.9925,140.13,0.0156,4.413741
267300,133650,9.31305e-5,0.661683,1.9381,151.88,0.0153,4.263752
267400,133700,9.312549e-5,0.697354,2.0084,142.28,0.0155,4.523455
267500,133750,9.3120485e-5,0.671529,1.9572,165.07,0.0155,4.336603
267600,133800,9.311548e-5,0.687514,1.9888,152.87,0.0157,4.403906
267700,133850,9.311047e-5,0.685553,1.9849,144.09,0.0156,4.358199
267800,133900,9.310545e-5,0.682456,1.9787,148.93,0.0151,4.377237
267900,133950,9.310045e-5,0.733598,2.0826,175.80,0.0152,4.651048
268000,134000,9.309543e-5,0.731049,2.0773,209.06,0.0152,4.582459
268100,134050,9.3090406e-5,0.669050,1.9524,165.64,0.0177,4.293648
268200,134100,9.3085386e-5,0.703686,2.0212,193.73,0.0149,4.474501
268300,134150,9.3080365e-5,0.706418,2.0267,170.56,0.0154,4.487822
268400,134200,9.3075345e-5,0.688883,1.9915,165.01,0.0157,4.376439
268500,134250,9.3070325e-5,0.682505,1.9788,158.78,0.0152,4.329256
268600,134300,9.306529e-5,0.688497,1.9907,141.29,0.0158,4.366955
268700,134350,9.306027e-5,0.666993,1.9484,176.34,0.0149,4.284541
268800,134400,9.3055234e-5,0.682286,1.9784,177.94,0.0156,4.414645
268900,134450,9.30502e-5,0.703566,2.0209,140.24,0.0158,4.463196
269000,134500,9.304518e-5,0.687623,1.9890,140.55,0.0155,4.418417
269100,134550,9.3040144e-5,0.675999,1.9660,182.83,0.0175,4.322793
269200,134600,9.303511e-5,0.727642,2.0702,193.28,0.0153,4.613222
269300,134650,9.303006e-5,0.695000,2.0037,148.63,0.0158,4.399631
269400,134700,9.3025024e-5,0.682698,1.9792,156.51,0.0153,4.365222
269500,134750,9.301999e-5,0.707433,2.0288,254.06,0.0146,4.540949
269600,134800,9.301494e-5,0.709084,2.0321,169.12,0.0158,4.501860
269700,134850,9.300989e-5,0.686097,1.9859,152.45,0.0156,4.399515
269800,134900,9.3004855e-5,0.678260,1.9704,143.39,0.0157,4.325357
269900,134950,9.2999806e-5,0.697493,2.0087,159.95,0.0157,4.465351
270000,135000,9.299476e-5,0.709817,2.0336,138.85,0.0156,4.517114
270100,135050,9.298971e-5,0.645537,1.9070,169.60,0.0180,4.149736
270200,135100,9.298466e-5,0.669965,1.9542,154.44,0.0151,4.362192
270300,135150,9.297959e-5,0.677570,1.9691,178.16,0.0154,4.311867
270400,135200,9.2974544e-5,0.686899,1.9875,135.70,0.0157,4.410038
270500,135250,9.296948e-5,0.688247,1.9902,144.49,0.0156,4.357829
270600,135300,9.296443e-5,0.671741,1.9576,146.35,0.0156,4.292502
270700,135350,9.2959366e-5,0.677127,1.9682,147.85,0.0153,4.340673
270800,135400,9.29543e-5,0.686597,1.9869,120.97,0.0159,4.429178
270900,135450,9.294924e-5,0.686614,1.9870,173.28,0.0150,4.398074
271000,135500,9.2944174e-5,0.693520,2.0007,157.99,0.0155,4.436476
271100,135550,9.293911e-5,0.678834,1.9716,161.92,0.0184,4.316456
271200,135600,9.293403e-5,0.657263,1.9295,170.26,0.0155,4.257063
271300,135650,9.292897e-5,0.674317,1.9627,162.96,0.0153,4.308187
271400,135700,9.292389e-5,0.676616,1.9672,145.68,0.0156,4.306287
271500,135750,9.2918825e-5,0.692867,1.9994,153.84,0.0154,4.401840
271600,135800,9.2913746e-5,0.691263,1.9962,175.82,0.0150,4.430530
271700,135850,9.290867e-5,0.712737,2.0396,142.61,0.0160,4.515106
271800,135900,9.290359e-5,0.696124,2.0060,158.71,0.0153,4.433607
271900,135950,9.289851e-5,0.675719,1.9654,153.98,0.0157,4.304288
272000,136000,9.289342e-5,0.708681,2.0313,157.69,0.0154,4.549887
272100,136050,9.288834e-5,0.700575,2.0149,206.16,0.0170,4.464074
272200,136100,9.288326e-5,0.677915,1.9698,173.72,0.0157,4.345213
272300,136150,9.287817e-5,0.672905,1.9599,168.94,0.0153,4.310640
272400,136200,9.287307e-5,0.664112,1.9428,162.12,0.0153,4.287670
272500,136250,9.286798e-5,0.689499,1.9927,131.21,0.0157,4.462350
272600,136300,9.286289e-5,0.706975,2.0278,150.75,0.0152,4.489191
272700,136350,9.2857794e-5,0.671952,1.9581,149.92,0.0152,4.332008
272800,136400,9.28527e-5,0.671539,1.9572,142.24,0.0155,4.324042
272900,136450,9.284761e-5,0.703266,2.0203,133.41,0.0167,4.424965
273000,136500,9.28425e-5,0.697785,2.0093,149.92,0.0153,4.451329
273100,136550,9.283741e-5,0.684847,1.9835,186.96,0.0173,4.385537
273200,136600,9.28323e-5,0.697803,2.0093,153.08,0.0156,4.489028
273300,136650,9.2827206e-5,0.659516,1.9339,176.43,0.0152,4.260069
273400,136700,9.28221e-5,0.679462,1.9728,144.03,0.0158,4.367076
273500,136750,9.281699e-5,0.696496,2.0067,147.39,0.0154,4.459471
273600,136800,9.281187e-5,0.666572,1.9475,148.45,0.0161,4.276821
273700,136850,9.280676e-5,0.669375,1.9530,143.37,0.0155,4.296952
273800,136900,9.280165e-5,0.687814,1.9894,154.39,0.0154,4.405398
273900,136950,9.2796545e-5,0.697553,2.0088,171.96,0.0152,4.442339
274000,137000,9.279142e-5,0.675188,1.9644,158.70,0.0155,4.284198
274100,137050,9.27863e-5,0.678290,1.9705,195.15,0.0176,4.342209
274200,137100,9.278119e-5,0.684669,1.9831,147.19,0.0156,4.347437
274300,137150,9.277607e-5,0.678405,1.9707,162.63,0.0152,4.351155
274400,137200,9.277095e-5,0.694332,2.0024,134.06,0.0157,4.441428
274500,137250,9.2765826e-5,0.726919,2.0687,183.11,0.0160,4.631094
274600,137300,9.27607e-5,0.682948,1.9797,185.38,0.0154,4.370057
274700,137350,9.275557e-5,0.712729,2.0395,162.80,0.0152,4.550975
274800,137400,9.2750444e-5,0.691039,1.9958,147.60,0.0157,4.395093
274900,137450,9.274531e-5,0.692810,1.9993,154.31,0.0154,4.403915
275000,137500,9.274017e-5,0.674359,1.9628,164.48,0.0155,4.315539
275100,137550,9.273505e-5,0.671726,1.9576,173.15,0.0179,4.350001
275200,137600,9.272991e-5,0.696969,2.0077,152.54,0.0160,4.418148
275300,137650,9.272476e-5,0.706723,2.0273,184.45,0.0157,4.457411
275400,137700,9.271962e-5,0.666337,1.9471,125.42,0.0158,4.292380
275500,137750,9.271449e-5,0.675285,1.9646,170.67,0.0155,4.315332
275600,137800,9.270935e-5,0.683103,1.9800,184.08,0.0154,4.326890
275700,137850,9.27042e-5,0.655005,1.9252,129.67,0.0160,4.217416
275800,137900,9.269906e-5,0.689317,1.9924,160.12,0.0154,4.421873
275900,137950,9.269391e-5,0.679388,1.9727,173.82,0.0151,4.342793
276000,138000,9.268876e-5,0.682799,1.9794,141.64,0.0157,4.378035
276100,138050,9.268361e-5,0.677130,1.9682,155.22,0.0184,4.321380
276200,138100,9.2678456e-5,0.675544,1.9651,153.99,0.0155,4.321866
276300,138150,9.2673305e-5,0.698557,2.0108,135.31,0.0157,4.447896
276400,138200,9.266815e-5,0.704363,2.0226,134.96,0.0162,4.470258
276500,138250,9.266299e-5,0.701256,2.0163,173.51,0.0156,4.458004
276600,138300,9.2657836e-5,0.714112,2.0424,153.94,0.0156,4.514983
276700,138350,9.2652685e-5,0.663255,1.9411,167.35,0.0154,4.265720
276800,138400,9.264752e-5,0.688720,1.9912,140.39,0.0154,4.395625
276900,138450,9.264235e-5,0.658481,1.9319,168.83,0.0153,4.248066
277000,138500,9.263719e-5,0.639436,1.8954,152.45,0.0154,4.108428
277100,138550,9.263202e-5,0.690143,1.9940,172.70,0.0175,4.436584
277200,138600,9.262684e-5,0.664204,1.9429,172.13,0.0159,4.242793
277300,138650,9.2621674e-5,0.696683,2.0071,150.31,0.0155,4.442872
277400,138700,9.261651e-5,0.699453,2.0127,139.12,0.0162,4.438011
277500,138750,9.261133e-5,0.659419,1.9337,167.33,0.0150,4.234599
277600,138800,9.260616e-5,0.722535,2.0596,143.17,0.0159,4.648987
277700,138850,9.260098e-5,0.686917,1.9876,144.83,0.0155,4.381895
277800,138900,9.25958e-5,0.705385,2.0246,131.57,0.0158,4.473248
277900,138950,9.259062e-5,0.673183,1.9605,155.35,0.0154,4.282308
278000,139000,9.258544e-5,0.688659,1.9910,185.61,0.0151,4.407142
278100,139050,9.258026e-5,0.670163,1.9546,159.09,0.0183,4.282126
278200,139100,9.2575065e-5,0.696701,2.0071,176.11,0.0151,4.498561
278300,139150,9.2569884e-5,0.676438,1.9669,136.27,0.0157,4.278147
278400,139200,9.256469e-5,0.687762,1.9893,172.38,0.0153,4.327368
278500,139250,9.255951e-5,0.713887,2.0419,152.85,0.0162,4.578731
278600,139300,9.255431e-5,0.680387,1.9746,151.89,0.0159,4.354162
278700,139350,9.254912e-5,0.683009,1.9798,167.51,0.0150,4.380757
278800,139400,9.254392e-5,0.674315,1.9627,145.06,0.0156,4.281601
278900,139450,9.253873e-5,0.677977,1.9699,148.32,0.0153,4.387263
279000,139500,9.253353e-5,0.698098,2.0099,171.82,0.0154,4.482923
279100,139550,9.252834e-5,0.664777,1.9441,170.91,0.0176,4.269248
279200,139600,9.252313e-5,0.657437,1.9298,166.17,0.0151,4.240486
279300,139650,9.251792e-5,0.699315,2.0124,173.12,0.0151,4.511299
279400,139700,9.2512724e-5,0.714064,2.0423,147.35,0.0157,4.502714
279500,139750,9.2507515e-5,0.665225,1.9449,181.00,0.0152,4.271189
279600,139800,9.2502305e-5,0.660807,1.9364,160.15,0.0160,4.213740
279700,139850,9.2497095e-5,0.659156,1.9332,152.14,0.0154,4.255445
279800,139900,9.2491886e-5,0.670480,1.9552,178.88,0.0154,4.357671
279900,139950,9.2486676e-5,0.665360,1.9452,165.36,0.0152,4.261741
280000,140000,9.248145e-5,0.692748,1.9992,156.77,0.0156,4.392160
280100,140050,9.247624e-5,0.652522,1.9204,199.00,0.0177,4.219489
280200,140100,9.247102e-5,0.689681,1.9931,155.99,0.0155,4.368795
280300,140150,9.246581e-5,0.690195,1.9941,141.24,0.0158,4.394802
280400,140200,9.2460585e-5,0.704022,2.0219,147.93,0.0155,4.510136
280500,140250,9.245536e-5,0.691165,1.9960,181.84,0.0152,4.434073
280600,140300,9.245014e-5,0.685166,1.9841,177.40,0.0158,4.372478
280700,140350,9.24449e-5,0.700830,2.0154,177.44,0.0154,4.434212
280800,140400,9.243967e-5,0.680821,1.9755,154.47,0.0157,4.355289
280900,140450,9.243445e-5,0.708759,2.0315,140.76,0.0157,4.527926
281000,140500,9.2429225e-5,0.712433,2.0389,157.45,0.0157,4.557742
281100,140550,9.242399e-5,0.660688,1.9361,204.90,0.0173,4.255577
281200,140600,9.241875e-5,0.682086,1.9780,187.27,0.0145,4.350338
281300,140650,9.241351e-5,0.700531,2.0148,156.24,0.0158,4.475668
281400,140700,9.240827e-5,0.656573,1.9282,146.20,0.0153,4.229659
281500,140750,9.240305e-5,0.718943,2.0523,167.58,0.0154,4.592991
281600,140800,9.239779e-5,0.684176,1.9821,149.35,0.0156,4.413689
281700,140850,9.2392555e-5,0.674069,1.9622,140.99,0.0158,4.287233
281800,140900,9.2387316e-5,0.684143,1.9821,170.22,0.0159,4.344997
281900,140950,9.238206e-5,0.677382,1.9687,155.12,0.0155,4.324565
282000,141000,9.2376824e-5,0.683742,1.9813,214.43,0.0153,4.322417
282100,141050,9.237157e-5,0.705672,2.0252,162.32,0.0185,4.471513
282200,141100,9.236632e-5,0.701630,2.0170,167.84,0.0152,4.477310
282300,141150,9.2361064e-5,0.667956,1.9502,161.78,0.0156,4.233135
282400,141200,9.235581e-5,0.690022,1.9938,144.50,0.0156,4.423343
282500,141250,9.235056e-5,0.681594,1.9770,128.16,0.0160,4.318054
282600,141300,9.2345304e-5,0.684520,1.9828,143.11,0.0156,4.387285
282700,141350,9.234004e-5,0.678855,1.9716,142.55,0.0157,4.385220
282800,141400,9.233477e-5,0.671174,1.9565,154.08,0.0153,4.296273
282900,141450,9.2329516e-5,0.712449,2.0390,134.75,0.0157,4.538632
283000,141500,9.232425e-5,0.670876,1.9560,141.75,0.0154,4.324961
283100,141550,9.231898e-5,0.667940,1.9502,174.16,0.0175,4.315021
283200,141600,9.231371e-5,0.710134,2.0343,185.82,0.0156,4.499428
283300,141650,9.2308444e-5,0.687670,1.9891,178.25,0.0156,4.371030
283400,141700,9.230318e-5,0.673001,1.9601,152.97,0.0156,4.320349
283500,141750,9.229791e-5,0.694908,2.0035,154.33,0.0155,4.412750
283600,141800,9.229263e-5,0.692522,1.9987,161.03,0.0155,4.407188
283700,141850,9.228736e-5,0.675027,1.9641,137.12,0.0160,4.294540
283800,141900,9.228208e-5,0.693674,2.0011,157.65,0.0155,4.404706
283900,141950,9.2276794e-5,0.690037,1.9938,160.64,0.0154,4.414070
284000,142000,9.227151e-5,0.683610,1.9810,172.75,0.0151,4.365328
284100,142050,9.2266244e-5,0.676684,1.9673,163.90,0.0178,4.348545
284200,142100,9.226095e-5,0.685235,1.9842,178.26,0.0155,4.398378
284300,142150,9.2255665e-5,0.683927,1.9816,126.64,0.0160,4.368245
284400,142200,9.225038e-5,0.699258,2.0123,157.00,0.0157,4.456590
284500,142250,9.2245085e-5,0.674211,1.9625,151.80,0.0153,4.298046
284600,142300,9.22398e-5,0.712947,2.0400,170.04,0.0157,4.501951
284700,142350,9.2234506e-5,0.672055,1.9583,160.64,0.0158,4.303923
284800,142400,9.2229224e-5,0.682457,1.9787,153.14,0.0153,4.344309
284900,142450,9.222393e-5,0.705691,2.0252,186.00,0.0154,4.428838
285000,142500,9.221863e-5,0.668496,1.9513,143.83,0.0155,4.248921
285100,142550,9.221333e-5,0.692999,1.9997,194.22,0.0177,4.426033
285200,142600,9.220802e-5,0.689248,1.9922,148.04,0.0156,4.417820
285300,142650,9.2202725e-5,0.673028,1.9602,141.35,0.0157,4.292779
285400,142700,9.219743e-5,0.676510,1.9670,153.78,0.0158,4.329334
285500,142750,9.219212e-5,0.695982,2.0057,158.70,0.0153,4.448304
285600,142800,9.2186805e-5,0.711783,2.0376,166.44,0.0162,4.471900
285700,142850,9.218151e-5,0.666924,1.9482,151.52,0.0152,4.324214
285800,142900,9.21762e-5,0.720152,2.0547,146.05,0.0165,4.617828
285900,142950,9.2170885e-5,0.674234,1.9625,132.75,0.0155,4.367002
286000,143000,9.2165574e-5,0.694836,2.0034,151.26,0.0155,4.427550
286100,143050,9.216026e-5,0.672202,1.9585,169.85,0.0179,4.303819
286200,143100,9.2154936e-5,0.672606,1.9593,142.73,0.0153,4.326315
286300,143150,9.2149625e-5,0.713732,2.0416,181.25,0.0159,4.514136
286400,143200,9.21443e-5,0.663648,1.9419,146.26,0.0153,4.266968
286500,143250,9.213899e-5,0.679799,1.9735,157.15,0.0155,4.335255
286600,143300,9.213366e-5,0.706198,2.0263,177.92,0.0158,4.494340
286700,143350,9.2128335e-5,0.636274,1.8894,135.56,0.0156,4.095118
286800,143400,9.212301e-5,0.681048,1.9759,142.34,0.0157,4.327028
286900,143450,9.211767e-5,0.672461,1.9591,145.51,0.0156,4.272816
287000,143500,9.211234e-5,0.685765,1.9853,153.84,0.0157,4.359388
287100,143550,9.210702e-5,0.700674,2.0151,164.61,0.0182,4.495380
287200,143600,9.210169e-5,0.663337,1.9413,149.71,0.0153,4.281207
287300,143650,9.209635e-5,0.701945,2.0177,146.85,0.0165,4.502856
287400,143700,9.209101e-5,0.646692,1.9092,171.18,0.0150,4.212337
287500,143750,9.2085684e-5,0.675291,1.9646,169.34,0.0157,4.323678
287600,143800,9.208034e-5,0.690005,1.9937,136.36,0.0159,4.414293
287700,143850,9.2075e-5,0.690427,1.9946,161.61,0.0160,4.380093
287800,143900,9.206965e-5,0.684825,1.9834,180.19,0.0157,4.350217
287900,143950,9.206431e-5,0.682328,1.9785,159.53,0.0152,4.347528
288000,144000,9.205897e-5,0.644758,1.9055,163.27,0.0156,4.158347
288100,144050,9.2053626e-5,0.680379,1.9746,170.53,0.0178,4.321704
288200,144100,9.204827e-5,0.669846,1.9539,156.00,0.0157,4.281631
288300,144150,9.2042916e-5,0.689252,1.9922,152.87,0.0157,4.403658
288400,144200,9.2037575e-5,0.694674,2.0031,121.30,0.0161,4.427893
288500,144250,9.203222e-5,0.691910,1.9975,159.91,0.0156,4.417910
288600,144300,9.2026865e-5,0.667484,1.9493,158.07,0.0152,4.289080
288700,144350,9.2021495e-5,0.673285,1.9607,158.41,0.0153,4.343659
288800,144400,9.2016155e-5,0.674629,1.9633,161.45,0.0152,4.345839
288900,144450,9.2010785e-5,0.685420,1.9846,144.61,0.0155,4.377943
289000,144500,9.2005415e-5,0.684652,1.9831,159.16,0.0155,4.369341
289100,144550,9.200006e-5,0.698215,2.0102,173.83,0.0177,4.423809
289200,144600,9.199469e-5,0.667280,1.9489,165.29,0.0155,4.223181
289300,144650,9.198932e-5,0.678331,1.9706,158.64,0.0151,4.355543
289400,144700,9.1983966e-5,0.688970,1.9917,150.96,0.0159,4.435716
289500,144750,9.197858e-5,0.674207,1.9625,127.73,0.0159,4.307900
289600,144800,9.197321e-5,0.671745,1.9577,172.47,0.0154,4.353096
289700,144850,9.196784e-5,0.756300,2.1304,186.39,0.0153,4.752110
289800,144900,9.196247e-5,0.669599,1.9535,136.00,0.0155,4.315310
289900,144950,9.19571e-5,0.675235,1.9645,166.82,0.0155,4.296153
290000,145000,9.1951704e-5,0.674140,1.9623,178.57,0.0154,4.292626
290100,145050,9.1946335e-5,0.672733,1.9596,180.34,0.0177,4.324368
290200,145100,9.194095e-5,0.704653,2.0231,163.88,0.0152,4.511008
290300,145150,9.193558e-5,0.697330,2.0084,132.48,0.0161,4.433612
290400,145200,9.193018e-5,0.677189,1.9683,159.86,0.0152,4.339108
290500,145250,9.19248e-5,0.697339,2.0084,180.59,0.0153,4.452964
290600,145300,9.191941e-5,0.662461,1.9396,152.82,0.0153,4.245021
290700,145350,9.1914015e-5,0.652027,1.9194,169.29,0.0151,4.184865
290800,145400,9.190863e-5,0.653471,1.9222,152.96,0.0153,4.206694
290900,145450,9.190323e-5,0.679318,1.9725,156.24,0.0154,4.345392
291000,145500,9.189785e-5,0.686498,1.9867,145.01,0.0159,4.425602
291100,145550,9.189245e-5,0.692046,1.9978,164.26,0.0181,4.427375
291200,145600,9.188705e-5,0.694708,2.0031,146.67,0.0154,4.426893
291300,145650,9.188165e-5,0.656200,1.9275,155.18,0.0157,4.224727
291400,145700,9.187625e-5,0.677760,1.9695,166.50,0.0151,4.332187
291500,145750,9.1870854e-5,0.688948,1.9916,159.76,0.0153,4.404656
291600,145800,9.186544e-5,0.671807,1.9578,154.20,0.0151,4.338813
291700,145850,9.186004e-5,0.677133,1.9682,153.89,0.0152,4.346158
291800,145900,9.185464e-5,0.683145,1.9801,156.11,0.0155,4.332492
291900,145950,9.184923e-5,0.688007,1.9897,148.66,0.0154,4.403305
292000,146000,9.1843816e-5,0.696749,2.0072,154.70,0.0159,4.404936
292100,146050,9.18384e-5,0.699009,2.0118,154.86,0.0184,4.487988
292200,146100,9.183299e-5,0.687656,1.9890,147.33,0.0158,4.352324
292300,146150,9.182758e-5,0.666685,1.9478,167.35,0.0150,4.263243
292400,146200,9.182215e-5,0.693300,2.0003,183.03,0.0160,4.418054
292500,146250,9.1816735e-5,0.693432,2.0006,158.28,0.0159,4.392163
292600,146300,9.181132e-5,0.679661,1.9732,141.38,0.0155,4.391869
292700,146350,9.1805894e-5,0.682279,1.9784,159.88,0.0153,4.406941
292800,146400,9.180048e-5,0.660371,1.9355,156.20,0.0153,4.230114
292900,146450,9.179505e-5,0.687052,1.9878,170.05,0.0152,4.373435
293000,146500,9.1789625e-5,0.673735,1.9616,159.93,0.0153,4.312356
293100,146550,9.17842e-5,0.674325,1.9627,169.44,0.0179,4.326740
293200,146600,9.177877e-5,0.681310,1.9765,172.34,0.0153,4.307478
293300,146650,9.177333e-5,0.694156,2.0020,167.93,0.0151,4.455955
293400,146700,9.17679e-5,0.685112,1.9840,126.06,0.0161,4.346058
293500,146750,9.176247e-5,0.695374,2.0045,161.77,0.0154,4.457981
293600,146800,9.175703e-5,0.649877,1.9153,180.36,0.0152,4.185559
293700,146850,9.1751586e-5,0.691578,1.9969,163.31,0.0152,4.411100
293800,146900,9.174616e-5,0.673588,1.9613,127.23,0.0160,4.261646
293900,146950,9.17407e-5,0.664352,1.9432,165.60,0.0152,4.292645
294000,147000,9.173527e-5,0.674911,1.9639,158.65,0.0151,4.305515
294100,147050,9.172982e-5,0.692012,1.9977,207.69,0.0172,4.401372
294200,147100,9.1724374e-5,0.670367,1.9550,134.80,0.0157,4.281073
294300,147150,9.171893e-5,0.690855,1.9954,165.24,0.0161,4.417961
294400,147200,9.1713475e-5,0.671329,1.9568,146.82,0.0157,4.306290
294500,147250,9.170803e-5,0.667667,1.9497,147.28,0.0157,4.335205
294600,147300,9.1702575e-5,0.681304,1.9765,172.08,0.0155,4.331813
294700,147350,9.169713e-5,0.690533,1.9948,139.70,0.0154,4.436183
294800,147400,9.169166e-5,0.680763,1.9754,159.53,0.0152,4.317645
294900,147450,9.1686205e-5,0.643974,1.9040,181.27,0.0147,4.179496
295000,147500,9.168075e-5,0.673990,1.9621,136.45,0.0157,4.299251
295100,147550,9.167529e-5,0.694860,2.0034,185.26,0.0178,4.418918
295200,147600,9.166983e-5,0.679315,1.9725,201.89,0.0150,4.284338
295300,147650,9.166436e-5,0.689122,1.9920,152.89,0.0160,4.418840
295400,147700,9.1658905e-5,0.666103,1.9466,173.13,0.0151,4.266004
295500,147750,9.165343e-5,0.680888,1.9756,155.15,0.0157,4.346516
295600,147800,9.164796e-5,0.719608,2.0536,161.14,0.0158,4.580601
295700,147850,9.164249e-5,0.678848,1.9716,150.92,0.0150,4.438837
295800,147900,9.163702e-5,0.683219,1.9802,168.54,0.0152,4.378290
295900,147950,9.163155e-5,0.675775,1.9656,170.56,0.0152,4.324115
296000,148000,9.1626076e-5,0.672531,1.9592,168.62,0.0158,4.327815
296100,148050,9.1620605e-5,0.675339,1.9647,180.03,0.0188,4.333889
296200,148100,9.161512e-5,0.684134,1.9821,157.16,0.0156,4.338300
296300,148150,9.160965e-5,0.666080,1.9466,177.87,0.0151,4.268480
296400,148200,9.160416e-5,0.649819,1.9152,132.60,0.0156,4.161952
296500,148250,9.1598675e-5,0.696885,2.0075,143.42,0.0157,4.423358
296600,148300,9.15932e-5,0.684794,1.9834,156.07,0.0154,4.383111
296700,148350,9.15877e-5,0.686493,1.9867,138.81,0.0157,4.403435
296800,148400,9.158222e-5,0.670444,1.9551,146.06,0.0156,4.258628
296900,148450,9.157673e-5,0.697315,2.0084,162.08,0.0154,4.412302
297000,148500,9.157123e-5,0.668499,1.9513,156.59,0.0152,4.304295
297100,148550,9.1565744e-5,0.670859,1.9559,160.99,0.0182,4.263901
297200,148600,9.156024e-5,0.662311,1.9393,174.01,0.0151,4.260855
297300,148650,9.155476e-5,0.679960,1.9738,161.84,0.0151,4.361991
297400,148700,9.154926e-5,0.691946,1.9976,163.93,0.0155,4.396570
297500,148750,9.1543756e-5,0.698592,2.0109,170.02,0.0155,4.443834
297600,148800,9.1538255e-5,0.659805,1.9344,152.49,0.0155,4.216663
297700,148850,9.1532755e-5,0.670955,1.9561,185.32,0.0150,4.297206
297800,148900,9.1527254e-5,0.679153,1.9722,145.29,0.0157,4.292828
297900,148950,9.152175e-5,0.676310,1.9666,171.02,0.0151,4.321928
298000,149000,9.151624e-5,0.670555,1.9553,132.62,0.0157,4.303193
298100,149050,9.151074e-5,0.694602,2.0029,169.03,0.0182,4.399375
298200,149100,9.150522e-5,0.665058,1.9446,126.01,0.0159,4.301161
298300,149150,9.149971e-5,0.685237,1.9842,168.07,0.0151,4.391556
298400,149200,9.149419e-5,0.676828,1.9676,143.83,0.0156,4.311654
298500,149250,9.148868e-5,0.681439,1.9767,181.30,0.0160,4.338506
298600,149300,9.148316e-5,0.661352,1.9374,158.52,0.0151,4.236701
298700,149350,9.147765e-5,0.649003,1.9136,174.03,0.0150,4.163543
298800,149400,9.147213e-5,0.676283,1.9666,135.17,0.0159,4.313580
298900,149450,9.14666e-5,0.665335,1.9451,141.02,0.0156,4.277306
299000,149500,9.146109e-5,0.679655,1.9732,154.39,0.0153,4.343592
299100,149550,9.145556e-5,0.672776,1.9597,193.20,0.0172,4.328687
299200,149600,9.145003e-5,0.646364,1.9086,153.15,0.0153,4.193642
299300,149650,9.144451e-5,0.681898,1.9776,141.40,0.0156,4.352408
299400,149700,9.143897e-5,0.678553,1.9710,175.87,0.0154,4.362755
299500,149750,9.143344e-5,0.683638,1.9811,153.80,0.0154,4.366920
299600,149800,9.142791e-5,0.678619,1.9712,153.35,0.0156,4.377276
299700,149850,9.142238e-5,0.738658,2.0931,273.55,0.0157,4.595498
299800,149900,9.1416834e-5,0.671112,1.9564,175.58,0.0155,4.271024
299900,149950,9.1411304e-5,0.671876,1.9579,166.40,0.0152,4.261177
300000,150000,9.140576e-5,0.668258,1.9508,168.45,0.0157,4.242496
300100,150050,9.140023e-5,0.701149,2.0161,179.91,0.0178,4.459044
300200,150100,9.1394686e-5,0.676751,1.9675,141.15,0.0153,4.367310
300300,150150,9.138914e-5,0.683017,1.9798,176.27,0.0156,4.356325
300400,150200,9.13836e-5,0.674474,1.9630,133.37,0.0157,4.347881
300500,150250,9.137804e-5,0.688699,1.9911,132.07,0.0157,4.413747
300600,150300,9.1372494e-5,0.670324,1.9549,204.58,0.0142,4.364384
300700,150350,9.136695e-5,0.689991,1.9937,180.44,0.0157,4.340650
300800,150400,9.1361406e-5,0.676615,1.9672,151.33,0.0159,4.337221
300900,150450,9.135585e-5,0.634539,1.8862,146.91,0.0152,4.129136
301000,150500,9.135029e-5,0.680813,1.9755,170.62,0.0158,4.301053
301100,150550,9.134473e-5,0.693368,2.0004,177.26,0.0177,4.408808
301200,150600,9.133917e-5,0.702972,2.0197,161.47,0.0158,4.499922
301300,150650,9.133361e-5,0.661961,1.9386,138.76,0.0152,4.277601
301400,150700,9.132805e-5,0.693277,2.0003,126.74,0.0164,4.445951
301500,150750,9.132248e-5,0.682138,1.9781,148.89,0.0160,4.318974
301600,150800,9.1316935e-5,0.690190,1.9941,161.41,0.0155,4.331694
301700,150850,9.131136e-5,0.692034,1.9978,155.10,0.0166,4.417688
301800,150900,9.130579e-5,0.676699,1.9674,172.42,0.0150,4.342363
301900,150950,9.130023e-5,0.699624,2.0130,160.07,0.0153,4.476492
302000,151000,9.1294656e-5,0.708718,2.0314,139.79,0.0158,4.539936
302100,151050,9.128908e-5,0.669189,1.9527,175.21,0.0175,4.275172
302200,151100,9.128351e-5,0.658666,1.9322,148.40,0.0155,4.228274
302300,151150,9.1277936e-5,0.665189,1.9449,138.32,0.0153,4.299459
302400,151200,9.127235e-5,0.671994,1.9581,172.02,0.0156,4.271029
302500,151250,9.1266775e-5,0.677238,1.9684,170.41,0.0152,4.343242
302600,151300,9.126119e-5,0.692518,1.9987,183.11,0.0155,4.358393
302700,151350,9.125561e-5,0.682149,1.9781,145.99,0.0160,4.356486
302800,151400,9.1250025e-5,0.687186,1.9881,170.89,0.0150,4.430292
302900,151450,9.124444e-5,0.688357,1.9904,134.43,0.0161,4.352165
303000,151500,9.123885e-5,0.676805,1.9676,149.67,0.0153,4.312395
303100,151550,9.123326e-5,0.679205,1.9723,195.23,0.0173,4.386137
303200,151600,9.1227674e-5,0.685300,1.9844,183.21,0.0158,4.373874
303300,151650,9.1222086e-5,0.700809,2.0154,173.33,0.0154,4.439150
303400,151700,9.12165e-5,0.642573,1.9014,182.52,0.0153,4.149151
303500,151750,9.1210895e-5,0.662889,1.9404,144.61,0.0153,4.270135
303600,151800,9.120531e-5,0.650096,1.9157,170.75,0.0158,4.181547
303700,151850,9.1199705e-5,0.668175,1.9507,160.70,0.0157,4.218645
303800,151900,9.11941e-5,0.698135,2.0100,157.95,0.0153,4.403344
303900,151950,9.11885e-5,0.646189,1.9083,136.05,0.0158,4.168154
304000,152000,9.11829e-5,0.665967,1.9464,157.24,0.0153,4.275854
304100,152050,9.1177295e-5,0.668115,1.9506,169.77,0.0179,4.286554
304200,152100,9.117169e-5,0.679478,1.9728,133.12,0.0156,4.359481
304300,152150,9.1166075e-5,0.715578,2.0454,176.71,0.0154,4.552598
304400,152200,9.116047e-5,0.682981,1.9798,181.01,0.0153,4.322323
304500,152250,9.115487e-5,0.679475,1.9728,159.80,0.0154,4.341573
304600,152300,9.114925e-5,0.669722,1.9537,150.79,0.0157,4.291018
304700,152350,9.114364e-5,0.688224,1.9902,149.24,0.0156,4.350073
304800,152400,9.113802e-5,0.656382,1.9278,165.54,0.0151,4.219984
304900,152450,9.11324e-5,0.685538,1.9848,167.44,0.0154,4.380099
305000,152500,9.1126785e-5,0.663111,1.9408,142.28,0.0158,4.227920
305100,152550,9.112117e-5,0.688858,1.9914,172.15,0.0180,4.342987
305200,152600,9.111555e-5,0.689620,1.9930,166.93,0.0161,4.361824
305300,152650,9.110992e-5,0.673931,1.9619,145.94,0.0154,4.311038
305400,152700,9.110429e-5,0.677604,1.9692,172.16,0.0155,4.289592
305500,152750,9.109867e-5,0.681781,1.9774,169.60,0.0155,4.382220
305600,152800,9.109304e-5,0.679341,1.9726,150.60,0.0153,4.392994
305700,152850,9.108742e-5,0.672165,1.9585,156.02,0.0153,4.289787
305800,152900,9.108179e-5,0.668064,1.9505,158.18,0.0154,4.254165
305900,152950,9.107616e-5,0.684900,1.9836,163.27,0.0153,4.356375
306000,153000,9.107051e-5,0.681250,1.9763,171.02,0.0156,4.332835
306100,153050,9.106488e-5,0.657997,1.9309,188.56,0.0173,4.208795
306200,153100,9.105925e-5,0.691482,1.9967,127.97,0.0158,4.417238
306300,153150,9.1053604e-5,0.698108,2.0099,158.55,0.0155,4.449680
306400,153200,9.104796e-5,0.652368,1.9201,164.10,0.0152,4.192084
306500,153250,9.1042326e-5,0.659060,1.9330,153.72,0.0157,4.223845
306600,153300,9.103668e-5,0.684397,1.9826,159.72,0.0153,4.374931
306700,153350,9.1031034e-5,0.658311,1.9315,160.97,0.0153,4.202669
306800,153400,9.102539e-5,0.666747,1.9479,170.24,0.0151,4.276959
306900,153450,9.101974e-5,0.666113,1.9467,159.35,0.0153,4.280614
307000,153500,9.101408e-5,0.706880,2.0277,140.50,0.0157,4.532213
307100,153550,9.1008435e-5,0.683673,1.9811,203.49,0.0169,4.367718
307200,153600,9.1002774e-5,0.668909,1.9521,166.14,0.0153,4.278864
307300,153650,9.099713e-5,0.673426,1.9609,143.09,0.0156,4.326286
307400,153700,9.099147e-5,0.653227,1.9217,192.38,0.0151,4.274821
307500,153750,9.0985806e-5,0.664449,1.9434,160.09,0.0154,4.248374
307600,153800,9.0980146e-5,0.661457,1.9376,141.43,0.0154,4.243116
307700,153850,9.0974485e-5,0.673719,1.9615,158.47,0.0154,4.294840
307800,153900,9.0968824e-5,0.676235,1.9665,141.46,0.0155,4.291367
307900,153950,9.096316e-5,0.693964,2.0016,164.38,0.0154,4.381085
308000,154000,9.09575e-5,0.663439,1.9415,137.85,0.0157,4.253524
308100,154050,9.095183e-5,0.687141,1.9880,184.89,0.0172,4.377814
308200,154100,9.094617e-5,0.660919,1.9366,143.48,0.0159,4.278963
308300,154150,9.094049e-5,0.665603,1.9457,153.94,0.0151,4.338612
308400,154200,9.093482e-5,0.665647,1.9457,131.34,0.0157,4.263261
308500,154250,9.092914e-5,0.701140,2.0161,172.18,0.0154,4.441591
308600,154300,9.0923466e-5,0.665984,1.9464,148.14,0.0156,4.242937
308700,154350,9.091779e-5,0.669380,1.9530,144.66,0.0156,4.270656
308800,154400,9.0912115e-5,0.705858,2.0256,173.41,0.0159,4.481533
308900,154450,9.0906426e-5,0.680695,1.9753,155.75,0.0160,4.318905
309000,154500,9.090075e-5,0.669493,1.9532,136.68,0.0157,4.314040
309100,154550,9.0895075e-5,0.670665,1.9555,185.88,0.0174,4.289772
309200,154600,9.0889385e-5,0.673814,1.9617,138.64,0.0157,4.291784
309300,154650,9.0883696e-5,0.677925,1.9698,159.44,0.0151,4.387113
309400,154700,9.0878006e-5,0.686039,1.9858,163.33,0.0153,4.392199
309500,154750,9.0872316e-5,0.678579,1.9711,131.93,0.0158,4.301768
309600,154800,9.0866626e-5,0.636019,1.8889,163.91,0.0150,4.121256
309700,154850,9.0860936e-5,0.669299,1.9529,155.43,0.0154,4.332490
309800,154900,9.085525e-5,0.670070,1.9544,151.03,0.0154,4.294406
309900,154950,9.084954e-5,0.645925,1.9078,170.27,0.0152,4.120240
310000,155000,9.084385e-5,0.696007,2.0057,144.32,0.0158,4.327960
310100,155050,9.083815e-5,0.655556,1.9262,188.59,0.0172,4.192565
310200,155100,9.0832444e-5,0.674612,1.9633,171.00,0.0152,4.274773
310300,155150,9.082674e-5,0.688753,1.9912,164.84,0.0152,4.376029
310400,155200,9.0821035e-5,0.685889,1.9855,164.93,0.0153,4.343865
310500,155250,9.081533e-5,0.661433,1.9376,159.11,0.0150,4.270789
310600,155300,9.0809626e-5,0.674373,1.9628,129.02,0.0158,4.370211
310700,155350,9.080392e-5,0.668152,1.9506,145.56,0.0156,4.240521
310800,155400,9.079822e-5,0.674359,1.9628,154.81,0.0157,4.262849
310900,155450,9.07925e-5,0.701872,2.0175,148.55,0.0155,4.458066
311000,155500,9.078678e-5,0.661121,1.9370,169.39,0.0149,4.296283
311100,155550,9.0781075e-5,0.674962,1.9640,182.15,0.0177,4.306664
311200,155600,9.077536e-5,0.673941,1.9620,155.43,0.0150,4.357319
311300,155650,9.076964e-5,0.691438,1.9966,157.24,0.0155,4.400902
311400,155700,9.076392e-5,0.678475,1.9709,172.08,0.0153,4.302276
311500,155750,9.07582e-5,0.653464,1.9222,161.39,0.0156,4.214285
311600,155800,9.075248e-5,0.674393,1.9628,172.62,0.0151,4.265687
311700,155850,9.074675e-5,0.653360,1.9220,160.53,0.0148,4.190143
311800,155900,9.074103e-5,0.683646,1.9811,145.69,0.0154,4.394567
311900,155950,9.0735295e-5,0.672981,1.9601,143.79,0.0157,4.312853
312000,156000,9.072956e-5,0.673058,1.9602,142.46,0.0155,4.336363
312100,156050,9.072384e-5,0.686297,1.9863,184.61,0.0177,4.435970
312200,156100,9.071811e-5,0.649933,1.9154,156.95,0.0154,4.131432
312300,156150,9.0712376e-5,0.674047,1.9622,167.81,0.0153,4.293534
312400,156200,9.070664e-5,0.673980,1.9620,142.00,0.0154,4.337368
312500,156250,9.0700894e-5,0.663240,1.9411,155.41,0.0151,4.298375
312600,156300,9.069516e-5,0.688031,1.9898,141.95,0.0155,4.393619
312700,156350,9.068943e-5,0.666951,1.9483,164.01,0.0152,4.245736
312800,156400,9.068368e-5,0.668236,1.9508,160.65,0.0155,4.270346
312900,156450,9.0677946e-5,0.667565,1.9495,160.27,0.0157,4.267156
313000,156500,9.067218e-5,0.677828,1.9696,143.37,0.0155,4.343245
313100,156550,9.066645e-5,0.660748,1.9362,160.48,0.0181,4.215642
313200,156600,9.06607e-5,0.676563,1.9671,199.60,0.0148,4.324456
313300,156650,9.0654954e-5,0.703172,2.0202,172.44,0.0153,4.475145
313400,156700,9.064919e-5,0.654223,1.9236,176.44,0.0150,4.225613
313500,156750,9.064344e-5,0.693010,1.9997,171.28,0.0152,4.413218
313600,156800,9.0637695e-5,0.691176,1.9961,147.57,0.0155,4.416480
313700,156850,9.063193e-5,0.671795,1.9577,145.91,0.0156,4.312321
313800,156900,9.0626185e-5,0.672172,1.9585,197.68,0.0148,4.280307
313900,156950,9.062042e-5,0.671218,1.9566,144.82,0.0157,4.325794
314000,157000,9.061466e-5,0.681339,1.9765,155.31,0.0152,4.377303
314100,157050,9.06089e-5,0.656975,1.9289,180.21,0.0177,4.200811
314200,157100,9.0603135e-5,0.679812,1.9735,194.79,0.0154,4.322046
314300,157150,9.059737e-5,0.666455,1.9473,148.09,0.0154,4.332496
314400,157200,9.059161e-5,0.651756,1.9189,167.11,0.0153,4.182687
314500,157250,9.058583e-5,0.666718,1.9478,167.64,0.0158,4.216072
314600,157300,9.058007e-5,0.684206,1.9822,131.35,0.0159,4.394715
314700,157350,9.057431e-5,0.675245,1.9645,166.88,0.0150,4.328096
314800,157400,9.056853e-5,0.654947,1.9250,154.72,0.0153,4.190894
314900,157450,9.056275e-5,0.682869,1.9795,180.16,0.0158,4.354825
315000,157500,9.0556976e-5,0.644345,1.9047,140.47,0.0157,4.130505
315100,157550,9.05512e-5,0.668078,1.9505,165.50,0.0180,4.281633
315200,157600,9.054542e-5,0.686327,1.9864,140.48,0.0158,4.359359
315300,157650,9.0539645e-5,0.684987,1.9837,182.79,0.0150,4.403427
315400,157700,9.053385e-5,0.655134,1.9254,153.60,0.0154,4.243848
315500,157750,9.0528076e-5,0.704773,2.0234,150.88,0.0154,4.417598
315600,157800,9.0522284e-5,0.672908,1.9599,157.92,0.0161,4.299748
315700,157850,9.051651e-5,0.675873,1.9657,143.68,0.0156,4.300433
315800,157900,9.0510715e-5,0.666839,1.9481,167.73,0.0158,4.288107
315900,157950,9.0504924e-5,0.703650,2.0211,140.97,0.0159,4.467300
316000,158000,9.049913e-5,0.667879,1.9501,185.22,0.0149,4.318177
316100,158050,9.049334e-5,0.687583,1.9889,186.41,0.0183,4.405607
316200,158100,9.048755e-5,0.688628,1.9910,148.88,0.0153,4.418715
316300,158150,9.048176e-5,0.665601,1.9457,143.02,0.0158,4.255439
316400,158200,9.047595e-5,0.658057,1.9310,181.75,0.0153,4.182382
316500,158250,9.047016e-5,0.681350,1.9765,194.50,0.0152,4.347500
316600,158300,9.046435e-5,0.706053,2.0260,146.83,0.0158,4.481281
316700,158350,9.045855e-5,0.679615,1.9731,159.12,0.0154,4.333550
316800,158400,9.045274e-5,0.651956,1.9193,161.52,0.0157,4.199761
316900,158450,9.0446934e-5,0.673159,1.9604,161.58,0.0153,4.323599
317000,158500,9.044113e-5,0.681467,1.9768,158.59,0.0157,4.342707
317100,158550,9.043534e-5,0.648962,1.9136,185.50,0.0178,4.154792
317200,158600,9.0429516e-5,0.682318,1.9785,172.46,0.0151,4.369841
317300,158650,9.0423695e-5,0.670873,1.9559,165.52,0.0154,4.322290
317400,158700,9.041789e-5,0.661795,1.9383,185.21,0.0149,4.234339
317500,158750,9.041208e-5,0.655276,1.9257,164.51,0.0153,4.158689
317600,158800,9.040626e-5,0.666934,1.9483,135.03,0.0157,4.276422
317700,158850,9.040044e-5,0.670134,1.9545,142.20,0.0159,4.223585
317800,158900,9.039462e-5,0.661776,1.9382,132.80,0.0156,4.216762
317900,158950,9.03888e-5,0.664088,1.9427,152.25,0.0159,4.265779
318000,159000,9.038298e-5,0.659108,1.9331,133.13,0.0156,4.212556
318100,159050,9.037716e-5,0.649759,1.9151,172.73,0.0175,4.178123
318200,159100,9.037134e-5,0.660867,1.9365,180.04,0.0153,4.275517
318300,159150,9.03655e-5,0.663739,1.9420,157.68,0.0151,4.277074
318400,159200,9.035968e-5,0.644910,1.9058,165.20,0.0151,4.157392
318500,159250,9.0353846e-5,0.660879,1.9365,153.67,0.0156,4.261756
318600,159300,9.034801e-5,0.688586,1.9909,146.08,0.0156,4.371033
318700,159350,9.0342175e-5,0.677020,1.9680,141.18,0.0156,4.310455
318800,159400,9.033634e-5,0.651479,1.9184,160.79,0.0149,4.227433
318900,159450,9.0330504e-5,0.682070,1.9780,160.51,0.0157,4.339144
319000,159500,9.032467e-5,0.675237,1.9645,150.65,0.0154,4.349353
319100,159550,9.0318834e-5,0.691035,1.9958,171.72,0.0183,4.399610
319200,159600,9.0312984e-5,0.681255,1.9764,173.30,0.0153,4.356572
319300,159650,9.030715e-5,0.689176,1.9921,136.04,0.0156,4.420629
319400,159700,9.03013e-5,0.680617,1.9751,147.71,0.0154,4.356121
319500,159750,9.029546e-5,0.701574,2.0169,153.88,0.0157,4.405824
319600,159800,9.028961e-5,0.684368,1.9825,178.75,0.0157,4.365673
319700,159850,9.0283764e-5,0.654284,1.9238,179.27,0.0147,4.226018
319800,159900,9.0277914e-5,0.672892,1.9599,155.88,0.0155,4.321656
319900,159950,9.0272064e-5,0.688174,1.9901,174.44,0.0155,4.388409
320000,160000,9.02662e-5,0.688578,1.9909,181.42,0.0149,4.373817
320100,160050,9.026035e-5,0.688734,1.9912,167.40,0.0183,4.354074
320200,160100,9.02545e-5,0.679699,1.9733,144.73,0.0153,4.354586
320300,160150,9.0248635e-5,0.658424,1.9317,164.99,0.0150,4.227339
320400,160200,9.0242786e-5,0.688200,1.9901,159.92,0.0156,4.355361
320500,160250,9.023692e-5,0.661220,1.9372,152.92,0.0155,4.204698
320600,160300,9.023106e-5,0.657516,1.9300,161.94,0.0158,4.191901
320700,160350,9.022519e-5,0.659309,1.9335,142.66,0.0155,4.220519
320800,160400,9.021933e-5,0.683436,1.9807,172.86,0.0154,4.389235
320900,160450,9.021346e-5,0.672271,1.9587,147.38,0.0157,4.335139
321000,160500,9.0207584e-5,0.647756,1.9112,170.44,0.0149,4.200599
321100,160550,9.020172e-5,0.692649,1.9990,180.58,0.0173,4.484827
321200,160600,9.019584e-5,0.666610,1.9476,165.57,0.0161,4.238489
321300,160650,9.018998e-5,0.651573,1.9186,145.41,0.0154,4.200378
321400,160700,9.01841e-5,0.652319,1.9200,184.28,0.0151,4.255993
321500,160750,9.017822e-5,0.691433,1.9966,149.32,0.0156,4.340342
321600,160800,9.017234e-5,0.681411,1.9767,151.33,0.0159,4.349683
321700,160850,9.016646e-5,0.658194,1.9313,162.95,0.0151,4.218183
321800,160900,9.016058e-5,0.670492,1.9552,172.11,0.0158,4.288516
321900,160950,9.015469e-5,0.673618,1.9613,155.65,0.0156,4.317390
322000,161000,9.014881e-5,0.696839,2.0074,134.07,0.0161,4.391351
322100,161050,9.014293e-5,0.683690,1.9812,195.60,0.0170,4.369916
322200,161100,9.013704e-5,0.683583,1.9810,165.45,0.0152,4.381264
322300,161150,9.013116e-5,0.654985,1.9251,179.46,0.0161,4.180003
322400,161200,9.0125264e-5,0.683450,1.9807,185.09,0.0148,4.353007
322500,161250,9.011937e-5,0.654065,1.9233,147.63,0.0154,4.193882
322600,161300,9.011348e-5,0.681994,1.9778,152.82,0.0158,4.339565
322700,161350,9.0107584e-5,0.659699,1.9342,166.90,0.0149,4.226355
322800,161400,9.010169e-5,0.667310,1.9490,144.95,0.0155,4.317308
322900,161450,9.009578e-5,0.677088,1.9681,180.17,0.0153,4.323480
323000,161500,9.008989e-5,0.649396,1.9144,153.96,0.0153,4.214125
323100,161550,9.008398e-5,0.707092,2.0281,215.06,0.0175,4.489700
323200,161600,9.007809e-5,0.678423,1.9708,147.41,0.0154,4.301814
323300,161650,9.007218e-5,0.688955,1.9916,156.70,0.0156,4.430534
323400,161700,9.006627e-5,0.697664,2.0091,193.57,0.0156,4.416951
323500,161750,9.006036e-5,0.713287,2.0407,184.25,0.0152,4.504676
323600,161800,9.0054455e-5,0.683217,1.9802,172.68,0.0150,4.407000
323700,161850,9.004855e-5,0.677639,1.9692,162.55,0.0155,4.311778
323800,161900,9.004264e-5,0.656729,1.9285,150.43,0.0154,4.242523
323900,161950,9.0036716e-5,0.684939,1.9837,167.77,0.0157,4.387310
324000,162000,9.003081e-5,0.687478,1.9887,144.84,0.0154,4.393214
324100,162050,9.0024885e-5,0.667784,1.9499,174.88,0.0176,4.281650
324200,162100,9.001898e-5,0.691614,1.9969,146.28,0.0156,4.426306
324300,162150,9.0013054e-5,0.661257,1.9372,151.00,0.0157,4.246037
324400,162200,9.000713e-5,0.645874,1.9077,145.00,0.0161,4.166239
324500,162250,9.000121e-5,0.688264,1.9903,184.05,0.0152,4.383771
324600,162300,8.999529e-5,0.694763,2.0032,139.74,0.0159,4.459457
324700,162350,8.998935e-5,0.668023,1.9504,157.05,0.0152,4.292555
324800,162400,8.998343e-5,0.668127,1.9506,140.83,0.0157,4.267817
324900,162450,8.9977504e-5,0.636189,1.8893,149.99,0.0152,4.117949
325000,162500,8.997157e-5,0.637813,1.8923,155.06,0.0154,4.132219
325100,162550,8.9965644e-5,0.666383,1.9472,181.81,0.0179,4.233164
325200,162600,8.995969e-5,0.661913,1.9385,182.95,0.0149,4.227057
325300,162650,8.995377e-5,0.672897,1.9599,167.26,0.0156,4.226781
325400,162700,8.994783e-5,0.667880,1.9501,155.30,0.0151,4.272046
325500,162750,8.9941896e-5,0.685828,1.9854,141.99,0.0159,4.297421
325600,162800,8.993596e-5,0.678835,1.9716,149.77,0.0155,4.331048
325700,162850,8.993001e-5,0.698405,2.0105,200.14,0.0158,4.380968
325800,162900,8.992407e-5,0.659874,1.9345,135.22,0.0155,4.229324
325900,162950,8.991812e-5,0.677288,1.9685,170.48,0.0152,4.320565
326000,163000,8.991218e-5,0.640595,1.8976,181.88,0.0155,4.136999
326100,163050,8.990623e-5,0.666144,1.9467,165.11,0.0182,4.265588
326200,163100,8.990028e-5,0.662929,1.9405,147.44,0.0158,4.217464
326300,163150,8.989434e-5,0.690221,1.9942,125.27,0.0159,4.411592
326400,163200,8.988839e-5,0.672357,1.9588,153.08,0.0158,4.312517
326500,163250,8.988244e-5,0.700268,2.0143,161.91,0.0153,4.377115
326600,163300,8.987647e-5,0.680023,1.9739,193.89,0.0149,4.341237
326700,163350,8.987052e-5,0.687739,1.9892,177.35,0.0152,4.396315
326800,163400,8.986455e-5,0.666491,1.9474,149.72,0.0158,4.339971
326900,163450,8.98586e-5,0.671066,1.9563,162.71,0.0151,4.292284
327000,163500,8.9852634e-5,0.656047,1.9272,167.07,0.0156,4.194322
327100,163550,8.984668e-5,0.682648,1.9791,198.05,0.0177,4.384650
327200,163600,8.9840716e-5,0.668430,1.9512,137.68,0.0162,4.277502
327300,163650,8.983475e-5,0.662349,1.9393,159.88,0.0155,4.258574
327400,163700,8.982878e-5,0.672199,1.9585,157.36,0.0156,4.263101
327500,163750,8.98228e-5,0.703167,2.0201,161.87,0.0160,4.409399
327600,163800,8.981684e-5,0.656235,1.9275,161.93,0.0152,4.222847
327700,163850,8.981087e-5,0.647942,1.9116,144.02,0.0158,4.167443
327800,163900,8.980489e-5,0.665364,1.9452,139.24,0.0155,4.273326
327900,163950,8.979892e-5,0.703095,2.0200,159.09,0.0157,4.447334
328000,164000,8.979294e-5,0.689995,1.9937,191.15,0.0154,4.399287
328100,164050,8.978696e-5,0.680655,1.9752,169.51,0.0179,4.370982
328200,164100,8.9780995e-5,0.693462,2.0006,163.93,0.0159,4.341868
328300,164150,8.9775e-5,0.646471,1.9088,140.03,0.0153,4.181761
328400,164200,8.976902e-5,0.663895,1.9423,157.46,0.0154,4.252552
328500,164250,8.976304e-5,0.669306,1.9529,160.12,0.0157,4.241076
328600,164300,8.975706e-5,0.652057,1.9195,170.00,0.0148,4.215608
328700,164350,8.975106e-5,0.680026,1.9739,160.07,0.0156,4.318151
328800,164400,8.974508e-5,0.649876,1.9153,147.85,0.0153,4.159682
328900,164450,8.9739086e-5,0.684297,1.9824,158.72,0.0157,4.373461
329000,164500,8.973309e-5,0.672485,1.9591,151.75,0.0154,4.294920
329100,164550,8.972711e-5,0.663354,1.9413,178.20,0.0177,4.219293
329200,164600,8.9721114e-5,0.679834,1.9735,165.18,0.0160,4.324147
329300,164650,8.971512e-5,0.674080,1.9622,175.25,0.0148,4.358677
329400,164700,8.970912e-5,0.672051,1.9582,147.12,0.0156,4.289131
329500,164750,8.970311e-5,0.697438,2.0086,141.10,0.0157,4.398588
329600,164800,8.969712e-5,0.669573,1.9534,120.99,0.0161,4.284306
329700,164850,8.969111e-5,0.664370,1.9433,152.37,0.0155,4.271965
329800,164900,8.96851e-5,0.651807,1.9190,161.79,0.0155,4.202052
329900,164950,8.96791e-5,0.685556,1.9849,153.94,0.0158,4.337729
330000,165000,8.967309e-5,0.672321,1.9588,149.44,0.0154,4.290084
330100,165050,8.96671e-5,0.634323,1.8857,162.80,0.0175,4.125512
330200,165100,8.966107e-5,0.693850,2.0014,177.25,0.0152,4.424553
330300,165150,8.965506e-5,0.689548,1.9928,165.89,0.0153,4.363533
330400,165200,8.964905e-5,0.698324,2.0104,146.20,0.0156,4.423916
330500,165250,8.964304e-5,0.651055,1.9176,161.07,0.0160,4.161529
330600,165300,8.963702e-5,0.673456,1.9610,173.50,0.0163,4.300956
330700,165350,8.963101e-5,0.667661,1.9497,193.50,0.0152,4.298444
330800,165400,8.9624984e-5,0.654932,1.9250,169.35,0.0152,4.193828
330900,165450,8.9618974e-5,0.650214,1.9160,162.57,0.0151,4.153777
331000,165500,8.961295e-5,0.681108,1.9761,142.03,0.0156,4.362380
331100,165550,8.9606925e-5,0.675720,1.9654,195.05,0.0172,4.298023
331200,165600,8.96009e-5,0.654678,1.9245,137.19,0.0158,4.187598
331300,165650,8.9594876e-5,0.669434,1.9531,133.79,0.0154,4.321903
331400,165700,8.958884e-5,0.658547,1.9320,175.59,0.0148,4.315638
331500,165750,8.958281e-5,0.670460,1.9551,187.09,0.0147,4.296152
331600,165800,8.957679e-5,0.661187,1.9371,160.46,0.0151,4.272048
331700,165850,8.957075e-5,0.676614,1.9672,149.02,0.0156,4.341539
331800,165900,8.956471e-5,0.668270,1.9509,154.96,0.0154,4.254416
331900,165950,8.955867e-5,0.678475,1.9709,125.20,0.0163,4.337282
332000,166000,8.955265e-5,0.683413,1.9806,141.55,0.0154,4.355077
332100,166050,8.954661e-5,0.689826,1.9934,194.92,0.0182,4.396738
332200,166100,8.954057e-5,0.688407,1.9905,146.71,0.0159,4.363535
332300,166150,8.9534515e-5,0.652939,1.9212,146.79,0.0155,4.194029
332400,166200,8.9528476e-5,0.666246,1.9469,166.70,0.0156,4.261524
332500,166250,8.952244e-5,0.646199,1.9083,145.29,0.0154,4.184929
332600,166300,8.951638e-5,0.660244,1.9353,137.05,0.0158,4.198700
332700,166350,8.9510344e-5,0.664758,1.9440,154.61,0.0153,4.236896
332800,166400,8.950429e-5,0.669198,1.9527,159.40,0.0153,4.272142
332900,166450,8.949824e-5,0.651617,1.9186,141.70,0.0155,4.170686
333000,166500,8.949218e-5,0.637980,1.8927,153.87,0.0150,4.138910
333100,166550,8.948613e-5,0.653102,1.9215,183.56,0.0177,4.186572
333200,166600,8.9480076e-5,0.677867,1.9697,132.54,0.0159,4.323508
333300,166650,8.947401e-5,0.670718,1.9556,189.50,0.0155,4.238484
333400,166700,8.9467954e-5,0.659484,1.9338,161.03,0.0159,4.189467
333500,166750,8.94619e-5,0.664434,1.9434,154.79,0.0153,4.266590
333600,166800,8.945585e-5,0.666453,1.9473,138.29,0.0159,4.266157
333700,166850,8.944978e-5,0.685858,1.9855,156.23,0.0156,4.358170
333800,166900,8.944371e-5,0.648616,1.9129,138.45,0.0158,4.132451
333900,166950,8.943764e-5,0.673441,1.9610,172.99,0.0151,4.318309
334000,167000,8.943159e-5,0.687365,1.9885,124.26,0.0160,4.409658
334100,167050,8.9425506e-5,0.700175,2.0141,175.70,0.0180,4.404448
334200,167100,8.941944e-5,0.661224,1.9372,154.15,0.0156,4.226225
334300,167150,8.941337e-5,0.665703,1.9459,210.14,0.0154,4.234075
334400,167200,8.940729e-5,0.662257,1.9392,141.82,0.0157,4.229719
334500,167250,8.940122e-5,0.627015,1.8720,174.79,0.0153,4.025156
334600,167300,8.939514e-5,0.679284,1.9725,140.39,0.0156,4.344051
334700,167350,8.938907e-5,0.663876,1.9423,147.84,0.0163,4.279903
334800,167400,8.9382986e-5,0.684319,1.9824,142.02,0.0160,4.345562
334900,167450,8.93769e-5,0.667446,1.9493,167.43,0.0150,4.289475
335000,167500,8.937082e-5,0.692752,1.9992,137.72,0.0157,4.435995
335100,167550,8.936474e-5,0.651409,1.9182,175.85,0.0182,4.115889
335200,167600,8.9358655e-5,0.673523,1.9611,191.93,0.0159,4.291612
335300,167650,8.935256e-5,0.650818,1.9171,139.19,0.0159,4.140501
335400,167700,8.9346475e-5,0.671722,1.9576,132.59,0.0158,4.309148
335500,167750,8.934039e-5,0.693369,2.0004,147.62,0.0163,4.403790
335600,167800,8.9334295e-5,0.682808,1.9794,161.66,0.0155,4.354598
335700,167850,8.93282e-5,0.701624,2.0170,179.70,0.0159,4.425087
335800,167900,8.93221e-5,0.677587,1.9691,140.41,0.0159,4.278308
335900,167950,8.931602e-5,0.677200,1.9684,209.99,0.0153,4.365747
336000,168000,8.9309906e-5,0.677686,1.9693,178.96,0.0154,4.344163
336100,168050,8.930381e-5,0.693626,2.0010,168.13,0.0178,4.443089
336200,168100,8.929771e-5,0.671541,1.9573,176.62,0.0154,4.331302
336300,168150,8.9291614e-5,0.664092,1.9427,154.58,0.0155,4.258427
336400,168200,8.92855e-5,0.661576,1.9378,138.37,0.0155,4.232759
336500,168250,8.9279405e-5,0.672280,1.9587,138.84,0.0155,4.280724
336600,168300,8.927329e-5,0.651545,1.9185,155.21,0.0154,4.145529
336700,168350,8.926718e-5,0.678384,1.9707,172.95,0.0156,4.324867
336800,168400,8.9261084e-5,0.679384,1.9727,142.55,0.0155,4.369907
336900,168450,8.925496e-5,0.708136,2.0302,240.69,0.0156,4.498888
337000,168500,8.924886e-5,0.653371,1.9220,136.27,0.0154,4.236638
337100,168550,8.924275e-5,0.639850,1.8962,180.39,0.0175,4.085264
337200,168600,8.923662e-5,0.640276,1.8970,154.70,0.0161,4.123288
337300,168650,8.923051e-5,0.661038,1.9368,172.96,0.0152,4.243574
337400,168700,8.9224384e-5,0.663392,1.9414,154.38,0.0156,4.226885
337500,168750,8.921827e-5,0.685918,1.9856,167.70,0.0156,4.361712
337600,168800,8.9212146e-5,0.670530,1.9553,151.73,0.0157,4.267750
337700,168850,8.920602e-5,0.670857,1.9559,181.37,0.0154,4.329664
337800,168900,8.919989e-5,0.657366,1.9297,166.68,0.0153,4.151950
337900,168950,8.919377e-5,0.665965,1.9464,197.06,0.0151,4.238269
338000,169000,8.918764e-5,0.663067,1.9407,153.45,0.0156,4.254612
338100,169050,8.9181514e-5,0.670183,1.9546,221.16,0.0166,4.289281
338200,169100,8.917539e-5,0.675278,1.9646,152.69,0.0158,4.285830
338300,169150,8.916925e-5,0.681426,1.9767,151.07,0.0158,4.293481
338400,169200,8.916312e-5,0.681116,1.9761,157.80,0.0152,4.374638
338500,169250,8.915698e-5,0.679037,1.9720,156.74,0.0160,4.324749
338600,169300,8.915085e-5,0.667600,1.9496,158.75,0.0153,4.268809
338700,169350,8.914471e-5,0.652602,1.9205,131.16,0.0156,4.198854
338800,169400,8.913857e-5,0.686459,1.9867,145.51,0.0160,4.310071
338900,169450,8.913243e-5,0.663393,1.9414,144.75,0.0159,4.263016
339000,169500,8.912629e-5,0.653933,1.9231,160.22,0.0151,4.197925
339100,169550,8.912015e-5,0.662629,1.9399,163.68,0.0179,4.254929
339200,169600,8.911399e-5,0.649669,1.9149,161.85,0.0153,4.159814
339300,169650,8.910785e-5,0.654541,1.9243,168.96,0.0152,4.201935
339400,169700,8.91017e-5,0.651678,1.9188,146.30,0.0156,4.178030
339500,169750,8.9095556e-5,0.657681,1.9303,155.68,0.0153,4.187519
339600,169800,8.90894e-5,0.652691,1.9207,151.18,0.0153,4.200023
339700,169850,8.9083245e-5,0.666671,1.9477,170.34,0.0152,4.262783
339800,169900,8.907709e-5,0.663992,1.9425,157.87,0.0155,4.239161
339900,169950,8.9070934e-5,0.666161,1.9468,172.63,0.0151,4.298169
340000,170000,8.906478e-5,0.624024,1.8664,156.02,0.0147,4.034009
340100,170050,8.905861e-5,0.685637,1.9850,182.70,0.0173,4.346773
340200,170100,8.905245e-5,0.686042,1.9858,142.84,0.0156,4.354356
340300,170150,8.90463e-5,0.647289,1.9104,154.81,0.0150,4.208826
340400,170200,8.904013e-5,0.655481,1.9261,153.41,0.0160,4.213278
340500,170250,8.903397e-5,0.660363,1.9355,164.72,0.0154,4.218745
340600,170300,8.90278e-5,0.651352,1.9181,168.55,0.0154,4.150656
340700,170350,8.902163e-5,0.647915,1.9116,153.61,0.0153,4.161668
340800,170400,8.901546e-5,0.657638,1.9302,166.10,0.0153,4.224064
340900,170450,8.900929e-5,0.679359,1.9726,137.26,0.0158,4.354165
341000,170500,8.900312e-5,0.664040,1.9426,143.25,0.0156,4.225271
341100,170550,8.899695e-5,0.660926,1.9366,198.32,0.0172,4.208747
341200,170600,8.899077e-5,0.674104,1.9623,151.61,0.0154,4.324266
341300,170650,8.89846e-5,0.680228,1.9743,147.98,0.0157,4.330212
341400,170700,8.897841e-5,0.654580,1.9243,147.56,0.0158,4.183839
341500,170750,8.897224e-5,0.667726,1.9498,152.11,0.0153,4.280151
341600,170800,8.896606e-5,0.697358,2.0084,138.15,0.0157,4.467021
341700,170850,8.8959874e-5,0.665106,1.9447,185.64,0.0148,4.261961
341800,170900,8.895369e-5,0.667645,1.9496,147.73,0.0156,4.303901
341900,170950,8.894749e-5,0.661947,1.9386,174.16,0.0151,4.241160
342000,171000,8.8941306e-5,0.662481,1.9396,162.68,0.0157,4.240482
342100,171050,8.893512e-5,0.681814,1.9775,166.24,0.0182,4.314620
342200,171100,8.892894e-5,0.658448,1.9318,190.23,0.0146,4.262900
342300,171150,8.892274e-5,0.642444,1.9011,154.99,0.0157,4.144910
342400,171200,8.891654e-5,0.674206,1.9625,143.52,0.0156,4.345381
342500,171250,8.8910354e-5,0.640559,1.8975,178.17,0.0151,4.126974
342600,171300,8.8904155e-5,0.655733,1.9266,158.36,0.0153,4.189988
342700,171350,8.8897956e-5,0.673335,1.9608,154.30,0.0153,4.286381
342800,171400,8.889176e-5,0.655176,1.9255,167.48,0.0149,4.233088
342900,171450,8.888556e-5,0.680419,1.9747,164.82,0.0154,4.309577
343000,171500,8.887936e-5,0.660449,1.9357,169.31,0.0150,4.222598
343100,171550,8.8873145e-5,0.708959,2.0319,244.09,0.0177,4.443789
343200,171600,8.8866946e-5,0.653703,1.9226,155.40,0.0151,4.223888
343300,171650,8.886073e-5,0.677406,1.9688,155.12,0.0159,4.300776
343400,171700,8.885453e-5,0.664131,1.9428,145.72,0.0155,4.256334
343500,171750,8.884832e-5,0.680771,1.9754,156.58,0.0159,4.319356
343600,171800,8.8842105e-5,0.660441,1.9356,144.67,0.0154,4.232629
343700,171850,8.883589e-5,0.655662,1.9264,225.13,0.0147,4.193214
343800,171900,8.882968e-5,0.671067,1.9563,192.43,0.0155,4.285773
343900,171950,8.8823464e-5,0.650140,1.9158,163.57,0.0159,4.139895
344000,172000,8.881725e-5,0.667742,1.9498,163.44,0.0150,4.320436
344100,172050,8.881104e-5,0.655631,1.9264,185.05,0.0173,4.208097
344200,172100,8.880481e-5,0.645406,1.9068,137.74,0.0156,4.125885
344300,172150,8.8798595e-5,0.653543,1.9223,138.28,0.0155,4.183733
344400,172200,8.879237e-5,0.684397,1.9826,175.45,0.0154,4.344975
344500,172250,8.878615e-5,0.648326,1.9123,228.57,0.0143,4.167330
344600,172300,8.8779925e-5,0.653683,1.9226,171.11,0.0157,4.179927
344700,172350,8.87737e-5,0.663060,1.9407,169.40,0.0152,4.277082
344800,172400,8.8767454e-5,0.666140,1.9467,135.66,0.0161,4.297295
344900,172450,8.8761226e-5,0.649555,1.9147,155.94,0.0159,4.170452
345000,172500,8.8755e-5,0.662662,1.9399,149.68,0.0153,4.260081
345100,172550,8.874877e-5,0.674224,1.9625,207.79,0.0166,4.388554
345200,172600,8.874253e-5,0.668701,1.9517,148.74,0.0153,4.304739
345300,172650,8.87363e-5,0.667566,1.9495,170.13,0.0154,4.285242
345400,172700,8.8730056e-5,0.661761,1.9382,143.43,0.0160,4.224868
345500,172750,8.872381e-5,0.666822,1.9480,142.22,0.0155,4.308600
345600,172800,8.8717585e-5,0.656575,1.9282,163.79,0.0155,4.189953
345700,172850,8.871133e-5,0.649494,1.9146,163.84,0.0150,4.196760
345800,172900,8.8705085e-5,0.663364,1.9413,168.57,0.0152,4.240181
345900,172950,8.869884e-5,0.671958,1.9581,183.80,0.0152,4.196972
346000,173000,8.86926e-5,0.694104,2.0019,180.12,0.0153,4.379897
346100,173050,8.868634e-5,0.706047,2.0260,158.01,0.0186,4.427356
346200,173100,8.86801e-5,0.661507,1.9377,160.14,0.0152,4.257846
346300,173150,8.867384e-5,0.672744,1.9596,175.04,0.0157,4.248847
346400,173200,8.86676e-5,0.670358,1.9549,156.62,0.0154,4.282471
346500,173250,8.866134e-5,0.679814,1.9735,140.81,0.0157,4.325945
346600,173300,8.8655084e-5,0.679172,1.9722,163.05,0.0158,4.340673
346700,173350,8.864883e-5,0.670501,1.9552,146.08,0.0155,4.290749
346800,173400,8.864257e-5,0.663210,1.9410,169.35,0.0157,4.239980
346900,173450,8.863631e-5,0.637138,1.8911,165.62,0.0147,4.132055
347000,173500,8.8630055e-5,0.666442,1.9473,153.65,0.0157,4.260427
347100,173550,8.862378e-5,0.642126,1.9005,152.96,0.0188,4.098100
347200,173600,8.8617526e-5,0.667567,1.9495,158.97,0.0157,4.281401
347300,173650,8.8611254e-5,0.646179,1.9082,158.06,0.0153,4.162445
347400,173700,8.8605e-5,0.680197,1.9743,162.36,0.0155,4.292608
347500,173750,8.8598725e-5,0.668167,1.9507,151.29,0.0158,4.276216
347600,173800,8.859245e-5,0.680211,1.9743,182.45,0.0149,4.366443
347700,173850,8.858617e-5,0.670379,1.9550,131.96,0.0159,4.284688
347800,173900,8.857991e-5,0.673112,1.9603,159.14,0.0153,4.364426
347900,173950,8.857362e-5,0.659470,1.9338,142.35,0.0157,4.229968
348000,174000,8.856735e-5,0.667488,1.9493,136.26,0.0158,4.226462
348100,174050,8.856108e-5,0.673983,1.9620,184.80,0.0181,4.305568
348200,174100,8.855479e-5,0.666510,1.9474,136.23,0.0160,4.255565
348300,174150,8.854852e-5,0.659658,1.9341,175.96,0.0151,4.238762
348400,174200,8.8542234e-5,0.667481,1.9493,172.20,0.0151,4.287099
348500,174250,8.853595e-5,0.648072,1.9119,156.75,0.0154,4.157818
348600,174300,8.852966e-5,0.663413,1.9414,151.64,0.0153,4.264313
348700,174350,8.8523375e-5,0.653039,1.9214,141.50,0.0155,4.198388
348800,174400,8.851709e-5,0.684676,1.9831,164.05,0.0157,4.339886
348900,174450,8.85108e-5,0.644663,1.9053,205.33,0.0154,4.136315
349000,174500,8.8504516e-5,0.668002,1.9503,165.49,0.0153,4.223993
349100,174550,8.8498215e-5,0.696713,2.0071,175.20,0.0177,4.431720
349200,174600,8.849191e-5,0.687922,1.9896,146.03,0.0159,4.412195
349300,174650,8.848563e-5,0.673339,1.9608,181.32,0.0153,4.259108
349400,174700,8.8479326e-5,0.676884,1.9677,170.80,0.0157,4.304248
349500,174750,8.8473025e-5,0.669836,1.9539,137.35,0.0156,4.258430
349600,174800,8.8466724e-5,0.673296,1.9607,203.67,0.0154,4.258028
349700,174850,8.846042e-5,0.666095,1.9466,140.19,0.0159,4.289461
349800,174900,8.845414e-5,0.700443,2.0146,146.03,0.0155,4.517526
349900,174950,8.844782e-5,0.661003,1.9367,155.64,0.0155,4.231679
350000,175000,8.844152e-5,0.683028,1.9799,150.70,0.0156,4.360466
350100,175050,8.8435205e-5,0.698023,2.0098,185.05,0.0180,4.453438
350200,175100,8.8428904e-5,0.668530,1.9514,162.34,0.0160,4.255700
350300,175150,8.842259e-5,0.635604,1.8882,164.70,0.0150,4.078080
350400,175200,8.841629e-5,0.705886,2.0256,160.35,0.0155,4.542655
350500,175250,8.840997e-5,0.688978,1.9917,154.11,0.0155,4.412276
350600,175300,8.8403656e-5,0.664772,1.9440,146.88,0.0162,4.239936
350700,175350,8.839734e-5,0.678397,1.9707,149.83,0.0156,4.298792
350800,175400,8.8391025e-5,0.643109,1.9024,178.58,0.0148,4.151967
350900,175450,8.8384695e-5,0.653905,1.9230,218.44,0.0146,4.197273
351000,175500,8.837838e-5,0.677887,1.9697,140.63,0.0156,4.308997
351100,175550,8.837205e-5,0.684567,1.9829,174.44,0.0180,4.320858
351200,175600,8.8365734e-5,0.655568,1.9262,171.44,0.0150,4.234246
351300,175650,8.8359404e-5,0.658179,1.9313,150.22,0.0154,4.193959
351400,175700,8.835309e-5,0.669064,1.9524,148.64,0.0152,4.301029
351500,175750,8.834676e-5,0.647865,1.9115,173.80,0.0150,4.128839
351600,175800,8.834043e-5,0.675576,1.9652,144.87,0.0153,4.344061
351700,175850,8.83341e-5,0.670607,1.9554,149.27,0.0154,4.303671
351800,175900,8.832777e-5,0.670203,1.9546,159.74,0.0157,4.275238
351900,175950,8.832144e-5,0.657889,1.9307,160.93,0.0157,4.244435
352000,176000,8.831509e-5,0.707853,2.0296,262.30,0.0143,4.604642
352100,176050,8.830876e-5,0.653683,1.9226,191.72,0.0174,4.213350
352200,176100,8.830242e-5,0.670137,1.9545,160.78,0.0157,4.226246
352300,176150,8.829609e-5,0.671441,1.9571,142.23,0.0158,4.278566
352400,176200,8.8289744e-5,0.670775,1.9558,153.24,0.0154,4.315043
352500,176250,8.82834e-5,0.678207,1.9703,150.70,0.0156,4.317653
352600,176300,8.8277055e-5,0.660256,1.9353,176.40,0.0153,4.216587
352700,176350,8.827071e-5,0.657775,1.9305,161.01,0.0153,4.201153
352800,176400,8.8264365e-5,0.677695,1.9693,168.73,0.0152,4.321386
352900,176450,8.825802e-5,0.655916,1.9269,149.54,0.0156,4.147716
353000,176500,8.825166e-5,0.631857,1.8811,162.72,0.0149,4.093930
353100,176550,8.824532e-5,0.671126,1.9564,199.49,0.0172,4.262598
353200,176600,8.823897e-5,0.666197,1.9468,144.32,0.0157,4.230785
353300,176650,8.823261e-5,0.662763,1.9401,169.93,0.0150,4.233152
353400,176700,8.8226254e-5,0.649952,1.9154,136.92,0.0155,4.133417
353500,176750,8.8219895e-5,0.675061,1.9642,153.97,0.0157,4.290753
353600,176800,8.8213535e-5,0.667433,1.9492,169.09,0.0153,4.235663
353700,176850,8.8207176e-5,0.675258,1.9645,145.61,0.0156,4.288637
353800,176900,8.820082e-5,0.641795,1.8999,156.42,0.0149,4.125708
353900,176950,8.819446e-5,0.690840,1.9954,164.88,0.0155,4.449151
354000,177000,8.8188084e-5,0.670691,1.9556,151.28,0.0155,4.236255
354100,177050,8.8181725e-5,0.654325,1.9238,181.93,0.0178,4.183441
354200,177100,8.8175366e-5,0.643018,1.9022,177.20,0.0149,4.127951
354300,177150,8.816899e-5,0.687283,1.9883,167.07,0.0154,4.348876
354400,177200,8.816262e-5,0.670761,1.9557,130.00,0.0162,4.278807
354500,177250,8.8156245e-5,0.668519,1.9513,150.34,0.0154,4.249754
354600,177300,8.814987e-5,0.638094,1.8929,186.76,0.0155,4.102777
354700,177350,8.81435e-5,0.668779,1.9519,166.46,0.0153,4.258008
354800,177400,8.813712e-5,0.646735,1.9093,163.47,0.0158,4.137833
354900,177450,8.813075e-5,0.649293,1.9142,149.38,0.0154,4.171330
355000,177500,8.8124376e-5,0.687732,1.9892,159.04,0.0155,4.337782
355100,177550,8.811799e-5,0.641463,1.8993,177.82,0.0173,4.108248
355200,177600,8.8111614e-5,0.644782,1.9056,156.10,0.0153,4.134818
355300,177650,8.8105226e-5,0.645077,1.9061,234.11,0.0147,4.174060
355400,177700,8.809884e-5,0.646842,1.9095,162.48,0.0156,4.142286
355500,177750,8.809245e-5,0.716540,2.0473,255.09,0.0150,4.524133
355600,177800,8.8086075e-5,0.671083,1.9564,155.53,0.0154,4.282773
355700,177850,8.807967e-5,0.659069,1.9330,131.77,0.0160,4.199283
355800,177900,8.8073284e-5,0.710799,2.0356,170.30,0.0151,4.555346
355900,177950,8.8066896e-5,0.692364,1.9984,155.21,0.0155,4.407523
356000,178000,8.806051e-5,0.673102,1.9603,140.65,0.0158,4.290484
356100,178050,8.8054105e-5,0.647242,1.9103,183.98,0.0173,4.158100
356200,178100,8.804772e-5,0.663506,1.9416,156.52,0.0159,4.273231
356300,178150,8.804131e-5,0.647035,1.9099,151.45,0.0153,4.151491
356400,178200,8.803491e-5,0.659777,1.9344,155.77,0.0158,4.207082
356500,178250,8.802851e-5,0.674412,1.9629,157.54,0.0158,4.296463
356600,178300,8.802212e-5,0.657980,1.9309,158.23,0.0153,4.245792
356700,178350,8.80157e-5,0.640790,1.8980,165.30,0.0156,4.109286
356800,178400,8.80093e-5,0.652232,1.9198,157.50,0.0152,4.202991
356900,178450,8.80029e-5,0.674148,1.9624,164.24,0.0151,4.290961
357000,178500,8.7996494e-5,0.643870,1.9038,139.14,0.0155,4.144860
357100,178550,8.7990076e-5,0.638348,1.8933,163.01,0.0183,4.077188
357200,178600,8.798367e-5,0.659219,1.9333,148.55,0.0155,4.183850
357300,178650,8.7977256e-5,0.670414,1.9550,153.06,0.0155,4.265864
357400,178700,8.797085e-5,0.673537,1.9612,158.52,0.0159,4.311523
357500,178750,8.7964436e-5,0.671020,1.9562,175.87,0.0150,4.274930
357600,178800,8.795802e-5,0.658572,1.9320,175.55,0.0152,4.211996
357700,178850,8.79516e-5,0.652004,1.9194,155.30,0.0155,4.186019
357800,178900,8.794518e-5,0.644533,1.9051,206.27,0.0150,4.086732
357900,178950,8.793875e-5,0.664883,1.9443,173.10,0.0154,4.241166
358000,179000,8.7932334e-5,0.669335,1.9529,130.59,0.0159,4.316156
358100,179050,8.79259e-5,0.691783,1.9973,182.18,0.0181,4.388129
358200,179100,8.7919485e-5,0.659656,1.9341,146.45,0.0155,4.214926
358300,179150,8.791305e-5,0.666660,1.9477,150.66,0.0159,4.251001
358400,179200,8.7906636e-5,0.655891,1.9269,168.90,0.0153,4.222396
358500,179250,8.7900204e-5,0.643447,1.9030,142.47,0.0153,4.178775
358600,179300,8.789377e-5,0.651666,1.9187,173.54,0.0157,4.148129
358700,179350,8.788734e-5,0.641536,1.8994,150.55,0.0154,4.143593
358800,179400,8.788091e-5,0.693560,2.0008,152.06,0.0160,4.406884
358900,179450,8.7874476e-5,0.660987,1.9367,163.80,0.0155,4.199319
359000,179500,8.7868044e-5,0.649697,1.9150,169.16,0.0150,4.180131
359100,179550,8.78616e-5,0.665746,1.9459,181.41,0.0180,4.265972
359200,179600,8.785515e-5,0.683815,1.9814,148.01,0.0157,4.342865
359300,179650,8.784872e-5,0.671878,1.9579,144.33,0.0171,4.321952
359400,179700,8.784227e-5,0.680300,1.9745,155.25,0.0153,4.372670
359500,179750,8.7835826e-5,0.699255,2.0123,174.28,0.0155,4.401257
359600,179800,8.782938e-5,0.662014,1.9387,174.86,0.0156,4.197029
359700,179850,8.782293e-5,0.669274,1.9528,175.21,0.0156,4.188030
359800,179900,8.781649e-5,0.664512,1.9435,151.57,0.0156,4.212774
359900,179950,8.781004e-5,0.660355,1.9355,175.19,0.0154,4.174594
360000,180000,8.780359e-5,0.665185,1.9449,153.95,0.0156,4.218218
360100,180050,8.779713e-5,0.659802,1.9344,187.03,0.0177,4.230352
360200,180100,8.7790686e-5,0.683069,1.9799,165.26,0.0155,4.368828
360300,180150,8.7784225e-5,0.648906,1.9134,147.05,0.0157,4.111571
360400,180200,8.7777764e-5,0.645055,1.9061,139.41,0.0154,4.162296
360500,180250,8.777132e-5,0.671802,1.9578,171.27,0.0152,4.290247
360600,180300,8.7764856e-5,0.660272,1.9353,167.11,0.0160,4.204142
360700,180350,8.7758395e-5,0.648896,1.9134,160.80,0.0153,4.158015
360800,180400,8.7751934e-5,0.655613,1.9263,161.49,0.0154,4.194729
360900,180450,8.774546e-5,0.664959,1.9444,139.08,0.0159,4.250161
361000,180500,8.7739e-5,0.681384,1.9766,135.53,0.0156,4.376888
361100,180550,8.773254e-5,0.662941,1.9405,158.82,0.0184,4.247803
361200,180600,8.772606e-5,0.665096,1.9447,163.87,0.0152,4.284922
361300,180650,8.77196e-5,0.667096,1.9486,154.20,0.0160,4.258474
361400,180700,8.7713124e-5,0.670600,1.9554,149.20,0.0158,4.291237
361500,180750,8.770665e-5,0.680182,1.9742,157.20,0.0152,4.405298
361600,180800,8.770017e-5,0.656429,1.9279,157.38,0.0153,4.206637
361700,180850,8.76937e-5,0.680886,1.9756,191.05,0.0151,4.320241
361800,180900,8.768722e-5,0.684273,1.9823,139.92,0.0165,4.364436
361900,180950,8.7680746e-5,0.629115,1.8759,176.18,0.0149,4.046822
362000,181000,8.767427e-5,0.671073,1.9563,146.03,0.0156,4.284214
362100,181050,8.766778e-5,0.660528,1.9358,172.02,0.0180,4.225059
362200,181100,8.7661305e-5,0.674851,1.9637,152.73,0.0154,4.298700
362300,181150,8.765483e-5,0.646927,1.9097,147.99,0.0155,4.134681
362400,181200,8.764834e-5,0.684740,1.9833,159.99,0.0153,4.374720
362500,181250,8.764185e-5,0.657237,1.9295,151.91,0.0152,4.212359
362600,181300,8.763536e-5,0.645358,1.9067,152.94,0.0154,4.143268
362700,181350,8.762887e-5,0.653543,1.9223,170.56,0.0158,4.177651
362800,181400,8.762238e-5,0.708818,2.0316,171.14,0.0158,4.513647
362900,181450,8.761589e-5,0.645639,1.9072,162.85,0.0153,4.115364
363000,181500,8.76094e-5,0.649439,1.9145,210.70,0.0152,4.145403
363100,181550,8.760289e-5,0.657438,1.9298,198.84,0.0170,4.205637
363200,181600,8.75964e-5,0.674601,1.9632,150.03,0.0155,4.302961
363300,181650,8.75899e-5,0.653781,1.9228,171.26,0.0156,4.153129
363400,181700,8.7583394e-5,0.685354,1.9845,159.26,0.0153,4.354949
363500,181750,8.7576904e-5,0.655954,1.9270,140.91,0.0160,4.228674
363600,181800,8.75704e-5,0.662339,1.9393,178.41,0.0153,4.209308
363700,181850,8.7563894e-5,0.659004,1.9329,159.30,0.0153,4.207597
363800,181900,8.755739e-5,0.662229,1.9391,145.66,0.0162,4.234991
363900,181950,8.7550885e-5,0.641855,1.9000,196.13,0.0149,4.117454
364000,182000,8.754438e-5,0.625928,1.8700,160.23,0.0151,4.059574
364100,182050,8.753786e-5,0.669274,1.9528,153.67,0.0190,4.296065
364200,182100,8.7531356e-5,0.663173,1.9409,143.44,0.0156,4.213518
364300,182150,8.752484e-5,0.690917,1.9955,169.40,0.0157,4.409806
364400,182200,8.751833e-5,0.663521,1.9416,140.23,0.0157,4.239874
364500,182250,8.751181e-5,0.701330,2.0164,166.38,0.0155,4.471457
364600,182300,8.7505294e-5,0.670526,1.9553,136.57,0.0157,4.295953
364700,182350,8.7498775e-5,0.644146,1.9044,192.33,0.0148,4.172434
364800,182400,8.7492255e-5,0.660277,1.9353,161.30,0.0159,4.213796
364900,182450,8.7485736e-5,0.657639,1.9302,170.09,0.0150,4.230902
365000,182500,8.747922e-5,0.672067,1.9583,140.49,0.0163,4.272401
365100,182550,8.747268e-5,0.670809,1.9558,172.47,0.0176,4.302095
365200,182600,8.7466164e-5,0.686253,1.9863,184.63,0.0153,4.374728
365300,182650,8.745963e-5,0.667998,1.9503,165.70,0.0152,4.279840
365400,182700,8.745311e-5,0.657485,1.9299,151.61,0.0154,4.196047
365500,182750,8.744658e-5,0.666375,1.9472,154.85,0.0154,4.200404
365600,182800,8.744004e-5,0.649329,1.9143,172.70,0.0154,4.144644
365700,182850,8.743351e-5,0.661171,1.9371,167.93,0.0151,4.214065
365800,182900,8.7426975e-5,0.643118,1.9024,149.11,0.0159,4.121760
365900,182950,8.742044e-5,0.653910,1.9230,136.26,0.0158,4.164592
366000,183000,8.741391e-5,0.652750,1.9208,168.15,0.0157,4.151685
366100,183050,8.7407374e-5,0.662518,1.9397,159.66,0.0183,4.240509
366200,183100,8.7400826e-5,0.658416,1.9317,161.03,0.0153,4.228744
366300,183150,8.739428e-5,0.655325,1.9258,152.18,0.0156,4.196306
366400,183200,8.738774e-5,0.692418,1.9985,142.02,0.0158,4.454213
366500,183250,8.7381195e-5,0.668481,1.9513,143.36,0.0166,4.256562
366600,183300,8.737466e-5,0.657180,1.9293,150.41,0.0153,4.215449
366700,183350,8.736811e-5,0.679157,1.9722,145.92,0.0164,4.348277
366800,183400,8.7361565e-5,0.668700,1.9517,150.84,0.0153,4.276015
366900,183450,8.7355016e-5,0.645573,1.9071,161.83,0.0156,4.116335
367000,183500,8.734847e-5,0.626612,1.8713,153.92,0.0151,4.011804
367100,183550,8.7341905e-5,0.660778,1.9363,178.21,0.0176,4.258640
367200,183600,8.733536e-5,0.667716,1.9498,180.82,0.0155,4.274776
367300,183650,8.732879e-5,0.659829,1.9345,148.22,0.0156,4.199974
367400,183700,8.7322245e-5,0.668792,1.9519,135.53,0.0156,4.253074
367500,183750,8.731568e-5,0.692822,1.9993,156.81,0.0157,4.376362
367600,183800,8.730912e-5,0.693861,2.0014,177.57,0.0148,4.508859
367700,183850,8.730256e-5,0.666397,1.9472,151.26,0.0154,4.292558
367800,183900,8.729601e-5,0.675899,1.9658,149.84,0.0158,4.247365
367900,183950,8.7289445e-5,0.660566,1.9359,159.75,0.0151,4.256842
368000,184000,8.728288e-5,0.671209,1.9566,154.61,0.0153,4.270997
368100,184050,8.7276305e-5,0.650959,1.9174,179.34,0.0172,4.143474
368200,184100,8.726974e-5,0.648921,1.9135,161.11,0.0154,4.162592
368300,184150,8.7263164e-5,0.661784,1.9382,147.67,0.0155,4.244377
368400,184200,8.72566e-5,0.660027,1.9348,161.72,0.0154,4.205696
368500,184250,8.7250024e-5,0.665127,1.9447,148.42,0.0153,4.254697
368600,184300,8.724345e-5,0.698460,2.0107,139.85,0.0158,4.437446
368700,184350,8.723687e-5,0.650452,1.9164,174.52,0.0150,4.149472
368800,184400,8.723029e-5,0.672731,1.9596,179.27,0.0157,4.302922
368900,184450,8.7223714e-5,0.661003,1.9367,162.85,0.0153,4.189554
369000,184500,8.721714e-5,0.663841,1.9422,149.94,0.0153,4.267313
369100,184550,8.721056e-5,0.666528,1.9475,174.20,0.0173,4.277509
369200,184600,8.720398e-5,0.670561,1.9553,172.31,0.0153,4.303199
369300,184650,8.7197404e-5,0.666276,1.9470,143.87,0.0156,4.225255
369400,184700,8.719081e-5,0.644105,1.9043,152.57,0.0151,4.154427
369500,184750,8.718422e-5,0.660127,1.9350,150.21,0.0152,4.298842
369600,184800,8.717764e-5,0.658403,1.9317,163.42,0.0152,4.223050
369700,184850,8.717105e-5,0.659326,1.9335,161.19,0.0157,4.224815
369800,184900,8.716446e-5,0.675007,1.9640,184.42,0.0154,4.324606
369900,184950,8.715787e-5,0.662460,1.9396,179.38,0.0154,4.240520
370000,185000,8.7151275e-5,0.676775,1.9675,160.41,0.0152,4.298250
370100,185050,8.714468e-5,0.639357,1.8953,166.66,0.0175,4.120019
370200,185100,8.7138076e-5,0.656112,1.9273,143.99,0.0154,4.199492
370300,185150,8.7131484e-5,0.674616,1.9633,138.71,0.0157,4.294158
370400,185200,8.712488e-5,0.695977,2.0057,160.20,0.0162,4.412030
370500,185250,8.7118286e-5,0.632227,1.8818,168.62,0.0151,4.107075
370600,185300,8.711168e-5,0.665142,1.9448,184.67,0.0158,4.219669
370700,185350,8.710507e-5,0.641381,1.8991,125.72,0.0158,4.150448
370800,185400,8.7098466e-5,0.648955,1.9135,130.33,0.0160,4.157111
370900,185450,8.709186e-5,0.670481,1.9552,190.84,0.0149,4.329336
371000,185500,8.708527e-5,0.671851,1.9579,181.49,0.0150,4.300351
371100,185550,8.7078646e-5,0.670082,1.9544,175.60,0.0176,4.295293
371200,185600,8.707204e-5,0.655962,1.9270,143.09,0.0154,4.203577
371300,185650,8.706542e-5,0.671749,1.9577,185.32,0.0158,4.261988
371400,185700,8.705881e-5,0.654608,1.9244,153.47,0.0154,4.206026
371500,185750,8.7052205e-5,0.653197,1.9217,171.48,0.0154,4.169230
371600,185800,8.7045584e-5,0.670019,1.9543,148.28,0.0155,4.263102
371700,185850,8.703896e-5,0.683333,1.9805,144.57,0.0157,4.322957
371800,185900,8.703234e-5,0.670020,1.9543,166.81,0.0158,4.266251
371900,185950,8.702572e-5,0.635959,1.8888,165.80,0.0150,4.127296
372000,186000,8.7019114e-5,0.637993,1.8927,164.07,0.0158,4.118958
372100,186050,8.701249e-5,0.681953,1.9777,197.63,0.0176,4.348343
372200,186100,8.700586e-5,0.663935,1.9424,149.12,0.0156,4.209705
372300,186150,8.699924e-5,0.645762,1.9074,152.08,0.0154,4.125053
372400,186200,8.69926e-5,0.682652,1.9791,137.61,0.0158,4.322047
372500,186250,8.698598e-5,0.673152,1.9604,160.63,0.0156,4.314392
372600,186300,8.6979344e-5,0.646550,1.9089,139.81,0.0155,4.147469
372700,186350,8.697272e-5,0.645391,1.9067,146.92,0.0155,4.139678
372800,186400,8.696609e-5,0.670644,1.9555,144.77,0.0157,4.270198
372900,186450,8.695944e-5,0.666203,1.9468,152.63,0.0156,4.257231
373000,186500,8.6952816e-5,0.668463,1.9512,151.96,0.0159,4.300961
373100,186550,8.6946166e-5,0.665147,1.9448,213.96,0.0166,4.289505
373200,186600,8.693953e-5,0.674604,1.9633,163.96,0.0157,4.271139
373300,186650,8.6932894e-5,0.658853,1.9326,174.94,0.0155,4.165349
373400,186700,8.692626e-5,0.686229,1.9862,157.56,0.0155,4.370171
373500,186750,8.691961e-5,0.664069,1.9427,148.48,0.0159,4.217908
373600,186800,8.691297e-5,0.697420,2.0086,148.49,0.0154,4.433345
373700,186850,8.690632e-5,0.666587,1.9476,172.39,0.0156,4.259817
373800,186900,8.689967e-5,0.629359,1.8764,157.41,0.0152,4.044012
373900,186950,8.689304e-5,0.679134,1.9722,176.33,0.0153,4.334569
374000,187000,8.6886386e-5,0.654779,1.9247,194.29,0.0153,4.137903
374100,187050,8.687972e-5,0.671138,1.9565,195.52,0.0173,4.230958
374200,187100,8.687307e-5,0.632604,1.8825,178.81,0.0151,4.102737
374300,187150,8.686642e-5,0.636204,1.8893,139.47,0.0156,4.148578
374400,187200,8.685977e-5,0.666298,1.9470,154.27,0.0153,4.260009
374500,187250,8.6853106e-5,0.658325,1.9316,176.07,0.0156,4.223908
374600,187300,8.684644e-5,0.655048,1.9252,158.44,0.0152,4.191792
374700,187350,8.683979e-5,0.675609,1.9652,144.96,0.0158,4.270073
374800,187400,8.6833126e-5,0.657880,1.9307,149.13,0.0155,4.196877
374900,187450,8.6826476e-5,0.669370,1.9530,156.78,0.0159,4.257715
375000,187500,8.681981e-5,0.667143,1.9487,173.50,0.0156,4.234307
375100,187550,8.681315e-5,0.658135,1.9312,170.74,0.0177,4.228098
375200,187600,8.680647e-5,0.679649,1.9732,159.99,0.0155,4.358953
375300,187650,8.67998e-5,0.673781,1.9616,160.26,0.0155,4.276718
375400,187700,8.679314e-5,0.665029,1.9445,160.38,0.0156,4.231610
375500,187750,8.678646e-5,0.659125,1.9331,177.19,0.0155,4.200978
375600,187800,8.677979e-5,0.649952,1.9154,167.37,0.0150,4.208907
375700,187850,8.6773114e-5,0.632060,1.8815,153.87,0.0156,4.083706
375800,187900,8.676645e-5,0.664276,1.9431,145.14,0.0155,4.200792
375900,187950,8.675977e-5,0.643992,1.9041,175.38,0.0155,4.120793
376000,188000,8.675309e-5,0.663664,1.9419,153.31,0.0154,4.257727
376100,188050,8.674641e-5,0.660298,1.9354,198.02,0.0171,4.186435
376200,188100,8.673973e-5,0.644389,1.9048,157.50,0.0150,4.166667
376300,188150,8.673305e-5,0.650760,1.9170,165.92,0.0148,4.219257
376400,188200,8.672637e-5,0.644679,1.9054,172.37,0.0157,4.108484
376500,188250,8.671968e-5,0.682416,1.9787,145.60,0.0156,4.318685
376600,188300,8.6713e-5,0.675793,1.9656,156.57,0.0154,4.298252
376700,188350,8.6706306e-5,0.685314,1.9844,154.28,0.0157,4.314119
376800,188400,8.669963e-5,0.686674,1.9871,145.43,0.0161,4.348494
376900,188450,8.669293e-5,0.645851,1.9076,136.43,0.0158,4.128711
377000,188500,8.668624e-5,0.650230,1.9160,148.68,0.0155,4.165504
377100,188550,8.6679545e-5,0.654211,1.9236,181.62,0.0175,4.207160
377200,188600,8.667285e-5,0.654594,1.9244,167.92,0.0149,4.192025
377300,188650,8.666616e-5,0.651351,1.9181,141.91,0.0155,4.165999
377400,188700,8.6659464e-5,0.667595,1.9495,163.86,0.0154,4.274641
377500,188750,8.6652755e-5,0.654064,1.9233,140.21,0.0155,4.193533
377600,188800,8.664606e-5,0.655555,1.9262,155.09,0.0151,4.189178
377700,188850,8.663935e-5,0.656414,1.9279,133.06,0.0158,4.197395
377800,188900,8.663266e-5,0.661729,1.9381,143.12,0.0159,4.231459
377900,188950,8.662595e-5,0.646664,1.9092,151.51,0.0155,4.121318
378000,189000,8.661924e-5,0.678130,1.9702,151.76,0.0158,4.323513
378100,189050,8.661255e-5,0.664293,1.9431,173.38,0.0176,4.291056
378200,189100,8.6605825e-5,0.662566,1.9398,143.23,0.0156,4.253830
378300,189150,8.659913e-5,0.646058,1.9080,167.92,0.0153,4.185424
378400,189200,8.659241e-5,0.673937,1.9619,166.57,0.0150,4.323085
378500,189250,8.65857e-5,0.676463,1.9669,176.00,0.0162,4.294888
378600,189300,8.657899e-5,0.670715,1.9556,140.22,0.0157,4.266278
378700,189350,8.657227e-5,0.653831,1.9229,142.82,0.0155,4.209095
378800,189400,8.656556e-5,0.671035,1.9563,120.19,0.0162,4.298265
378900,189450,8.655884e-5,0.648711,1.9131,163.01,0.0156,4.155590
379000,189500,8.655213e-5,0.676075,1.9661,142.98,0.0156,4.345103
379100,189550,8.654539e-5,0.648383,1.9124,170.32,0.0178,4.135601
379200,189600,8.653868e-5,0.663201,1.9410,150.82,0.0160,4.180322
379300,189650,8.653196e-5,0.629628,1.8769,154.90,0.0149,4.075681
379400,189700,8.652522e-5,0.675646,1.9653,170.46,0.0154,4.324077
379500,189750,8.65185e-5,0.648529,1.9127,178.96,0.0151,4.132562
379600,189800,8.6511776e-5,0.688181,1.9901,167.90,0.0157,4.387791
379700,189850,8.650504e-5,0.659725,1.9343,143.84,0.0160,4.225723
379800,189900,8.6498316e-5,0.679106,1.9721,146.87,0.0156,4.284514
379900,189950,8.649158e-5,0.653378,1.9220,170.96,0.0158,4.149998
380000,190000,8.6484855e-5,0.676099,1.9662,184.97,0.0155,4.226748
380100,190050,8.647812e-5,0.647292,1.9104,160.32,0.0187,4.146865
380200,190100,8.647138e-5,0.646436,1.9087,181.91,0.0154,4.168338
380300,190150,8.646464e-5,0.661906,1.9385,154.94,0.0154,4.200385
380400,190200,8.6457905e-5,0.668974,1.9522,140.06,0.0162,4.258302
380500,190250,8.645117e-5,0.657399,1.9298,175.50,0.0150,4.202148
380600,190300,8.6444416e-5,0.650236,1.9160,162.30,0.0161,4.126685
380700,190350,8.643768e-5,0.636484,1.8898,194.90,0.0149,4.080035
380800,190400,8.643094e-5,0.665266,1.9450,170.56,0.0153,4.254210
380900,190450,8.642419e-5,0.669586,1.9534,164.29,0.0159,4.254650
381000,190500,8.641745e-5,0.666423,1.9473,156.75,0.0153,4.291274
381100,190550,8.64107e-5,0.655458,1.9260,184.67,0.0176,4.150028
381200,190600,8.640395e-5,0.676480,1.9669,160.16,0.0165,4.279117
381300,190650,8.6397195e-5,0.657264,1.9295,155.25,0.0153,4.186285
381400,190700,8.639044e-5,0.658458,1.9318,152.38,0.0157,4.192965
381500,190750,8.638369e-5,0.660461,1.9357,151.97,0.0156,4.244446
381600,190800,8.637694e-5,0.670551,1.9553,151.72,0.0156,4.266234
381700,190850,8.637017e-5,0.657209,1.9294,167.37,0.0151,4.201996
381800,190900,8.636342e-5,0.659994,1.9348,163.18,0.0151,4.268889
381900,190950,8.635667e-5,0.652789,1.9209,179.99,0.0158,4.174047
382000,191000,8.63499e-5,0.702488,2.0188,148.96,0.0158,4.449327
382100,191050,8.6343134e-5,0.668971,1.9522,188.56,0.0171,4.296538
382200,191100,8.633638e-5,0.668536,1.9514,157.26,0.0153,4.273275
382300,191150,8.63296e-5,0.652283,1.9199,154.32,0.0152,4.194869
382400,191200,8.632285e-5,0.657752,1.9304,146.18,0.0157,4.185785
382500,191250,8.631608e-5,0.651602,1.9186,131.75,0.0156,4.172434
382600,191300,8.6309316e-5,0.656347,1.9277,185.57,0.0155,4.197948
382700,191350,8.6302534e-5,0.678802,1.9715,156.82,0.0159,4.344474
382800,191400,8.629577e-5,0.661433,1.9376,149.53,0.0155,4.220687
382900,191450,8.628899e-5,0.653608,1.9225,130.94,0.0154,4.201964
383000,191500,8.628222e-5,0.646383,1.9086,157.66,0.0154,4.137322
383100,191550,8.627544e-5,0.633312,1.8838,165.57,0.0177,4.112446
383200,191600,8.626867e-5,0.675427,1.9649,161.04,0.0153,4.321215
383300,191650,8.626189e-5,0.679784,1.9735,158.88,0.0153,4.350678
383400,191700,8.625511e-5,0.657942,1.9308,183.95,0.0159,4.202749
383500,191750,8.624833e-5,0.676203,1.9664,185.75,0.0150,4.275848
383600,191800,8.624155e-5,0.704209,2.0222,159.01,0.0158,4.442857
383700,191850,8.6234766e-5,0.655213,1.9256,150.29,0.0158,4.201891
383800,191900,8.622797e-5,0.659809,1.9344,145.00,0.0155,4.208295
383900,191950,8.622119e-5,0.655309,1.9257,167.89,0.0153,4.166523
384000,192000,8.621439e-5,0.660199,1.9352,159.98,0.0151,4.276227
384100,192050,8.620761e-5,0.651696,1.9188,212.05,0.0166,4.164905
384200,192100,8.620082e-5,0.669411,1.9531,144.58,0.0155,4.258110
384300,192150,8.619402e-5,0.653796,1.9228,169.69,0.0157,4.201186
384400,192200,8.618724e-5,0.675619,1.9652,163.00,0.0164,4.339754
384500,192250,8.6180444e-5,0.655434,1.9260,181.02,0.0147,4.212660
384600,192300,8.617365e-5,0.631439,1.8803,129.02,0.0158,4.064245
384700,192350,8.616685e-5,0.651108,1.9177,141.56,0.0155,4.203844
384800,192400,8.616004e-5,0.653526,1.9223,188.96,0.0152,4.190341
384900,192450,8.6153246e-5,0.669841,1.9539,145.53,0.0155,4.265506
385000,192500,8.614645e-5,0.652377,1.9201,133.64,0.0158,4.158780
385100,192550,8.613964e-5,0.663998,1.9425,196.19,0.0179,4.253127
385200,192600,8.613283e-5,0.647414,1.9106,157.84,0.0153,4.092592
385300,192650,8.6126034e-5,0.657489,1.9299,160.10,0.0160,4.183609
385400,192700,8.6119224e-5,0.650091,1.9157,160.59,0.0157,4.126121
385500,192750,8.611241e-5,0.661327,1.9374,165.05,0.0151,4.249810
385600,192800,8.61056e-5,0.655462,1.9260,173.43,0.0157,4.221511
385700,192850,8.609879e-5,0.665465,1.9454,163.51,0.0155,4.237703
385800,192900,8.609198e-5,0.670833,1.9559,160.38,0.0152,4.293161
385900,192950,8.608516e-5,0.629586,1.8768,161.74,0.0151,4.021797
386000,193000,8.607835e-5,0.662077,1.9388,155.94,0.0158,4.249667
386100,193050,8.607154e-5,0.648823,1.9133,178.95,0.0180,4.155463
386200,193100,8.606471e-5,0.646468,1.9088,158.41,0.0152,4.136031
386300,193150,8.605789e-5,0.647984,1.9117,151.58,0.0153,4.175137
386400,193200,8.605108e-5,0.664924,1.9443,157.09,0.0153,4.258157
386500,193250,8.604425e-5,0.670348,1.9549,167.02,0.0156,4.255387
386600,193300,8.603743e-5,0.632611,1.8825,164.45,0.0153,4.067822
386700,193350,8.60306e-5,0.637859,1.8924,165.15,0.0152,4.081860
386800,193400,8.602378e-5,0.667570,1.9495,141.87,0.0158,4.267465
386900,193450,8.601695e-5,0.625441,1.8691,152.00,0.0151,4.045874
387000,193500,8.601013e-5,0.663216,1.9410,176.99,0.0151,4.264525
387100,193550,8.600329e-5,0.695287,2.0043,183.99,0.0181,4.396147
387200,193600,8.5996464e-5,0.654736,1.9246,158.52,0.0152,4.201345
387300,193650,8.5989624e-5,0.635009,1.8870,156.27,0.0160,4.051114
387400,193700,8.59828e-5,0.660796,1.9363,155.81,0.0153,4.224570
387500,193750,8.597596e-5,0.659135,1.9331,172.27,0.0153,4.214323
387600,193800,8.596912e-5,0.677855,1.9696,180.41,0.0152,4.328568
387700,193850,8.596228e-5,0.664673,1.9439,151.78,0.0154,4.241322
387800,193900,8.595544e-5,0.657613,1.9302,155.94,0.0158,4.225881
387900,193950,8.59486e-5,0.652578,1.9205,143.26,0.0155,4.152278
388000,194000,8.594176e-5,0.664556,1.9436,140.70,0.0156,4.205320
388100,194050,8.593491e-5,0.663536,1.9416,175.38,0.0184,4.229953
388200,194100,8.592807e-5,0.700247,2.0143,157.69,0.0153,4.419477
388300,194150,8.5921216e-5,0.648342,1.9124,163.60,0.0155,4.176666
388400,194200,8.591438e-5,0.654944,1.9250,151.77,0.0152,4.212806
388500,194250,8.590752e-5,0.672822,1.9598,133.10,0.0158,4.281323
388600,194300,8.590067e-5,0.645569,1.9071,148.00,0.0156,4.109117
388700,194350,8.5893815e-5,0.647368,1.9105,161.95,0.0156,4.146306
388800,194400,8.5886975e-5,0.659106,1.9331,187.40,0.0156,4.185317
388900,194450,8.588011e-5,0.645390,1.9067,154.01,0.0156,4.123542
389000,194500,8.587325e-5,0.669058,1.9524,158.07,0.0152,4.321462
389100,194550,8.58664e-5,0.640032,1.8965,169.02,0.0177,4.118315
389200,194600,8.585953e-5,0.649854,1.9153,161.70,0.0152,4.217235
389300,194650,8.585268e-5,0.636686,1.8902,175.49,0.0154,4.068045
389400,194700,8.584581e-5,0.668349,1.9510,178.36,0.0151,4.303527
389500,194750,8.5838954e-5,0.653193,1.9217,147.98,0.0157,4.183665
389600,194800,8.5832085e-5,0.649429,1.9144,153.97,0.0156,4.126668
389700,194850,8.582522e-5,0.656083,1.9272,165.64,0.0154,4.164143
389800,194900,8.581836e-5,0.673516,1.9611,185.05,0.0151,4.305677
389900,194950,8.5811495e-5,0.661882,1.9384,135.51,0.0160,4.246503
390000,195000,8.5804626e-5,0.651728,1.9189,176.24,0.0158,4.148435
390100,195050,8.579774e-5,0.634705,1.8865,179.57,0.0174,4.045870
390200,195100,8.5790874e-5,0.654870,1.9249,172.10,0.0154,4.186142
390300,195150,8.5784006e-5,0.673004,1.9601,158.41,0.0155,4.249215
390400,195200,8.577712e-5,0.658707,1.9323,159.03,0.0155,4.194971
390500,195250,8.5770254e-5,0.676965,1.9679,170.72,0.0151,4.299786
390600,195300,8.576337e-5,0.660288,1.9353,148.29,0.0156,4.223685
390700,195350,8.575649e-5,0.647880,1.9115,155.71,0.0160,4.127069
390800,195400,8.574962e-5,0.679176,1.9723,146.14,0.0157,4.289007
390900,195450,8.574274e-5,0.656672,1.9284,146.65,0.0166,4.203300
391000,195500,8.5735854e-5,0.632111,1.8816,172.01,0.0157,4.097746
391100,195550,8.572897e-5,0.649764,1.9151,212.55,0.0175,4.200268
391200,195600,8.572207e-5,0.656380,1.9278,155.13,0.0164,4.193945
391300,195650,8.571519e-5,0.661997,1.9387,161.22,0.0160,4.277833
391400,195700,8.570831e-5,0.667584,1.9495,177.46,0.0159,4.228191
391500,195750,8.570141e-5,0.656336,1.9277,143.64,0.0167,4.143065
391600,195800,8.5694526e-5,0.650541,1.9166,148.22,0.0166,4.119928
391700,195850,8.568763e-5,0.667821,1.9500,212.95,0.0159,4.210235
391800,195900,8.568073e-5,0.668711,1.9517,166.65,0.0161,4.252036
391900,195950,8.567383e-5,0.681137,1.9761,160.74,0.0162,4.358723
392000,196000,8.5666936e-5,0.666856,1.9481,170.69,0.0160,4.292951
392100,196050,8.566004e-5,0.657515,1.9300,174.84,0.0187,4.171954
392200,196100,8.565314e-5,0.648915,1.9135,191.88,0.0155,4.165079
392300,196150,8.564624e-5,0.661388,1.9375,168.20,0.0161,4.233470
392400,196200,8.5639345e-5,0.653979,1.9232,153.18,0.0161,4.183468
392500,196250,8.563243e-5,0.669319,1.9529,166.17,0.0161,4.242399
392600,196300,8.5625536e-5,0.634189,1.8855,181.89,0.0158,4.079628
392700,196350,8.561862e-5,0.639748,1.8960,192.77,0.0157,4.112502
392800,196400,8.5611726e-5,0.677071,1.9681,168.63,0.0160,4.313435
392900,196450,8.5604814e-5,0.642999,1.9022,148.68,0.0164,4.140180
393000,196500,8.55979e-5,0.659242,1.9333,172.13,0.0161,4.227561
393100,196550,8.559099e-5,0.682937,1.9797,180.64,0.0185,4.329807
393200,196600,8.558408e-5,0.656836,1.9287,150.90,0.0161,4.247726
393300,196650,8.5577165e-5,0.657949,1.9308,140.67,0.0164,4.199642
393400,196700,8.557025e-5,0.666071,1.9466,159.60,0.0160,4.297349
393500,196750,8.5563326e-5,0.665812,1.9461,171.92,0.0160,4.241073
393600,196800,8.5556414e-5,0.644583,1.9052,156.47,0.0160,4.185009
393700,196850,8.554949e-5,0.664452,1.9434,166.84,0.0164,4.213232
393800,196900,8.5542575e-5,0.642471,1.9012,161.62,0.0162,4.088968
393900,196950,8.553565e-5,0.680457,1.9748,163.40,0.0162,4.341848
394000,197000,8.552872e-5,0.647162,1.9101,173.54,0.0159,4.112641
394100,197050,8.5521795e-5,0.668397,1.9511,220.00,0.0179,4.198948
394200,197100,8.551488e-5,0.654877,1.9249,145.12,0.0163,4.172321
394300,197150,8.5507956e-5,0.653537,1.9223,152.83,0.0162,4.166163
394400,197200,8.5501015e-5,0.646722,1.9093,178.20,0.0158,4.120721
394500,197250,8.549409e-5,0.660710,1.9362,168.17,0.0157,4.165393
394600,197300,8.548716e-5,0.634725,1.8865,143.27,0.0162,4.047970
394700,197350,8.548022e-5,0.666794,1.9480,168.87,0.0156,4.283584
394800,197400,8.547328e-5,0.664128,1.9428,193.73,0.0157,4.228413
394900,197450,8.546635e-5,0.667477,1.9493,166.23,0.0160,4.242193
395000,197500,8.5459425e-5,0.644468,1.9050,145.59,0.0162,4.116831
395100,197550,8.5452484e-5,0.633255,1.8837,169.58,0.0185,4.083432
395200,197600,8.544554e-5,0.650611,1.9167,194.51,0.0155,4.164887
395300,197650,8.54386e-5,0.646002,1.9079,150.79,0.0168,4.161353
395400,197700,8.543166e-5,0.620943,1.8607,137.87,0.0163,4.015390
395500,197750,8.542472e-5,0.638303,1.8933,140.96,0.0162,4.086894
395600,197800,8.541776e-5,0.644127,1.9043,167.03,0.0157,4.133231
395700,197850,8.541082e-5,0.669926,1.9541,176.55,0.0159,4.225665
395800,197900,8.540388e-5,0.671997,1.9581,167.78,0.0161,4.227159
395900,197950,8.5396925e-5,0.671030,1.9563,162.39,0.0160,4.263000
396000,198000,8.538997e-5,0.632711,1.8827,159.85,0.0158,4.059390
396100,198050,8.538303e-5,0.636087,1.8891,183.20,0.0181,4.066931
396200,198100,8.537607e-5,0.652798,1.9209,159.64,0.0157,4.181882
396300,198150,8.5369116e-5,0.662188,1.9390,158.96,0.0161,4.182284
396400,198200,8.536216e-5,0.636724,1.8903,171.49,0.0155,4.091403
396500,198250,8.5355205e-5,0.645817,1.9075,174.85,0.0155,4.126938
396600,198300,8.534825e-5,0.629145,1.8760,162.16,0.0162,3.997827
396700,198350,8.534129e-5,0.674574,1.9632,141.23,0.0163,4.273190
396800,198400,8.533432e-5,0.644264,1.9046,166.84,0.0158,4.137702
396900,198450,8.532737e-5,0.674806,1.9637,137.26,0.0166,4.275019
397000,198500,8.53204e-5,0.632886,1.8830,157.34,0.0158,4.105910
397100,198550,8.531344e-5,0.659047,1.9329,201.04,0.0177,4.212523
397200,198600,8.530647e-5,0.652890,1.9211,179.36,0.0155,4.220963
397300,198650,8.52995e-5,0.677102,1.9682,151.35,0.0161,4.322044
397400,198700,8.529253e-5,0.666624,1.9477,173.87,0.0158,4.243502
397500,198750,8.528556e-5,0.682992,1.9798,184.82,0.0159,4.337830
397600,198800,8.527859e-5,0.687806,1.9893,140.50,0.0164,4.413730
397700,198850,8.527162e-5,0.698881,2.0115,182.16,0.0157,4.409201
397800,198900,8.526465e-5,0.676128,1.9662,150.51,0.0161,4.299030
397900,198950,8.525766e-5,0.642918,1.9020,158.88,0.0160,4.085305
398000,199000,8.525069e-5,0.672336,1.9588,153.96,0.0161,4.291863
398100,199050,8.524372e-5,0.652842,1.9210,192.95,0.0177,4.156263
398200,199100,8.523674e-5,0.691398,1.9965,247.82,0.0156,4.344062
398300,199150,8.522975e-5,0.642805,1.9018,157.63,0.0160,4.108261
398400,199200,8.522277e-5,0.643720,1.9035,175.63,0.0155,4.173989
398500,199250,8.521578e-5,0.655649,1.9264,169.29,0.0156,4.207903
398600,199300,8.52088e-5,0.646817,1.9095,148.28,0.0162,4.158632
398700,199350,8.520181e-5,0.637625,1.8920,187.75,0.0155,4.061127
398800,199400,8.519483e-5,0.644622,1.9053,168.61,0.0156,4.152836
398900,199450,8.518784e-5,0.646715,1.9093,158.62,0.0160,4.138785
399000,199500,8.518084e-5,0.666827,1.9480,156.65,0.0158,4.308982
399100,199550,8.517386e-5,0.649343,1.9143,191.57,0.0176,4.192705
399200,199600,8.5166874e-5,0.673291,1.9607,154.55,0.0160,4.281007
399300,199650,8.5159874e-5,0.671667,1.9575,157.86,0.0160,4.280108
399400,199700,8.5152875e-5,0.659106,1.9331,139.45,0.0162,4.240071
399500,199750,8.514589e-5,0.656619,1.9283,176.34,0.0155,4.246661
399600,199800,8.5138876e-5,0.656835,1.9287,164.97,0.0159,4.178466
399700,199850,8.513188e-5,0.626235,1.8706,162.45,0.0157,4.025229
399800,199900,8.512488e-5,0.640051,1.8966,169.49,0.0156,4.116282
399900,199950,8.511788e-5,0.650891,1.9172,155.95,0.0160,4.160983
400000,200000,8.511088e-5,0.677213,1.9684,169.90,0.0158,4.308238
400100,200050,8.510388e-5,0.653200,1.9217,177.79,0.0183,4.176059
400200,200100,8.5096864e-5,0.682307,1.9784,152.69,0.0161,4.335903
400300,200150,8.5089865e-5,0.707486,2.0289,162.20,0.0163,4.495098
400400,200200,8.508285e-5,0.653236,1.9218,152.33,0.0161,4.174575
400500,200250,8.507584e-5,0.677473,1.9689,144.99,0.0165,4.289366
400600,200300,8.506882e-5,0.656178,1.9274,151.22,0.0161,4.197272
400700,200350,8.506182e-5,0.672188,1.9585,161.45,0.0157,4.295594
400800,200400,8.505481e-5,0.669290,1.9528,163.03,0.0159,4.258524
400900,200450,8.5047795e-5,0.656381,1.9278,163.43,0.0161,4.198616
401000,200500,8.504077e-5,0.679802,1.9735,150.72,0.0164,4.304495
401100,200550,8.503375e-5,0.645776,1.9075,160.54,0.0189,4.106574
401200,200600,8.502674e-5,0.668773,1.9518,168.15,0.0161,4.217411
401300,200650,8.501971e-5,0.652762,1.9208,178.18,0.0155,4.193433
401400,200700,8.5012696e-5,0.645300,1.9066,138.20,0.0165,4.124546
401500,200750,8.500567e-5,0.653889,1.9230,181.34,0.0157,4.169699
401600,200800,8.499864e-5,0.666910,1.9482,159.42,0.0161,4.273681
401700,200850,8.4991625e-5,0.625858,1.8699,158.34,0.0158,4.024529
401800,200900,8.49846e-5,0.689238,1.9922,133.81,0.0164,4.429746
401900,200950,8.497755e-5,0.659590,1.9340,140.26,0.0163,4.201862
402000,201000,8.497054e-5,0.665944,1.9463,156.81,0.0158,4.231056
402100,201050,8.496351e-5,0.660874,1.9365,163.93,0.0192,4.185079
402200,201100,8.495647e-5,0.655615,1.9263,165.60,0.0159,4.179874
402300,201150,8.494944e-5,0.655492,1.9261,151.35,0.0161,4.214701
402400,201200,8.4942396e-5,0.672861,1.9598,156.01,0.0168,4.220288
402500,201250,8.493537e-5,0.666145,1.9467,166.67,0.0161,4.238157
402600,201300,8.4928324e-5,0.639508,1.8955,174.62,0.0155,4.118901
402700,201350,8.492128e-5,0.672711,1.9595,152.17,0.0160,4.309132
402800,201400,8.491425e-5,0.636433,1.8897,165.28,0.0157,4.078355
402900,201450,8.490721e-5,0.655573,1.9262,158.29,0.0161,4.176428
403000,201500,8.4900166e-5,0.657411,1.9298,133.84,0.0165,4.227846
403100,201550,8.489312e-5,0.651311,1.9181,165.84,0.0184,4.233240
403200,201600,8.488608e-5,0.644386,1.9048,168.36,0.0158,4.152828
403300,201650,8.487904e-5,0.629804,1.8772,157.55,0.0157,4.045242
403400,201700,8.487198e-5,0.663090,1.9408,171.62,0.0158,4.226305
403500,201750,8.486492e-5,0.659829,1.9345,129.79,0.0164,4.184854
403600,201800,8.485788e-5,0.651873,1.9191,180.03,0.0154,4.160667
403700,201850,8.4850835e-5,0.634212,1.8855,152.98,0.0162,4.038090
403800,201900,8.484378e-5,0.641774,1.8998,136.62,0.0164,4.139182
403900,201950,8.483672e-5,0.664326,1.9432,175.50,0.0158,4.239149
404000,202000,8.482966e-5,0.651214,1.9179,145.32,0.0160,4.193988
404100,202050,8.4822605e-5,0.657977,1.9309,199.93,0.0188,4.220710
404200,202100,8.481555e-5,0.629736,1.8771,163.64,0.0159,4.040484
404300,202150,8.480849e-5,0.638537,1.8937,142.13,0.0163,4.057037
404400,202200,8.480143e-5,0.656907,1.9288,195.45,0.0157,4.175134
404500,202250,8.479436e-5,0.658520,1.9319,154.26,0.0159,4.197839
404600,202300,8.47873e-5,0.671249,1.9567,215.52,0.0156,4.267590
404700,202350,8.478023e-5,0.662056,1.9388,162.13,0.0159,4.283287
404800,202400,8.477317e-5,0.658470,1.9318,142.83,0.0163,4.190721
404900,202450,8.47661e-5,0.648154,1.9120,153.93,0.0160,4.159840
405000,202500,8.475904e-5,0.657832,1.9306,155.49,0.0161,4.230972
405100,202550,8.475197e-5,0.649220,1.9140,203.13,0.0177,4.126029
405200,202600,8.47449e-5,0.656286,1.9276,178.07,0.0158,4.183427
405300,202650,8.4737825e-5,0.640383,1.8972,141.07,0.0162,4.088307
405400,202700,8.473075e-5,0.645089,1.9062,143.92,0.0163,4.128220
405500,202750,8.4723666e-5,0.642318,1.9009,158.89,0.0158,4.126884
405600,202800,8.4716594e-5,0.660894,1.9365,167.80,0.0156,4.285379
405700,202850,8.470952e-5,0.662816,1.9402,136.97,0.0166,4.196754
405800,202900,8.4702435e-5,0.684671,1.9831,176.52,0.0162,4.299385
405900,202950,8.469536e-5,0.649795,1.9151,163.89,0.0157,4.131551
406000,203000,8.4688276e-5,0.674640,1.9633,170.96,0.0158,4.239267
406100,203050,8.468119e-5,0.638597,1.8938,207.98,0.0172,4.116028
406200,203100,8.46741e-5,0.646592,1.9090,166.65,0.0157,4.126984
406300,203150,8.4667015e-5,0.642655,1.9015,152.81,0.0160,4.091386
406400,203200,8.465993e-5,0.644791,1.9056,148.93,0.0162,4.118153
406500,203250,8.465284e-5,0.662354,1.9394,140.98,0.0163,4.252702
406600,203300,8.4645755e-5,0.664858,1.9442,163.68,0.0158,4.280788
406700,203350,8.463867e-5,0.660503,1.9358,158.47,0.0159,4.210264
406800,203400,8.463157e-5,0.665097,1.9447,166.28,0.0159,4.228810
406900,203450,8.462448e-5,0.622650,1.8639,162.37,0.0157,4.040218
407000,203500,8.461738e-5,0.602689,1.8270,181.34,0.0153,3.912740
407100,203550,8.461029e-5,0.685669,1.9851,205.23,0.0178,4.366553
407200,203600,8.460319e-5,0.651999,1.9194,180.05,0.0155,4.178738
407300,203650,8.459609e-5,0.591962,1.8075,182.14,0.0155,3.817838
407400,203700,8.458899e-5,0.665444,1.9454,145.67,0.0163,4.226326
407500,203750,8.458189e-5,0.676573,1.9671,153.84,0.0162,4.279438
407600,203800,8.4574785e-5,0.637801,1.8923,159.87,0.0159,4.100486
407700,203850,8.456767e-5,0.651608,1.9186,148.40,0.0161,4.183187
407800,203900,8.456057e-5,0.656898,1.9288,156.15,0.0159,4.229120
407900,203950,8.455347e-5,0.636143,1.8892,169.50,0.0158,4.089989
408000,204000,8.454635e-5,0.649643,1.9149,147.00,0.0162,4.158241
408100,204050,8.453925e-5,0.658275,1.9315,168.98,0.0188,4.182287
408200,204100,8.453215e-5,0.650409,1.9163,143.17,0.0165,4.123162
408300,204150,8.452503e-5,0.648594,1.9128,136.46,0.0165,4.133801
408400,204200,8.451792e-5,0.634535,1.8861,169.75,0.0154,4.113749
408500,204250,8.45108e-5,0.646578,1.9090,158.64,0.0159,4.136316
408600,204300,8.4503685e-5,0.646342,1.9085,152.41,0.0160,4.143457
408700,204350,8.449657e-5,0.668739,1.9518,172.12,0.0158,4.258602
408800,204400,8.448945e-5,0.705588,2.0250,146.64,0.0165,4.476947
408900,204450,8.448232e-5,0.659813,1.9344,149.59,0.0161,4.202411
409000,204500,8.447521e-5,0.648751,1.9131,173.63,0.0160,4.143109
409100,204550,8.446809e-5,0.649565,1.9147,197.48,0.0176,4.159467
409200,204600,8.446096e-5,0.670097,1.9544,150.46,0.0164,4.195997
409300,204650,8.4453844e-5,0.631121,1.8797,163.33,0.0156,4.072498
409400,204700,8.4446714e-5,0.640667,1.8977,162.23,0.0158,4.080030
409500,204750,8.443958e-5,0.691223,1.9962,157.06,0.0159,4.370793
409600,204800,8.443245e-5,0.644687,1.9054,172.27,0.0163,4.099499
409700,204850,8.442532e-5,0.656625,1.9283,162.68,0.0157,4.196745
409800,204900,8.441819e-5,0.641754,1.8998,137.36,0.0162,4.131936
409900,204950,8.441106e-5,0.694477,2.0027,280.07,0.0155,4.364388
410000,205000,8.440393e-5,0.662370,1.9394,174.13,0.0159,4.171436
410100,205050,8.439679e-5,0.690169,1.9941,183.08,0.0182,4.353361
410200,205100,8.4389656e-5,0.668094,1.9505,196.13,0.0156,4.252379
410300,205150,8.438251e-5,0.660913,1.9366,147.58,0.0159,4.251597
410400,205200,8.437538e-5,0.676610,1.9672,150.55,0.0163,4.301027
410500,205250,8.4368236e-5,0.657373,1.9297,159.83,0.0158,4.191767
410600,205300,8.436109e-5,0.678363,1.9706,203.26,0.0156,4.295687
410700,205350,8.435396e-5,0.657046,1.9291,169.70,0.0162,4.181912
410800,205400,8.4346815e-5,0.636499,1.8899,146.95,0.0164,4.102480
410900,205450,8.433967e-5,0.654178,1.9236,177.69,0.0155,4.208799
411000,205500,8.4332525e-5,0.648480,1.9126,166.01,0.0162,4.162930
411100,205550,8.4325366e-5,0.647418,1.9106,186.74,0.0185,4.113997
411200,205600,8.431822e-5,0.650076,1.9157,175.68,0.0160,4.148302
411300,205650,8.4311076e-5,0.652628,1.9206,170.19,0.0160,4.171278
411400,205700,8.4303916e-5,0.640541,1.8975,168.32,0.0158,4.104589
411500,205750,8.429677e-5,0.619942,1.8588,158.00,0.0162,3.979690
411600,205800,8.428961e-5,0.669390,1.9530,179.59,0.0153,4.290499
411700,205850,8.428245e-5,0.670440,1.9551,163.45,0.0152,4.284849
411800,205900,8.427529e-5,0.653803,1.9228,163.69,0.0152,4.188212
411900,205950,8.426813e-5,0.670702,1.9556,135.40,0.0160,4.247317
412000,206000,8.426099e-5,0.658817,1.9325,140.70,0.0155,4.222156
412100,206050,8.4253814e-5,0.669749,1.9537,175.30,0.0177,4.255540
412200,206100,8.4246654e-5,0.636920,1.8906,177.57,0.0151,4.101868
412300,206150,8.4239495e-5,0.677056,1.9681,142.73,0.0155,4.308731
412400,206200,8.423232e-5,0.638075,1.8928,157.56,0.0153,4.082233
412500,206250,8.422516e-5,0.666445,1.9473,156.88,0.0156,4.171669
412600,206300,8.421799e-5,0.664313,1.9432,160.15,0.0154,4.240381
412700,206350,8.421083e-5,0.656613,1.9282,149.70,0.0154,4.199368
412800,206400,8.420365e-5,0.693852,2.0014,148.75,0.0154,4.455590
412900,206450,8.419648e-5,0.693389,2.0005,148.16,0.0156,4.435064
413000,206500,8.4189305e-5,0.665800,1.9460,146.19,0.0155,4.233375
413100,206550,8.418213e-5,0.664037,1.9426,171.96,0.0176,4.264436
413200,206600,8.417496e-5,0.639206,1.8950,169.73,0.0152,4.071917
413300,206650,8.416778e-5,0.645868,1.9076,127.33,0.0159,4.123623
413400,206700,8.416061e-5,0.633551,1.8843,148.99,0.0153,4.043026
413500,206750,8.4153435e-5,0.648112,1.9119,170.73,0.0150,4.133130
413600,206800,8.4146246e-5,0.658399,1.9317,145.09,0.0157,4.180985
413700,206850,8.413907e-5,0.665033,1.9446,132.46,0.0160,4.216852
413800,206900,8.41319e-5,0.664758,1.9440,158.97,0.0154,4.216289
413900,206950,8.412471e-5,0.651975,1.9193,152.96,0.0152,4.178665
414000,207000,8.411752e-5,0.629134,1.8760,162.72,0.0151,4.001595
414100,207050,8.411033e-5,0.655142,1.9254,180.80,0.0180,4.118632
414200,207100,8.410314e-5,0.649219,1.9140,168.45,0.0150,4.137503
414300,207150,8.4095955e-5,0.648220,1.9121,134.19,0.0161,4.108731
414400,207200,8.4088766e-5,0.664050,1.9426,166.03,0.0147,4.306167
414500,207250,8.408158e-5,0.663013,1.9406,147.80,0.0160,4.208560
414600,207300,8.4074374e-5,0.685170,1.9841,154.45,0.0156,4.354740
414700,207350,8.4067186e-5,0.673516,1.9611,161.22,0.0155,4.255208
414800,207400,8.406e-5,0.667789,1.9499,150.90,0.0156,4.275690
414900,207450,8.4052794e-5,0.670399,1.9550,169.17,0.0152,4.299792
415000,207500,8.4045605e-5,0.650723,1.9169,204.04,0.0155,4.143309
415100,207550,8.40384e-5,0.656931,1.9289,182.32,0.0179,4.210814
415200,207600,8.40312e-5,0.654131,1.9235,152.66,0.0155,4.188653
415300,207650,8.4023995e-5,0.665826,1.9461,170.52,0.0154,4.275394
415400,207700,8.401679e-5,0.629266,1.8762,171.03,0.0152,4.036396
415500,207750,8.400959e-5,0.676407,1.9668,163.88,0.0157,4.299230
415600,207800,8.4002386e-5,0.618479,1.8561,177.96,0.0156,3.935479
415700,207850,8.399517e-5,0.661738,1.9382,142.57,0.0156,4.204635
415800,207900,8.3987965e-5,0.644575,1.9052,151.95,0.0160,4.115992
415900,207950,8.398075e-5,0.658968,1.9328,165.10,0.0151,4.224716
416000,208000,8.3973544e-5,0.655031,1.9252,171.68,0.0153,4.154262
416100,208050,8.396634e-5,0.652675,1.9207,151.45,0.0185,4.156119
416200,208100,8.395912e-5,0.662344,1.9393,163.93,0.0152,4.233969
416300,208150,8.3951905e-5,0.643648,1.9034,151.99,0.0153,4.141724
416400,208200,8.394469e-5,0.644136,1.9043,141.34,0.0154,4.138864
416500,208250,8.393747e-5,0.635781,1.8885,185.88,0.0158,4.032404
416600,208300,8.393025e-5,0.642852,1.9019,141.88,0.0156,4.087829
416700,208350,8.3923034e-5,0.645293,1.9065,161.40,0.0153,4.129903
416800,208400,8.391582e-5,0.639069,1.8947,193.26,0.0157,4.108517
416900,208450,8.39086e-5,0.648032,1.9118,151.00,0.0155,4.144816
417000,208500,8.390137e-5,0.655975,1.9270,172.55,0.0155,4.194100
417100,208550,8.389415e-5,0.633996,1.8851,173.92,0.0176,4.059976
417200,208600,8.388692e-5,0.645124,1.9062,138.51,0.0160,4.124247
417300,208650,8.3879684e-5,0.633328,1.8839,157.38,0.0151,4.075540
417400,208700,8.3872466e-5,0.649118,1.9139,159.01,0.0152,4.158203
417500,208750,8.3865234e-5,0.641606,1.8995,143.65,0.0157,4.111625
417600,208800,8.3858e-5,0.675358,1.9647,151.67,0.0156,4.301784
417700,208850,8.385077e-5,0.645033,1.9061,165.85,0.0154,4.167552
417800,208900,8.384354e-5,0.656177,1.9274,125.29,0.0161,4.182163
417900,208950,8.3836305e-5,0.662183,1.9390,138.48,0.0157,4.213376
418000,209000,8.382906e-5,0.661380,1.9375,130.44,0.0157,4.257565
418100,209050,8.3821826e-5,0.623434,1.8653,226.30,0.0168,3.989081
418200,209100,8.381458e-5,0.653462,1.9222,136.61,0.0158,4.146441
418300,209150,8.380735e-5,0.641140,1.8986,133.96,0.0159,4.066226
418400,209200,8.3800114e-5,0.651307,1.9180,139.21,0.0157,4.163776
418500,209250,8.379287e-5,0.644810,1.9056,152.07,0.0156,4.147618
418600,209300,8.3785635e-5,0.651878,1.9191,161.41,0.0154,4.164194
418700,209350,8.3778374e-5,0.648308,1.9123,166.07,0.0154,4.132306
418800,209400,8.377114e-5,0.633098,1.8834,140.77,0.0154,4.046092
418900,209450,8.376388e-5,0.635381,1.8877,139.69,0.0155,4.076999
419000,209500,8.375663e-5,0.688558,1.9908,215.18,0.0163,4.322562
419100,209550,8.3749386e-5,0.648012,1.9117,187.91,0.0174,4.148845
419200,209600,8.374214e-5,0.629910,1.8774,168.17,0.0153,4.002214
419300,209650,8.373488e-5,0.651661,1.9187,182.13,0.0150,4.152596
419400,209700,8.372763e-5,0.648224,1.9121,171.67,0.0153,4.149578
419500,209750,8.372037e-5,0.645871,1.9076,149.58,0.0154,4.166952
419600,209800,8.371312e-5,0.665018,1.9445,157.27,0.0155,4.275916
419700,209850,8.370586e-5,0.670482,1.9552,200.44,0.0153,4.255835
419800,209900,8.36986e-5,0.666575,1.9476,154.13,0.0155,4.257836
419900,209950,8.369134e-5,0.617287,1.8539,152.11,0.0153,3.959301
420000,210000,8.368408e-5,0.703162,2.0201,225.88,0.0156,4.382544
420100,210050,8.3676816e-5,0.651994,1.9194,178.50,0.0179,4.179048
420200,210100,8.3669554e-5,0.622009,1.8627,165.56,0.0150,3.991966
420300,210150,8.366229e-5,0.640437,1.8973,177.51,0.0153,4.119579
420400,210200,8.365502e-5,0.645551,1.9070,163.26,0.0157,4.093630
420500,210250,8.3647756e-5,0.644654,1.9053,151.80,0.0154,4.135111
420600,210300,8.364048e-5,0.650060,1.9157,168.09,0.0156,4.150286
420700,210350,8.363322e-5,0.650184,1.9159,185.05,0.0149,4.135285
420800,210400,8.362594e-5,0.631988,1.8813,166.17,0.0157,4.043531
420900,210450,8.361867e-5,0.659370,1.9336,166.08,0.0154,4.176061
421000,210500,8.361139e-5,0.621904,1.8625,157.75,0.0151,3.980280
421100,210550,8.3604114e-5,0.678668,1.9713,175.60,0.0174,4.357460
421200,210600,8.359684e-5,0.648830,1.9133,167.17,0.0150,4.228286
421300,210650,8.358958e-5,0.658625,1.9321,148.39,0.0153,4.223313
421400,210700,8.358229e-5,0.649564,1.9147,182.19,0.0152,4.202173
421500,210750,8.357501e-5,0.637129,1.8910,147.35,0.0154,4.106589
421600,210800,8.356772e-5,0.650261,1.9160,137.67,0.0157,4.183448
421700,210850,8.3560444e-5,0.663231,1.9411,150.68,0.0155,4.205889
421800,210900,8.355317e-5,0.654610,1.9244,148.65,0.0155,4.170684
421900,210950,8.354588e-5,0.665323,1.9451,174.98,0.0153,4.223544
422000,211000,8.353859e-5,0.650266,1.9160,152.92,0.0154,4.174346
422100,211050,8.35313e-5,0.627420,1.8728,200.63,0.0170,4.050328
422200,211100,8.352402e-5,0.636656,1.8901,161.27,0.0153,4.069263
422300,211150,8.3516716e-5,0.643830,1.9038,185.16,0.0150,4.139800
422400,211200,8.3509425e-5,0.638663,1.8939,121.71,0.0160,4.104702
422500,211250,8.3502135e-5,0.666726,1.9478,146.69,0.0155,4.219890
422600,211300,8.3494844e-5,0.672263,1.9587,167.23,0.0157,4.308144
422700,211350,8.3487554e-5,0.679902,1.9737,170.74,0.0152,4.323602
422800,211400,8.348025e-5,0.642857,1.9019,142.50,0.0157,4.091014
422900,211450,8.347296e-5,0.656542,1.9281,171.09,0.0155,4.148328
423000,211500,8.346565e-5,0.661518,1.9377,172.61,0.0149,4.227957
423100,211550,8.345836e-5,0.633950,1.8850,153.30,0.0184,4.063249
423200,211600,8.345106e-5,0.662353,1.9394,155.20,0.0154,4.224314
423300,211650,8.344375e-5,0.666224,1.9469,156.51,0.0164,4.242539
423400,211700,8.343645e-5,0.647615,1.9110,169.01,0.0154,4.135381
423500,211750,8.342914e-5,0.669814,1.9539,179.31,0.0163,4.277106
423600,211800,8.342184e-5,0.649954,1.9155,140.09,0.0163,4.161808
423700,211850,8.341453e-5,0.634895,1.8868,149.83,0.0161,4.101156
423800,211900,8.340723e-5,0.659583,1.9340,140.15,0.0163,4.255828
423900,211950,8.339992e-5,0.653742,1.9227,173.25,0.0162,4.140269
424000,212000,8.33926e-5,0.626052,1.8702,186.35,0.0161,4.030325
424100,212050,8.338528e-5,0.638986,1.8946,175.24,0.0187,4.077836
424200,212100,8.337798e-5,0.644689,1.9054,188.31,0.0160,4.060092
424300,212150,8.337066e-5,0.621032,1.8608,148.75,0.0158,3.986011
424400,212200,8.336334e-5,0.643054,1.9023,140.40,0.0163,4.078615
424500,212250,8.335602e-5,0.661496,1.9377,152.70,0.0167,4.149600
424600,212300,8.3348714e-5,0.655872,1.9268,162.07,0.0162,4.189009
424700,212350,8.334138e-5,0.669024,1.9523,187.42,0.0162,4.275209
424800,212400,8.333406e-5,0.663797,1.9422,153.47,0.0165,4.233038
424900,212450,8.332674e-5,0.652979,1.9213,168.88,0.0161,4.133517
425000,212500,8.331942e-5,0.631645,1.8807,182.10,0.0154,4.076964
425100,212550,8.331209e-5,0.657583,1.9301,170.88,0.0190,4.186406
425200,212600,8.330477e-5,0.651030,1.9175,155.64,0.0162,4.153955
425300,212650,8.329743e-5,0.652871,1.9210,200.04,0.0150,4.204062
425400,212700,8.329011e-5,0.645538,1.9070,148.46,0.0156,4.129034
425500,212750,8.328278e-5,0.623858,1.8661,142.53,0.0160,3.962608
425600,212800,8.3275445e-5,0.651655,1.9187,134.59,0.0161,4.161196
425700,212850,8.326811e-5,0.641522,1.8994,152.07,0.0160,4.078111
425800,212900,8.326079e-5,0.669553,1.9534,163.40,0.0161,4.265519
425900,212950,8.325344e-5,0.647588,1.9109,164.30,0.0162,4.114114
426000,213000,8.324611e-5,0.640607,1.8976,151.02,0.0159,4.140514
426100,213050,8.3238774e-5,0.662754,1.9401,182.23,0.0184,4.229720
426200,213100,8.3231425e-5,0.642876,1.9019,181.60,0.0158,4.079443
426300,213150,8.322409e-5,0.649014,1.9137,161.57,0.0159,4.162703
426400,213200,8.321676e-5,0.651568,1.9185,170.52,0.0156,4.193474
426500,213250,8.320941e-5,0.658315,1.9315,154.17,0.0161,4.208254
426600,213300,8.320206e-5,0.648040,1.9118,195.13,0.0156,4.155420
426700,213350,8.3194725e-5,0.666742,1.9479,159.66,0.0163,4.250086
426800,213400,8.318738e-5,0.646051,1.9080,173.47,0.0161,4.112750
426900,213450,8.318003e-5,0.660601,1.9360,167.83,0.0160,4.163095
427000,213500,8.317268e-5,0.650022,1.9156,186.79,0.0155,4.206936
427100,213550,8.316533e-5,0.653327,1.9219,170.36,0.0185,4.197355
427200,213600,8.315798e-5,0.651643,1.9187,172.33,0.0159,4.185546
427300,213650,8.315063e-5,0.635902,1.8887,215.71,0.0156,4.051805
427400,213700,8.314327e-5,0.601851,1.8255,146.41,0.0160,3.920531
427500,213750,8.313592e-5,0.641483,1.8993,169.66,0.0158,4.145350
427600,213800,8.312856e-5,0.661599,1.9379,160.93,0.0161,4.252648
427700,213850,8.312121e-5,0.654889,1.9249,137.87,0.0165,4.202880
427800,213900,8.3113846e-5,0.646214,1.9083,152.04,0.0162,4.135758
427900,213950,8.310648e-5,0.689683,1.9931,184.75,0.0160,4.292834
428000,214000,8.3099134e-5,0.675461,1.9649,153.25,0.0162,4.307708
428100,214050,8.3091756e-5,0.656792,1.9286,178.92,0.0192,4.234400
428200,214100,8.308441e-5,0.632561,1.8824,153.91,0.0156,4.058642
428300,214150,8.3077044e-5,0.637003,1.8908,152.15,0.0159,4.073136
428400,214200,8.3069666e-5,0.657597,1.9301,168.29,0.0156,4.207648
428500,214250,8.30623e-5,0.680995,1.9758,196.85,0.0156,4.327595
428600,214300,8.3054925e-5,0.644443,1.9049,150.29,0.0158,4.123312
428700,214350,8.304756e-5,0.667931,1.9502,174.47,0.0157,4.235916
428800,214400,8.30402e-5,0.650221,1.9160,193.06,0.0152,4.204160
428900,214450,8.303282e-5,0.643124,1.9024,141.52,0.0160,4.134286
429000,214500,8.302544e-5,0.627900,1.8737,161.10,0.0159,4.058671
429100,214550,8.301808e-5,0.642147,1.9006,178.75,0.0186,4.125940
429200,214600,8.30107e-5,0.616579,1.8526,205.63,0.0154,4.004513
429300,214650,8.3003324e-5,0.646076,1.9080,152.73,0.0163,4.136963
429400,214700,8.2995946e-5,0.652551,1.9204,157.90,0.0163,4.135268
429500,214750,8.298857e-5,0.680344,1.9746,165.16,0.0161,4.269416
429600,214800,8.298119e-5,0.618665,1.8564,193.62,0.0152,3.994385
429700,214850,8.29738e-5,0.641373,1.8991,168.41,0.0154,4.157504
429800,214900,8.296642e-5,0.662712,1.9400,196.57,0.0153,4.227866
429900,214950,8.295904e-5,0.673215,1.9605,176.50,0.0158,4.314639
430000,215000,8.295165e-5,0.657720,1.9304,184.83,0.0158,4.198410
430100,215050,8.294426e-5,0.655996,1.9271,155.64,0.0197,4.148494
430200,215100,8.293688e-5,0.634852,1.8867,174.39,0.0159,4.054847
430300,215150,8.292949e-5,0.645082,1.9061,166.00,0.0157,4.204288
430400,215200,8.2922095e-5,0.616061,1.8516,176.42,0.0160,3.973717
430500,215250,8.29147e-5,0.647922,1.9116,162.93,0.0160,4.116879
430600,215300,8.290731e-5,0.617201,1.8537,174.10,0.0157,3.979192
430700,215350,8.289992e-5,0.658019,1.9310,159.77,0.0162,4.178096
430800,215400,8.2892526e-5,0.630888,1.8793,168.97,0.0157,4.018204
430900,215450,8.288512e-5,0.641702,1.8997,164.70,0.0157,4.121619
431000,215500,8.287773e-5,0.650416,1.9163,163.47,0.0157,4.176480
431100,215550,8.2870334e-5,0.663094,1.9408,207.77,0.0172,4.257338
431200,215600,8.286293e-5,0.655632,1.9264,181.84,0.0158,4.203653
431300,215650,8.285552e-5,0.653063,1.9214,173.26,0.0157,4.175842
431400,215700,8.284813e-5,0.658378,1.9317,155.67,0.0167,4.179846
431500,215750,8.284072e-5,0.635532,1.8880,159.12,0.0161,4.079844
431600,215800,8.2833314e-5,0.653540,1.9223,150.91,0.0159,4.213485
431700,215850,8.282591e-5,0.653452,1.9222,147.45,0.0164,4.162497
431800,215900,8.28185e-5,0.629513,1.8767,163.20,0.0157,4.059834
431900,215950,8.281109e-5,0.659828,1.9345,164.37,0.0156,4.219157
432000,216000,8.280369e-5,0.654729,1.9246,168.72,0.0155,4.248800
432100,216050,8.2796265e-5,0.646569,1.9090,178.03,0.0180,4.124592
432200,216100,8.278886e-5,0.675569,1.9652,146.25,0.0164,4.276588
432300,216150,8.278144e-5,0.646537,1.9089,165.22,0.0158,4.130273
432400,216200,8.277403e-5,0.644727,1.9055,171.33,0.0160,4.105599
432500,216250,8.276661e-5,0.646784,1.9094,137.58,0.0164,4.097095
432600,216300,8.27592e-5,0.666189,1.9468,186.16,0.0156,4.218740
432700,216350,8.275178e-5,0.638935,1.8945,154.75,0.0160,4.096295
432800,216400,8.274436e-5,0.627381,1.8727,186.63,0.0152,4.089118
432900,216450,8.273694e-5,0.653748,1.9227,169.33,0.0156,4.168253
433000,216500,8.2729515e-5,0.660636,1.9360,142.13,0.0161,4.228076
433100,216550,8.2722094e-5,0.626714,1.8715,202.23,0.0170,4.038306
433200,216600,8.271467e-5,0.640917,1.8982,170.41,0.0152,4.129515
433300,216650,8.2707236e-5,0.661041,1.9368,162.67,0.0156,4.229908
433400,216700,8.2699815e-5,0.668041,1.9504,160.53,0.0164,4.279290
433500,216750,8.269239e-5,0.651751,1.9189,165.80,0.0159,4.165874
433600,216800,8.268496e-5,0.644588,1.9052,192.37,0.0157,4.160607
433700,216850,8.267752e-5,0.672457,1.9590,154.77,0.0162,4.269476
433800,216900,8.26701e-5,0.674080,1.9622,152.83,0.0159,4.299791
433900,216950,8.2662664e-5,0.650423,1.9164,142.57,0.0162,4.126331
434000,217000,8.265523e-5,0.615862,1.8513,149.56,0.0161,3.986783
434100,217050,8.264779e-5,0.636571,1.8900,160.41,0.0194,4.083613
434200,217100,8.2640356e-5,0.651608,1.9186,153.49,0.0161,4.173850
434300,217150,8.2632905e-5,0.632071,1.8815,149.85,0.0160,4.055200
434400,217200,8.262548e-5,0.651202,1.9178,153.23,0.0163,4.139328
434500,217250,8.261805e-5,0.642902,1.9020,157.40,0.0160,4.149896
434600,217300,8.26106e-5,0.641348,1.8990,165.48,0.0161,4.126007
434700,217350,8.260316e-5,0.628282,1.8744,159.73,0.0158,4.085328
434800,217400,8.259571e-5,0.671212,1.9566,147.39,0.0164,4.297621
434900,217450,8.258826e-5,0.642633,1.9015,150.98,0.0167,4.106841
435000,217500,8.2580824e-5,0.662960,1.9405,160.15,0.0165,4.249663
435100,217550,8.257337e-5,0.632030,1.8814,223.73,0.0168,4.072115
435200,217600,8.256592e-5,0.628748,1.8753,163.03,0.0154,4.068940
435300,217650,8.255847e-5,0.632353,1.8820,167.83,0.0156,4.040891
435400,217700,8.255102e-5,0.646894,1.9096,163.52,0.0156,4.126094
435500,217750,8.254357e-5,0.654173,1.9236,176.72,0.0155,4.156348
435600,217800,8.253612e-5,0.649948,1.9154,152.54,0.0158,4.121176
435700,217850,8.2528655e-5,0.671052,1.9563,213.82,0.0156,4.207259
435800,217900,8.2521205e-5,0.675970,1.9659,170.12,0.0157,4.311101
435900,217950,8.2513754e-5,0.632099,1.8816,163.99,0.0158,4.033876
436000,218000,8.250629e-5,0.665670,1.9458,150.33,0.0161,4.240602
436100,218050,8.2498824e-5,0.636980,1.8908,181.34,0.0178,4.112800
436200,218100,8.249137e-5,0.651121,1.9177,161.47,0.0159,4.106811
436300,218150,8.248391e-5,0.640913,1.8982,185.09,0.0155,4.104712
436400,218200,8.247644e-5,0.635972,1.8889,159.71,0.0157,4.057182
436500,218250,8.246898e-5,0.643841,1.9038,149.12,0.0159,4.124194
436600,218300,8.246151e-5,0.634982,1.8870,147.93,0.0159,4.086729
436700,218350,8.245405e-5,0.659677,1.9342,162.68,0.0155,4.218134
436800,218400,8.244657e-5,0.634246,1.8856,164.07,0.0157,4.028958
436900,218450,8.24391e-5,0.663341,1.9413,143.15,0.0161,4.243492
437000,218500,8.243164e-5,0.647406,1.9106,197.70,0.0152,4.167962
437100,218550,8.242417e-5,0.630823,1.8792,192.49,0.0173,4.029141
437200,218600,8.241669e-5,0.670081,1.9544,151.43,0.0158,4.276639
437300,218650,8.240921e-5,0.611889,1.8439,159.92,0.0155,3.952268
437400,218700,8.240175e-5,0.629381,1.8764,181.82,0.0156,4.034259
437500,218750,8.239427e-5,0.644179,1.9044,161.48,0.0158,4.108177
437600,218800,8.238679e-5,0.645874,1.9077,156.36,0.0160,4.093315
437700,218850,8.237931e-5,0.646666,1.9092,157.35,0.0156,4.144876
437800,218900,8.237183e-5,0.631545,1.8805,143.05,0.0156,4.035467
437900,218950,8.236435e-5,0.634430,1.8859,154.05,0.0157,4.081856
438000,219000,8.235687e-5,0.649363,1.9143,134.34,0.0162,4.192883
438100,219050,8.2349376e-5,0.651318,1.9181,174.65,0.0183,4.162482
438200,219100,8.2341896e-5,0.663203,1.9410,155.86,0.0158,4.232253
438300,219150,8.2334416e-5,0.645400,1.9067,143.49,0.0156,4.201491
438400,219200,8.232692e-5,0.644562,1.9052,185.58,0.0158,4.117630
438500,219250,8.231943e-5,0.642216,1.9007,156.47,0.0159,4.112281
438600,219300,8.231193e-5,0.638014,1.8927,172.56,0.0154,4.089311
438700,219350,8.2304454e-5,0.651389,1.9182,163.29,0.0156,4.178652
438800,219400,8.229696e-5,0.653322,1.9219,146.31,0.0158,4.156805
438900,219450,8.2289465e-5,0.639887,1.8963,193.46,0.0153,4.121777
439000,219500,8.228197e-5,0.649866,1.9153,149.61,0.0159,4.156816
439100,219550,8.227448e-5,0.667923,1.9502,231.80,0.0173,4.229512
439200,219600,8.226698e-5,0.637974,1.8926,163.91,0.0156,4.081497
439300,219650,8.2259474e-5,0.621343,1.8614,170.17,0.0155,3.980333
439400,219700,8.225198e-5,0.661825,1.9383,153.65,0.0158,4.224866
439500,219750,8.2244485e-5,0.629899,1.8774,148.13,0.0162,4.004714
439600,219800,8.223698e-5,0.642331,1.9009,178.61,0.0156,4.105932
439700,219850,8.222948e-5,0.638674,1.8940,176.28,0.0155,4.126293
439800,219900,8.222197e-5,0.661982,1.9386,156.34,0.0158,4.226478
439900,219950,8.2214465e-5,0.668722,1.9517,165.84,0.0159,4.248466
440000,220000,8.2206956e-5,0.662477,1.9396,152.82,0.0159,4.223905
440100,220050,8.219946e-5,0.657532,1.9300,164.92,0.0185,4.215484
440200,220100,8.219195e-5,0.645718,1.9074,142.92,0.0163,4.100891
440300,220150,8.218443e-5,0.650471,1.9164,160.26,0.0160,4.174146
440400,220200,8.217692e-5,0.642220,1.9007,164.29,0.0158,4.132992
440500,220250,8.216941e-5,0.628270,1.8744,145.36,0.0161,4.054211
440600,220300,8.216189e-5,0.626873,1.8717,179.56,0.0155,4.020018
440700,220350,8.215438e-5,0.637871,1.8924,138.60,0.0161,4.094851
440800,220400,8.214686e-5,0.646185,1.9082,142.79,0.0161,4.127962
440900,220450,8.213935e-5,0.638949,1.8945,137.30,0.0162,4.090944
441000,220500,8.213184e-5,0.660440,1.9356,143.87,0.0160,4.211659
441100,220550,8.2124316e-5,0.668669,1.9516,165.13,0.0189,4.226052
441200,220600,8.211679e-5,0.649300,1.9142,153.17,0.0162,4.181247
441300,220650,8.210927e-5,0.638379,1.8934,167.37,0.0162,4.060972
441400,220700,8.2101746e-5,0.654779,1.9247,172.42,0.0161,4.167724
441500,220750,8.209422e-5,0.656999,1.9290,174.13,0.0160,4.181759
441600,220800,8.20867e-5,0.616474,1.8524,156.86,0.0158,3.921038
441700,220850,8.207916e-5,0.662476,1.9396,159.51,0.0159,4.237082
441800,220900,8.207164e-5,0.651852,1.9191,161.34,0.0155,4.222045
441900,220950,8.2064114e-5,0.641021,1.8984,150.86,0.0158,4.131128
442000,221000,8.205658e-5,0.644665,1.9053,172.99,0.0157,4.093078
442100,221050,8.204905e-5,0.686055,1.9859,185.98,0.0182,4.342238
442200,221100,8.2041515e-5,0.637256,1.8913,154.88,0.0158,4.043889
442300,221150,8.203398e-5,0.649403,1.9144,176.33,0.0153,4.190066
442400,221200,8.202644e-5,0.657068,1.9291,140.37,0.0160,4.191277
442500,221250,8.2018916e-5,0.616293,1.8520,160.92,0.0156,3.977843
442600,221300,8.201138e-5,0.655828,1.9267,138.77,0.0164,4.137712
442700,221350,8.200384e-5,0.642002,1.9003,177.71,0.0155,4.128430
442800,221400,8.199629e-5,0.630706,1.8789,145.83,0.0159,4.043486
442900,221450,8.198875e-5,0.678803,1.9715,164.03,0.0161,4.302890
443000,221500,8.198121e-5,0.634778,1.8866,153.54,0.0155,4.100313
443100,221550,8.1973674e-5,0.642958,1.9021,169.72,0.0182,4.129659
443200,221600,8.196612e-5,0.633851,1.8849,153.44,0.0155,4.060661
443300,221650,8.1958584e-5,0.640909,1.8982,170.64,0.0155,4.103171
443400,221700,8.195103e-5,0.655940,1.9270,154.20,0.0157,4.203478
443500,221750,8.194348e-5,0.647856,1.9114,161.78,0.0156,4.135045
443600,221800,8.193594e-5,0.653829,1.9229,167.56,0.0159,4.122653
443700,221850,8.192839e-5,0.642668,1.9015,158.26,0.0160,4.133519
443800,221900,8.192082e-5,0.661739,1.9382,185.07,0.0153,4.277963
443900,221950,8.191327e-5,0.632423,1.8822,172.44,0.0156,4.054947
444000,222000,8.190572e-5,0.620906,1.8606,149.93,0.0161,3.965550
444100,222050,8.1898164e-5,0.657003,1.9290,217.59,0.0173,4.219064
444200,222100,8.189061e-5,0.636447,1.8898,180.54,0.0156,4.086833
444300,222150,8.188306e-5,0.649253,1.9141,176.59,0.0161,4.108974
444400,222200,8.187549e-5,0.641643,1.8996,176.77,0.0156,4.117967
444500,222250,8.186794e-5,0.645233,1.9064,154.26,0.0160,4.122983
444600,222300,8.186037e-5,0.630061,1.8777,144.02,0.0162,4.062896
444700,222350,8.1852806e-5,0.680959,1.9758,145.03,0.0164,4.297688
444800,222400,8.184525e-5,0.660825,1.9364,152.52,0.0159,4.214674
444900,222450,8.183769e-5,0.661947,1.9386,164.87,0.0159,4.236668
445000,222500,8.183012e-5,0.659867,1.9345,155.18,0.0160,4.199988
445100,222550,8.182255e-5,0.647799,1.9113,172.83,0.0182,4.137303
445200,222600,8.1814986e-5,0.640183,1.8968,147.74,0.0158,4.117764
445300,222650,8.180742e-5,0.637057,1.8909,197.04,0.0152,4.066000
445400,222700,8.179985e-5,0.634771,1.8866,171.65,0.0155,4.133200
445500,222750,8.179227e-5,0.628745,1.8753,151.98,0.0158,4.018009
445600,222800,8.17847e-5,0.660306,1.9354,151.75,0.0161,4.254922
445700,222850,8.177712e-5,0.635493,1.8880,172.46,0.0155,4.069057
445800,222900,8.1769555e-5,0.667926,1.9502,149.33,0.0162,4.250735
445900,222950,8.176197e-5,0.634904,1.8868,152.30,0.0159,4.032581
446000,223000,8.175439e-5,0.640427,1.8973,157.39,0.0156,4.176579
446100,223050,8.1746824e-5,0.676112,1.9662,184.00,0.0178,4.306553
446200,223100,8.173924e-5,0.624392,1.8671,152.15,0.0155,4.107203
446300,223150,8.173166e-5,0.656005,1.9271,140.49,0.0158,4.174119
446400,223200,8.1724065e-5,0.659079,1.9330,140.45,0.0159,4.234101
446500,223250,8.1716484e-5,0.660380,1.9355,159.70,0.0158,4.223024
446600,223300,8.17089e-5,0.642316,1.9009,151.68,0.0159,4.125071
446700,223350,8.170132e-5,0.664800,1.9441,167.24,0.0157,4.269487
446800,223400,8.1693724e-5,0.645342,1.9066,156.14,0.0157,4.148773
446900,223450,8.168614e-5,0.723577,2.0618,3051.85,0.2524,4.538905
447000,223500,8.167856e-5,0.659674,1.9342,173.08,0.0167,4.174830
447100,223550,8.1670965e-5,0.687048,1.9878,216.53,0.0177,4.420091
447200,223600,8.166337e-5,0.649354,1.9143,179.27,0.0157,4.196417
447300,223650,8.165579e-5,0.654241,1.9237,157.64,0.0162,4.157300
447400,223700,8.164819e-5,0.666600,1.9476,145.86,0.0167,4.259593
447500,223750,8.1640595e-5,0.652508,1.9204,166.40,0.0155,4.147656
447600,223800,8.1633e-5,0.638855,1.8943,166.44,0.0160,4.072577
447700,223850,8.16254e-5,0.652736,1.9208,142.87,0.0166,4.175213
447800,223900,8.161781e-5,0.644465,1.9050,196.88,0.0156,4.099783
447900,223950,8.16102e-5,0.663115,1.9408,179.77,0.0158,4.250558
448000,224000,8.16026e-5,0.627578,1.8731,169.03,0.0160,3.968917
448100,224050,8.1595004e-5,0.666393,1.9472,169.13,0.0195,4.240730
448200,224100,8.1587394e-5,0.646600,1.9090,166.70,0.0162,4.125294
448300,224150,8.15798e-5,0.652526,1.9204,158.84,0.0163,4.172499
448400,224200,8.157219e-5,0.656971,1.9289,163.25,0.0162,4.142212
448500,224250,8.1564576e-5,0.662944,1.9405,140.26,0.0167,4.225376
448600,224300,8.1556966e-5,0.643591,1.9033,159.31,0.0162,4.109908
448700,224350,8.154937e-5,0.655991,1.9271,161.36,0.0163,4.178073
448800,224400,8.154176e-5,0.696888,2.0075,189.61,0.0165,4.346879
448900,224450,8.1534134e-5,0.638857,1.8943,163.36,0.0157,4.103598
449000,224500,8.152652e-5,0.642628,1.9015,149.76,0.0159,4.111411
449100,224550,8.151891e-5,0.654425,1.9240,179.41,0.0189,4.141297
449200,224600,8.15113e-5,0.645941,1.9078,154.45,0.0163,4.105004
449300,224650,8.150368e-5,0.638216,1.8931,166.83,0.0156,4.092815
449400,224700,8.1496066e-5,0.641444,1.8992,159.88,0.0159,4.061955
449500,224750,8.148844e-5,0.651944,1.9193,156.76,0.0162,4.150549
449600,224800,8.148083e-5,0.636787,1.8904,158.58,0.0161,4.065660
449700,224850,8.1473205e-5,0.642524,1.9013,157.75,0.0159,4.123525
449800,224900,8.146558e-5,0.647136,1.9101,159.22,0.0163,4.191127
449900,224950,8.1457954e-5,0.643926,1.9039,136.72,0.0167,4.097330
450000,225000,8.1450344e-5,0.674973,1.9640,165.65,0.0162,4.268047
450100,225050,8.1442704e-5,0.639657,1.8958,198.95,0.0180,4.044228
450200,225100,8.143508e-5,0.639912,1.8963,162.13,0.0157,4.065671
450300,225150,8.142745e-5,0.640826,1.8980,157.96,0.0159,4.074401
450400,225200,8.141983e-5,0.650844,1.9172,172.62,0.0156,4.187532
450500,225250,8.14122e-5,0.638262,1.8932,158.56,0.0159,4.080719
450600,225300,8.140456e-5,0.625561,1.8693,147.38,0.0157,4.016318
450700,225350,8.139694e-5,0.659617,1.9341,138.07,0.0162,4.161122
450800,225400,8.13893e-5,0.642325,1.9009,153.52,0.0163,4.089218
450900,225450,8.138167e-5,0.676983,1.9679,133.66,0.0167,4.280564
451000,225500,8.137403e-5,0.666148,1.9467,156.84,0.0158,4.251379
451100,225550,8.1366394e-5,0.676696,1.9674,180.16,0.0182,4.296935
451200,225600,8.1358754e-5,0.614649,1.8490,152.26,0.0158,3.959531
451300,225650,8.1351114e-5,0.643262,1.9027,143.22,0.0165,4.073592
451400,225700,8.1343474e-5,0.660142,1.9351,162.93,0.0159,4.180559
451500,225750,8.1335835e-5,0.651323,1.9181,157.50,0.0158,4.152761
451600,225800,8.1328195e-5,0.662663,1.9400,144.71,0.0160,4.211344
451700,225850,8.1320555e-5,0.623786,1.8660,191.18,0.0154,3.954690
451800,225900,8.13129e-5,0.650731,1.9169,160.62,0.0160,4.127904
451900,225950,8.130525e-5,0.674088,1.9622,146.26,0.0164,4.229048
452000,226000,8.129761e-5,0.658062,1.9310,159.41,0.0158,4.208454
452100,226050,8.128997e-5,0.643918,1.9039,206.44,0.0172,4.118266
452200,226100,8.128231e-5,0.659632,1.9341,183.71,0.0161,4.172416
452300,226150,8.127466e-5,0.632888,1.8830,151.42,0.0159,4.052591
452400,226200,8.1267004e-5,0.630799,1.8791,165.40,0.0160,3.987596
452500,226250,8.125935e-5,0.640734,1.8979,146.41,0.0162,4.103548
452600,226300,8.1251696e-5,0.688933,1.9916,169.00,0.0158,4.423776
452700,226350,8.124404e-5,0.664928,1.9443,147.66,0.0161,4.209291
452800,226400,8.123639e-5,0.656706,1.9284,163.81,0.0159,4.157501
452900,226450,8.122873e-5,0.660774,1.9363,148.21,0.0160,4.203987
453000,226500,8.122108e-5,0.625366,1.8689,145.79,0.0160,4.054236
453100,226550,8.121341e-5,0.640604,1.8976,174.66,0.0185,4.100386
453200,226600,8.1205755e-5,0.644727,1.9055,143.63,0.0157,4.134454
453300,226650,8.1198086e-5,0.653983,1.9232,140.79,0.0157,4.168511
453400,226700,8.119043e-5,0.686635,1.9870,149.39,0.0156,4.374924
453500,226750,8.118276e-5,0.652573,1.9205,147.41,0.0157,4.198285
453600,226800,8.1175094e-5,0.660798,1.9363,133.13,0.0160,4.185391
453700,226850,8.1167425e-5,0.670700,1.9556,159.75,0.0153,4.270321
453800,226900,8.115976e-5,0.638608,1.8938,151.78,0.0153,4.105441
453900,226950,8.115209e-5,0.666339,1.9471,147.71,0.0163,4.192369
454000,227000,8.114442e-5,0.614019,1.8478,163.43,0.0153,3.921770
454100,227050,8.113675e-5,0.648340,1.9124,165.82,0.0193,4.133308
454200,227100,8.112907e-5,0.637048,1.8909,153.08,0.0155,4.062530
454300,227150,8.11214e-5,0.657749,1.9304,181.18,0.0155,4.173381
454400,227200,8.111373e-5,0.633357,1.8839,147.60,0.0156,4.003891
454500,227250,8.1106045e-5,0.631991,1.8814,155.18,0.0155,4.063761
454600,227300,8.109838e-5,0.658980,1.9328,150.53,0.0156,4.203693
454700,227350,8.109069e-5,0.635592,1.8881,146.87,0.0152,4.095572
454800,227400,8.108301e-5,0.654464,1.9241,139.62,0.0161,4.147038
454900,227450,8.1075326e-5,0.642223,1.9007,149.32,0.0155,4.117615
455000,227500,8.106764e-5,0.642891,1.9020,140.47,0.0159,4.095458
455100,227550,8.1059974e-5,0.649578,1.9147,154.89,0.0188,4.141172
455200,227600,8.105229e-5,0.659511,1.9338,145.53,0.0161,4.195787
455300,227650,8.104459e-5,0.633789,1.8847,152.06,0.0154,4.052723
455400,227700,8.103691e-5,0.657238,1.9295,121.50,0.0159,4.233159
455500,227750,8.1029226e-5,0.632022,1.8814,144.88,0.0156,4.078580
455600,227800,8.102154e-5,0.652666,1.9207,174.35,0.0155,4.161663
455700,227850,8.1013844e-5,0.641857,1.9000,144.30,0.0156,4.078921
455800,227900,8.100616e-5,0.663002,1.9406,141.14,0.0162,4.254890
455900,227950,8.099848e-5,0.648311,1.9123,168.98,0.0150,4.161681
456000,228000,8.099078e-5,0.631965,1.8813,154.81,0.0158,4.056517
456100,228050,8.098308e-5,0.665725,1.9459,174.09,0.0180,4.239023
456200,228100,8.0975384e-5,0.647489,1.9107,138.14,0.0160,4.179484
456300,228150,8.0967686e-5,0.629035,1.8758,157.73,0.0152,4.067567
456400,228200,8.095999e-5,0.640888,1.8982,152.12,0.0166,4.077554
456500,228250,8.095229e-5,0.650202,1.9159,160.24,0.0152,4.134189
456600,228300,8.094459e-5,0.640651,1.8977,157.65,0.0158,4.090683
456700,228350,8.0936894e-5,0.631239,1.8799,163.50,0.0155,4.038932
456800,228400,8.092918e-5,0.641144,1.8987,134.37,0.0157,4.085401
456900,228450,8.092148e-5,0.644300,1.9047,166.30,0.0153,4.125098
457000,228500,8.091377e-5,0.640126,1.8967,132.63,0.0155,4.116745
457100,228550,8.090607e-5,0.624091,1.8665,190.71,0.0182,4.033581
457200,228600,8.089836e-5,0.641616,1.8995,131.78,0.0156,4.133394
457300,228650,8.089066e-5,0.652750,1.9208,141.44,0.0161,4.142251
457400,228700,8.088295e-5,0.637507,1.8918,139.84,0.0156,4.057472
457500,228750,8.087524e-5,0.661772,1.9382,156.29,0.0157,4.183649
457600,228800,8.0867525e-5,0.613354,1.8466,132.99,0.0154,3.957063
457700,228850,8.085981e-5,0.635706,1.8884,159.10,0.0153,4.087948
457800,228900,8.08521e-5,0.651074,1.9176,147.38,0.0159,4.197663
457900,228950,8.084439e-5,0.632012,1.8814,145.83,0.0156,4.063112
458000,229000,8.0836675e-5,0.648672,1.9130,131.15,0.0157,4.147572
458100,229050,8.082895e-5,0.645901,1.9077,173.27,0.0178,4.154270
458200,229100,8.0821235e-5,0.651607,1.9186,144.60,0.0160,4.110349
458300,229150,8.081352e-5,0.642475,1.9012,172.23,0.0153,4.072274
458400,229200,8.0805796e-5,0.641287,1.8989,167.68,0.0161,4.074881
458500,229250,8.079807e-5,0.640383,1.8972,189.15,0.0152,4.085244
458600,229300,8.0790356e-5,0.631079,1.8796,149.31,0.0161,4.059636
458700,229350,8.078263e-5,0.617514,1.8543,155.43,0.0154,3.988113
458800,229400,8.07749e-5,0.641962,1.9002,188.22,0.0151,4.157903
458900,229450,8.0767175e-5,0.624431,1.8672,214.21,0.0158,3.970962
459000,229500,8.075945e-5,0.626472,1.8710,141.40,0.0154,4.050409
459100,229550,8.075172e-5,0.635972,1.8889,173.94,0.0177,4.112473
459200,229600,8.0743994e-5,0.637295,1.8914,175.70,0.0153,4.087302
459300,229650,8.073625e-5,0.665322,1.9451,133.39,0.0158,4.279234
459400,229700,8.0728525e-5,0.636055,1.8890,183.00,0.0156,4.093268
459500,229750,8.07208e-5,0.658868,1.9326,153.06,0.0157,4.182484
459600,229800,8.071306e-5,0.627132,1.8722,169.40,0.0158,4.037251
459700,229850,8.0705315e-5,0.651545,1.9185,138.67,0.0158,4.126045
459800,229900,8.069759e-5,0.646337,1.9085,128.96,0.0161,4.154558
459900,229950,8.0689846e-5,0.645743,1.9074,137.53,0.0164,4.117068
460000,230000,8.0682104e-5,0.646455,1.9088,158.21,0.0155,4.153096
460100,230050,8.067438e-5,0.652869,1.9210,166.76,0.0186,4.163387
460200,230100,8.066662e-5,0.664662,1.9438,152.57,0.0153,4.252155
460300,230150,8.065888e-5,0.656479,1.9280,151.91,0.0156,4.179428
460400,230200,8.065115e-5,0.636114,1.8891,123.33,0.0158,4.085088
460500,230250,8.0643396e-5,0.625278,1.8688,179.36,0.0152,3.986693
460600,230300,8.0635655e-5,0.674067,1.9622,169.15,0.0154,4.254049
460700,230350,8.062791e-5,0.646079,1.9080,148.56,0.0163,4.084348
460800,230400,8.062016e-5,0.638039,1.8928,138.34,0.0157,4.064388
460900,230450,8.0612415e-5,0.641597,1.8995,156.22,0.0156,4.113362
461000,230500,8.060466e-5,0.640026,1.8965,179.37,0.0153,4.102934
461100,230550,8.059692e-5,0.628927,1.8756,197.94,0.0171,4.010139
461200,230600,8.058916e-5,0.685586,1.9849,216.39,0.0155,4.306377
461300,230650,8.0581405e-5,0.651033,1.9175,153.07,0.0165,4.108713
461400,230700,8.057365e-5,0.635004,1.8870,154.75,0.0152,4.091408
461500,230750,8.056589e-5,0.635631,1.8882,151.92,0.0156,4.096950
461600,230800,8.055814e-5,0.655073,1.9253,194.29,0.0157,4.196992
461700,230850,8.055038e-5,0.656171,1.9274,199.91,0.0155,4.086789
461800,230900,8.0542624e-5,0.640119,1.8967,177.10,0.0155,4.105578
461900,230950,8.053487e-5,0.654403,1.9240,158.77,0.0156,4.181402
462000,231000,8.05271e-5,0.655698,1.9265,152.67,0.0156,4.145128
462100,231050,8.051934e-5,0.643592,1.9033,182.67,0.0176,4.077284
462200,231100,8.051157e-5,0.684704,1.9832,153.75,0.0158,4.343089
462300,231150,8.0503814e-5,0.657849,1.9306,163.29,0.0156,4.227835
462400,231200,8.0496044e-5,0.659111,1.9331,143.91,0.0156,4.222905
462500,231250,8.048829e-5,0.644194,1.9045,136.84,0.0158,4.110851
462600,231300,8.048052e-5,0.636248,1.8894,171.17,0.0156,4.030763
462700,231350,8.0472746e-5,0.639773,1.8961,123.99,0.0162,4.085843
462800,231400,8.0464975e-5,0.653115,1.9215,157.17,0.0155,4.182466
462900,231450,8.0457205e-5,0.655682,1.9265,174.30,0.0153,4.133013
463000,231500,8.0449434e-5,0.636380,1.8896,186.02,0.0155,4.047157
463100,231550,8.044165e-5,0.659901,1.9346,146.84,0.0188,4.211314
463200,231600,8.043388e-5,0.658388,1.9317,165.23,0.0156,4.203624
463300,231650,8.042611e-5,0.638232,1.8931,147.03,0.0155,4.089798
463400,231700,8.041834e-5,0.644845,1.9057,155.94,0.0155,4.106143
463500,231750,8.041055e-5,0.636673,1.8902,147.88,0.0161,4.032521
463600,231800,8.040278e-5,0.665203,1.9449,177.01,0.0154,4.272138
463700,231850,8.0394995e-5,0.637107,1.8910,156.07,0.0162,4.079154
463800,231900,8.038721e-5,0.643680,1.9035,150.85,0.0155,4.077467
463900,231950,8.037944e-5,0.631756,1.8809,135.23,0.0161,4.060737
464000,232000,8.0371654e-5,0.655465,1.9260,162.28,0.0153,4.181998
464100,232050,8.0363854e-5,0.630344,1.8783,183.94,0.0184,4.016941
464200,232100,8.035607e-5,0.672765,1.9596,164.29,0.0154,4.316862
464300,232150,8.03483e-5,0.649213,1.9140,131.28,0.0160,4.118154
464400,232200,8.03405e-5,0.644922,1.9058,165.42,0.0155,4.111017
464500,232250,8.033271e-5,0.630019,1.8776,148.14,0.0157,4.017357
464600,232300,8.032493e-5,0.621392,1.8615,156.93,0.0155,3.957161
464700,232350,8.031714e-5,0.645851,1.9076,147.58,0.0156,4.167729
464800,232400,8.030934e-5,0.633837,1.8848,164.38,0.0157,4.060266
464900,232450,8.030154e-5,0.634350,1.8858,178.16,0.0155,4.053291
465000,232500,8.029376e-5,0.650834,1.9171,165.29,0.0155,4.162372
465100,232550,8.028596e-5,0.644431,1.9049,196.13,0.0199,4.096005
465200,232600,8.027816e-5,0.642363,1.9010,154.00,0.0160,4.069969
465300,232650,8.027036e-5,0.631238,1.8799,149.97,0.0157,4.041151
465400,232700,8.026256e-5,0.642483,1.9012,153.07,0.0153,4.111340
465500,232750,8.025476e-5,0.635788,1.8885,144.77,0.0155,4.065678
465600,232800,8.024696e-5,0.668214,1.9508,159.27,0.0160,4.251786
465700,232850,8.023916e-5,0.635224,1.8874,165.45,0.0156,4.010240
465800,232900,8.023136e-5,0.626535,1.8711,146.34,0.0166,4.010427
465900,232950,8.0223545e-5,0.627044,1.8721,167.52,0.0154,4.042954
466000,233000,8.0215745e-5,0.659067,1.9330,151.87,0.0159,4.178451
466100,233050,8.0207945e-5,0.630798,1.8791,192.33,0.0184,4.008870
466200,233100,8.020013e-5,0.653362,1.9220,168.98,0.0154,4.110435
466300,233150,8.019233e-5,0.614629,1.8490,149.09,0.0155,3.906833
466400,233200,8.0184516e-5,0.662852,1.9403,182.97,0.0151,4.196848
466500,233250,8.01767e-5,0.651841,1.9191,150.33,0.0158,4.146485
466600,233300,8.016889e-5,0.639731,1.8960,150.15,0.0158,4.094491
466700,233350,8.016107e-5,0.670089,1.9544,150.64,0.0156,4.243246
466800,233400,8.015326e-5,0.651123,1.9177,151.73,0.0158,4.141047
466900,233450,8.0145444e-5,0.616757,1.8529,147.95,0.0154,3.954895
467000,233500,8.013763e-5,0.654258,1.9237,158.64,0.0156,4.157549
467100,233550,8.0129816e-5,0.650208,1.9159,171.03,0.0179,4.177236
467200,233600,8.012199e-5,0.645974,1.9078,145.93,0.0159,4.168921
467300,233650,8.011417e-5,0.649124,1.9139,177.53,0.0154,4.211680
467400,233700,8.010636e-5,0.642816,1.9018,165.45,0.0157,4.109644
467500,233750,8.009853e-5,0.657377,1.9297,153.42,0.0161,4.175699
467600,233800,8.00907e-5,0.630054,1.8777,125.26,0.0162,4.057008
467700,233850,8.0082886e-5,0.660342,1.9355,165.65,0.0165,4.201782
467800,233900,8.007506e-5,0.621150,1.8611,160.83,0.0160,4.003505
467900,233950,8.006723e-5,0.652591,1.9205,158.92,0.0160,4.165399
468000,234000,8.00594e-5,0.622633,1.8638,158.77,0.0159,4.002013
468100,234050,8.005157e-5,0.652959,1.9212,186.32,0.0183,4.159050
468200,234100,8.004374e-5,0.652462,1.9203,173.00,0.0158,4.204442
468300,234150,8.003591e-5,0.650158,1.9158,157.15,0.0164,4.127835
468400,234200,8.002808e-5,0.634435,1.8860,144.43,0.0164,4.057304
468500,234250,8.0020254e-5,0.649177,1.9140,179.80,0.0163,4.093881
468600,234300,8.001241e-5,0.639430,1.8954,147.63,0.0165,4.059392
468700,234350,8.000457e-5,0.662010,1.9387,169.23,0.0166,4.181580
468800,234400,7.999674e-5,0.614480,1.8487,185.43,0.0159,3.957318
468900,234450,7.998891e-5,0.645940,1.9078,155.85,0.0161,4.127374
469000,234500,7.9981066e-5,0.654538,1.9243,158.60,0.0160,4.186441
469100,234550,7.997322e-5,0.639487,1.8955,193.63,0.0178,4.116633
469200,234600,7.996539e-5,0.648283,1.9123,132.83,0.0168,4.123828
469300,234650,7.995755e-5,0.645428,1.9068,157.11,0.0162,4.127285
469400,234700,7.994971e-5,0.668186,1.9507,158.62,0.0163,4.215619
469500,234750,7.994186e-5,0.632673,1.8826,174.94,0.0156,4.038909
469600,234800,7.9934005e-5,0.646584,1.9090,177.91,0.0158,4.144951
469700,234850,7.992616e-5,0.652163,1.9197,172.28,0.0160,4.171803
469800,234900,7.991832e-5,0.652281,1.9199,172.00,0.0160,4.173875
469900,234950,7.9910475e-5,0.611971,1.8441,193.09,0.0157,3.886462
470000,235000,7.990262e-5,0.632210,1.8818,180.55,0.0160,4.066826
470100,235050,7.989477e-5,0.645542,1.9070,190.84,0.0181,4.069976
470200,235100,7.9886915e-5,0.617298,1.8539,152.70,0.0161,3.944498
470300,235150,7.987907e-5,0.619742,1.8584,145.25,0.0165,3.933464
470400,235200,7.987121e-5,0.632340,1.8820,153.03,0.0164,4.028653
470500,235250,7.9863355e-5,0.676571,1.9671,160.35,0.0156,4.371289
470600,235300,7.98555e-5,0.635432,1.8878,167.37,0.0156,4.051966
470700,235350,7.984764e-5,0.661895,1.9385,172.36,0.0156,4.235383
470800,235400,7.983978e-5,0.661103,1.9369,142.69,0.0163,4.175082
470900,235450,7.983192e-5,0.635161,1.8873,174.59,0.0160,4.097841
471000,235500,7.9824065e-5,0.644711,1.9054,156.36,0.0167,4.100803
471100,235550,7.981621e-5,0.633200,1.8836,168.20,0.0190,4.039232
471200,235600,7.9808335e-5,0.648875,1.9134,165.75,0.0161,4.163795
471300,235650,7.980048e-5,0.624781,1.8678,163.35,0.0162,4.022217
471400,235700,7.979262e-5,0.625275,1.8688,164.57,0.0158,4.046089
471500,235750,7.9784746e-5,0.654779,1.9247,164.47,0.0163,4.192492
471600,235800,7.977687e-5,0.641238,1.8988,165.81,0.0161,4.120300
471700,235850,7.9769015e-5,0.645336,1.9066,157.99,0.0159,4.128774
471800,235900,7.976114e-5,0.633953,1.8850,185.31,0.0155,4.033361
471900,235950,7.975327e-5,0.638929,1.8945,159.61,0.0161,4.078008
472000,236000,7.97454e-5,0.666769,1.9479,144.90,0.0166,4.249483
472100,236050,7.9737525e-5,0.621559,1.8618,188.34,0.0181,4.015443
472200,236100,7.972965e-5,0.640475,1.8974,179.59,0.0161,4.053761
472300,236150,7.972178e-5,0.652340,1.9200,166.94,0.0162,4.156462
472400,236200,7.971391e-5,0.635202,1.8874,167.52,0.0163,4.037779
472500,236250,7.970602e-5,0.665436,1.9453,155.25,0.0165,4.215444
472600,236300,7.969815e-5,0.610327,1.8410,172.57,0.0159,3.946259
472700,236350,7.9690275e-5,0.625712,1.8696,150.63,0.0162,4.022853
472800,236400,7.968239e-5,0.621453,1.8616,157.25,0.0165,3.950714
472900,236450,7.9674515e-5,0.629782,1.8772,150.32,0.0162,4.054318
473000,236500,7.966663e-5,0.649278,1.9142,147.96,0.0166,4.140947
473100,236550,7.965874e-5,0.609620,1.8397,187.72,0.0182,3.915729
473200,236600,7.9650854e-5,0.653025,1.9213,156.54,0.0168,4.139387
473300,236650,7.964297e-5,0.631495,1.8804,150.79,0.0154,4.080255
473400,236700,7.9635094e-5,0.646190,1.9083,140.88,0.0156,4.133373
473500,236750,7.962719e-5,0.635529,1.8880,165.29,0.0154,4.033051
473600,236800,7.9619305e-5,0.649284,1.9142,150.12,0.0153,4.108188
473700,236850,7.961142e-5,0.645914,1.9077,166.17,0.0158,4.120581
473800,236900,7.960353e-5,0.618493,1.8561,178.51,0.0154,4.025106
473900,236950,7.959563e-5,0.646719,1.9093,153.82,0.0163,4.161482
474000,237000,7.958774e-5,0.650316,1.9161,141.02,0.0167,4.135663
474100,237050,7.9579855e-5,0.670208,1.9546,159.50,0.0193,4.306955
474200,237100,7.957195e-5,0.653308,1.9219,171.08,0.0160,4.112995
474300,237150,7.956405e-5,0.645766,1.9074,152.77,0.0162,4.116262
474400,237200,7.9556165e-5,0.648391,1.9125,145.98,0.0162,4.134729
474500,237250,7.954826e-5,0.654752,1.9247,169.47,0.0156,4.133984
474600,237300,7.954036e-5,0.668939,1.9522,145.02,0.0167,4.259369
474700,237350,7.953246e-5,0.675918,1.9658,161.72,0.0157,4.325607
474800,237400,7.952456e-5,0.659660,1.9341,153.00,0.0164,4.190578
474900,237450,7.9516656e-5,0.635212,1.8874,148.38,0.0160,4.080073
475000,237500,7.9508754e-5,0.634594,1.8863,178.21,0.0151,4.072928
475100,237550,7.950085e-5,0.597213,1.8170,179.81,0.0173,3.850389
475200,237600,7.949295e-5,0.616906,1.8532,145.17,0.0155,3.921000
475300,237650,7.9485035e-5,0.640152,1.8968,136.08,0.0157,4.092118
475400,237700,7.947713e-5,0.641288,1.8989,150.66,0.0155,4.082991
475500,237750,7.946923e-5,0.633103,1.8834,173.42,0.0158,4.043201
475600,237800,7.94613e-5,0.660323,1.9354,168.39,0.0168,4.206494
475700,237850,7.94534e-5,0.653353,1.9220,161.45,0.0162,4.178021
475800,237900,7.944548e-5,0.658812,1.9325,172.42,0.0160,4.220894
475900,237950,7.943758e-5,0.632232,1.8818,165.47,0.0160,4.037537
476000,238000,7.942965e-5,0.673445,1.9610,195.62,0.0161,4.218868
476100,238050,7.942175e-5,0.638798,1.8942,191.83,0.0185,4.069529
476200,238100,7.941383e-5,0.646020,1.9079,181.98,0.0161,4.106387
476300,238150,7.9405916e-5,0.657683,1.9303,163.49,0.0164,4.121359
476400,238200,7.9397985e-5,0.642475,1.9012,146.50,0.0164,4.136694
476500,238250,7.939007e-5,0.648154,1.9120,157.47,0.0162,4.138295
476600,238300,7.938215e-5,0.641410,1.8992,178.02,0.0154,4.116366
476700,238350,7.937424e-5,0.664400,1.9433,162.74,0.0162,4.183253
476800,238400,7.9366306e-5,0.620324,1.8595,153.31,0.0158,3.955478
476900,238450,7.935839e-5,0.655066,1.9253,121.28,0.0160,4.242088
477000,238500,7.935046e-5,0.658223,1.9314,175.41,0.0156,4.216501
477100,238550,7.934253e-5,0.638610,1.8938,200.41,0.0182,4.118492
477200,238600,7.933461e-5,0.655540,1.9262,183.17,0.0159,4.169023
477300,238650,7.932668e-5,0.628527,1.8748,140.65,0.0166,4.004039
477400,238700,7.9318736e-5,0.626928,1.8719,152.36,0.0161,4.025542
477500,238750,7.931082e-5,0.644755,1.9055,152.54,0.0162,4.137331
477600,238800,7.930289e-5,0.663261,1.9411,159.89,0.0164,4.212831
477700,238850,7.929494e-5,0.620818,1.8604,199.97,0.0154,3.984898
477800,238900,7.928701e-5,0.663737,1.9420,183.49,0.0160,4.266829
477900,238950,7.927908e-5,0.620688,1.8602,153.89,0.0166,3.928632
478000,239000,7.927115e-5,0.644625,1.9053,142.15,0.0166,4.171678
478100,239050,7.9263205e-5,0.649768,1.9151,198.23,0.0183,4.135543
478200,239100,7.9255275e-5,0.636100,1.8891,154.67,0.0164,3.994981
478300,239150,7.924733e-5,0.625873,1.8699,164.35,0.0160,4.020310
478400,239200,7.92394e-5,0.640776,1.8980,147.41,0.0165,4.086161
478500,239250,7.923145e-5,0.638445,1.8935,150.80,0.0162,4.073487
478600,239300,7.922351e-5,0.614293,1.8483,139.36,0.0163,3.916790
478700,239350,7.921556e-5,0.631644,1.8807,199.66,0.0158,4.021310
478800,239400,7.920762e-5,0.645308,1.9066,162.87,0.0163,4.095577
478900,239450,7.919967e-5,0.630732,1.8790,160.63,0.0163,4.010991
479000,239500,7.919173e-5,0.609677,1.8398,143.49,0.0164,3.924574
479100,239550,7.918378e-5,0.646219,1.9083,185.88,0.0187,4.109137
479200,239600,7.9175836e-5,0.635899,1.8887,157.12,0.0164,4.035010
479300,239650,7.916789e-5,0.643478,1.9031,158.22,0.0164,4.095869
479400,239700,7.915993e-5,0.646334,1.9085,159.44,0.0162,4.168979
479500,239750,7.9151985e-5,0.624996,1.8682,153.02,0.0163,4.009901
479600,239800,7.9144025e-5,0.648886,1.9134,170.29,0.0163,4.131922
479700,239850,7.913608e-5,0.630136,1.8779,188.90,0.0157,4.033280
479800,239900,7.912812e-5,0.664314,1.9432,128.31,0.0170,4.217551
479900,239950,7.912016e-5,0.634517,1.8861,149.01,0.0164,4.057278
480000,240000,7.91122e-5,0.659858,1.9345,159.87,0.0163,4.189176
480100,240050,7.910424e-5,0.651484,1.9184,196.85,0.0184,4.132665
480200,240100,7.9096295e-5,0.637129,1.8910,153.78,0.0162,4.033463
480300,240150,7.9088335e-5,0.637374,1.8915,160.03,0.0162,4.061157
480400,240200,7.9080375e-5,0.661400,1.9375,163.35,0.0162,4.226395
480500,240250,7.9072415e-5,0.672687,1.9595,150.50,0.0163,4.300699
480600,240300,7.906444e-5,0.637886,1.8925,185.13,0.0159,4.068979
480700,240350,7.905648e-5,0.657740,1.9304,165.95,0.0160,4.211397
480800,240400,7.904851e-5,0.622777,1.8641,177.29,0.0159,4.001605
480900,240450,7.904055e-5,0.631913,1.8812,157.22,0.0162,4.068696
481000,240500,7.903257e-5,0.672147,1.9584,175.48,0.0160,4.293638
481100,240550,7.902461e-5,0.658216,1.9313,173.21,0.0193,4.174187
481200,240600,7.901664e-5,0.650996,1.9174,171.00,0.0161,4.133967
481300,240650,7.900866e-5,0.646199,1.9083,179.59,0.0160,4.079679
481400,240700,7.90007e-5,0.647727,1.9112,160.16,0.0162,4.128110
481500,240750,7.8992714e-5,0.626857,1.8717,156.47,0.0164,3.997340
481600,240800,7.898474e-5,0.650344,1.9162,145.95,0.0165,4.177522
481700,240850,7.8976766e-5,0.641199,1.8988,152.62,0.0164,4.083731
481800,240900,7.8968806e-5,0.639765,1.8960,149.04,0.0165,4.083754
481900,240950,7.896082e-5,0.655328,1.9258,130.05,0.0167,4.180457
482000,241000,7.895284e-5,0.642422,1.9011,197.23,0.0159,4.052632
482100,241050,7.894487e-5,0.650064,1.9157,178.20,0.0188,4.140635
482200,241100,7.893689e-5,0.610001,1.8404,161.06,0.0160,3.897238
482300,241150,7.8928904e-5,0.645327,1.9066,150.40,0.0165,4.096090
482400,241200,7.8920915e-5,0.628465,1.8747,138.40,0.0166,4.022323
482500,241250,7.891294e-5,0.648741,1.9131,158.24,0.0161,4.118237
482600,241300,7.890495e-5,0.654433,1.9241,141.89,0.0166,4.157854
482700,241350,7.889698e-5,0.635486,1.8879,145.49,0.0165,4.030529
482800,241400,7.8888974e-5,0.629290,1.8763,163.18,0.0167,4.017801
482900,241450,7.8881e-5,0.621125,1.8610,156.62,0.0162,4.017180
483000,241500,7.8872996e-5,0.641856,1.9000,145.38,0.0167,4.090384
483100,241550,7.886501e-5,0.653067,1.9214,209.12,0.0177,4.179346
483200,241600,7.885702e-5,0.634165,1.8854,165.26,0.0159,4.085934
483300,241650,7.884903e-5,0.668105,1.9505,168.59,0.0162,4.207559
483400,241700,7.884104e-5,0.643769,1.9036,172.21,0.0159,4.128622
483500,241750,7.8833036e-5,0.633137,1.8835,180.33,0.0162,4.059587
483600,241800,7.882505e-5,0.647189,1.9102,171.05,0.0163,4.121716
483700,241850,7.881706e-5,0.624216,1.8668,163.31,0.0162,3.976301
483800,241900,7.8809055e-5,0.666730,1.9479,159.75,0.0161,4.247028
483900,241950,7.880105e-5,0.645649,1.9072,176.26,0.0161,4.111828
484000,242000,7.879306e-5,0.631461,1.8804,161.32,0.0159,4.091384
484100,242050,7.878506e-5,0.633081,1.8834,188.75,0.0201,4.069334
484200,242100,7.8777055e-5,0.654447,1.9241,154.93,0.0164,4.144597
484300,242150,7.876905e-5,0.634952,1.8869,136.13,0.0164,4.078604
484400,242200,7.876105e-5,0.637262,1.8913,162.79,0.0162,4.058108
484500,242250,7.8753044e-5,0.647040,1.9099,145.37,0.0165,4.110494
484600,242300,7.874504e-5,0.651241,1.9179,166.85,0.0160,4.157508
484700,242350,7.873704e-5,0.649820,1.9152,187.84,0.0158,4.175893
484800,242400,7.8729034e-5,0.632779,1.8828,156.49,0.0161,4.030474
484900,242450,7.8721016e-5,0.627957,1.8738,158.77,0.0162,4.028215
485000,242500,7.871301e-5,0.640008,1.8965,164.04,0.0162,4.063936
485100,242550,7.8704994e-5,0.626539,1.8711,183.78,0.0184,4.010901
485200,242600,7.869699e-5,0.643730,1.9036,161.98,0.0162,4.087103
485300,242650,7.868897e-5,0.661304,1.9373,160.73,0.0164,4.203108
485400,242700,7.8680954e-5,0.666133,1.9467,169.97,0.0161,4.224011
485500,242750,7.8672936e-5,0.644247,1.9046,178.24,0.0161,4.102691
485600,242800,7.866493e-5,0.621013,1.8608,178.69,0.0158,3.997091
485700,242850,7.8656914e-5,0.650882,1.9172,159.44,0.0163,4.151432
485800,242900,7.8648896e-5,0.661449,1.9376,126.32,0.0168,4.213045
485900,242950,7.864088e-5,0.655133,1.9254,172.85,0.0162,4.172810
486000,243000,7.863286e-5,0.629551,1.8768,167.65,0.0160,4.090935
486100,243050,7.862483e-5,0.625295,1.8688,208.88,0.0178,4.013844
486200,243100,7.861681e-5,0.655251,1.9256,156.65,0.0164,4.177430
486300,243150,7.860879e-5,0.629929,1.8775,180.76,0.0158,4.037471
486400,243200,7.860077e-5,0.643593,1.9033,168.92,0.0160,4.124810
486500,243250,7.859274e-5,0.648700,1.9131,154.34,0.0164,4.125450
486600,243300,7.858472e-5,0.649130,1.9139,163.43,0.0158,4.205640
486700,243350,7.857669e-5,0.648772,1.9132,160.11,0.0163,4.080370
486800,243400,7.856866e-5,0.623523,1.8655,184.67,0.0158,3.973422
486900,243450,7.856064e-5,0.669391,1.9530,153.56,0.0166,4.241415
487000,243500,7.855259e-5,0.660551,1.9359,176.27,0.0163,4.155891
487100,243550,7.854457e-5,0.647148,1.9101,171.37,0.0189,4.121420
487200,243600,7.853654e-5,0.659301,1.9334,169.02,0.0162,4.166031
487300,243650,7.852851e-5,0.662836,1.9403,171.02,0.0163,4.219895
487400,243700,7.8520476e-5,0.657052,1.9291,184.31,0.0159,4.165368
487500,243750,7.851244e-5,0.631657,1.8807,158.97,0.0160,4.049284
487600,243800,7.8504396e-5,0.615638,1.8508,164.43,0.0160,3.966482
487700,243850,7.849636e-5,0.628931,1.8756,172.52,0.0160,4.004632
487800,243900,7.848833e-5,0.645169,1.9063,171.14,0.0159,4.109137
487900,243950,7.848028e-5,0.633081,1.8834,177.15,0.0160,4.057750
488000,244000,7.8472236e-5,0.624755,1.8678,162.92,0.0162,3.992565
488100,244050,7.84642e-5,0.646472,1.9088,208.83,0.0180,4.104425
488200,244100,7.8456156e-5,0.631841,1.8811,170.47,0.0160,4.064730
488300,244150,7.844811e-5,0.648016,1.9117,150.50,0.0164,4.140128
488400,244200,7.8440076e-5,0.631926,1.8812,151.65,0.0160,4.083040
488500,244250,7.843203e-5,0.659452,1.9337,190.02,0.0160,4.181559
488600,244300,7.842398e-5,0.632796,1.8829,181.79,0.0156,4.050513
488700,244350,7.841592e-5,0.621127,1.8610,161.34,0.0163,3.963112
488800,244400,7.840787e-5,0.614920,1.8495,175.28,0.0161,3.925370
488900,244450,7.8399826e-5,0.609390,1.8393,167.03,0.0155,3.905278
489000,244500,7.839178e-5,0.627988,1.8738,141.83,0.0162,3.982600
489100,244550,7.838373e-5,0.617644,1.8546,165.17,0.0186,3.966263
489200,244600,7.8375684e-5,0.673065,1.9602,148.55,0.0163,4.271402
489300,244650,7.836762e-5,0.658664,1.9322,149.65,0.0168,4.215586
489400,244700,7.835956e-5,0.638526,1.8937,178.73,0.0158,4.084705
489500,244750,7.835151e-5,0.617962,1.8551,136.18,0.0163,3.945235
489600,244800,7.834345e-5,0.631010,1.8795,168.38,0.0161,3.974718
489700,244850,7.833539e-5,0.664388,1.9433,144.28,0.0167,4.196262
489800,244900,7.832733e-5,0.624572,1.8674,166.88,0.0162,3.983647
489900,244950,7.831928e-5,0.638100,1.8929,155.73,0.0168,4.077180
490000,245000,7.831122e-5,0.624935,1.8681,159.48,0.0164,3.969126
490100,245050,7.830316e-5,0.660072,1.9349,157.89,0.0199,4.193478
490200,245100,7.8295096e-5,0.647888,1.9115,155.92,0.0166,4.139493
490300,245150,7.828702e-5,0.634046,1.8852,144.69,0.0166,4.045137
490400,245200,7.827896e-5,0.654019,1.9233,180.92,0.0161,4.130726
490500,245250,7.8270896e-5,0.615827,1.8512,178.43,0.0160,3.932678
490600,245300,7.826282e-5,0.647897,1.9115,154.37,0.0161,4.165491
490700,245350,7.825476e-5,0.646064,1.9080,182.17,0.0159,4.125434
490800,245400,7.824668e-5,0.650287,1.9161,152.65,0.0163,4.176155
490900,245450,7.823862e-5,0.643145,1.9025,161.92,0.0164,4.065701
491000,245500,7.823054e-5,0.650365,1.9162,172.62,0.0161,4.136358
491100,245550,7.822248e-5,0.649116,1.9138,192.93,0.0182,4.149834
491200,245600,7.8214405e-5,0.616053,1.8516,175.54,0.0158,3.975909
491300,245650,7.820633e-5,0.618824,1.8567,125.54,0.0168,3.964890
491400,245700,7.819825e-5,0.633800,1.8848,175.41,0.0162,4.022171
491500,245750,7.8190176e-5,0.636724,1.8903,168.56,0.0162,4.074945
491600,245800,7.81821e-5,0.647413,1.9106,128.79,0.0168,4.128177
491700,245850,7.8174024e-5,0.643154,1.9025,149.93,0.0165,4.082244
491800,245900,7.816593e-5,0.613976,1.8478,183.30,0.0156,3.950582
491900,245950,7.815786e-5,0.643299,1.9027,169.42,0.0162,4.071902
492000,246000,7.814978e-5,0.593087,1.8096,171.13,0.0153,3.810339
492100,246050,7.814169e-5,0.649944,1.9154,172.94,0.0181,4.163527
492200,246100,7.813361e-5,0.612365,1.8448,157.13,0.0160,3.944132
492300,246150,7.812552e-5,0.647170,1.9101,201.04,0.0159,4.134271
492400,246200,7.811743e-5,0.634840,1.8867,185.23,0.0162,4.049187
492500,246250,7.8109355e-5,0.658292,1.9315,141.16,0.0168,4.208209
492600,246300,7.8101264e-5,0.626920,1.8718,155.09,0.0161,4.055935
492700,246350,7.809317e-5,0.604133,1.8297,170.75,0.0158,3.884666
492800,246400,7.80851e-5,0.642315,1.9009,169.11,0.0161,4.086656
492900,246450,7.8077006e-5,0.639829,1.8962,146.17,0.0163,4.121682
493000,246500,7.8068915e-5,0.666674,1.9477,154.54,0.0161,4.258615
493100,246550,7.8060824e-5,0.643595,1.9033,180.94,0.0185,4.113623
493200,246600,7.805272e-5,0.602064,1.8259,144.62,0.0160,3.908521
493300,246650,7.804463e-5,0.666761,1.9479,173.53,0.0160,4.209934
493400,246700,7.803652e-5,0.620333,1.8595,170.24,0.0159,3.987130
493500,246750,7.802843e-5,0.634506,1.8861,174.54,0.0163,4.020478
493600,246800,7.802034e-5,0.668912,1.9521,150.43,0.0167,4.204361
493700,246850,7.8012235e-5,0.670425,1.9551,194.43,0.0160,4.238223
493800,246900,7.8004145e-5,0.632997,1.8832,164.28,0.0160,4.042590
493900,246950,7.799604e-5,0.618472,1.8561,179.58,0.0160,3.940474
494000,247000,7.7987934e-5,0.636224,1.8893,153.33,0.0166,4.012241
494100,247050,7.797983e-5,0.635425,1.8878,183.70,0.0185,4.025523
494200,247100,7.797172e-5,0.610333,1.8410,164.25,0.0158,3.939113
494300,247150,7.796363e-5,0.614352,1.8485,154.01,0.0163,3.972091
494400,247200,7.795553e-5,0.602156,1.8261,190.05,0.0156,3.896425
494500,247250,7.794742e-5,0.636928,1.8907,144.17,0.0166,4.031864
494600,247300,7.79393e-5,0.624738,1.8678,140.77,0.0166,4.020324
494700,247350,7.7931196e-5,0.619057,1.8572,170.07,0.0159,3.965055
494800,247400,7.7923076e-5,0.626887,1.8718,150.35,0.0161,4.024273
494900,247450,7.791497e-5,0.641579,1.8995,163.05,0.0159,4.121776
495000,247500,7.7906865e-5,0.638844,1.8943,159.36,0.0163,4.083727
495100,247550,7.7898745e-5,0.669220,1.9527,169.86,0.0189,4.244902
495200,247600,7.789064e-5,0.636944,1.8907,156.99,0.0163,4.049997
495300,247650,7.788252e-5,0.699925,2.0136,209.22,0.0159,4.402023
495400,247700,7.78744e-5,0.652840,1.9210,174.07,0.0159,4.198184
495500,247750,7.7866294e-5,0.641168,1.8987,155.49,0.0163,4.106139
495600,247800,7.7858174e-5,0.635860,1.8886,167.40,0.0163,4.079783
495700,247850,7.7850054e-5,0.625867,1.8699,165.80,0.0162,3.966572
495800,247900,7.7841934e-5,0.641629,1.8996,167.22,0.0161,4.105739
495900,247950,7.7833814e-5,0.643121,1.9024,183.21,0.0161,4.086004
496000,248000,7.782568e-5,0.636795,1.8904,156.10,0.0160,4.079133
496100,248050,7.781756e-5,0.644276,1.9046,172.56,0.0187,4.159886
496200,248100,7.780944e-5,0.642292,1.9008,140.60,0.0168,4.093482
496300,248150,7.780132e-5,0.637461,1.8917,170.31,0.0159,4.081578
496400,248200,7.77932e-5,0.660811,1.9364,168.08,0.0163,4.196766
496500,248250,7.7785066e-5,0.647485,1.9107,149.98,0.0165,4.086957
496600,248300,7.7776946e-5,0.624648,1.8676,197.29,0.0157,4.023917
496700,248350,7.776881e-5,0.627652,1.8732,152.24,0.0164,3.971329
496800,248400,7.776068e-5,0.623642,1.8657,173.81,0.0159,4.040135
496900,248450,7.775254e-5,0.616301,1.8521,161.85,0.0159,3.916306
497000,248500,7.774441e-5,0.630786,1.8791,151.96,0.0166,4.021628
497100,248550,7.773629e-5,0.654939,1.9250,199.05,0.0190,4.141643
497200,248600,7.772815e-5,0.658661,1.9322,155.69,0.0166,4.159347
497300,248650,7.772002e-5,0.653756,1.9227,161.58,0.0162,4.174475
497400,248700,7.771187e-5,0.647249,1.9103,150.60,0.0164,4.116373
497500,248750,7.7703735e-5,0.623803,1.8660,181.64,0.0156,3.947877
497600,248800,7.76956e-5,0.635781,1.8885,171.41,0.0162,4.040542
497700,248850,7.7687466e-5,0.627635,1.8732,146.44,0.0163,4.025911
497800,248900,7.767932e-5,0.629256,1.8762,178.34,0.0159,4.057604
497900,248950,7.767118e-5,0.630943,1.8794,146.80,0.0163,4.070136
498000,249000,7.766305e-5,0.660164,1.9351,150.51,0.0166,4.172992
498100,249050,7.76549e-5,0.649841,1.9152,208.66,0.0180,4.127605
498200,249100,7.7646764e-5,0.618545,1.8562,148.23,0.0164,3.958200
498300,249150,7.7638615e-5,0.656750,1.9285,151.20,0.0164,4.193021
498400,249200,7.7630466e-5,0.611432,1.8431,157.66,0.0162,3.896808
498500,249250,7.762232e-5,0.660104,1.9350,182.41,0.0161,4.181705
498600,249300,7.761418e-5,0.645666,1.9073,164.60,0.0165,4.072637
498700,249350,7.760602e-5,0.640490,1.8974,170.45,0.0161,4.109819
498800,249400,7.759787e-5,0.635352,1.8877,164.01,0.0163,4.028588
498900,249450,7.758972e-5,0.656332,1.9277,184.54,0.0160,4.158950
499000,249500,7.758157e-5,0.659544,1.9339,170.11,0.0161,4.226714
499100,249550,7.757342e-5,0.634247,1.8856,182.19,0.0184,4.072127
499200,249600,7.756526e-5,0.644817,1.9056,147.75,0.0164,4.147717
499300,249650,7.755711e-5,0.623149,1.8648,165.17,0.0159,3.984848
499400,249700,7.7548946e-5,0.650978,1.9174,150.55,0.0162,4.195788
499500,249750,7.75408e-5,0.637113,1.8910,194.03,0.0156,4.082815
499600,249800,7.753263e-5,0.614558,1.8488,194.03,0.0155,3.950544
499700,249850,7.7524484e-5,0.639152,1.8949,144.38,0.0162,4.095354
499800,249900,7.751632e-5,0.617333,1.8540,159.96,0.0163,3.929173
499900,249950,7.750817e-5,0.641292,1.8989,144.05,0.0165,4.052980
500000,250000,7.750001e-5,0.639936,1.8964,197.77,0.0156,4.104658
500100,250050,7.749183e-5,0.623356,1.8652,187.75,0.0177,3.993099
500200,250100,7.7483666e-5,0.636939,1.8907,147.27,0.0162,4.040673
500300,250150,7.74755e-5,0.630757,1.8790,159.40,0.0159,4.055699
500400,250200,7.746734e-5,0.647677,1.9111,150.33,0.0163,4.103394
500500,250250,7.7459175e-5,0.609696,1.8399,151.38,0.0159,3.897783
500600,250300,7.745101e-5,0.649426,1.9144,171.68,0.0155,4.112396
500700,250350,7.744285e-5,0.666289,1.9470,188.07,0.0155,4.203347
500800,250400,7.743467e-5,0.642046,1.9004,152.07,0.0160,4.120957
500900,250450,7.7426506e-5,0.649385,1.9144,168.02,0.0157,4.134613
501000,250500,7.741833e-5,0.634554,1.8862,180.25,0.0155,4.079051
501100,250550,7.7410165e-5,0.642938,1.9021,170.22,0.0189,4.138433
501200,250600,7.7401986e-5,0.643472,1.9031,153.42,0.0162,4.077419
501300,250650,7.739381e-5,0.676366,1.9667,142.45,0.0166,4.280632
501400,250700,7.738563e-5,0.645258,1.9065,161.13,0.0163,4.100369
501500,250750,7.737745e-5,0.651727,1.9189,144.08,0.0166,4.149415
501600,250800,7.7369274e-5,0.631154,1.8798,177.95,0.0159,4.056930
501700,250850,7.736111e-5,0.675131,1.9643,177.20,0.0163,4.230745
501800,250900,7.735292e-5,0.632682,1.8827,168.16,0.0160,4.071731
501900,250950,7.734474e-5,0.659297,1.9334,175.36,0.0159,4.190067
502000,251000,7.733656e-5,0.643937,1.9040,159.26,0.0159,4.102689
502100,251050,7.732838e-5,0.642781,1.9018,222.84,0.0177,4.087446
502200,251100,7.732019e-5,0.622924,1.8644,183.30,0.0156,4.027473
502300,251150,7.731201e-5,0.640047,1.8966,153.60,0.0161,4.112328
502400,251200,7.730382e-5,0.645394,1.9067,131.12,0.0168,4.115278
502500,251250,7.729564e-5,0.620982,1.8608,171.22,0.0158,3.985661
502600,251300,7.728745e-5,0.635121,1.8872,145.23,0.0163,4.074038
502700,251350,7.7279255e-5,0.665211,1.9449,142.96,0.0166,4.192857
502800,251400,7.727108e-5,0.651876,1.9191,179.59,0.0158,4.144536
502900,251450,7.7262885e-5,0.659921,1.9346,167.96,0.0160,4.170675
503000,251500,7.725469e-5,0.636613,1.8901,167.56,0.0160,4.084288
503100,251550,7.72465e-5,0.634011,1.8852,165.71,0.0190,4.054644
503200,251600,7.723831e-5,0.654312,1.9238,164.30,0.0160,4.221509
503300,251650,7.7230114e-5,0.624185,1.8667,187.72,0.0158,3.970178
503400,251700,7.722192e-5,0.661313,1.9373,134.04,0.0168,4.207558
503500,251750,7.721373e-5,0.643612,1.9033,164.29,0.0162,4.082774
503600,251800,7.7205535e-5,0.651512,1.9184,183.76,0.0162,4.115872
503700,251850,7.719733e-5,0.655580,1.9263,140.64,0.0168,4.135502
503800,251900,7.7189135e-5,0.631729,1.8809,176.84,0.0158,4.071515
503900,251950,7.718093e-5,0.630527,1.8786,157.77,0.0162,4.023333
504000,252000,7.7172735e-5,0.655487,1.9261,167.76,0.0160,4.146861
504100,252050,7.716453e-5,0.630612,1.8788,186.83,0.0184,4.034891
504200,252100,7.715632e-5,0.655377,1.9259,164.52,0.0162,4.177889
504300,252150,7.714813e-5,0.603840,1.8291,158.53,0.0165,3.913044
504400,252200,7.713992e-5,0.645056,1.9061,166.07,0.0164,4.111771
504500,252250,7.713171e-5,0.642582,1.9014,139.78,0.0169,4.049811
504600,252300,7.7123506e-5,0.639662,1.8958,146.67,0.0164,4.080424
504700,252350,7.71153e-5,0.664210,1.9430,182.40,0.0166,4.185753
504800,252400,7.710709e-5,0.626371,1.8708,170.65,0.0159,4.025750
504900,252450,7.709887e-5,0.623910,1.8662,148.34,0.0165,3.970814
505000,252500,7.709066e-5,0.634394,1.8859,169.29,0.0162,4.047309
505100,252550,7.7082455e-5,0.653681,1.9226,192.03,0.0189,4.113847
505200,252600,7.707425e-5,0.640532,1.8975,144.02,0.0166,4.055929
505300,252650,7.7066026e-5,0.639798,1.8961,163.01,0.0162,4.071163
505400,252700,7.705782e-5,0.623692,1.8658,179.06,0.0159,4.000451
505500,252750,7.70496e-5,0.650043,1.9156,147.16,0.0169,4.105268
505600,252800,7.704139e-5,0.639032,1.8946,187.21,0.0154,4.181410
505700,252850,7.703317e-5,0.622450,1.8635,170.04,0.0161,3.991668
505800,252900,7.7024946e-5,0.617370,1.8540,157.43,0.0163,3.969942
505900,252950,7.7016724e-5,0.633013,1.8833,169.36,0.0162,3.976384
506000,253000,7.700852e-5,0.620739,1.8603,149.14,0.0163,4.004850
506100,253050,7.7000295e-5,0.619213,1.8575,177.54,0.0188,3.975022
506200,253100,7.699206e-5,0.679294,1.9725,185.15,0.0162,4.283609
506300,253150,7.698385e-5,0.626720,1.8715,169.56,0.0161,3.990803
506400,253200,7.6975615e-5,0.650053,1.9156,178.15,0.0159,4.165577
506500,253250,7.696739e-5,0.667496,1.9494,156.75,0.0169,4.242568
506600,253300,7.695917e-5,0.636510,1.8899,167.53,0.0164,4.035999
506700,253350,7.6950935e-5,0.688299,1.9903,138.38,0.0169,4.401530
506800,253400,7.694271e-5,0.657765,1.9305,167.94,0.0163,4.203478
506900,253450,7.693449e-5,0.647115,1.9100,156.71,0.0165,4.126615
507000,253500,7.6926255e-5,0.647590,1.9109,164.51,0.0164,4.144485
507100,253550,7.691802e-5,0.641344,1.8990,183.12,0.0191,4.126397
507200,253600,7.69098e-5,0.617245,1.8538,138.12,0.0169,3.956844
507300,253650,7.690156e-5,0.643058,1.9023,180.54,0.0161,4.099312
507400,253700,7.6893324e-5,0.689355,1.9924,202.88,0.0159,4.348347
507500,253750,7.688509e-5,0.659448,1.9337,181.00,0.0162,4.149472
507600,253800,7.687685e-5,0.640096,1.8967,193.16,0.0158,4.058045
507700,253850,7.6868615e-5,0.660483,1.9357,165.62,0.0161,4.251486
507800,253900,7.686038e-5,0.643203,1.9026,142.80,0.0166,4.097688
507900,253950,7.685214e-5,0.644746,1.9055,155.11,0.0167,4.087098
508000,254000,7.6843906e-5,0.618458,1.8561,198.16,0.0158,3.947186
508100,254050,7.6835655e-5,0.635549,1.8881,155.45,0.0205,4.075894
508200,254100,7.682742e-5,0.651826,1.9190,145.84,0.0168,4.189442
508300,254150,7.681918e-5,0.654422,1.9240,177.50,0.0161,4.157716
508400,254200,7.681093e-5,0.652357,1.9201,160.59,0.0158,4.129014
508500,254250,7.6802695e-5,0.682597,1.9790,146.59,0.0159,4.320165
508600,254300,7.6794444e-5,0.661415,1.9375,145.13,0.0161,4.191753
508700,254350,7.678621e-5,0.652003,1.9194,143.09,0.0160,4.140284
508800,254400,7.677796e-5,0.622348,1.8633,179.68,0.0153,4.000247
508900,254450,7.6769706e-5,0.648769,1.9132,140.14,0.0159,4.131682
509000,254500,7.6761455e-5,0.612441,1.8449,173.93,0.0156,3.918530
509100,254550,7.6753204e-5,0.643543,1.9032,174.58,0.0193,4.095267
509200,254600,7.674495e-5,0.606881,1.8347,179.37,0.0163,3.898224
509300,254650,7.67367e-5,0.641769,1.8998,154.92,0.0166,4.119752
509400,254700,7.672845e-5,0.667835,1.9500,147.31,0.0164,4.235883
509500,254750,7.67202e-5,0.626086,1.8703,150.74,0.0156,3.988293
509600,254800,7.671195e-5,0.640021,1.8965,140.24,0.0161,4.086195
509700,254850,7.670368e-5,0.660636,1.9360,161.46,0.0159,4.192459
509800,254900,7.669543e-5,0.660380,1.9355,145.52,0.0169,4.163477
509900,254950,7.668717e-5,0.640914,1.8982,159.93,0.0162,4.087475
510000,255000,7.6678916e-5,0.625422,1.8690,156.51,0.0164,3.975108
510100,255050,7.667065e-5,0.645669,1.9073,169.46,0.0194,4.092628
510200,255100,7.6662385e-5,0.658060,1.9310,155.47,0.0167,4.159763
510300,255150,7.6654134e-5,0.619230,1.8575,148.71,0.0164,4.012181
510400,255200,7.664587e-5,0.626331,1.8707,143.62,0.0162,4.040923
510500,255250,7.66376e-5,0.607433,1.8357,173.18,0.0150,3.909930
510600,255300,7.662934e-5,0.639817,1.8961,150.49,0.0156,4.032789
510700,255350,7.662107e-5,0.613770,1.8474,144.40,0.0158,3.915317
510800,255400,7.661281e-5,0.613076,1.8461,169.83,0.0150,3.958202
510900,255450,7.660454e-5,0.653545,1.9223,157.41,0.0155,4.157707
511000,255500,7.6596276e-5,0.640664,1.8977,142.07,0.0159,4.079533
511100,255550,7.658801e-5,0.634236,1.8856,182.05,0.0181,4.053165
511200,255600,7.6579745e-5,0.631371,1.8802,159.86,0.0152,4.047521
511300,255650,7.6571465e-5,0.665808,1.9461,173.04,0.0154,4.213383
511400,255700,7.65632e-5,0.636418,1.8897,167.06,0.0159,4.053403
511500,255750,7.655492e-5,0.637590,1.8919,137.24,0.0157,4.067949
511600,255800,7.6546654e-5,0.660857,1.9365,147.54,0.0159,4.173696
511700,255850,7.6538374e-5,0.620094,1.8591,153.58,0.0155,3.943594
511800,255900,7.6530094e-5,0.628927,1.8756,155.40,0.0153,4.041296
511900,255950,7.6521814e-5,0.632672,1.8826,189.89,0.0151,4.031135
512000,256000,7.651355e-5,0.640146,1.8968,170.60,0.0154,4.061642
512100,256050,7.650527e-5,0.651428,1.9183,184.15,0.0179,4.143717
512200,256100,7.649699e-5,0.621489,1.8617,173.12,0.0150,3.969052
512300,256150,7.648871e-5,0.653513,1.9223,156.92,0.0157,4.154013
512400,256200,7.648043e-5,0.617868,1.8550,156.95,0.0153,3.942477
512500,256250,7.647215e-5,0.621969,1.8626,141.81,0.0155,3.981336
512600,256300,7.646387e-5,0.614090,1.8480,168.57,0.0154,3.932889
512700,256350,7.645557e-5,0.659888,1.9346,187.94,0.0150,4.201410
512800,256400,7.644729e-5,0.624942,1.8681,165.09,0.0156,3.970082
512900,256450,7.6439e-5,0.608369,1.8374,156.51,0.0158,3.867789
513000,256500,7.643072e-5,0.632660,1.8826,152.24,0.0154,4.092628
513100,256550,7.6422424e-5,0.645384,1.9067,164.38,0.0186,4.107252
513200,256600,7.6414144e-5,0.584231,1.7936,168.21,0.0151,3.790009
513300,256650,7.640585e-5,0.639457,1.8955,168.55,0.0155,4.074158
513400,256700,7.6397555e-5,0.653620,1.9225,156.32,0.0154,4.203149
513500,256750,7.638926e-5,0.660860,1.9365,147.69,0.0159,4.133316
513600,256800,7.6380966e-5,0.644402,1.9048,152.75,0.0157,4.075068
513700,256850,7.6372686e-5,0.642145,1.9006,149.89,0.0155,4.132775
513800,256900,7.636439e-5,0.633786,1.8847,152.30,0.0159,4.070335
513900,256950,7.63561e-5,0.626060,1.8702,137.61,0.0155,3.998921
514000,257000,7.63478e-5,0.668029,1.9504,119.64,0.0163,4.252899
514100,257050,7.633951e-5,0.654900,1.9250,233.29,0.0169,4.105902
514200,257100,7.633121e-5,0.617943,1.8551,146.27,0.0154,3.974076
514300,257150,7.63229e-5,0.641171,1.8987,165.60,0.0154,4.070393
514400,257200,7.631461e-5,0.627922,1.8737,162.56,0.0154,4.032505
514500,257250,7.63063e-5,0.605429,1.8320,140.73,0.0160,3.895385
514600,257300,7.6298005e-5,0.601355,1.8246,148.44,0.0154,3.899675
514700,257350,7.6289696e-5,0.675094,1.9642,157.69,0.0159,4.223607
514800,257400,7.628139e-5,0.642549,1.9013,140.44,0.0156,4.151640
514900,257450,7.627309e-5,0.639880,1.8963,135.76,0.0163,4.107977
515000,257500,7.626478e-5,0.631130,1.8797,146.17,0.0157,4.030050
515100,257550,7.6256474e-5,0.646045,1.9080,175.84,0.0177,4.148488
515200,257600,7.6248165e-5,0.652532,1.9204,189.52,0.0152,4.135237
515300,257650,7.6239856e-5,0.641354,1.8991,148.71,0.0158,4.049150
515400,257700,7.623155e-5,0.640704,1.8978,168.22,0.0150,4.098375
515500,257750,7.622324e-5,0.635068,1.8872,147.06,0.0155,4.074028
515600,257800,7.621493e-5,0.641083,1.8985,120.05,0.0166,4.093338
515700,257850,7.620662e-5,0.662287,1.9392,141.76,0.0161,4.177993
515800,257900,7.619831e-5,0.622086,1.8628,125.00,0.0161,4.007893
515900,257950,7.618999e-5,0.642141,1.9005,161.87,0.0158,4.076986
516000,258000,7.618168e-5,0.634702,1.8865,145.38,0.0161,4.086761
516100,258050,7.617335e-5,0.615762,1.8511,168.04,0.0181,4.003534
516200,258100,7.6165044e-5,0.630627,1.8788,150.81,0.0155,4.030638
516300,258150,7.6156735e-5,0.645369,1.9067,145.37,0.0156,4.097223
516400,258200,7.614841e-5,0.624574,1.8675,157.67,0.0155,3.991812
516500,258250,7.614009e-5,0.669291,1.9529,123.90,0.0162,4.251716
516600,258300,7.6131764e-5,0.667818,1.9500,149.58,0.0158,4.227225
516700,258350,7.6123455e-5,0.642024,1.9003,157.50,0.0155,4.087549
516800,258400,7.611512e-5,0.622338,1.8633,144.72,0.0160,4.002305
516900,258450,7.610681e-5,0.665845,1.9461,168.95,0.0162,4.191538
517000,258500,7.6098484e-5,0.625856,1.8698,160.91,0.0156,4.028067
517100,258550,7.6090146e-5,0.627154,1.8723,179.41,0.0182,4.039509
517200,258600,7.608182e-5,0.612042,1.8442,164.75,0.0153,3.869433
517300,258650,7.60735e-5,0.649806,1.9152,165.50,0.0152,4.165277
517400,258700,7.6065175e-5,0.634171,1.8855,153.48,0.0154,4.064607
517500,258750,7.605684e-5,0.660038,1.9349,147.34,0.0154,4.192110
517600,258800,7.604851e-5,0.644455,1.9049,155.35,0.0155,4.112193
517700,258850,7.6040174e-5,0.645039,1.9061,154.29,0.0155,4.115621
517800,258900,7.603185e-5,0.625331,1.8689,162.42,0.0155,4.001299
517900,258950,7.602351e-5,0.625504,1.8692,184.65,0.0150,4.022157
518000,259000,7.601519e-5,0.621991,1.8626,140.21,0.0158,3.982275
518100,259050,7.600685e-5,0.629251,1.8762,210.35,0.0172,4.013447
518200,259100,7.599851e-5,0.634041,1.8852,147.15,0.0154,4.070586
518300,259150,7.5990174e-5,0.633937,1.8850,189.03,0.0150,4.058397
518400,259200,7.5981836e-5,0.651419,1.9183,171.96,0.0153,4.130054
518500,259250,7.59735e-5,0.652139,1.9196,137.16,0.0158,4.159212
518600,259300,7.596516e-5,0.617063,1.8535,153.25,0.0159,3.983789
518700,259350,7.595682e-5,0.656824,1.9287,188.25,0.0154,4.192459
518800,259400,7.594848e-5,0.639039,1.8947,155.26,0.0156,4.111937
518900,259450,7.594013e-5,0.618663,1.8564,154.93,0.0154,3.956115
519000,259500,7.593179e-5,0.623164,1.8648,164.50,0.0155,4.001080
519100,259550,7.592345e-5,0.631275,1.8800,179.87,0.0179,4.013357
519200,259600,7.5915115e-5,0.617675,1.8546,158.59,0.0154,3.958876
519300,259650,7.590676e-5,0.662189,1.9390,142.14,0.0158,4.192248
519400,259700,7.589841e-5,0.616685,1.8528,163.80,0.0153,3.995288
519500,259750,7.589007e-5,0.636993,1.8908,143.26,0.0160,4.040856
519600,259800,7.588173e-5,0.643868,1.9038,163.40,0.0158,4.124299
519700,259850,7.587338e-5,0.646162,1.9082,148.52,0.0157,4.188269
519800,259900,7.586503e-5,0.662792,1.9402,139.71,0.0161,4.209860
519900,259950,7.5856675e-5,0.614999,1.8497,158.69,0.0153,3.948597
520000,260000,7.584832e-5,0.637849,1.8924,162.40,0.0154,4.079088
520100,260050,7.583997e-5,0.628006,1.8739,155.79,0.0185,3.997829
520200,260100,7.583162e-5,0.656229,1.9275,161.23,0.0152,4.178983
520300,260150,7.582326e-5,0.633908,1.8850,154.83,0.0154,4.079095
520400,260200,7.5814896e-5,0.672262,1.9587,161.01,0.0158,4.274563
520500,260250,7.580654e-5,0.636978,1.8908,158.53,0.0154,4.068257
520600,260300,7.579819e-5,0.617894,1.8550,171.17,0.0154,3.943255
520700,260350,7.578982e-5,0.677936,1.9698,155.72,0.0156,4.310302
520800,260400,7.578147e-5,0.630569,1.8787,152.99,0.0155,4.021785
520900,260450,7.57731e-5,0.626744,1.8715,197.92,0.0150,4.005572
521000,260500,7.576475e-5,0.654574,1.9243,144.42,0.0158,4.149961
521100,260550,7.57564e-5,0.635716,1.8884,194.65,0.0182,4.061190
521200,260600,7.574803e-5,0.660069,1.9349,159.95,0.0162,4.180723
521300,260650,7.573966e-5,0.613912,1.8476,179.11,0.0156,3.941910
521400,260700,7.5731296e-5,0.636269,1.8894,153.13,0.0161,4.091998
521500,260750,7.572293e-5,0.652885,1.9211,160.49,0.0160,4.154008
521600,260800,7.5714575e-5,0.614018,1.8478,134.21,0.0164,3.938349
521700,260850,7.570621e-5,0.604853,1.8310,168.85,0.0159,3.864011
521800,260900,7.569784e-5,0.655988,1.9270,140.31,0.0165,4.188590
521900,260950,7.568947e-5,0.649876,1.9153,147.44,0.0166,4.127806
522000,261000,7.568109e-5,0.665217,1.9449,159.73,0.0165,4.180396
522100,261050,7.5672724e-5,0.628530,1.8749,179.48,0.0183,4.063212
522200,261100,7.566436e-5,0.626504,1.8711,155.31,0.0162,4.034616
522300,261150,7.5655975e-5,0.641149,1.8987,137.76,0.0165,4.083435
522400,261200,7.564761e-5,0.634691,1.8864,159.23,0.0164,4.068043
522500,261250,7.5639226e-5,0.634111,1.8853,176.53,0.0160,4.040255
522600,261300,7.563086e-5,0.631933,1.8812,139.05,0.0172,4.027945
522700,261350,7.5622476e-5,0.645908,1.9077,166.12,0.0161,4.140409
522800,261400,7.5614094e-5,0.638690,1.8940,161.94,0.0163,4.056960
522900,261450,7.560573e-5,0.631201,1.8799,181.69,0.0158,4.035359
523000,261500,7.5597345e-5,0.666973,1.9483,175.44,0.0158,4.254218
523100,261550,7.558896e-5,0.638761,1.8941,190.29,0.0181,4.115141
523200,261600,7.558058e-5,0.620826,1.8605,145.31,0.0164,3.966137
523300,261650,7.55722e-5,0.622854,1.8642,154.39,0.0158,3.964530
523400,261700,7.556382e-5,0.649863,1.9153,181.46,0.0161,4.174185
523500,261750,7.5555436e-5,0.651829,1.9190,153.39,0.0165,4.168328
523600,261800,7.5547054e-5,0.637815,1.8923,165.23,0.0163,4.057686
523700,261850,7.553866e-5,0.624618,1.8675,181.01,0.0155,4.000790
523800,261900,7.5530275e-5,0.645991,1.9079,151.28,0.0161,4.125641
523900,261950,7.552189e-5,0.613981,1.8478,165.47,0.0158,3.920993
524000,262000,7.55135e-5,0.638898,1.8944,183.05,0.0157,4.029500
524100,262050,7.5505115e-5,0.621395,1.8615,164.48,0.0187,3.967644
524200,262100,7.549672e-5,0.647237,1.9103,168.75,0.0158,4.125340
524300,262150,7.548834e-5,0.655571,1.9262,154.80,0.0159,4.114946
524400,262200,7.547994e-5,0.616367,1.8522,137.25,0.0162,3.927711
524500,262250,7.5471544e-5,0.633633,1.8844,153.78,0.0159,4.026513
524600,262300,7.546315e-5,0.600764,1.8235,153.30,0.0157,3.877176
524700,262350,7.5454765e-5,0.638603,1.8938,175.93,0.0154,4.104002
524800,262400,7.544637e-5,0.634390,1.8859,171.19,0.0156,4.045067
524900,262450,7.543797e-5,0.639241,1.8950,143.64,0.0160,4.079559
525000,262500,7.5429576e-5,0.630942,1.8794,196.46,0.0161,3.952013
525100,262550,7.542118e-5,0.627503,1.8729,228.91,0.0169,4.032322
525200,262600,7.541277e-5,0.662449,1.9395,137.27,0.0164,4.168740
525300,262650,7.540437e-5,0.633693,1.8846,179.96,0.0154,4.059095
525400,262700,7.5395976e-5,0.653267,1.9218,142.46,0.0161,4.163343
525500,262750,7.538758e-5,0.655464,1.9260,139.16,0.0161,4.174501
525600,262800,7.537917e-5,0.641055,1.8985,153.36,0.0154,4.073088
525700,262850,7.537077e-5,0.636284,1.8894,155.80,0.0156,4.100692
525800,262900,7.536236e-5,0.626295,1.8707,167.87,0.0157,4.012719
525900,262950,7.535395e-5,0.649259,1.9141,155.87,0.0157,4.152859
526000,263000,7.534555e-5,0.660372,1.9355,134.28,0.0159,4.166548
526100,263050,7.533714e-5,0.615608,1.8508,203.80,0.0165,3.970297
526200,263100,7.532873e-5,0.651799,1.9190,161.11,0.0158,4.125925
526300,263150,7.532032e-5,0.632034,1.8814,147.74,0.0156,4.009552
526400,263200,7.5311924e-5,0.627844,1.8736,168.01,0.0152,4.024258
526500,263250,7.530351e-5,0.646542,1.9089,147.30,0.0155,4.112779
526600,263300,7.52951e-5,0.623470,1.8654,149.16,0.0161,3.954737
526700,263350,7.528669e-5,0.659687,1.9342,134.67,0.0159,4.191675
526800,263400,7.527828e-5,0.671928,1.9580,174.17,0.0154,4.234295
526900,263450,7.526987e-5,0.650404,1.9163,145.64,0.0156,4.143667
527000,263500,7.526144e-5,0.622444,1.8635,153.20,0.0153,3.970808
527100,263550,7.525303e-5,0.637258,1.8913,173.67,0.0182,4.075254
527200,263600,7.524461e-5,0.624858,1.8680,159.83,0.0153,3.996371
527300,263650,7.5236196e-5,0.652346,1.9200,133.64,0.0155,4.178277
527400,263700,7.522777e-5,0.633508,1.8842,151.68,0.0153,4.040487
527500,263750,7.521936e-5,0.647303,1.9104,134.58,0.0162,4.038317
527600,263800,7.521093e-5,0.657405,1.9298,172.21,0.0159,4.138498
527700,263850,7.520251e-5,0.645454,1.9069,136.75,0.0156,4.107945
527800,263900,7.519408e-5,0.661873,1.9384,158.11,0.0154,4.188873
527900,263950,7.518567e-5,0.619662,1.8583,193.86,0.0150,4.009305
528000,264000,7.5177246e-5,0.635785,1.8885,149.54,0.0154,4.050647
528100,264050,7.516882e-5,0.626247,1.8706,187.66,0.0191,4.015342
528200,264100,7.5160395e-5,0.631642,1.8807,156.36,0.0152,4.068182
528300,264150,7.515197e-5,0.645831,1.9076,150.12,0.0155,4.131866
528400,264200,7.5143544e-5,0.628020,1.8739,180.25,0.0148,4.013211
528500,264250,7.513512e-5,0.627404,1.8727,138.07,0.0157,4.001596
528600,264300,7.512669e-5,0.653548,1.9223,170.96,0.0153,4.179756
528700,264350,7.511825e-5,0.643510,1.9031,137.63,0.0156,4.140588
528800,264400,7.510983e-5,0.659675,1.9342,170.06,0.0156,4.194652
528900,264450,7.510139e-5,0.629183,1.8761,138.03,0.0157,4.019221
529000,264500,7.509296e-5,0.605093,1.8314,171.78,0.0151,3.867985
529100,264550,7.508452e-5,0.639280,1.8951,173.79,0.0180,4.090822
529200,264600,7.5076096e-5,0.614954,1.8496,145.78,0.0159,3.974082
529300,264650,7.5067655e-5,0.624465,1.8672,135.45,0.0158,3.986538
529400,264700,7.5059215e-5,0.661327,1.9374,182.18,0.0156,4.211874
529500,264750,7.5050775e-5,0.646638,1.9091,148.32,0.0155,4.120931
529600,264800,7.504235e-5,0.645818,1.9075,163.15,0.0159,4.096279
529700,264850,7.503391e-5,0.657979,1.9309,173.85,0.0162,4.154015
529800,264900,7.502547e-5,0.646836,1.9095,192.49,0.0148,4.125022
529900,264950,7.501703e-5,0.653943,1.9231,142.00,0.0159,4.156186
530000,265000,7.500859e-5,0.630538,1.8786,151.23,0.0153,4.052618
530100,265050,7.500015e-5,0.632993,1.8832,169.18,0.0185,4.017925
530200,265100,7.4991694e-5,0.643376,1.9029,147.16,0.0153,4.116594
530300,265150,7.4983254e-5,0.626666,1.8714,161.98,0.0155,4.036777
530400,265200,7.4974814e-5,0.629260,1.8762,151.82,0.0156,4.050693
530500,265250,7.496636e-5,0.632898,1.8831,165.59,0.0152,4.034701
530600,265300,7.495792e-5,0.640746,1.8979,140.28,0.0159,4.047386
530700,265350,7.4949465e-5,0.634459,1.8860,129.98,0.0158,4.092356
530800,265400,7.4941025e-5,0.623830,1.8661,123.62,0.0163,3.944509
530900,265450,7.493257e-5,0.630348,1.8783,138.18,0.0156,4.047772
531000,265500,7.4924115e-5,0.605180,1.8316,182.38,0.0149,3.909902
531100,265550,7.4915675e-5,0.635509,1.8880,172.95,0.0177,4.105692
531200,265600,7.490722e-5,0.678390,1.9707,170.40,0.0153,4.324291
531300,265650,7.4898766e-5,0.633466,1.8841,153.00,0.0151,4.056458
531400,265700,7.489031e-5,0.651247,1.9179,163.92,0.0153,4.163457
531500,265750,7.488186e-5,0.634570,1.8862,159.77,0.0152,4.065050
531600,265800,7.48734e-5,0.626676,1.8714,156.30,0.0153,4.042427
531700,265850,7.486495e-5,0.642020,1.9003,150.89,0.0154,4.103194
531800,265900,7.485649e-5,0.638015,1.8927,144.84,0.0156,4.070929
531900,265950,7.484802e-5,0.624421,1.8672,168.36,0.0154,3.971275
532000,266000,7.483957e-5,0.616987,1.8533,148.39,0.0156,3.960312
532100,266050,7.48311e-5,0.633288,1.8838,209.05,0.0169,4.057885
532200,266100,7.4822645e-5,0.628902,1.8755,171.34,0.0155,4.011944
532300,266150,7.481419e-5,0.654497,1.9242,155.14,0.0157,4.108894
532400,266200,7.480572e-5,0.620912,1.8606,147.79,0.0153,3.961298
532500,266250,7.4797266e-5,0.611817,1.8438,161.18,0.0153,3.921501
532600,266300,7.47888e-5,0.641827,1.8999,162.63,0.0155,4.137754
532700,266350,7.478034e-5,0.643638,1.9034,157.75,0.0155,4.104972
532800,266400,7.477187e-5,0.616215,1.8519,149.81,0.0155,3.918736
532900,266450,7.4763404e-5,0.655343,1.9258,159.65,0.0161,4.151049
533000,266500,7.4754935e-5,0.625059,1.8684,162.95,0.0151,4.024727
533100,266550,7.4746466e-5,0.640095,1.8967,185.18,0.0181,4.067990
533200,266600,7.4737996e-5,0.648725,1.9131,181.18,0.0152,4.165364
533300,266650,7.472953e-5,0.618300,1.8558,152.62,0.0151,3.980590
533400,266700,7.472104e-5,0.657835,1.9306,168.26,0.0167,4.150321
533500,266750,7.4712574e-5,0.631797,1.8810,164.87,0.0159,4.046679
533600,266800,7.4704105e-5,0.636344,1.8896,173.32,0.0154,4.099134
533700,266850,7.4695636e-5,0.644484,1.9050,173.88,0.0153,4.107536
533800,266900,7.468717e-5,0.629501,1.8767,151.20,0.0155,4.047803
533900,266950,7.467868e-5,0.629381,1.8764,164.84,0.0158,4.022491
534000,267000,7.46702e-5,0.630760,1.8790,161.89,0.0150,4.005380
534100,267050,7.466173e-5,0.631033,1.8796,170.05,0.0183,4.064412
534200,267100,7.465326e-5,0.633359,1.8839,143.58,0.0154,4.016253
534300,267150,7.464478e-5,0.592094,1.8078,169.00,0.0154,3.802273
534400,267200,7.463629e-5,0.632424,1.8822,169.99,0.0150,4.063713
534500,267250,7.462781e-5,0.628012,1.8739,156.06,0.0154,3.993914
534600,267300,7.4619325e-5,0.638316,1.8933,135.14,0.0160,4.044318
534700,267350,7.461084e-5,0.645420,1.9068,143.65,0.0157,4.121069
534800,267400,7.460237e-5,0.622611,1.8638,158.27,0.0151,3.986094
534900,267450,7.459389e-5,0.653031,1.9214,131.57,0.0160,4.149527
535000,267500,7.4585405e-5,0.640002,1.8965,134.65,0.0159,4.103555
535100,267550,7.457691e-5,0.634491,1.8861,152.93,0.0188,4.073133
535200,267600,7.456842e-5,0.646868,1.9096,152.66,0.0156,4.110182
535300,267650,7.455994e-5,0.655045,1.9252,169.99,0.0155,4.192989
535400,267700,7.4551455e-5,0.650069,1.9157,156.44,0.0164,4.130441
535500,267750,7.454296e-5,0.607783,1.8364,147.26,0.0156,3.884522
535600,267800,7.453447e-5,0.614036,1.8479,149.86,0.0155,3.938459
535700,267850,7.452599e-5,0.646328,1.9085,163.52,0.0155,4.078378
535800,267900,7.451749e-5,0.652956,1.9212,191.69,0.0151,4.135087
535900,267950,7.450899e-5,0.617884,1.8550,190.77,0.0152,3.951428
536000,268000,7.450051e-5,0.631866,1.8811,168.59,0.0153,4.092634
536100,268050,7.449201e-5,0.639639,1.8958,176.17,0.0180,4.076684
536200,268100,7.448351e-5,0.634286,1.8857,156.29,0.0154,4.025156
536300,268150,7.4475014e-5,0.630070,1.8777,154.36,0.0152,4.067369
536400,268200,7.4466516e-5,0.619546,1.8581,153.16,0.0155,3.974079
536500,268250,7.445802e-5,0.652611,1.9205,139.28,0.0157,4.173746
536600,268300,7.444952e-5,0.616316,1.8521,160.81,0.0156,3.937837
536700,268350,7.444102e-5,0.641735,1.8998,147.97,0.0157,4.108820
536800,268400,7.443252e-5,0.639532,1.8956,136.55,0.0163,4.080572
536900,268450,7.4424024e-5,0.651976,1.9193,142.49,0.0158,4.158270
537000,268500,7.4415526e-5,0.623816,1.8660,184.40,0.0153,4.013460
537100,268550,7.440701e-5,0.629420,1.8765,196.60,0.0174,4.042238
537200,268600,7.4398515e-5,0.632164,1.8817,141.05,0.0160,4.031106
537300,268650,7.439002e-5,0.638006,1.8927,167.64,0.0154,4.079166
537400,268700,7.43815e-5,0.645152,1.9063,156.61,0.0154,4.113418
537500,268750,7.4373005e-5,0.647423,1.9106,136.85,0.0157,4.120492
537600,268800,7.436449e-5,0.633725,1.8846,136.04,0.0156,4.108469
537700,268850,7.435598e-5,0.663042,1.9407,168.10,0.0153,4.181168
537800,268900,7.434748e-5,0.627129,1.8722,182.40,0.0155,3.989847
537900,268950,7.433897e-5,0.665014,1.9445,165.11,0.0161,4.193690
538000,269000,7.4330455e-5,0.611765,1.8437,139.28,0.0156,3.918765
538100,269050,7.432194e-5,0.642953,1.9021,172.02,0.0182,4.120331
538200,269100,7.431343e-5,0.627803,1.8735,166.49,0.0159,4.003373
538300,269150,7.430492e-5,0.638357,1.8934,174.53,0.0153,4.057266
538400,269200,7.4296404e-5,0.641537,1.8994,153.46,0.0160,4.066718
538500,269250,7.428789e-5,0.659150,1.9331,147.82,0.0157,4.167544
538600,269300,7.427938e-5,0.611709,1.8436,143.43,0.0155,3.938554
538700,269350,7.427085e-5,0.635477,1.8879,164.67,0.0153,4.065247
538800,269400,7.426234e-5,0.646988,1.9098,165.88,0.0155,4.133211
538900,269450,7.4253825e-5,0.619096,1.8572,131.87,0.0162,3.931778
539000,269500,7.424531e-5,0.642783,1.9018,136.53,0.0161,4.042904
539100,269550,7.4236785e-5,0.625792,1.8697,187.78,0.0213,4.019276
539200,269600,7.422826e-5,0.629531,1.8767,157.68,0.0154,4.035451
539300,269650,7.4219744e-5,0.654368,1.9239,141.59,0.0156,4.183980
539400,269700,7.421122e-5,0.621158,1.8611,171.54,0.0159,3.991746
539500,269750,7.420269e-5,0.640466,1.8974,153.27,0.0156,4.073124
539600,269800,7.419418e-5,0.631454,1.8803,138.83,0.0159,4.043884
539700,269850,7.418565e-5,0.664086,1.9427,154.23,0.0155,4.232823
539800,269900,7.417712e-5,0.624330,1.8670,174.06,0.0156,3.958318
539900,269950,7.4168594e-5,0.625393,1.8690,151.13,0.0154,3.998723
540000,270000,7.416007e-5,0.628263,1.8744,166.02,0.0153,4.012931
540100,270050,7.415154e-5,0.643031,1.9022,184.21,0.0185,4.106504
540200,270100,7.414301e-5,0.625160,1.8685,160.08,0.0154,3.964480
540300,270150,7.4134485e-5,0.621686,1.8621,160.72,0.0156,3.971159
540400,270200,7.412594e-5,0.630652,1.8788,136.17,0.0159,4.033795
540500,270250,7.4117415e-5,0.627790,1.8735,152.56,0.0154,3.996301
540600,270300,7.410889e-5,0.629448,1.8766,148.12,0.0155,4.031256
540700,270350,7.410036e-5,0.639178,1.8949,134.31,0.0159,4.058398
540800,270400,7.409182e-5,0.620731,1.8603,132.66,0.0160,3.965153
540900,270450,7.408329e-5,0.649830,1.9152,143.86,0.0157,4.163759
541000,270500,7.407475e-5,0.629227,1.8762,167.80,0.0155,4.023378
541100,270550,7.406622e-5,0.621110,1.8610,160.74,0.0188,3.957713
541200,270600,7.405768e-5,0.641412,1.8992,146.00,0.0157,4.094656
541300,270650,7.404914e-5,0.658801,1.9325,189.38,0.0157,4.152861
541400,270700,7.4040596e-5,0.633927,1.8850,176.85,0.0158,3.998923
541500,270750,7.4032054e-5,0.644374,1.9048,143.97,0.0156,4.095093
541600,270800,7.402351e-5,0.613943,1.8477,137.52,0.0154,3.947791
541700,270850,7.401497e-5,0.636231,1.8893,171.47,0.0154,4.085877
541800,270900,7.400643e-5,0.608483,1.8376,169.13,0.0150,3.894971
541900,270950,7.3997886e-5,0.658196,1.9313,165.24,0.0156,4.175200
542000,271000,7.3989344e-5,0.629976,1.8776,155.84,0.0153,4.043941
542100,271050,7.39808e-5,0.617177,1.8537,194.99,0.0172,3.929210
542200,271100,7.3972245e-5,0.615385,1.8504,150.43,0.0155,3.966725
542300,271150,7.39637e-5,0.620753,1.8603,162.41,0.0152,3.975377
542400,271200,7.395516e-5,0.618839,1.8568,151.72,0.0155,3.992321
542500,271250,7.3946605e-5,0.631547,1.8805,169.22,0.0154,4.043962
542600,271300,7.393806e-5,0.646878,1.9096,150.65,0.0160,4.075795
542700,271350,7.392952e-5,0.669468,1.9532,150.93,0.0158,4.306418
542800,271400,7.3920964e-5,0.619768,1.8585,162.21,0.0153,3.963949
542900,271450,7.391241e-5,0.655478,1.9261,158.64,0.0160,4.191514
543000,271500,7.3903866e-5,0.646106,1.9081,166.92,0.0154,4.088043
543100,271550,7.389531e-5,0.623583,1.8656,179.60,0.0181,3.997805
543200,271600,7.388675e-5,0.646668,1.9092,148.39,0.0158,4.078348
543300,271650,7.38782e-5,0.608831,1.8383,138.70,0.0157,3.899931
543400,271700,7.386964e-5,0.625636,1.8694,152.15,0.0156,3.968944
543500,271750,7.386108e-5,0.614948,1.8496,145.72,0.0156,3.929284
543600,271800,7.385253e-5,0.614042,1.8479,173.57,0.0151,3.954425
543700,271850,7.384397e-5,0.626137,1.8704,155.71,0.0155,3.992823
543800,271900,7.38354e-5,0.623886,1.8662,147.76,0.0157,3.955911
543900,271950,7.382684e-5,0.650870,1.9172,166.30,0.0153,4.142288
544000,272000,7.3818286e-5,0.656308,1.9277,152.43,0.0157,4.134958
544100,272050,7.3809715e-5,0.646824,1.9095,183.40,0.0180,4.112002
544200,272100,7.380116e-5,0.637426,1.8916,211.61,0.0148,4.063697
544300,272150,7.37926e-5,0.694844,2.0034,201.84,0.0160,4.379948
544400,272200,7.378403e-5,0.599533,1.8213,185.28,0.0153,3.857413
544500,272250,7.3775474e-5,0.631873,1.8811,137.08,0.0159,4.005292
544600,272300,7.37669e-5,0.616043,1.8516,142.31,0.0159,3.941893
544700,272350,7.375835e-5,0.639942,1.8964,183.47,0.0151,4.062698
544800,272400,7.374976e-5,0.622617,1.8638,142.82,0.0159,3.956836
544900,272450,7.3741205e-5,0.642536,1.9013,136.70,0.0158,4.078808
545000,272500,7.373263e-5,0.640220,1.8969,132.26,0.0161,4.041081
545100,272550,7.372406e-5,0.623847,1.8661,169.37,0.0181,4.013842
545200,272600,7.371549e-5,0.619639,1.8583,162.90,0.0158,3.954324
545300,272650,7.370692e-5,0.627683,1.8733,146.01,0.0159,3.958117
545400,272700,7.369835e-5,0.642854,1.9019,167.51,0.0151,4.097173
545500,272750,7.368978e-5,0.624049,1.8665,144.80,0.0155,3.992352
545600,272800,7.368121e-5,0.629831,1.8773,179.59,0.0163,4.055134
545700,272850,7.367262e-5,0.654072,1.9234,163.07,0.0155,4.137865
545800,272900,7.366405e-5,0.632410,1.8821,140.25,0.0155,4.093100
545900,272950,7.365548e-5,0.635179,1.8874,150.03,0.0155,4.025131
546000,273000,7.3646894e-5,0.660724,1.9362,159.80,0.0154,4.179983
546100,273050,7.363832e-5,0.631552,1.8805,166.06,0.0185,4.030413
546200,273100,7.362975e-5,0.622992,1.8645,160.47,0.0153,4.029162
546300,273150,7.3621166e-5,0.636943,1.8907,164.85,0.0155,4.026861
546400,273200,7.361258e-5,0.622951,1.8644,127.07,0.0160,3.975341
546500,273250,7.360401e-5,0.637999,1.8927,154.56,0.0154,4.034551
546600,273300,7.359542e-5,0.616656,1.8527,174.73,0.0153,3.901542
546700,273350,7.358684e-5,0.634647,1.8864,126.29,0.0160,4.045050
546800,273400,7.357825e-5,0.637902,1.8925,141.41,0.0160,4.039860
546900,273450,7.356967e-5,0.621233,1.8612,158.19,0.0153,4.000824
547000,273500,7.356108e-5,0.644122,1.9043,171.86,0.0154,4.120692
547100,273550,7.3552495e-5,0.641970,1.9002,177.25,0.0178,4.104464
547200,273600,7.354391e-5,0.616079,1.8517,164.22,0.0154,3.892696
547300,273650,7.3535324e-5,0.631479,1.8804,167.12,0.0159,4.021908
547400,273700,7.352674e-5,0.616770,1.8529,143.02,0.0154,3.969502
547500,273750,7.351814e-5,0.624662,1.8676,158.97,0.0158,3.968317
547600,273800,7.350955e-5,0.634197,1.8855,142.67,0.0156,4.068129
547700,273850,7.350097e-5,0.611331,1.8429,159.02,0.0155,3.969352
547800,273900,7.349237e-5,0.644400,1.9048,152.44,0.0157,4.082251
547900,273950,7.348378e-5,0.623916,1.8662,164.91,0.0156,3.989546
548000,274000,7.3475196e-5,0.615487,1.8506,141.15,0.0160,3.932396
548100,274050,7.3466595e-5,0.623974,1.8663,171.58,0.0178,4.020278
548200,274100,7.3457995e-5,0.638477,1.8936,168.99,0.0161,4.049017
548300,274150,7.344941e-5,0.648423,1.9125,191.34,0.0149,4.207747
548400,274200,7.344081e-5,0.605554,1.8323,159.74,0.0153,3.886536
548500,274250,7.343221e-5,0.642791,1.9018,145.15,0.0160,4.107759
548600,274300,7.342361e-5,0.632674,1.8826,149.39,0.0155,4.045630
548700,274350,7.341501e-5,0.652399,1.9201,146.31,0.0160,4.158834
548800,274400,7.340641e-5,0.648258,1.9122,146.58,0.0154,4.146583
548900,274450,7.339781e-5,0.619065,1.8572,164.48,0.0153,3.956897
549000,274500,7.338921e-5,0.589562,1.8032,158.11,0.0152,3.782539
549100,274550,7.338061e-5,0.640905,1.8982,203.74,0.0173,4.066536
549200,274600,7.337199e-5,0.621713,1.8621,171.89,0.0150,3.962697
549300,274650,7.336339e-5,0.642648,1.9015,136.58,0.0161,4.099321
549400,274700,7.335479e-5,0.633944,1.8850,144.30,0.0161,4.025792
549500,274750,7.334619e-5,0.620771,1.8604,182.22,0.0148,3.962846
549600,274800,7.333758e-5,0.632013,1.8814,138.65,0.0156,4.015269
549700,274850,7.332898e-5,0.655280,1.9257,162.38,0.0156,4.160013
549800,274900,7.332036e-5,0.618861,1.8568,142.24,0.0158,3.918023
549900,274950,7.331176e-5,0.609463,1.8394,172.22,0.0157,3.865703
550000,275000,7.330315e-5,0.644897,1.9058,174.54,0.0151,4.131675
550100,275050,7.3294534e-5,0.648552,1.9128,166.24,0.0182,4.145773
550200,275100,7.328593e-5,0.623932,1.8663,161.61,0.0152,4.015413
550300,275150,7.327732e-5,0.634566,1.8862,157.06,0.0154,4.047852
550400,275200,7.3268704e-5,0.616781,1.8530,154.59,0.0151,3.969642
550500,275250,7.326009e-5,0.625610,1.8694,156.98,0.0153,3.981170
550600,275300,7.3251475e-5,0.637933,1.8926,154.87,0.0165,4.047084
550700,275350,7.324286e-5,0.622471,1.8635,159.87,0.0153,3.989356
550800,275400,7.3234245e-5,0.637375,1.8915,155.58,0.0157,4.069077
550900,275450,7.322563e-5,0.639850,1.8962,164.73,0.0154,4.055424
551000,275500,7.3217e-5,0.645687,1.9073,129.33,0.0162,4.107757
551100,275550,7.3208386e-5,0.607478,1.8358,161.48,0.0183,3.880465
551200,275600,7.319977e-5,0.614041,1.8479,129.77,0.0159,3.933703
551300,275650,7.319116e-5,0.609783,1.8400,163.78,0.0154,3.912897
551400,275700,7.318253e-5,0.621434,1.8616,166.67,0.0152,3.996607
551500,275750,7.317391e-5,0.619343,1.8577,161.64,0.0151,4.001734
551600,275800,7.316528e-5,0.635837,1.8886,157.30,0.0153,4.041496
551700,275850,7.315667e-5,0.607096,1.8351,185.54,0.0148,3.898057
551800,275900,7.314804e-5,0.629115,1.8759,154.73,0.0158,4.052633
551900,275950,7.313941e-5,0.614870,1.8494,160.50,0.0151,3.948292
552000,276000,7.3130795e-5,0.629790,1.8772,128.57,0.0159,4.006957
552100,276050,7.3122166e-5,0.623134,1.8648,208.17,0.0169,4.001870
552200,276100,7.311354e-5,0.644462,1.9050,172.72,0.0156,4.140372
552300,276150,7.310491e-5,0.639661,1.8958,168.84,0.0153,4.043470
552400,276200,7.309628e-5,0.623642,1.8657,150.86,0.0155,3.973313
552500,276250,7.308765e-5,0.613471,1.8468,159.35,0.0153,3.943298
552600,276300,7.307902e-5,0.622469,1.8635,187.43,0.0153,3.936530
552700,276350,7.307039e-5,0.634195,1.8855,166.44,0.0155,4.044878
552800,276400,7.306176e-5,0.640862,1.8981,150.82,0.0157,4.057109
552900,276450,7.305312e-5,0.607030,1.8350,180.29,0.0150,3.938306
553000,276500,7.304449e-5,0.660248,1.9353,178.09,0.0153,4.188804
553100,276550,7.303586e-5,0.612248,1.8446,164.61,0.0181,3.934600
553200,276600,7.3027215e-5,0.611460,1.8431,160.51,0.0160,3.885492
553300,276650,7.3018586e-5,0.644565,1.9052,137.64,0.0159,4.071400
553400,276700,7.300996e-5,0.646321,1.9085,136.83,0.0158,4.105879
553500,276750,7.300131e-5,0.659141,1.9331,166.56,0.0155,4.174792
553600,276800,7.299268e-5,0.620811,1.8604,155.46,0.0155,3.957472
553700,276850,7.298404e-5,0.609013,1.8386,179.00,0.0151,3.903883
553800,276900,7.2975396e-5,0.621556,1.8618,151.39,0.0155,3.974514
553900,276950,7.296675e-5,0.603243,1.8280,145.88,0.0156,3.875473
554000,277000,7.295811e-5,0.620749,1.8603,162.33,0.0152,4.006067
554100,277050,7.294948e-5,0.643455,1.9030,198.76,0.0184,4.106594
554200,277100,7.294082e-5,0.625939,1.8700,147.55,0.0156,3.996383
554300,277150,7.293218e-5,0.657714,1.9304,165.38,0.0162,4.168206
554400,277200,7.292355e-5,0.630257,1.8781,155.26,0.0157,4.000203
554500,277250,7.291489e-5,0.598774,1.8199,148.85,0.0158,3.896163
554600,277300,7.2906245e-5,0.621951,1.8626,158.84,0.0155,3.929971
554700,277350,7.28976e-5,0.639008,1.8946,146.28,0.0159,4.039167
554800,277400,7.288896e-5,0.629393,1.8765,182.31,0.0150,4.052153
554900,277450,7.28803e-5,0.664709,1.9439,180.95,0.0156,4.205708
555000,277500,7.2871655e-5,0.617698,1.8547,174.16,0.0152,3.974235
555100,277550,7.286301e-5,0.636108,1.8891,193.93,0.0178,4.024545
555200,277600,7.285435e-5,0.646663,1.9092,177.93,0.0154,4.103690
555300,277650,7.284571e-5,0.628458,1.8747,152.15,0.0155,3.992548
555400,277700,7.283705e-5,0.613234,1.8464,132.49,0.0156,3.932765
555500,277750,7.282839e-5,0.642933,1.9021,151.69,0.0156,4.069041
555600,277800,7.2819734e-5,0.636481,1.8898,151.16,0.0156,4.089759
555700,277850,7.281109e-5,0.632582,1.8825,142.99,0.0159,4.010427
555800,277900,7.280243e-5,0.624674,1.8676,151.51,0.0157,4.003278
555900,277950,7.279377e-5,0.626771,1.8716,151.90,0.0154,4.009770
556000,278000,7.278513e-5,0.615909,1.8513,164.44,0.0155,3.933894
556100,278050,7.277647e-5,0.611928,1.8440,190.61,0.0173,3.934261
556200,278100,7.27678e-5,0.630738,1.8790,201.80,0.0153,3.987026
556300,278150,7.275914e-5,0.639430,1.8954,168.91,0.0155,4.042513
556400,278200,7.275048e-5,0.618840,1.8568,165.06,0.0154,3.939010
556500,278250,7.274182e-5,0.648356,1.9124,161.60,0.0156,4.078683
556600,278300,7.2733164e-5,0.644099,1.9043,134.61,0.0159,4.096947
556700,278350,7.2724506e-5,0.631260,1.8800,157.40,0.0155,4.022248
556800,278400,7.271583e-5,0.635901,1.8887,160.88,0.0153,4.075622
556900,278450,7.2707175e-5,0.626837,1.8717,158.88,0.0154,4.012669
557000,278500,7.26985e-5,0.620321,1.8595,171.41,0.0155,3.961592
557100,278550,7.268984e-5,0.605388,1.8320,181.93,0.0173,3.889866
557200,278600,7.268117e-5,0.622424,1.8634,139.16,0.0157,4.019265
557300,278650,7.267251e-5,0.665070,1.9446,135.30,0.0160,4.225234
557400,278700,7.266384e-5,0.636929,1.8907,171.12,0.0164,3.993966
557500,278750,7.2655166e-5,0.631160,1.8798,162.66,0.0150,4.062898
557600,278800,7.264651e-5,0.651389,1.9182,181.92,0.0150,4.226483
557700,278850,7.2637835e-5,0.622599,1.8638,163.12,0.0155,3.989938
557800,278900,7.262916e-5,0.632336,1.8820,135.73,0.0157,4.087140
557900,278950,7.262049e-5,0.648937,1.9135,179.34,0.0153,4.110139
558000,279000,7.2611816e-5,0.598619,1.8196,169.67,0.0152,3.867262
558100,279050,7.260314e-5,0.597646,1.8178,184.40,0.0175,3.839842
558200,279100,7.259447e-5,0.638120,1.8929,163.26,0.0160,4.058912
558300,279150,7.258578e-5,0.618474,1.8561,163.56,0.0154,3.951298
558400,279200,7.2577124e-5,0.634107,1.8853,131.07,0.0158,4.050904
558500,279250,7.256844e-5,0.644754,1.9055,175.85,0.0151,4.094839
558600,279300,7.2559764e-5,0.621616,1.8619,136.20,0.0157,3.969082
558700,279350,7.255109e-5,0.647840,1.9114,139.47,0.0155,4.138972
558800,279400,7.25424e-5,0.625717,1.8696,160.11,0.0158,3.978623
558900,279450,7.253373e-5,0.642152,1.9006,129.23,0.0160,4.073418
559000,279500,7.252504e-5,0.631424,1.8803,159.35,0.0160,4.000927
559100,279550,7.251637e-5,0.605829,1.8328,173.96,0.0180,3.934213
559200,279600,7.250768e-5,0.676150,1.9663,147.11,0.0157,4.284859
559300,279650,7.2498995e-5,0.637875,1.8925,179.88,0.0159,4.036952
559400,279700,7.249032e-5,0.647217,1.9102,202.08,0.0155,4.066133
559500,279750,7.2481635e-5,0.641058,1.8985,157.87,0.0159,4.053840
559600,279800,7.247295e-5,0.632459,1.8822,147.33,0.0159,4.018239
559700,279850,7.246426e-5,0.631797,1.8810,135.04,0.0159,3.992497
559800,279900,7.245557e-5,0.637250,1.8913,148.01,0.0159,4.046339
559900,279950,7.2446885e-5,0.652479,1.9203,120.19,0.0164,4.156150
560000,280000,7.24382e-5,0.635501,1.8880,164.32,0.0155,4.039540
560100,280050,7.242951e-5,0.655196,1.9255,194.07,0.0174,4.180385
560200,280100,7.242082e-5,0.630892,1.8793,130.11,0.0159,4.064904
560300,280150,7.2412135e-5,0.623219,1.8649,121.75,0.0164,3.961201
560400,280200,7.240345e-5,0.631795,1.8810,162.15,0.0155,4.013956
560500,280250,7.2394745e-5,0.634242,1.8856,190.85,0.0150,4.022658
560600,280300,7.238606e-5,0.644043,1.9042,134.22,0.0160,4.024873
560700,280350,7.2377356e-5,0.626927,1.8718,147.70,0.0156,3.995561
560800,280400,7.236867e-5,0.623558,1.8656,162.61,0.0153,3.971273
560900,280450,7.235998e-5,0.611284,1.8428,194.42,0.0149,3.914304
561000,280500,7.235128e-5,0.645730,1.9074,148.84,0.0158,4.072788
561100,280550,7.234258e-5,0.625079,1.8684,167.44,0.0181,4.030728
561200,280600,7.233389e-5,0.632258,1.8819,171.66,0.0153,4.021260
561300,280650,7.232519e-5,0.630839,1.8792,156.24,0.0162,3.985750
561400,280700,7.23165e-5,0.619327,1.8577,154.86,0.0157,3.933483
561500,280750,7.23078e-5,0.698282,2.0103,195.21,0.0154,4.392060
561600,280800,7.2299095e-5,0.627649,1.8732,153.77,0.0155,4.023292
561700,280850,7.229039e-5,0.642984,1.9021,152.10,0.0163,4.070732
561800,280900,7.228169e-5,0.635262,1.8875,168.17,0.0153,4.085763
561900,280950,7.2272975e-5,0.609077,1.8387,161.61,0.0152,3.896796
562000,281000,7.226429e-5,0.647926,1.9116,145.32,0.0158,4.095618
562100,281050,7.225557e-5,0.612793,1.8456,192.95,0.0174,3.931642
562200,281100,7.224687e-5,0.640977,1.8983,154.79,0.0156,4.097242
562300,281150,7.223817e-5,0.610908,1.8421,177.41,0.0150,3.897550
562400,281200,7.2229464e-5,0.627743,1.8734,167.51,0.0154,4.025648
562500,281250,7.222075e-5,0.595650,1.8142,166.96,0.0149,3.842983
562600,281300,7.2212046e-5,0.645124,1.9062,160.87,0.0153,4.139290
562700,281350,7.220333e-5,0.641270,1.8989,139.15,0.0159,4.068086
562800,281400,7.219463e-5,0.643595,1.9033,147.31,0.0156,4.109375
562900,281450,7.218591e-5,0.645275,1.9065,132.97,0.0158,4.119053
563000,281500,7.217721e-5,0.655816,1.9267,161.45,0.0153,4.155341
563100,281550,7.216849e-5,0.632512,1.8823,204.93,0.0171,4.037026
563200,281600,7.2159775e-5,0.622686,1.8639,181.70,0.0155,3.956567
563300,281650,7.215107e-5,0.625943,1.8700,147.85,0.0157,3.990556
563400,281700,7.214236e-5,0.650225,1.9160,155.90,0.0154,4.171055
563500,281750,7.213364e-5,0.638947,1.8945,205.48,0.0149,4.062282
563600,281800,7.212492e-5,0.613207,1.8463,153.43,0.0151,3.952617
563700,281850,7.211621e-5,0.619840,1.8586,164.68,0.0154,3.987903
563800,281900,7.210749e-5,0.627394,1.8727,168.01,0.0151,4.062843
563900,281950,7.2098774e-5,0.637074,1.8909,159.82,0.0156,4.075384
564000,282000,7.209006e-5,0.649538,1.9147,150.25,0.0154,4.140878
564100,282050,7.208134e-5,0.626002,1.8701,176.60,0.0176,3.976702
564200,282100,7.2072624e-5,0.640483,1.8974,149.31,0.0157,4.043959
564300,282150,7.206391e-5,0.622881,1.8643,162.80,0.0154,4.001553
564400,282200,7.2055176e-5,0.618086,1.8554,140.51,0.0158,3.945274
564500,282250,7.204646e-5,0.606144,1.8333,148.76,0.0156,3.861830
564600,282300,7.203774e-5,0.620543,1.8599,181.31,0.0155,3.963463
564700,282350,7.202901e-5,0.604643,1.8306,161.40,0.0153,3.908354
564800,282400,7.202028e-5,0.644398,1.9048,154.23,0.0158,4.068517
564900,282450,7.2011564e-5,0.622461,1.8635,152.85,0.0153,3.992799
565000,282500,7.200283e-5,0.633245,1.8837,138.04,0.0157,4.045352
565100,282550,7.19941e-5,0.626295,1.8707,174.29,0.0180,4.016232
565200,282600,7.1985385e-5,0.604683,1.8307,162.96,0.0152,3.874330
565300,282650,7.1976654e-5,0.642832,1.9019,157.46,0.0154,4.099590
565400,282700,7.196792e-5,0.622809,1.8642,144.82,0.0157,3.980007
565500,282750,7.195919e-5,0.619464,1.8579,159.20,0.0153,3.956396
565600,282800,7.195046e-5,0.616292,1.8520,171.29,0.0152,3.934448
565700,282850,7.194173e-5,0.611816,1.8438,152.35,0.0155,3.908783
565800,282900,7.1933e-5,0.656527,1.9281,182.38,0.0159,4.150181
565900,282950,7.192427e-5,0.610490,1.8413,178.66,0.0150,3.916636
566000,283000,7.1915536e-5,0.618358,1.8559,144.44,0.0157,3.923440
566100,283050,7.1906805e-5,0.632152,1.8817,193.49,0.0172,4.016723
566200,283100,7.1898074e-5,0.597556,1.8177,150.75,0.0151,3.854496
566300,283150,7.188933e-5,0.646257,1.9084,174.44,0.0157,4.141747
566400,283200,7.18806e-5,0.640994,1.8984,159.67,0.0154,4.136094
566500,283250,7.1871866e-5,0.612168,1.8444,139.32,0.0156,3.914724
566600,283300,7.186312e-5,0.623520,1.8655,142.82,0.0157,3.954125
566700,283350,7.185439e-5,0.618220,1.8556,164.24,0.0155,3.945129
566800,283400,7.184564e-5,0.620990,1.8608,183.15,0.0153,3.960586
566900,283450,7.18369e-5,0.629389,1.8765,152.67,0.0155,4.032216
567000,283500,7.1828166e-5,0.610917,1.8421,159.79,0.0157,3.905113
567100,283550,7.181942e-5,0.628436,1.8747,181.99,0.0175,3.994692
567200,283600,7.1810675e-5,0.634257,1.8856,170.16,0.0155,4.051744
567300,283650,7.1801944e-5,0.603028,1.8276,185.89,0.0150,3.868735
567400,283700,7.17932e-5,0.620240,1.8594,151.99,0.0157,3.972441
567500,283750,7.178445e-5,0.631997,1.8814,144.40,0.0155,4.072335
567600,283800,7.177571e-5,0.657945,1.9308,155.61,0.0156,4.195076
567700,283850,7.176696e-5,0.642413,1.9011,165.42,0.0157,4.088579
567800,283900,7.1758215e-5,0.603881,1.8292,141.53,0.0157,3.880148
567900,283950,7.174947e-5,0.661793,1.9383,154.23,0.0159,4.180327
568000,284000,7.1740724e-5,0.608583,1.8378,147.69,0.0156,3.892657
568100,284050,7.173196e-5,0.640493,1.8974,173.77,0.0180,4.088342
568200,284100,7.172322e-5,0.641129,1.8986,178.32,0.0154,4.064956
568300,284150,7.171447e-5,0.609759,1.8400,160.19,0.0151,3.947326
568400,284200,7.170571e-5,0.624251,1.8668,145.48,0.0154,3.979875
568500,284250,7.1696966e-5,0.645309,1.9066,202.50,0.0150,4.095927
568600,284300,7.1688206e-5,0.612292,1.8447,163.51,0.0152,3.927838
568700,284350,7.167946e-5,0.644354,1.9048,175.54,0.0154,4.112987
568800,284400,7.16707e-5,0.618775,1.8567,179.31,0.0151,3.949700
568900,284450,7.1661954e-5,0.630803,1.8791,189.01,0.0159,4.054195
569000,284500,7.1653194e-5,0.607287,1.8354,147.88,0.0153,3.859089
569100,284550,7.164445e-5,0.606001,1.8331,177.28,0.0178,3.893101
569200,284600,7.163569e-5,0.619562,1.8581,151.49,0.0156,3.937979
569300,284650,7.162693e-5,0.600457,1.8230,151.02,0.0152,3.897108
569400,284700,7.161817e-5,0.620399,1.8597,147.86,0.0156,3.946096
569500,284750,7.160941e-5,0.613040,1.8460,148.66,0.0154,3.917000
569600,284800,7.160065e-5,0.625229,1.8687,177.58,0.0159,3.984340
569700,284850,7.159189e-5,0.653626,1.9225,155.93,0.0164,4.125406
569800,284900,7.158313e-5,0.631328,1.8801,158.91,0.0155,4.033361
569900,284950,7.1574366e-5,0.634896,1.8868,165.34,0.0151,4.042813
570000,285000,7.1565606e-5,0.620481,1.8598,154.62,0.0154,3.975948
570100,285050,7.1556846e-5,0.632269,1.8819,181.72,0.0177,4.014281
570200,285100,7.154807e-5,0.620479,1.8598,143.35,0.0156,3.933722
570300,285150,7.153931e-5,0.616145,1.8518,136.93,0.0156,3.962655
570400,285200,7.153055e-5,0.624012,1.8664,156.90,0.0157,3.989884
570500,285250,7.1521776e-5,0.641207,1.8988,167.34,0.0156,4.043477
570600,285300,7.1513015e-5,0.617700,1.8547,135.54,0.0157,3.951852
570700,285350,7.150424e-5,0.657187,1.9294,159.45,0.0157,4.124243
570800,285400,7.149548e-5,0.646968,1.9097,147.99,0.0156,4.085524
570900,285450,7.148672e-5,0.635474,1.8879,144.33,0.0156,4.034529
571000,285500,7.147793e-5,0.608064,1.8369,160.24,0.0154,3.867824
571100,285550,7.146917e-5,0.634290,1.8857,203.93,0.0173,4.080427
571200,285600,7.1460396e-5,0.598571,1.8195,170.31,0.0151,3.821239
571300,285650,7.145162e-5,0.640603,1.8976,137.19,0.0159,4.074606
571400,285700,7.144286e-5,0.599004,1.8203,161.59,0.0155,3.802382
571500,285750,7.143407e-5,0.640293,1.8970,160.62,0.0156,4.075197
571600,285800,7.14253e-5,0.613938,1.8477,151.25,0.0154,3.938375
571700,285850,7.141652e-5,0.628803,1.8754,138.54,0.0156,4.013490
571800,285900,7.140776e-5,0.628398,1.8746,143.01,0.0155,4.021991
571900,285950,7.139897e-5,0.641339,1.8990,152.95,0.0157,4.087017
572000,286000,7.13902e-5,0.628943,1.8756,175.94,0.0152,4.019411
572100,286050,7.138142e-5,0.644777,1.9056,188.18,0.0176,4.111231
572200,286100,7.137265e-5,0.628091,1.8740,164.63,0.0156,3.968823
572300,286150,7.136387e-5,0.634326,1.8858,157.71,0.0154,4.045098
572400,286200,7.135508e-5,0.636517,1.8899,141.87,0.0156,4.045625
572500,286250,7.134631e-5,0.623423,1.8653,161.15,0.0152,3.954532
572600,286300,7.133752e-5,0.614967,1.8496,133.06,0.0159,3.950137
572700,286350,7.1328745e-5,0.628567,1.8749,149.78,0.0156,3.995750
572800,286400,7.1319955e-5,0.623205,1.8649,156.39,0.0159,3.991197
572900,286450,7.131118e-5,0.632001,1.8814,150.55,0.0157,4.043484
573000,286500,7.130239e-5,0.618483,1.8561,152.87,0.0155,3.948484
573100,286550,7.12936e-5,0.659797,1.9344,157.30,0.0192,4.179213
573200,286600,7.128481e-5,0.648443,1.9126,151.27,0.0162,4.082643
573300,286650,7.127604e-5,0.628987,1.8757,158.02,0.0156,3.984951
573400,286700,7.126725e-5,0.624956,1.8682,151.05,0.0153,3.998260
573500,286750,7.125846e-5,0.615050,1.8497,132.77,0.0159,3.922437
573600,286800,7.124967e-5,0.621715,1.8621,145.93,0.0160,3.970589
573700,286850,7.124088e-5,0.631773,1.8809,123.57,0.0160,4.048108
573800,286900,7.123209e-5,0.650309,1.9161,173.27,0.0153,4.101164
573900,286950,7.12233e-5,0.637554,1.8918,140.57,0.0159,4.062620
574000,287000,7.121451e-5,0.643780,1.9037,148.12,0.0165,4.092453
574100,287050,7.120571e-5,0.618558,1.8562,192.46,0.0172,3.949115
574200,287100,7.119692e-5,0.632484,1.8823,180.56,0.0154,4.016322
574300,287150,7.118813e-5,0.621219,1.8612,148.67,0.0155,3.962766
574400,287200,7.117934e-5,0.613481,1.8468,167.41,0.0149,3.948594
574500,287250,7.117055e-5,0.597554,1.8177,156.40,0.0153,3.850982
574600,287300,7.116175e-5,0.616944,1.8533,150.55,0.0157,3.922091
574700,287350,7.115296e-5,0.635957,1.8888,160.18,0.0155,4.067426
574800,287400,7.114415e-5,0.620188,1.8593,161.20,0.0155,3.951827
574900,287450,7.1135364e-5,0.618709,1.8565,164.26,0.0157,3.955715
575000,287500,7.112656e-5,0.642204,1.9007,153.17,0.0157,4.078958
575100,287550,7.1117756e-5,0.662692,1.9400,218.60,0.0171,4.194901
575200,287600,7.110897e-5,0.625502,1.8692,222.25,0.0150,4.003500
575300,287650,7.110016e-5,0.623466,1.8654,146.25,0.0160,3.940844
575400,287700,7.109136e-5,0.627409,1.8728,157.22,0.0153,3.982615
575500,287750,7.1082555e-5,0.623745,1.8659,195.96,0.0152,3.987113
575600,287800,7.107375e-5,0.631252,1.8800,149.74,0.0153,4.035748
575700,287850,7.106495e-5,0.621560,1.8618,175.32,0.0152,3.968493
575800,287900,7.105614e-5,0.626912,1.8718,183.65,0.0155,3.997126
575900,287950,7.104734e-5,0.625175,1.8686,156.78,0.0151,4.026480
576000,288000,7.1038536e-5,0.641028,1.8984,152.24,0.0163,4.071157
576100,288050,7.1029724e-5,0.631356,1.8802,162.69,0.0183,4.044005
576200,288100,7.102091e-5,0.610590,1.8415,159.69,0.0155,3.930898
576300,288150,7.101211e-5,0.619235,1.8575,164.39,0.0153,3.970585
576400,288200,7.1003305e-5,0.619089,1.8572,158.19,0.0152,3.993280
576500,288250,7.0994494e-5,0.634437,1.8860,150.73,0.0157,4.061959
576600,288300,7.098568e-5,0.626931,1.8719,178.93,0.0149,4.025635
576700,288350,7.097687e-5,0.680037,1.9740,166.25,0.0157,4.248991
576800,288400,7.096806e-5,0.650931,1.9173,156.20,0.0157,4.150236
576900,288450,7.095926e-5,0.620753,1.8603,155.30,0.0156,3.905266
577000,288500,7.095044e-5,0.613240,1.8464,155.54,0.0154,3.914294
577100,288550,7.0941634e-5,0.615934,1.8514,205.88,0.0190,3.957698
577200,288600,7.0932816e-5,0.631822,1.8810,154.15,0.0156,4.037512
577300,288650,7.0924e-5,0.630266,1.8781,149.04,0.0155,4.038372
577400,288700,7.091518e-5,0.614116,1.8480,179.62,0.0151,3.926822
577500,288750,7.090637e-5,0.606949,1.8348,166.17,0.0154,3.901544
577600,288800,7.089755e-5,0.621433,1.8616,132.98,0.0157,3.964937
577700,288850,7.088873e-5,0.619199,1.8574,149.21,0.0155,3.963686
577800,288900,7.087991e-5,0.627869,1.8736,136.93,0.0157,4.007616
577900,288950,7.0871094e-5,0.639702,1.8959,141.67,0.0158,4.090585
578000,289000,7.086227e-5,0.609102,1.8388,166.34,0.0153,3.849622
578100,289050,7.085345e-5,0.604455,1.8303,165.36,0.0183,3.847160
578200,289100,7.084463e-5,0.629959,1.8775,147.56,0.0157,4.006925
578300,289150,7.083581e-5,0.632987,1.8832,141.30,0.0159,4.036451
578400,289200,7.0826994e-5,0.624635,1.8676,153.82,0.0162,3.931079
578500,289250,7.081817e-5,0.649853,1.9153,155.64,0.0155,4.108579
578600,289300,7.080934e-5,0.626774,1.8716,158.19,0.0154,4.034260
578700,289350,7.080052e-5,0.633885,1.8849,162.68,0.0155,4.009088
578800,289400,7.079169e-5,0.636686,1.8902,153.91,0.0160,4.084060
578900,289450,7.078287e-5,0.598239,1.8189,133.50,0.0159,3.857749
579000,289500,7.077404e-5,0.629983,1.8776,142.26,0.0159,4.017914
579100,289550,7.0765214e-5,0.625654,1.8695,168.52,0.0179,4.004808
579200,289600,7.075639e-5,0.606333,1.8337,166.28,0.0160,3.914359
579300,289650,7.0747556e-5,0.616165,1.8518,141.05,0.0156,3.956351
579400,289700,7.073873e-5,0.664083,1.9427,178.95,0.0157,4.202402
579500,289750,7.07299e-5,0.619255,1.8575,167.53,0.0152,3.969621
579600,289800,7.072107e-5,0.605375,1.8319,168.11,0.0154,3.890336
579700,289850,7.071224e-5,0.621670,1.8620,155.09,0.0153,3.965080
579800,289900,7.0703405e-5,0.615290,1.8502,163.44,0.0151,3.933635
579900,289950,7.069457e-5,0.601907,1.8256,136.23,0.0161,3.884826
580000,290000,7.068574e-5,0.580463,1.7869,146.49,0.0153,3.714070
580100,290050,7.067691e-5,0.605773,1.8327,175.00,0.0178,3.905779
580200,290100,7.066807e-5,0.596098,1.8150,147.47,0.0160,3.827950
580300,290150,7.065924e-5,0.613865,1.8476,144.50,0.0157,3.906823
580400,290200,7.06504e-5,0.630052,1.8777,162.88,0.0155,4.004116
580500,290250,7.064157e-5,0.610802,1.8419,139.08,0.0157,3.908402
580600,290300,7.063273e-5,0.626546,1.8711,159.62,0.0157,3.985581
580700,290350,7.062389e-5,0.618255,1.8557,151.78,0.0156,3.962533
580800,290400,7.0615046e-5,0.644348,1.9047,120.03,0.0165,4.062071
580900,290450,7.060621e-5,0.645224,1.9064,170.82,0.0152,4.097835
581000,290500,7.0597365e-5,0.651546,1.9185,163.07,0.0157,4.135382
581100,290550,7.058853e-5,0.634011,1.8852,182.60,0.0177,4.022925
581200,290600,7.0579685e-5,0.640861,1.8981,131.42,0.0161,4.065331
581300,290650,7.057085e-5,0.630141,1.8779,139.58,0.0158,4.039918
581400,290700,7.0562004e-5,0.622089,1.8628,143.93,0.0156,3.974641
581500,290750,7.055316e-5,0.621374,1.8615,138.07,0.0158,3.928222
581600,290800,7.054431e-5,0.642528,1.9013,129.53,0.0159,4.108363
581700,290850,7.0535476e-5,0.624003,1.8664,154.92,0.0155,3.955844
581800,290900,7.052662e-5,0.650534,1.9166,162.11,0.0155,4.128331
581900,290950,7.051778e-5,0.630695,1.8789,176.01,0.0153,4.031426
582000,291000,7.050893e-5,0.656557,1.9281,175.41,0.0152,4.174010
582100,291050,7.0500086e-5,0.606868,1.8347,188.19,0.0176,3.895550
582200,291100,7.049124e-5,0.613048,1.8460,150.97,0.0155,3.897029
582300,291150,7.048239e-5,0.644482,1.9050,157.68,0.0157,4.080577
582400,291200,7.0473536e-5,0.600340,1.8227,149.09,0.0155,3.848227
582500,291250,7.046469e-5,0.645468,1.9069,190.01,0.0150,4.112089
582600,291300,7.045583e-5,0.633758,1.8847,155.78,0.0159,4.053175
582700,291350,7.0446986e-5,0.597132,1.8169,137.18,0.0155,3.846629
582800,291400,7.043813e-5,0.617076,1.8535,152.34,0.0159,3.942045
582900,291450,7.0429276e-5,0.611282,1.8428,162.55,0.0151,3.952310
583000,291500,7.042042e-5,0.642786,1.9018,162.70,0.0158,4.092232
583100,291550,7.041157e-5,0.642555,1.9013,193.77,0.0177,4.083541
583200,291600,7.040272e-5,0.644734,1.9055,168.03,0.0162,4.117825
583300,291650,7.039386e-5,0.631641,1.8807,131.53,0.0159,4.043333
583400,291700,7.0385e-5,0.645490,1.9069,151.92,0.0163,4.135028
583500,291750,7.037615e-5,0.642625,1.9015,179.49,0.0152,4.065974
583600,291800,7.0367285e-5,0.611914,1.8440,161.07,0.0154,3.920421
583700,291850,7.035842e-5,0.621046,1.8609,155.48,0.0155,3.961911
583800,291900,7.034957e-5,0.654227,1.9237,177.04,0.0152,4.158392
583900,291950,7.0340706e-5,0.628237,1.8743,145.72,0.0157,4.041305
584000,292000,7.033185e-5,0.629543,1.8768,166.05,0.0152,4.023796
584100,292050,7.032299e-5,0.617093,1.8535,172.64,0.0177,3.949750
584200,292100,7.031413e-5,0.609927,1.8403,138.76,0.0157,3.868151
584300,292150,7.0305265e-5,0.600268,1.8226,186.47,0.0151,3.856145
584400,292200,7.02964e-5,0.633529,1.8842,155.91,0.0156,4.017399
584500,292250,7.0287526e-5,0.644654,1.9053,144.41,0.0157,4.081562
584600,292300,7.0278664e-5,0.656771,1.9286,148.36,0.0162,4.145438
584700,292350,7.02698e-5,0.630381,1.8783,165.19,0.0153,4.003811
584800,292400,7.026093e-5,0.635407,1.8878,176.45,0.0162,3.988721
584900,292450,7.025207e-5,0.644266,1.9046,155.26,0.0157,4.142414
585000,292500,7.024321e-5,0.641014,1.8984,165.46,0.0153,4.044975
585100,292550,7.023434e-5,0.625715,1.8696,173.01,0.0181,3.982753
585200,292600,7.022547e-5,0.656634,1.9283,146.25,0.0158,4.163198
585300,292650,7.02166e-5,0.612405,1.8449,153.12,0.0155,3.906264
585400,292700,7.020774e-5,0.623068,1.8646,161.15,0.0152,4.009172
585500,292750,7.019886e-5,0.624291,1.8669,156.75,0.0156,3.971239
585600,292800,7.019e-5,0.607482,1.8358,164.31,0.0153,3.871208
585700,292850,7.018112e-5,0.627180,1.8723,156.07,0.0152,4.039791
585800,292900,7.0172246e-5,0.613333,1.8466,142.95,0.0158,3.891178
585900,292950,7.016337e-5,0.591923,1.8075,169.22,0.0149,3.814049
586000,293000,7.015449e-5,0.616940,1.8532,148.40,0.0157,3.908962
586100,293050,7.0145616e-5,0.617870,1.8550,209.51,0.0168,3.969131
586200,293100,7.0136746e-5,0.640470,1.8974,163.31,0.0164,4.055701
586300,293150,7.012787e-5,0.625848,1.8698,138.04,0.0156,4.022208
586400,293200,7.0118986e-5,0.648379,1.9124,157.57,0.0161,4.119340
586500,293250,7.0110116e-5,0.613694,1.8472,157.24,0.0153,3.920336
586600,293300,7.010123e-5,0.639908,1.8963,132.99,0.0157,4.105539
586700,293350,7.0092356e-5,0.633523,1.8842,155.13,0.0156,4.021346
586800,293400,7.008348e-5,0.648518,1.9127,164.45,0.0154,4.141150
586900,293450,7.0074595e-5,0.642356,1.9010,143.04,0.0156,4.097935
587000,293500,7.0065726e-5,0.613593,1.8471,156.46,0.0154,3.907842
587100,293550,7.0056834e-5,0.647078,1.9100,172.57,0.0185,4.131480
587200,293600,7.004796e-5,0.643033,1.9022,146.89,0.0158,4.048778
587300,293650,7.003907e-5,0.601819,1.8254,153.62,0.0151,3.896071
587400,293700,7.003019e-5,0.640234,1.8969,162.90,0.0155,4.073437
587500,293750,7.0021306e-5,0.668769,1.9518,136.31,0.0166,4.216478
587600,293800,7.001242e-5,0.596096,1.8150,157.95,0.0157,3.832141
587700,293850,7.0003545e-5,0.640962,1.8983,140.71,0.0160,4.110182
587800,293900,6.9994654e-5,0.618114,1.8554,155.67,0.0152,3.981766
587900,293950,6.998577e-5,0.656512,1.9281,153.87,0.0153,4.211103
588000,294000,6.9976886e-5,0.627230,1.8724,158.13,0.0158,4.038400
588100,294050,6.9967995e-5,0.610949,1.8422,168.87,0.0182,3.892889
588200,294100,6.9959104e-5,0.613575,1.8470,169.57,0.0155,3.904463
588300,294150,6.995021e-5,0.647125,1.9100,184.05,0.0151,4.249136
588400,294200,6.994132e-5,0.643971,1.9040,133.28,0.0159,4.077011
588500,294250,6.993243e-5,0.635582,1.8881,184.44,0.0154,4.012784
588600,294300,6.992354e-5,0.623768,1.8659,150.75,0.0156,3.987260
588700,294350,6.991465e-5,0.630909,1.8793,173.94,0.0154,4.044098
588800,294400,6.990576e-5,0.628133,1.8741,174.79,0.0155,4.018611
588900,294450,6.9896865e-5,0.637651,1.8920,129.70,0.0159,4.070656
589000,294500,6.9887974e-5,0.595389,1.8137,173.07,0.0150,3.788960
589100,294550,6.987908e-5,0.616774,1.8529,183.84,0.0177,3.934802
589200,294600,6.9870184e-5,0.617867,1.8550,184.75,0.0151,3.926983
589300,294650,6.9861286e-5,0.628537,1.8749,174.41,0.0157,3.994572
589400,294700,6.9852395e-5,0.625262,1.8687,159.08,0.0156,3.974293
589500,294750,6.9843496e-5,0.638610,1.8938,129.31,0.0159,4.080992
589600,294800,6.98346e-5,0.635127,1.8873,143.36,0.0156,4.096348
589700,294850,6.982569e-5,0.634486,1.8861,148.76,0.0156,4.030127
589800,294900,6.98168e-5,0.636265,1.8894,142.67,0.0155,4.082078
589900,294950,6.9807895e-5,0.618563,1.8563,152.76,0.0153,3.964491
590000,295000,6.979899e-5,0.617429,1.8542,166.49,0.0152,3.985505
590100,295050,6.97901e-5,0.631256,1.8800,180.16,0.0180,4.024201
590200,295100,6.978119e-5,0.612802,1.8456,185.74,0.0151,3.931679
590300,295150,6.977229e-5,0.637278,1.8913,166.26,0.0152,4.063452
590400,295200,6.9763395e-5,0.621487,1.8617,173.08,0.0162,3.998213
590500,295250,6.975449e-5,0.677408,1.9688,298.47,0.0152,4.254046
590600,295300,6.974558e-5,0.627123,1.8722,160.63,0.0154,3.996464
590700,295350,6.973668e-5,0.618378,1.8559,144.99,0.0158,3.932235
590800,295400,6.972777e-5,0.634256,1.8856,154.88,0.0154,4.032071
590900,295450,6.9718866e-5,0.622856,1.8642,139.93,0.0157,3.979201
591000,295500,6.970996e-5,0.644282,1.9046,157.58,0.0157,4.071733
591100,295550,6.9701055e-5,0.623233,1.8649,152.79,0.0189,4.000504
591200,295600,6.969215e-5,0.607720,1.8362,158.09,0.0153,3.937710
591300,295650,6.968324e-5,0.607481,1.8358,166.92,0.0153,3.910538
591400,295700,6.967433e-5,0.626979,1.8719,141.32,0.0158,3.992244
591500,295750,6.966542e-5,0.616957,1.8533,169.82,0.0151,3.975085
591600,295800,6.965651e-5,0.630860,1.8792,202.20,0.0152,4.022197
591700,295850,6.96476e-5,0.634626,1.8863,169.04,0.0157,4.046302
591800,295900,6.9638685e-5,0.632187,1.8817,147.46,0.0159,3.979644
591900,295950,6.9629765e-5,0.622288,1.8632,140.02,0.0157,4.011129
592000,296000,6.962086e-5,0.606156,1.8334,149.52,0.0155,3.882767
592100,296050,6.961194e-5,0.663193,1.9410,187.85,0.0179,4.219919
592200,296100,6.9603026e-5,0.611764,1.8437,164.86,0.0153,3.883628
592300,296150,6.959411e-5,0.652014,1.9194,134.69,0.0158,4.159584
592400,296200,6.95852e-5,0.619546,1.8581,159.94,0.0153,3.960871
592500,296250,6.957629e-5,0.631329,1.8801,146.65,0.0156,4.030708
592600,296300,6.9567366e-5,0.608227,1.8372,161.17,0.0155,3.902323
592700,296350,6.9558446e-5,0.614685,1.8491,132.11,0.0159,3.959343
592800,296400,6.9549526e-5,0.598145,1.8187,169.34,0.0153,3.875361
592900,296450,6.954062e-5,0.580877,1.7876,161.35,0.0152,3.701393
593000,296500,6.95317e-5,0.618981,1.8570,142.55,0.0155,4.012705
593100,296550,6.952277e-5,0.626283,1.8706,178.82,0.0179,3.935754
593200,296600,6.951385e-5,0.632776,1.8828,153.97,0.0154,3.999583
593300,296650,6.950493e-5,0.590477,1.8048,152.55,0.0153,3.803625
593400,296700,6.949601e-5,0.609046,1.8387,170.85,0.0151,3.893048
593500,296750,6.948708e-5,0.628342,1.8745,166.54,0.0155,4.009397
593600,296800,6.947816e-5,0.613179,1.8463,158.78,0.0152,3.934807
593700,296850,6.9469235e-5,0.613333,1.8466,158.66,0.0150,3.968727
593800,296900,6.9460315e-5,0.613348,1.8466,180.91,0.0150,3.931820
593900,296950,6.945139e-5,0.605519,1.8322,142.16,0.0156,3.914494
594000,297000,6.944247e-5,0.622160,1.8629,158.15,0.0154,3.984434
594100,297050,6.943353e-5,0.603527,1.8286,188.65,0.0173,3.894164
594200,297100,6.942461e-5,0.616492,1.8524,157.76,0.0160,3.998770
594300,297150,6.9415684e-5,0.646124,1.9081,159.88,0.0155,4.083887
594400,297200,6.940676e-5,0.619206,1.8575,156.99,0.0157,4.001413
594500,297250,6.939782e-5,0.615018,1.8497,154.63,0.0155,3.933135
594600,297300,6.9388894e-5,0.638644,1.8939,145.90,0.0158,4.018647
594700,297350,6.937997e-5,0.642138,1.9005,164.91,0.0157,4.101184
594800,297400,6.937103e-5,0.616456,1.8524,175.41,0.0152,3.935784
594900,297450,6.93621e-5,0.643157,1.9025,165.39,0.0157,4.076658
595000,297500,6.935316e-5,0.616291,1.8520,166.93,0.0154,3.912980
595100,297550,6.9344234e-5,0.625918,1.8700,181.21,0.0181,3.990411
595200,297600,6.933529e-5,0.636558,1.8900,136.75,0.0160,4.051197
595300,297650,6.9326365e-5,0.607345,1.8356,160.00,0.0152,3.902863
595400,297700,6.931743e-5,0.624818,1.8679,158.10,0.0158,3.986367
595500,297750,6.930849e-5,0.650674,1.9168,138.83,0.0158,4.113609
595600,297800,6.929957e-5,0.612758,1.8455,146.49,0.0157,3.918160
595700,297850,6.929063e-5,0.628599,1.8750,184.53,0.0154,3.993178
595800,297900,6.928169e-5,0.607270,1.8354,169.21,0.0154,3.867399
595900,297950,6.927275e-5,0.627990,1.8738,199.86,0.0152,4.033348
596000,298000,6.926381e-5,0.610745,1.8418,139.23,0.0158,3.923966
596100,298050,6.925488e-5,0.644922,1.9058,177.85,0.0191,4.116392
596200,298100,6.9245936e-5,0.594962,1.8130,167.99,0.0151,3.856138
596300,298150,6.9236994e-5,0.629945,1.8775,148.88,0.0153,4.045009
596400,298200,6.922805e-5,0.623191,1.8649,156.61,0.0154,4.005370
596500,298250,6.921911e-5,0.638731,1.8941,141.58,0.0159,4.051193
596600,298300,6.921017e-5,0.652341,1.9200,135.11,0.0162,4.131462
596700,298350,6.9201225e-5,0.615791,1.8511,128.26,0.0159,3.936730
596800,298400,6.919228e-5,0.616572,1.8526,145.68,0.0156,3.956457
596900,298450,6.918334e-5,0.649947,1.9154,146.23,0.0156,4.188862
597000,298500,6.917439e-5,0.619820,1.8586,154.93,0.0155,3.959035
597100,298550,6.916544e-5,0.629059,1.8758,181.94,0.0175,4.047206
597200,298600,6.91565e-5,0.584648,1.7944,142.18,0.0155,3.761472
597300,298650,6.914756e-5,0.626090,1.8703,159.33,0.0156,3.976376
597400,298700,6.913861e-5,0.621534,1.8618,172.39,0.0152,3.977111
597500,298750,6.912966e-5,0.596870,1.8164,164.09,0.0152,3.853457
597600,298800,6.912072e-5,0.632548,1.8824,169.34,0.0158,4.062078
597700,298850,6.911176e-5,0.636701,1.8902,148.01,0.0157,4.066546
597800,298900,6.910281e-5,0.610425,1.8412,173.78,0.0150,3.901016
597900,298950,6.909386e-5,0.611779,1.8437,152.36,0.0154,3.926517
598000,299000,6.908491e-5,0.623733,1.8659,176.54,0.0154,3.952342
598100,299050,6.907596e-5,0.596773,1.8162,163.26,0.0186,3.826779
598200,299100,6.906701e-5,0.636608,1.8901,135.28,0.0161,4.085273
598300,299150,6.9058064e-5,0.616006,1.8515,143.14,0.0156,3.971070
598400,299200,6.904911e-5,0.623726,1.8659,135.28,0.0157,3.976711
598500,299250,6.904015e-5,0.615760,1.8511,155.24,0.0152,3.945513
598600,299300,6.903119e-5,0.623550,1.8655,155.97,0.0156,3.939399
598700,299350,6.902224e-5,0.609418,1.8394,145.34,0.0155,3.905835
598800,299400,6.901329e-5,0.606564,1.8341,157.95,0.0162,3.894106
598900,299450,6.900432e-5,0.628282,1.8744,163.48,0.0152,3.994927
599000,299500,6.8995374e-5,0.625660,1.8695,151.61,0.0156,3.985839
599100,299550,6.898641e-5,0.635586,1.8881,153.17,0.0191,4.063112
599200,299600,6.897745e-5,0.612553,1.8451,135.52,0.0158,3.937334
599300,299650,6.89685e-5,0.615748,1.8510,153.09,0.0153,3.948969
599400,299700,6.895953e-5,0.634388,1.8859,156.83,0.0155,4.099440
599500,299750,6.8950576e-5,0.615151,1.8499,149.91,0.0154,3.923082
599600,299800,6.894161e-5,0.606585,1.8342,159.85,0.0157,3.899131
599700,299850,6.8932655e-5,0.625451,1.8691,155.88,0.0156,3.972321
599800,299900,6.892369e-5,0.606543,1.8341,180.26,0.0149,3.909606
599900,299950,6.891473e-5,0.623862,1.8661,169.47,0.0151,3.998817
600000,300000,6.890576e-5,0.661023,1.9368,121.15,0.0165,4.149981
600100,300050,6.88968e-5,0.625117,1.8685,205.25,0.0177,4.000051
600200,300100,6.8887835e-5,0.624158,1.8667,141.65,0.0158,3.941060
600300,300150,6.887887e-5,0.631848,1.8811,176.13,0.0161,3.971927
600400,300200,6.88699e-5,0.600391,1.8228,137.47,0.0155,3.824570
600500,300250,6.886094e-5,0.627815,1.8735,167.19,0.0157,4.028782
600600,300300,6.8851965e-5,0.607111,1.8351,169.76,0.0155,3.865958
600700,300350,6.8843e-5,0.614119,1.8480,173.52,0.0150,3.943706
600800,300400,6.883404e-5,0.643961,1.9040,160.74,0.0157,4.044831
600900,300450,6.882507e-5,0.628068,1.8740,146.31,0.0157,3.999785
601000,300500,6.88161e-5,0.638940,1.8945,148.83,0.0156,4.103181
601100,300550,6.880713e-5,0.619074,1.8572,199.63,0.0170,3.979857
601200,300600,6.879816e-5,0.617951,1.8551,151.50,0.0159,3.974272
601300,300650,6.878919e-5,0.640161,1.8968,157.55,0.0155,4.072044
601400,300700,6.8780224e-5,0.615742,1.8510,145.26,0.0159,3.912970
601500,300750,6.8771245e-5,0.621328,1.8614,176.94,0.0153,3.962512
601600,300800,6.8762274e-5,0.612048,1.8442,152.14,0.0154,3.955019
601700,300850,6.8753296e-5,0.628406,1.8746,145.80,0.0154,4.068358
601800,300900,6.8744324e-5,0.610888,1.8421,146.83,0.0155,3.914782
601900,300950,6.8735346e-5,0.605444,1.8321,163.60,0.0154,3.876410
602000,301000,6.872637e-5,0.635703,1.8883,153.61,0.0155,4.034428
602100,301050,6.8717396e-5,0.615894,1.8513,181.25,0.0181,3.964321
602200,301100,6.870842e-5,0.608492,1.8377,151.43,0.0153,3.891235
602300,301150,6.8699446e-5,0.629515,1.8767,168.94,0.0155,3.972229
602400,301200,6.869046e-5,0.590391,1.8047,165.50,0.0154,3.807171
602500,301250,6.868149e-5,0.641808,1.8999,163.08,0.0151,4.145659
602600,301300,6.867251e-5,0.616429,1.8523,160.31,0.0154,3.971813
602700,301350,6.866353e-5,0.628390,1.8746,153.19,0.0155,3.986018
602800,301400,6.8654546e-5,0.602783,1.8272,165.98,0.0151,3.871541
602900,301450,6.864556e-5,0.644745,1.9055,156.18,0.0159,4.080421
603000,301500,6.863658e-5,0.610006,1.8404,154.10,0.0156,3.874378
603100,301550,6.86276e-5,0.622384,1.8634,208.64,0.0178,3.940044
603200,301600,6.8618625e-5,0.598350,1.8191,162.31,0.0152,3.851158
603300,301650,6.860963e-5,0.628765,1.8753,148.22,0.0158,4.000791
603400,301700,6.860065e-5,0.610221,1.8408,172.51,0.0157,3.857159
603500,301750,6.8591675e-5,0.604458,1.8303,162.01,0.0150,3.905954
603600,301800,6.8582696e-5,0.618953,1.8570,171.78,0.0153,3.938814
603700,301850,6.85737e-5,0.601926,1.8256,166.63,0.0153,3.852334
603800,301900,6.856471e-5,0.648240,1.9122,137.77,0.0160,4.143779
603900,301950,6.855573e-5,0.611802,1.8438,178.18,0.0155,3.909568
604000,302000,6.8546746e-5,0.635190,1.8874,148.43,0.0156,4.030901
604100,302050,6.853775e-5,0.606677,1.8343,177.23,0.0182,3.920418
604200,302100,6.852877e-5,0.598295,1.8190,154.63,0.0153,3.861694
604300,302150,6.8519774e-5,0.601835,1.8255,146.28,0.0155,3.837072
604400,302200,6.851079e-5,0.614870,1.8494,165.97,0.0153,3.919659
604500,302250,6.8501795e-5,0.657561,1.9301,159.93,0.0155,4.210460
604600,302300,6.8492795e-5,0.620597,1.8600,143.43,0.0157,3.952942
604700,302350,6.848381e-5,0.632252,1.8818,186.71,0.0156,4.041800
604800,302400,6.847482e-5,0.606552,1.8341,162.52,0.0156,3.874262
604900,302450,6.846583e-5,0.614936,1.8495,154.31,0.0151,3.958449
605000,302500,6.845684e-5,0.634009,1.8852,168.16,0.0153,4.031393
605100,302550,6.8447844e-5,0.657319,1.9296,181.20,0.0180,4.145885
605200,302600,6.843884e-5,0.600132,1.8224,161.07,0.0153,3.827843
605300,302650,6.842986e-5,0.611080,1.8424,165.02,0.0155,3.913643
605400,302700,6.842086e-5,0.611001,1.8423,140.10,0.0158,3.921686
605500,302750,6.841186e-5,0.600885,1.8237,183.74,0.0152,3.879587
605600,302800,6.8402864e-5,0.627902,1.8737,132.00,0.0158,4.046960
605700,302850,6.839386e-5,0.626725,1.8715,155.71,0.0154,4.009267
605800,302900,6.838486e-5,0.624022,1.8664,161.69,0.0155,3.953599
605900,302950,6.837587e-5,0.634487,1.8861,155.12,0.0157,4.040428
606000,303000,6.836686e-5,0.594592,1.8123,167.94,0.0155,3.803870
606100,303050,6.835787e-5,0.615410,1.8504,171.22,0.0182,3.911930
606200,303100,6.8348876e-5,0.613346,1.8466,154.78,0.0158,3.931724
606300,303150,6.833987e-5,0.630176,1.8779,162.56,0.0154,4.048857
606400,303200,6.833087e-5,0.634567,1.8862,189.97,0.0151,4.002247
606500,303250,6.832187e-5,0.613805,1.8474,177.13,0.0151,3.918258
606600,303300,6.831286e-5,0.596918,1.8165,157.90,0.0154,3.802420
606700,303350,6.830387e-5,0.643051,1.9023,174.59,0.0157,4.037077
606800,303400,6.829486e-5,0.593706,1.8107,173.83,0.0151,3.797215
606900,303450,6.828585e-5,0.634393,1.8859,152.87,0.0157,4.035349
607000,303500,6.8276844e-5,0.613973,1.8478,214.27,0.0153,3.944082
607100,303550,6.8267844e-5,0.627324,1.8726,167.16,0.0181,4.022743
607200,303600,6.8258836e-5,0.637748,1.8922,201.44,0.0149,4.080653
607300,303650,6.824983e-5,0.614715,1.8491,160.87,0.0155,3.949438
607400,303700,6.824082e-5,0.616947,1.8533,146.15,0.0153,3.963767
607500,303750,6.823182e-5,0.630645,1.8788,160.42,0.0162,4.009869
607600,303800,6.82228e-5,0.587700,1.7998,155.14,0.0152,3.806567
607700,303850,6.821379e-5,0.634183,1.8855,198.52,0.0155,4.016127
607800,303900,6.820478e-5,0.629764,1.8772,155.18,0.0155,4.039459
607900,303950,6.8195775e-5,0.608861,1.8383,163.17,0.0152,3.941275
608000,304000,6.818677e-5,0.622456,1.8635,159.78,0.0152,4.001133
608100,304050,6.817775e-5,0.617494,1.8543,193.63,0.0170,3.943209
608200,304100,6.816874e-5,0.600282,1.8226,169.82,0.0155,3.837352
608300,304150,6.815973e-5,0.619713,1.8584,161.53,0.0158,3.935233
608400,304200,6.8150715e-5,0.653419,1.9221,151.56,0.0161,4.146478
608500,304250,6.81417e-5,0.647746,1.9112,162.44,0.0156,4.102081
608600,304300,6.8132686e-5,0.604418,1.8302,163.07,0.0151,3.908370
608700,304350,6.812367e-5,0.628942,1.8756,136.71,0.0163,3.989502
608800,304400,6.811466e-5,0.602578,1.8268,158.39,0.0152,3.879680
608900,304450,6.810565e-5,0.635188,1.8874,154.00,0.0159,4.017394
609000,304500,6.8096626e-5,0.603185,1.8279,183.08,0.0150,3.878301
609100,304550,6.808761e-5,0.622393,1.8634,171.23,0.0179,3.962055
609200,304600,6.807859e-5,0.620755,1.8603,156.26,0.0156,3.962876
609300,304650,6.8069574e-5,0.622038,1.8627,170.43,0.0151,3.981459
609400,304700,6.806056e-5,0.590065,1.8041,136.29,0.0155,3.811529
609500,304750,6.805154e-5,0.636027,1.8890,164.02,0.0157,4.003596
609600,304800,6.8042515e-5,0.606642,1.8343,151.18,0.0152,3.918933
609700,304850,6.803349e-5,0.611544,1.8433,160.90,0.0152,3.932636
609800,304900,6.802447e-5,0.629548,1.8768,180.79,0.0160,3.972782
609900,304950,6.801545e-5,0.646559,1.9090,162.48,0.0156,4.100275
610000,305000,6.8006426e-5,0.627535,1.8730,145.51,0.0155,4.004931
610100,305050,6.7997404e-5,0.588389,1.8011,178.14,0.0177,3.803847
610200,305100,6.798838e-5,0.613374,1.8467,169.27,0.0154,3.898437
610300,305150,6.797936e-5,0.627196,1.8724,175.28,0.0152,4.013492
610400,305200,6.797034e-5,0.626156,1.8704,167.67,0.0158,3.958106
610500,305250,6.796131e-5,0.641943,1.9002,144.06,0.0155,4.095596
610600,305300,6.7952285e-5,0.648225,1.9121,138.83,0.0159,4.135219
610700,305350,6.7943256e-5,0.636424,1.8897,142.70,0.0158,4.048807
610800,305400,6.7934234e-5,0.663883,1.9423,142.83,0.0163,4.190005
610900,305450,6.79252e-5,0.646607,1.9091,158.73,0.0154,4.114729
611000,305500,6.7916175e-5,0.628346,1.8745,161.10,0.0152,4.007486
611100,305550,6.7907145e-5,0.618990,1.8571,163.33,0.0180,3.967855
611200,305600,6.7898116e-5,0.638511,1.8937,151.21,0.0157,4.045566
611300,305650,6.788909e-5,0.629132,1.8760,160.20,0.0153,4.017511
611400,305700,6.788006e-5,0.620776,1.8604,144.05,0.0156,3.966992
611500,305750,6.7871035e-5,0.628177,1.8742,139.89,0.0157,4.009560
611600,305800,6.7862e-5,0.642986,1.9022,187.25,0.0151,4.083897
611700,305850,6.785296e-5,0.608034,1.8368,149.86,0.0160,3.883706
611800,305900,6.784393e-5,0.628441,1.8747,147.95,0.0157,4.029205
611900,305950,6.7834895e-5,0.594627,1.8124,146.51,0.0160,3.811080
612000,306000,6.7825866e-5,0.643492,1.9031,168.31,0.0161,4.062140
612100,306050,6.7816836e-5,0.610057,1.8405,191.20,0.0172,3.909219
612200,306100,6.78078e-5,0.615286,1.8502,169.06,0.0151,3.973506
612300,306150,6.779876e-5,0.594952,1.8129,175.19,0.0154,3.760505
612400,306200,6.778973e-5,0.626070,1.8702,175.96,0.0152,4.007820
612500,306250,6.778069e-5,0.657199,1.9294,150.99,0.0159,4.125358
612600,306300,6.777166e-5,0.626630,1.8713,155.98,0.0157,3.952503
612700,306350,6.7762616e-5,0.603636,1.8288,169.63,0.0150,3.884960
612800,306400,6.775358e-5,0.639679,1.8959,144.58,0.0156,4.054867
612900,306450,6.7744535e-5,0.642241,1.9007,171.21,0.0163,4.042234
613000,306500,6.77355e-5,0.615990,1.8515,162.79,0.0153,3.918108
613100,306550,6.772646e-5,0.617201,1.8537,174.93,0.0182,3.913443
613200,306600,6.771741e-5,0.614811,1.8493,150.47,0.0156,3.945495
613300,306650,6.770837e-5,0.616414,1.8523,151.26,0.0154,3.919922
613400,306700,6.769934e-5,0.609652,1.8398,153.11,0.0155,3.892236
613500,306750,6.769029e-5,0.617113,1.8536,178.39,0.0156,3.901358
613600,306800,6.768125e-5,0.617208,1.8537,146.05,0.0156,3.913754
613700,306850,6.767221e-5,0.654595,1.9244,164.66,0.0158,4.198951
613800,306900,6.766316e-5,0.620247,1.8594,166.84,0.0151,3.993807
613900,306950,6.7654124e-5,0.623065,1.8646,165.36,0.0152,4.015769
614000,307000,6.764509e-5,0.618815,1.8567,155.49,0.0156,3.943310
614100,307050,6.7636036e-5,0.601473,1.8248,170.42,0.0183,3.857416
614200,307100,6.7626985e-5,0.620459,1.8598,143.28,0.0158,4.029599
614300,307150,6.761795e-5,0.621227,1.8612,158.31,0.0154,3.996372
614400,307200,6.76089e-5,0.611567,1.8433,162.46,0.0158,3.899422
614500,307250,6.7599845e-5,0.609364,1.8393,187.34,0.0151,3.883613
614600,307300,6.7590794e-5,0.603794,1.8290,183.47,0.0156,3.813443
614700,307350,6.758175e-5,0.624040,1.8665,151.94,0.0155,4.000137
614800,307400,6.75727e-5,0.611689,1.8435,156.90,0.0155,3.890849
614900,307450,6.7563655e-5,0.608676,1.8380,174.57,0.0153,3.869900
615000,307500,6.75546e-5,0.622829,1.8642,135.02,0.0159,3.972519
615100,307550,6.7545545e-5,0.634460,1.8860,187.77,0.0179,4.040492
615200,307600,6.753649e-5,0.613969,1.8478,165.35,0.0151,3.936128
615300,307650,6.7527435e-5,0.600418,1.8229,154.17,0.0154,3.833755
615400,307700,6.751839e-5,0.625145,1.8685,151.99,0.0159,3.980030
615500,307750,6.750934e-5,0.599423,1.8211,142.27,0.0154,3.885105
615600,307800,6.750028e-5,0.663010,1.9406,191.34,0.0155,4.179164
615700,307850,6.749123e-5,0.640020,1.8965,138.21,0.0158,4.060152
615800,307900,6.748218e-5,0.614574,1.8489,142.04,0.0156,3.974792
615900,307950,6.747312e-5,0.645977,1.9079,143.31,0.0159,4.094792
616000,308000,6.746406e-5,0.628745,1.8753,152.09,0.0155,4.011681
616100,308050,6.745501e-5,0.633994,1.8851,187.81,0.0178,4.052402
616200,308100,6.744596e-5,0.625734,1.8696,151.95,0.0155,3.960267
616300,308150,6.743689e-5,0.608720,1.8381,136.30,0.0157,3.910250
616400,308200,6.7427834e-5,0.651849,1.9191,199.05,0.0156,4.137610
616500,308250,6.7418776e-5,0.633567,1.8843,149.12,0.0159,4.029530
616600,308300,6.740972e-5,0.599063,1.8204,148.12,0.0155,3.872100
616700,308350,6.740066e-5,0.622514,1.8636,177.49,0.0153,3.996281
616800,308400,6.739161e-5,0.625387,1.8690,139.17,0.0158,4.019727
616900,308450,6.738254e-5,0.607761,1.8363,169.40,0.0150,3.941056
617000,308500,6.737348e-5,0.658499,1.9319,179.72,0.0153,4.170619
617100,308550,6.736442e-5,0.624250,1.8668,190.99,0.0173,4.022730
617200,308600,6.735536e-5,0.637437,1.8916,165.41,0.0155,4.014070
617300,308650,6.734629e-5,0.646216,1.9083,143.51,0.0159,4.088439
617400,308700,6.733723e-5,0.622040,1.8627,136.23,0.0157,3.949576
617500,308750,6.732817e-5,0.618246,1.8557,161.99,0.0153,3.941673
617600,308800,6.73191e-5,0.606045,1.8332,148.13,0.0157,3.907815
617700,308850,6.731004e-5,0.624134,1.8666,166.16,0.0153,4.032190
617800,308900,6.730097e-5,0.609474,1.8395,162.32,0.0153,3.882900
617900,308950,6.7291905e-5,0.611681,1.8435,134.52,0.0158,3.875052
618000,309000,6.728283e-5,0.616555,1.8525,164.88,0.0150,3.965003
618100,309050,6.7273766e-5,0.647179,1.9101,176.78,0.0184,4.130133
618200,309100,6.72647e-5,0.610724,1.8418,179.63,0.0152,3.878043
618300,309150,6.7255634e-5,0.626732,1.8715,153.41,0.0156,4.001621
618400,309200,6.724657e-5,0.644008,1.9041,167.46,0.0153,4.084778
618500,309250,6.723749e-5,0.594089,1.8114,169.28,0.0152,3.802700
618600,309300,6.722842e-5,0.621763,1.8622,169.76,0.0153,3.990170
618700,309350,6.721935e-5,0.615370,1.8503,160.35,0.0155,3.929067
618800,309400,6.7210276e-5,0.612250,1.8446,162.94,0.0152,3.918392
618900,309450,6.720121e-5,0.620743,1.8603,170.64,0.0155,3.987710
619000,309500,6.7192144e-5,0.630999,1.8795,161.00,0.0155,4.002889
619100,309550,6.7183064e-5,0.609140,1.8388,190.27,0.0183,3.911913
619200,309600,6.7174e-5,0.644302,1.9047,223.74,0.0159,4.062260
619300,309650,6.7164925e-5,0.597444,1.8175,151.15,0.0155,3.820012
619400,309700,6.715585e-5,0.632636,1.8826,188.79,0.0151,4.011096
619500,309750,6.714677e-5,0.599246,1.8207,182.58,0.0155,3.828524
619600,309800,6.71377e-5,0.626732,1.8715,132.03,0.0159,3.992902
619700,309850,6.7128625e-5,0.657881,1.9307,185.21,0.0157,4.165042
619800,309900,6.7119545e-5,0.604313,1.8300,129.73,0.0158,3.869070
619900,309950,6.7110464e-5,0.630989,1.8795,136.99,0.0157,4.063996
620000,310000,6.710139e-5,0.600170,1.8224,163.51,0.0150,3.886090
620100,310050,6.709231e-5,0.608016,1.8368,183.31,0.0176,3.873310
620200,310100,6.708324e-5,0.613363,1.8466,137.34,0.0157,3.925115
620300,310150,6.707416e-5,0.581774,1.7892,177.54,0.0148,3.745438
620400,310200,6.706508e-5,0.596526,1.8158,159.48,0.0157,3.827381
620500,310250,6.7056e-5,0.603501,1.8285,175.62,0.0151,3.876365
620600,310300,6.7046916e-5,0.623309,1.8651,179.23,0.0151,4.000489
620700,310350,6.703783e-5,0.656451,1.9279,182.39,0.0158,4.109668
620800,310400,6.7028755e-5,0.656759,1.9285,144.77,0.0159,4.136358
620900,310450,6.7019675e-5,0.619459,1.8579,144.94,0.0160,3.942780
621000,310500,6.7010595e-5,0.613407,1.8467,170.24,0.0155,3.907638
621100,310550,6.700151e-5,0.643407,1.9030,207.70,0.0171,4.093644
621200,310600,6.699243e-5,0.634733,1.8865,134.53,0.0160,4.049211
621300,310650,6.698334e-5,0.580394,1.7867,162.92,0.0149,3.741356
621400,310700,6.697425e-5,0.632911,1.8831,161.47,0.0156,4.017290
621500,310750,6.696516e-5,0.606634,1.8342,159.82,0.0153,3.888243
621600,310800,6.695608e-5,0.601717,1.8253,178.49,0.0153,3.807285
621700,310850,6.6946996e-5,0.614888,1.8495,158.09,0.0155,3.919066
621800,310900,6.693791e-5,0.625004,1.8683,138.26,0.0157,3.980320
621900,310950,6.692882e-5,0.618047,1.8553,182.94,0.0153,3.956482
622000,311000,6.691973e-5,0.618744,1.8566,146.52,0.0156,3.971082
622100,311050,6.6910645e-5,0.611617,1.8434,180.12,0.0179,3.915051
622200,311100,6.690156e-5,0.616920,1.8532,173.00,0.0153,3.918488
622300,311150,6.689246e-5,0.613653,1.8472,174.92,0.0151,3.922666
622400,311200,6.688338e-5,0.616191,1.8519,174.02,0.0156,3.923913
622500,311250,6.687429e-5,0.602843,1.8273,143.00,0.0155,3.894941
622600,311300,6.686519e-5,0.635056,1.8871,138.27,0.0158,4.044298
622700,311350,6.6856104e-5,0.592979,1.8094,156.69,0.0152,3.824133
622800,311400,6.684702e-5,0.627750,1.8734,163.11,0.0153,4.013326
622900,311450,6.683792e-5,0.628615,1.8750,168.84,0.0156,4.006465
623000,311500,6.682883e-5,0.607546,1.8359,149.69,0.0154,3.883199
623100,311550,6.681973e-5,0.590567,1.8050,200.98,0.0172,3.824027
623200,311600,6.681064e-5,0.611656,1.8435,143.77,0.0157,3.908375
623300,311650,6.680154e-5,0.610677,1.8417,178.64,0.0152,3.887800
623400,311700,6.679245e-5,0.642162,1.9006,167.80,0.0156,4.071002
623500,311750,6.678335e-5,0.613438,1.8468,152.07,0.0154,3.942275
623600,311800,6.677426e-5,0.625584,1.8693,185.93,0.0156,4.004701
623700,311850,6.6765155e-5,0.621271,1.8613,158.26,0.0157,4.005659
623800,311900,6.675606e-5,0.612524,1.8451,159.71,0.0153,3.947310
623900,311950,6.674696e-5,0.632218,1.8818,163.33,0.0154,4.067797
624000,312000,6.673786e-5,0.613272,1.8465,144.45,0.0157,3.918138
624100,312050,6.672877e-5,0.639019,1.8946,179.96,0.0177,4.063417
624200,312100,6.6719665e-5,0.607952,1.8367,139.62,0.0157,3.919682
624300,312150,6.671056e-5,0.602036,1.8258,145.66,0.0153,3.850979
624400,312200,6.670147e-5,0.637604,1.8919,151.59,0.0158,4.020020
624500,312250,6.6692366e-5,0.636263,1.8894,146.37,0.0156,4.065900
624600,312300,6.668328e-5,0.622440,1.8635,167.48,0.0154,4.000295
624700,312350,6.667417e-5,0.625532,1.8692,163.64,0.0152,4.007599
624800,312400,6.666507e-5,0.620410,1.8597,151.46,0.0156,3.932932
624900,312450,6.6655964e-5,0.638099,1.8929,141.25,0.0159,4.044850
625000,312500,6.6646855e-5,0.618295,1.8558,175.70,0.0162,3.922563
625100,312550,6.663775e-5,0.609840,1.8401,217.70,0.0167,3.882849
625200,312600,6.662865e-5,0.611768,1.8437,150.25,0.0157,3.923061
625300,312650,6.661954e-5,0.636520,1.8899,161.13,0.0155,4.038685
625400,312700,6.661043e-5,0.617887,1.8550,122.15,0.0161,3.962656
625500,312750,6.660134e-5,0.608631,1.8379,164.95,0.0153,3.900963
625600,312800,6.659223e-5,0.621131,1.8610,145.15,0.0157,3.946675
625700,312850,6.658312e-5,0.599801,1.8218,158.04,0.0153,3.847724
625800,312900,6.657401e-5,0.624581,1.8675,136.92,0.0160,3.974536
625900,312950,6.65649e-5,0.617332,1.8540,138.35,0.0159,3.939881
626000,313000,6.655579e-5,0.618738,1.8566,149.95,0.0160,3.891351
626100,313050,6.654669e-5,0.654803,1.9248,199.76,0.0182,4.170850
626200,313100,6.653758e-5,0.602285,1.8263,160.58,0.0153,3.879729
626300,313150,6.652847e-5,0.629669,1.8770,147.40,0.0161,4.023741
626400,313200,6.651936e-5,0.638974,1.8945,161.57,0.0154,4.035007
626500,313250,6.651024e-5,0.598970,1.8202,173.10,0.0149,3.860299
626600,313300,6.650113e-5,0.642884,1.9020,143.24,0.0158,4.059939
626700,313350,6.649202e-5,0.641081,1.8985,165.60,0.0157,4.062188
626800,313400,6.6482906e-5,0.612579,1.8452,147.51,0.0159,3.943921
626900,313450,6.647379e-5,0.617251,1.8538,134.86,0.0160,3.902140
627000,313500,6.646468e-5,0.608694,1.8380,167.84,0.0155,3.866615
627100,313550,6.645557e-5,0.624364,1.8671,167.57,0.0181,3.989771
627200,313600,6.6446446e-5,0.620278,1.8594,138.08,0.0163,3.961430
627300,313650,6.643734e-5,0.625582,1.8693,152.54,0.0156,3.994682
627400,313700,6.642823e-5,0.620092,1.8591,141.43,0.0157,3.985489
627500,313750,6.641911e-5,0.621374,1.8615,169.03,0.0152,3.941639
627600,313800,6.640999e-5,0.634767,1.8866,156.41,0.0159,4.062586
627700,313850,6.640087e-5,0.614997,1.8497,160.16,0.0153,3.919387
627800,313900,6.639176e-5,0.624071,1.8665,154.04,0.0153,4.024372
627900,313950,6.6382636e-5,0.639258,1.8951,160.38,0.0156,4.079575
628000,314000,6.637351e-5,0.613076,1.8461,135.77,0.0157,3.924967
628100,314050,6.63644e-5,0.611773,1.8437,207.98,0.0174,3.885020
628200,314100,6.635528e-5,0.627069,1.8721,193.64,0.0151,4.007544
628300,314150,6.634616e-5,0.606970,1.8349,141.35,0.0156,3.883343
628400,314200,6.6337045e-5,0.619444,1.8579,158.38,0.0160,3.924651
628500,314250,6.632792e-5,0.607382,1.8356,140.13,0.0156,3.888049
628600,314300,6.63188e-5,0.638880,1.8944,162.07,0.0161,4.050776
628700,314350,6.630967e-5,0.598557,1.8195,165.46,0.0154,3.822747
628800,314400,6.6300556e-5,0.625094,1.8684,138.80,0.0156,4.003870
628900,314450,6.629143e-5,0.582785,1.7910,164.23,0.0151,3.756015
629000,314500,6.62823e-5,0.627561,1.8730,160.81,0.0156,3.969817
629100,314550,6.6273176e-5,0.601500,1.8249,171.20,0.0184,3.872398
629200,314600,6.626405e-5,0.617125,1.8536,145.03,0.0161,3.929669
629300,314650,6.625493e-5,0.641014,1.8984,135.94,0.0158,4.080626
629400,314700,6.6245804e-5,0.612072,1.8442,157.02,0.0158,3.934101
629500,314750,6.623668e-5,0.649147,1.9139,212.85,0.0148,4.119508
629600,314800,6.6227556e-5,0.619401,1.8578,147.41,0.0155,3.926147
629700,314850,6.6218425e-5,0.626485,1.8710,147.87,0.0156,4.013497
629800,314900,6.62093e-5,0.605389,1.8320,182.79,0.0152,3.884600
629900,314950,6.620017e-5,0.649779,1.9151,138.37,0.0158,4.120983
630000,315000,6.6191045e-5,0.596616,1.8160,165.00,0.0150,3.824385
630100,315050,6.618192e-5,0.617433,1.8542,176.28,0.0182,3.918219
630200,315100,6.617279e-5,0.617879,1.8550,150.02,0.0152,3.997108
630300,315150,6.616366e-5,0.603430,1.8284,142.79,0.0157,3.825633
630400,315200,6.615452e-5,0.604338,1.8300,161.76,0.0153,3.885559
630500,315250,6.6145396e-5,0.606107,1.8333,147.34,0.0160,3.871714
630600,315300,6.6136265e-5,0.628733,1.8752,162.26,0.0156,3.986473
630700,315350,6.612713e-5,0.598095,1.8187,164.95,0.0151,3.808800
630800,315400,6.6117995e-5,0.615487,1.8506,151.86,0.0155,3.948307
630900,315450,6.610886e-5,0.591597,1.8069,168.46,0.0149,3.803868
631000,315500,6.609973e-5,0.603992,1.8294,147.44,0.0155,3.847598
631100,315550,6.609059e-5,0.640978,1.8983,172.32,0.0180,4.084953
631200,315600,6.608146e-5,0.607453,1.8357,155.89,0.0156,3.894568
631300,315650,6.607233e-5,0.627484,1.8729,145.81,0.0156,3.972068
631400,315700,6.606319e-5,0.604920,1.8311,171.72,0.0154,3.877196
631500,315750,6.605406e-5,0.600963,1.8239,158.46,0.0153,3.841244
631600,315800,6.604493e-5,0.637864,1.8924,161.02,0.0153,4.049287
631700,315850,6.603579e-5,0.603465,1.8284,165.85,0.0157,3.848401
631800,315900,6.602665e-5,0.592820,1.8091,161.83,0.0155,3.770809
631900,315950,6.6017514e-5,0.631714,1.8808,130.60,0.0160,4.033036
632000,316000,6.6008375e-5,0.599537,1.8213,162.60,0.0152,3.840685
632100,316050,6.599924e-5,0.612612,1.8452,179.07,0.0181,3.900054
632200,316100,6.59901e-5,0.610144,1.8407,144.43,0.0156,3.896223
632300,316150,6.598095e-5,0.613993,1.8478,155.71,0.0157,3.947061
632400,316200,6.597181e-5,0.604718,1.8307,187.85,0.0152,3.847864
632500,316250,6.596268e-5,0.620127,1.8592,147.92,0.0155,3.950004
632600,316300,6.5953536e-5,0.624968,1.8682,155.71,0.0155,3.974820
632700,316350,6.594439e-5,0.634410,1.8859,147.79,0.0157,4.007106
632800,316400,6.593525e-5,0.615944,1.8514,142.25,0.0158,3.938183
632900,316450,6.592611e-5,0.616616,1.8526,172.14,0.0155,3.935853
633000,316500,6.591697e-5,0.608380,1.8375,154.91,0.0157,3.862453
633100,316550,6.590782e-5,0.633984,1.8851,186.14,0.0175,4.069611
633200,316600,6.5898676e-5,0.623584,1.8656,147.75,0.0160,3.970034
633300,316650,6.588953e-5,0.614478,1.8487,157.59,0.0155,3.924171
633400,316700,6.588039e-5,0.618671,1.8565,151.48,0.0156,3.958536
633500,316750,6.5871245e-5,0.651763,1.9189,158.42,0.0158,4.219239
633600,316800,6.58621e-5,0.602442,1.8266,153.48,0.0159,3.864134
633700,316850,6.585295e-5,0.603374,1.8283,151.03,0.0157,3.860533
633800,316900,6.584381e-5,0.607204,1.8353,155.46,0.0152,3.869381
633900,316950,6.5834654e-5,0.627720,1.8733,130.22,0.0158,4.017530
634000,317000,6.582551e-5,0.630175,1.8779,158.29,0.0156,3.983894
634100,317050,6.581636e-5,0.596400,1.8156,204.43,0.0169,3.861934
634200,317100,6.580721e-5,0.611524,1.8432,152.45,0.0156,3.920364
634300,317150,6.5798056e-5,0.601548,1.8249,164.72,0.0151,3.864636
634400,317200,6.578892e-5,0.610519,1.8414,165.55,0.0155,3.911744
634500,317250,6.5779765e-5,0.622281,1.8632,153.10,0.0158,3.962251
634600,317300,6.577061e-5,0.584399,1.7939,183.47,0.0151,3.727336
634700,317350,6.576146e-5,0.637108,1.8910,189.34,0.0154,4.054242
634800,317400,6.5752305e-5,0.591696,1.8071,147.97,0.0154,3.802480
634900,317450,6.574315e-5,0.614707,1.8491,176.88,0.0152,3.902001
635000,317500,6.573401e-5,0.625246,1.8687,146.55,0.0160,4.009858
635100,317550,6.5724846e-5,0.614267,1.8483,178.69,0.0179,3.929940
635200,317600,6.57157e-5,0.623590,1.8656,160.16,0.0154,3.998909
635300,317650,6.570655e-5,0.628204,1.8742,166.20,0.0152,3.984241
635400,317700,6.56974e-5,0.593170,1.8097,155.29,0.0155,3.824263
635500,317750,6.568824e-5,0.636404,1.8897,138.18,0.0161,4.015655
635600,317800,6.567908e-5,0.615060,1.8498,150.78,0.0155,3.943185
635700,317850,6.566993e-5,0.604203,1.8298,141.95,0.0158,3.909515
635800,317900,6.5660766e-5,0.606741,1.8344,146.59,0.0158,3.878718
635900,317950,6.5651606e-5,0.612186,1.8445,137.37,0.0158,3.875602
636000,318000,6.564245e-5,0.606063,1.8332,174.67,0.0151,3.862176
636100,318050,6.56333e-5,0.653042,1.9214,177.42,0.0182,4.180742
636200,318100,6.562414e-5,0.612932,1.8458,148.01,0.0156,3.894101
636300,318150,6.561498e-5,0.618925,1.8569,134.00,0.0161,3.902708
636400,318200,6.560582e-5,0.621005,1.8608,137.78,0.0158,3.937076
636500,318250,6.559666e-5,0.615888,1.8513,189.43,0.0153,3.921134
636600,318300,6.5587505e-5,0.629252,1.8762,160.01,0.0155,3.983711
636700,318350,6.557834e-5,0.622434,1.8635,161.64,0.0155,3.887292
636800,318400,6.556918e-5,0.582319,1.7902,150.49,0.0152,3.795583
636900,318450,6.5560016e-5,0.613817,1.8475,177.40,0.0155,3.898407
637000,318500,6.5550856e-5,0.619822,1.8586,142.81,0.0161,3.944065
637100,318550,6.5541695e-5,0.601286,1.8245,190.71,0.0175,3.850035
637200,318600,6.553253e-5,0.619689,1.8584,174.02,0.0152,3.961786
637300,318650,6.552337e-5,0.647652,1.9110,155.78,0.0158,4.106728
637400,318700,6.551421e-5,0.619229,1.8575,180.84,0.0151,3.926640
637500,318750,6.550504e-5,0.599016,1.8203,156.67,0.0154,3.861860
637600,318800,6.549587e-5,0.624739,1.8678,148.14,0.0156,4.022287
637700,318850,6.54867e-5,0.649001,1.9136,155.47,0.0157,4.143155
637800,318900,6.547755e-5,0.647489,1.9107,164.08,0.0159,4.140431
637900,318950,6.546838e-5,0.604196,1.8298,139.79,0.0159,3.863681
638000,319000,6.5459215e-5,0.643396,1.9029,154.30,0.0155,4.115716
638100,319050,6.545005e-5,0.610837,1.8420,168.99,0.0181,3.903332
638200,319100,6.544088e-5,0.639065,1.8947,140.70,0.0162,4.058407
638300,319150,6.543171e-5,0.613216,1.8464,147.95,0.0153,3.942839
638400,319200,6.5422544e-5,0.608269,1.8372,154.98,0.0158,3.884243
638500,319250,6.541338e-5,0.618838,1.8568,166.19,0.0156,3.968443
638600,319300,6.540421e-5,0.612353,1.8448,169.10,0.0152,3.897602
638700,319350,6.539503e-5,0.617922,1.8551,140.45,0.0158,3.929182
638800,319400,6.538587e-5,0.603990,1.8294,162.68,0.0152,3.879578
638900,319450,6.537669e-5,0.649835,1.9152,139.47,0.0157,4.142139
639000,319500,6.536752e-5,0.618268,1.8557,165.78,0.0152,3.917536
639100,319550,6.5358356e-5,0.625354,1.8689,185.37,0.0177,4.014532
639200,319600,6.534918e-5,0.619404,1.8578,178.23,0.0152,3.987006
639300,319650,6.5340006e-5,0.590908,1.8056,134.54,0.0157,3.796800
639400,319700,6.533084e-5,0.647175,1.9101,140.50,0.0158,4.132694
639500,319750,6.532166e-5,0.628931,1.8756,149.84,0.0157,3.947914
639600,319800,6.531249e-5,0.608722,1.8381,161.01,0.0154,3.888397
639700,319850,6.5303306e-5,0.602512,1.8267,142.94,0.0156,3.857410
639800,319900,6.529414e-5,0.618744,1.8566,154.80,0.0158,3.913908
639900,319950,6.528496e-5,0.592547,1.8086,156.05,0.0152,3.820288
640000,320000,6.527579e-5,0.628917,1.8756,135.68,0.0160,3.984454
640100,320050,6.5266606e-5,0.606518,1.8340,186.25,0.0181,3.878471
640200,320100,6.525744e-5,0.624220,1.8668,158.48,0.0154,4.008519
640300,320150,6.5248256e-5,0.620192,1.8593,146.26,0.0158,3.972632
640400,320200,6.523908e-5,0.603330,1.8282,160.30,0.0150,3.888201
640500,320250,6.5229906e-5,0.581801,1.7893,155.42,0.0153,3.729160
640600,320300,6.522072e-5,0.624503,1.8673,162.74,0.0157,4.050406
640700,320350,6.5211556e-5,0.619188,1.8574,162.45,0.0154,3.981150
640800,320400,6.5202374e-5,0.630648,1.8788,196.47,0.0155,4.000520
640900,320450,6.519319e-5,0.607909,1.8366,142.37,0.0155,3.913244
641000,320500,6.518401e-5,0.618768,1.8566,171.07,0.0156,3.941001
641100,320550,6.517483e-5,0.625388,1.8690,176.37,0.0181,3.977204
641200,320600,6.5165645e-5,0.636003,1.8889,180.09,0.0160,4.065697
641300,320650,6.515646e-5,0.603087,1.8278,169.42,0.0150,3.877742
641400,320700,6.514728e-5,0.621580,1.8619,154.42,0.0156,3.941449
641500,320750,6.51381e-5,0.621932,1.8625,152.32,0.0157,3.961067
641600,320800,6.5128916e-5,0.606051,1.8332,149.77,0.0153,3.889930
641700,320850,6.511973e-5,0.632533,1.8824,177.88,0.0160,3.987096
641800,320900,6.511055e-5,0.631500,1.8804,134.97,0.0160,4.002154
641900,320950,6.510137e-5,0.591207,1.8062,163.16,0.0152,3.787930
642000,321000,6.509219e-5,0.624308,1.8670,150.16,0.0157,3.967344
642100,321050,6.508299e-5,0.619047,1.8572,199.39,0.0177,3.924073
642200,321100,6.5073815e-5,0.612698,1.8454,154.29,0.0158,3.925600
642300,321150,6.5064625e-5,0.604869,1.8310,166.24,0.0152,3.875130
642400,321200,6.505544e-5,0.637978,1.8926,159.02,0.0154,4.066582
642500,321250,6.504626e-5,0.615750,1.8510,170.28,0.0156,3.890899
642600,321300,6.5037064e-5,0.608399,1.8375,139.90,0.0156,3.848786
642700,321350,6.502788e-5,0.618065,1.8553,173.21,0.0156,3.946812
642800,321400,6.5018685e-5,0.620873,1.8606,164.82,0.0154,3.945334
642900,321450,6.50095e-5,0.639090,1.8948,166.65,0.0155,4.069877
643000,321500,6.5000306e-5,0.607655,1.8361,135.57,0.0159,3.847732
643100,321550,6.499112e-5,0.619291,1.8576,196.17,0.0180,3.919085
643200,321600,6.498194e-5,0.595200,1.8134,165.05,0.0158,3.785988
643300,321650,6.4972744e-5,0.620127,1.8592,144.12,0.0157,3.970427
643400,321700,6.4963555e-5,0.622390,1.8634,157.84,0.0156,3.917726
643500,321750,6.4954365e-5,0.612574,1.8452,176.08,0.0150,3.883120
643600,321800,6.494517e-5,0.608483,1.8376,163.48,0.0158,3.905224
643700,321850,6.4935986e-5,0.624360,1.8671,166.11,0.0152,4.005740
643800,321900,6.492679e-5,0.620683,1.8602,162.60,0.0156,3.927663
643900,321950,6.491759e-5,0.616651,1.8527,160.21,0.0157,3.898348
644000,322000,6.4908396e-5,0.629314,1.8763,138.72,0.0158,3.992255
644100,322050,6.4899206e-5,0.625677,1.8695,158.81,0.0190,3.988465
644200,322100,6.489002e-5,0.599384,1.8210,159.20,0.0152,3.873645
644300,322150,6.488082e-5,0.627652,1.8732,146.32,0.0158,3.981292
644400,322200,6.487162e-5,0.643869,1.9038,154.28,0.0161,4.073606
644500,322250,6.486243e-5,0.611256,1.8427,147.14,0.0156,3.898676
644600,322300,6.485323e-5,0.598051,1.8186,142.31,0.0155,3.844850
644700,322350,6.484403e-5,0.608838,1.8383,175.11,0.0149,3.879765
644800,322400,6.4834836e-5,0.627798,1.8735,146.52,0.0160,4.012585
644900,322450,6.482564e-5,0.614793,1.8493,151.18,0.0154,3.916768
645000,322500,6.481644e-5,0.603849,1.8291,167.99,0.0152,3.906536
645100,322550,6.4807246e-5,0.594443,1.8120,182.32,0.0178,3.821569
645200,322600,6.479805e-5,0.596655,1.8160,149.40,0.0153,3.815361
645300,322650,6.4788845e-5,0.633999,1.8851,136.08,0.0161,4.041975
645400,322700,6.477964e-5,0.609239,1.8390,164.50,0.0154,3.860812
645500,322750,6.4770444e-5,0.615960,1.8514,151.84,0.0158,3.939370
645600,322800,6.476125e-5,0.617397,1.8541,162.01,0.0155,3.927527
645700,322850,6.475205e-5,0.633546,1.8843,147.15,0.0158,4.009859
645800,322900,6.4742846e-5,0.622206,1.8630,158.75,0.0154,3.977077
645900,322950,6.473364e-5,0.609266,1.8391,164.21,0.0151,3.909931
646000,323000,6.472445e-5,0.626700,1.8714,131.59,0.0160,3.977011
646100,323050,6.471525e-5,0.589271,1.8027,164.99,0.0180,3.780142
646200,323100,6.4706044e-5,0.619132,1.8573,145.64,0.0156,3.966366
646300,323150,6.469684e-5,0.572756,1.7731,139.48,0.0157,3.671633
646400,323200,6.4687636e-5,0.626228,1.8705,135.33,0.0157,4.019912
646500,323250,6.467843e-5,0.611541,1.8433,158.04,0.0154,3.911512
646600,323300,6.466922e-5,0.587332,1.7992,186.57,0.0151,3.768115
646700,323350,6.4660024e-5,0.587539,1.7996,150.80,0.0153,3.751198
646800,323400,6.465081e-5,0.611394,1.8430,182.52,0.0151,3.924702
646900,323450,6.464161e-5,0.618620,1.8564,156.01,0.0151,3.971249
647000,323500,6.4632404e-5,0.615681,1.8509,166.74,0.0153,3.927833
647100,323550,6.462319e-5,0.633542,1.8843,186.64,0.0182,4.062793
647200,323600,6.461399e-5,0.603101,1.8278,145.13,0.0154,3.887435
647300,323650,6.4604785e-5,0.606129,1.8333,145.47,0.0156,3.841048
647400,323700,6.459557e-5,0.626941,1.8719,174.06,0.0153,3.989561
647500,323750,6.458636e-5,0.591164,1.8061,163.35,0.0152,3.779834
647600,323800,6.4577165e-5,0.592116,1.8078,163.69,0.0158,3.763160
647700,323850,6.4567954e-5,0.598403,1.8192,138.47,0.0156,3.836200
647800,323900,6.455874e-5,0.613659,1.8472,153.73,0.0161,3.898275
647900,323950,6.454953e-5,0.611608,1.8434,156.81,0.0162,3.913430
648000,324000,6.454032e-5,0.637072,1.8909,153.18,0.0154,4.059442
648100,324050,6.453111e-5,0.619603,1.8582,167.42,0.0181,3.951071
648200,324100,6.45219e-5,0.612535,1.8451,204.33,0.0146,3.937182
648300,324150,6.4512686e-5,0.612675,1.8454,140.70,0.0158,3.858829
648400,324200,6.4503474e-5,0.611054,1.8424,133.12,0.0157,3.908768
648500,324250,6.449426e-5,0.616787,1.8530,173.87,0.0152,3.931992
648600,324300,6.448505e-5,0.582433,1.7904,153.29,0.0154,3.740442
648700,324350,6.447584e-5,0.601806,1.8254,161.79,0.0151,3.867651
648800,324400,6.446662e-5,0.612623,1.8453,176.31,0.0161,3.901043
648900,324450,6.44574e-5,0.633331,1.8839,160.93,0.0159,4.009415
649000,324500,6.444819e-5,0.595308,1.8136,135.10,0.0158,3.802171
649100,324550,6.443898e-5,0.598520,1.8194,194.70,0.0175,3.830073
649200,324600,6.442976e-5,0.618491,1.8561,172.89,0.0150,3.977768
649300,324650,6.442054e-5,0.598726,1.8198,166.95,0.0150,3.877450
649400,324700,6.441133e-5,0.596926,1.8165,159.18,0.0154,3.815153
649500,324750,6.440211e-5,0.595322,1.8136,147.06,0.0156,3.852836
649600,324800,6.4392894e-5,0.619742,1.8584,164.76,0.0152,3.973047
649700,324850,6.438368e-5,0.590826,1.8055,153.95,0.0155,3.829006
649800,324900,6.437446e-5,0.642400,1.9010,148.12,0.0157,4.079277
649900,324950,6.4365246e-5,0.614677,1.8491,159.68,0.0155,3.916990
650000,325000,6.435602e-5,0.629902,1.8774,146.85,0.0159,4.042682
650100,325050,6.434681e-5,0.621958,1.8626,181.18,0.0178,3.935822
650200,325100,6.433758e-5,0.594371,1.8119,160.45,0.0150,3.845079
650300,325150,6.4328364e-5,0.620021,1.8590,149.26,0.0156,3.945735
650400,325200,6.4319145e-5,0.626352,1.8708,157.32,0.0155,4.004405
650500,325250,6.430992e-5,0.614787,1.8493,157.68,0.0154,3.899006
650600,325300,6.43007e-5,0.611768,1.8437,159.72,0.0152,3.922986
650700,325350,6.429148e-5,0.612494,1.8450,148.72,0.0154,3.939215
650800,325400,6.4282256e-5,0.586015,1.7968,143.59,0.0158,3.745208
650900,325450,6.427303e-5,0.633005,1.8833,149.29,0.0157,4.028637
651000,325500,6.426382e-5,0.620412,1.8597,168.56,0.0152,3.963845
651100,325550,6.425459e-5,0.587531,1.7995,186.43,0.0174,3.749745
651200,325600,6.424537e-5,0.626098,1.8703,144.62,0.0157,4.002664
651300,325650,6.423615e-5,0.594440,1.8120,162.01,0.0154,3.838609
651400,325700,6.422692e-5,0.605306,1.8318,150.44,0.0151,3.918109
651500,325750,6.4217704e-5,0.606354,1.8337,175.76,0.0161,3.853545
651600,325800,6.420848e-5,0.616470,1.8524,193.43,0.0161,3.894771
651700,325850,6.419925e-5,0.589240,1.8026,153.08,0.0159,3.775570
651800,325900,6.4190026e-5,0.608966,1.8385,165.61,0.0160,3.907560
651900,325950,6.418079e-5,0.598946,1.8202,159.51,0.0159,3.833122
652000,326000,6.417157e-5,0.600632,1.8233,186.88,0.0154,3.834898
652100,326050,6.416234e-5,0.635835,1.8886,190.63,0.0177,4.016103
652200,326100,6.4153115e-5,0.641578,1.8995,142.07,0.0157,4.069911
652300,326150,6.414388e-5,0.604266,1.8299,133.67,0.0156,3.870708
652400,326200,6.4134656e-5,0.617827,1.8549,171.17,0.0153,3.952281
652500,326250,6.412542e-5,0.638561,1.8938,155.54,0.0157,4.030396
652600,326300,6.41162e-5,0.602317,1.8263,140.76,0.0155,3.895538
652700,326350,6.4106964e-5,0.654033,1.9233,207.90,0.0150,4.142790
652800,326400,6.409774e-5,0.599886,1.8219,144.17,0.0158,3.841689
652900,326450,6.408851e-5,0.601362,1.8246,164.89,0.0152,3.845424
653000,326500,6.407928e-5,0.606711,1.8344,150.95,0.0155,3.871140
653100,326550,6.4070045e-5,0.622861,1.8643,189.38,0.0176,3.995870
653200,326600,6.406081e-5,0.600735,1.8235,167.11,0.0152,3.843598
653300,326650,6.405158e-5,0.622191,1.8630,167.13,0.0153,3.949957
653400,326700,6.404235e-5,0.634498,1.8861,136.12,0.0158,4.094879
653500,326750,6.403311e-5,0.633988,1.8851,173.73,0.0152,4.066380
653600,326800,6.402389e-5,0.645288,1.9065,152.03,0.0156,4.139631
653700,326850,6.401465e-5,0.625401,1.8690,155.40,0.0155,3.985708
653800,326900,6.400542e-5,0.616177,1.8518,191.92,0.0150,3.911282
653900,326950,6.399618e-5,0.623290,1.8651,143.48,0.0156,3.975302
654000,327000,6.3986954e-5,0.618781,1.8567,183.48,0.0151,3.941937
654100,327050,6.397771e-5,0.598973,1.8202,181.06,0.0177,3.814049
654200,327100,6.396847e-5,0.625538,1.8693,155.63,0.0154,3.996186
654300,327150,6.395925e-5,0.619000,1.8571,174.55,0.0153,3.914447
654400,327200,6.395001e-5,0.635233,1.8875,172.58,0.0152,4.069518
654500,327250,6.3940766e-5,0.615368,1.8503,165.63,0.0153,3.899583
654600,327300,6.393153e-5,0.600106,1.8223,167.74,0.0151,3.853230
654700,327350,6.392229e-5,0.609297,1.8391,135.37,0.0158,3.903523
654800,327400,6.391306e-5,0.594753,1.8126,165.77,0.0151,3.805167
654900,327450,6.390382e-5,0.609637,1.8398,148.79,0.0153,3.912495
655000,327500,6.389458e-5,0.618256,1.8557,147.63,0.0160,3.954580
655100,327550,6.3885345e-5,0.610720,1.8418,176.29,0.0176,3.943047
655200,327600,6.38761e-5,0.617350,1.8540,166.10,0.0154,3.923862
655300,327650,6.3866864e-5,0.637875,1.8925,135.78,0.0158,4.082559
655400,327700,6.385762e-5,0.634361,1.8858,167.51,0.0153,4.037000
655500,327750,6.3848376e-5,0.623123,1.8647,132.75,0.0159,3.976222
655600,327800,6.3839136e-5,0.626784,1.8716,155.20,0.0155,4.001802
655700,327850,6.3829895e-5,0.634591,1.8863,186.64,0.0150,4.054549
655800,327900,6.3820655e-5,0.612774,1.8455,153.43,0.0154,3.897386
655900,327950,6.3811414e-5,0.619158,1.8574,150.80,0.0156,3.920482
656000,328000,6.380217e-5,0.613297,1.8465,138.04,0.0157,3.914633
656100,328050,6.3792926e-5,0.616866,1.8531,175.22,0.0203,3.935034
656200,328100,6.378368e-5,0.629496,1.8767,155.72,0.0156,4.025081
656300,328150,6.377444e-5,0.617858,1.8549,152.71,0.0154,3.968088
656400,328200,6.37652e-5,0.582162,1.7899,166.53,0.0146,3.761269
656500,328250,6.375596e-5,0.627686,1.8733,154.10,0.0157,3.982336
656600,328300,6.37467e-5,0.632876,1.8830,173.72,0.0150,4.065962
656700,328350,6.373747e-5,0.615279,1.8502,150.31,0.0155,3.913519
656800,328400,6.372822e-5,0.626127,1.8704,143.28,0.0156,4.023281
656900,328450,6.371897e-5,0.611692,1.8435,143.29,0.0159,3.863507
657000,328500,6.3709726e-5,0.635618,1.8882,166.74,0.0154,3.990976
657100,328550,6.3700485e-5,0.619205,1.8575,177.48,0.0179,3.945393
657200,328600,6.369123e-5,0.604239,1.8299,163.85,0.0154,3.845531
657300,328650,6.368198e-5,0.609540,1.8396,151.64,0.0153,3.897969
657400,328700,6.3672735e-5,0.604222,1.8298,152.69,0.0154,3.868525
657500,328750,6.366349e-5,0.646794,1.9094,147.82,0.0155,4.176298
657600,328800,6.365424e-5,0.626907,1.8718,181.42,0.0150,4.008416
657700,328850,6.3644984e-5,0.642190,1.9006,147.86,0.0156,4.053478
657800,328900,6.3635736e-5,0.594824,1.8127,156.74,0.0155,3.833782
657900,328950,6.362649e-5,0.606281,1.8336,184.30,0.0152,3.853991
658000,329000,6.361723e-5,0.626155,1.8704,200.79,0.0157,3.928114
658100,329050,6.3607986e-5,0.625487,1.8692,219.88,0.0183,3.951065
658200,329100,6.359874e-5,0.607027,1.8350,176.91,0.0152,3.870545
658300,329150,6.358949e-5,0.614622,1.8490,144.81,0.0157,3.921127
658400,329200,6.3580235e-5,0.605670,1.8325,149.20,0.0154,3.865800
658500,329250,6.357099e-5,0.627586,1.8731,143.44,0.0159,3.993433
658600,329300,6.356173e-5,0.610411,1.8412,150.68,0.0155,3.918204
658700,329350,6.355248e-5,0.627987,1.8738,154.44,0.0155,3.995518
658800,329400,6.354322e-5,0.626795,1.8716,136.66,0.0161,3.999213
658900,329450,6.3533975e-5,0.615795,1.8511,154.72,0.0152,3.937814
659000,329500,6.352472e-5,0.620665,1.8602,143.61,0.0156,3.993425
659100,329550,6.351547e-5,0.648302,1.9123,165.97,0.0187,4.098429
659200,329600,6.350621e-5,0.612908,1.8458,140.09,0.0156,3.925960
659300,329650,6.3496955e-5,0.622642,1.8638,165.47,0.0154,3.929243
659400,329700,6.34877e-5,0.645699,1.9073,158.90,0.0158,4.048878
659500,329750,6.347844e-5,0.623586,1.8656,180.38,0.0153,3.984335
659600,329800,6.346919e-5,0.591112,1.8060,158.16,0.0153,3.815347
659700,329850,6.345993e-5,0.630268,1.8781,172.46,0.0156,4.000728
659800,329900,6.345067e-5,0.626057,1.8702,180.91,0.0152,3.966160
659900,329950,6.344142e-5,0.590601,1.8051,143.06,0.0157,3.779187
660000,330000,6.343216e-5,0.613547,1.8470,131.18,0.0158,3.943919
660100,330050,6.342291e-5,0.600640,1.8233,231.44,0.0169,3.855982
660200,330100,6.3413645e-5,0.628751,1.8753,154.38,0.0158,4.000098
660300,330150,6.340438e-5,0.624159,1.8667,141.60,0.0159,3.970521
660400,330200,6.339513e-5,0.587813,1.8000,157.75,0.0156,3.762568
660500,330250,6.338586e-5,0.631533,1.8805,154.26,0.0156,4.039725
660600,330300,6.33766e-5,0.603592,1.8287,150.21,0.0154,3.874543
660700,330350,6.336735e-5,0.602111,1.8260,158.81,0.0155,3.827106
660800,330400,6.3358086e-5,0.621597,1.8619,147.37,0.0155,3.956117
660900,330450,6.334882e-5,0.592194,1.8080,155.06,0.0153,3.788126
661000,330500,6.3339554e-5,0.611980,1.8441,156.78,0.0155,3.954157
661100,330550,6.33303e-5,0.611347,1.8429,180.38,0.0177,3.922855
661200,330600,6.332103e-5,0.590550,1.8050,162.83,0.0151,3.805404
661300,330650,6.3311774e-5,0.604472,1.8303,181.10,0.0151,3.878277
661400,330700,6.330251e-5,0.601080,1.8241,182.88,0.0150,3.839267
661500,330750,6.329325e-5,0.595793,1.8145,162.93,0.0154,3.798701
661600,330800,6.328399e-5,0.589171,1.8025,164.19,0.0157,3.771124
661700,330850,6.3274725e-5,0.594745,1.8126,165.79,0.0151,3.826605
661800,330900,6.3265456e-5,0.611427,1.8431,140.26,0.0158,3.938417
661900,330950,6.325619e-5,0.615484,1.8506,193.59,0.0150,3.942547
662000,331000,6.324693e-5,0.621636,1.8620,153.37,0.0161,3.956086
662100,331050,6.323766e-5,0.604608,1.8305,185.75,0.0173,3.882151
662200,331100,6.32284e-5,0.614749,1.8492,145.23,0.0164,3.890876
662300,331150,6.321913e-5,0.614028,1.8479,178.02,0.0151,3.914082
662400,331200,6.320987e-5,0.627330,1.8726,174.24,0.0157,4.002118
662500,331250,6.32006e-5,0.620572,1.8600,163.59,0.0153,3.975660
662600,331300,6.319133e-5,0.619993,1.8589,154.99,0.0153,3.950619
662700,331350,6.318206e-5,0.628897,1.8755,137.27,0.0156,4.080108
662800,331400,6.317279e-5,0.615325,1.8503,159.52,0.0154,3.943045
662900,331450,6.3163534e-5,0.634048,1.8852,146.91,0.0158,3.991416
663000,331500,6.3154264e-5,0.608235,1.8372,169.81,0.0151,3.886759
663100,331550,6.3144995e-5,0.575534,1.7781,170.99,0.0177,3.711560
663200,331600,6.3135725e-5,0.615262,1.8501,163.52,0.0156,3.904100
663300,331650,6.312645e-5,0.602672,1.8270,158.95,0.0153,3.844150
663400,331700,6.311717e-5,0.633697,1.8846,148.04,0.0154,4.056591
663500,331750,6.31079e-5,0.633729,1.8846,173.27,0.0151,4.074284
663600,331800,6.309864e-5,0.618919,1.8569,142.89,0.0159,3.918984
663700,331850,6.308937e-5,0.607477,1.8358,149.92,0.0153,3.910051
663800,331900,6.308009e-5,0.620935,1.8607,160.86,0.0159,3.954865
663900,331950,6.3070824e-5,0.621474,1.8617,146.99,0.0156,3.949938
664000,332000,6.3061554e-5,0.606372,1.8338,164.00,0.0152,3.901149
664100,332050,6.3052285e-5,0.605259,1.8317,189.29,0.0209,3.846764
664200,332100,6.3043015e-5,0.606361,1.8337,138.79,0.0161,3.877999
664300,332150,6.303374e-5,0.624740,1.8678,138.81,0.0157,3.988733
664400,332200,6.302446e-5,0.610266,1.8409,161.62,0.0156,3.881768
664500,332250,6.301519e-5,0.634705,1.8865,141.46,0.0159,4.048618
664600,332300,6.300591e-5,0.590047,1.8041,159.72,0.0150,3.839416
664700,332350,6.299664e-5,0.639550,1.8956,260.59,0.0147,4.071683
664800,332400,6.298736e-5,0.616220,1.8519,148.18,0.0154,3.945940
664900,332450,6.2978084e-5,0.618648,1.8564,159.01,0.0153,3.930964
665000,332500,6.2968815e-5,0.593769,1.8108,169.25,0.0153,3.828788
665100,332550,6.295954e-5,0.587991,1.8004,193.22,0.0171,3.803880
665200,332600,6.295026e-5,0.641940,1.9002,180.40,0.0155,4.077687
665300,332650,6.294098e-5,0.609548,1.8396,165.67,0.0152,3.901064
665400,332700,6.293171e-5,0.628721,1.8752,146.03,0.0159,3.998875
665500,332750,6.292243e-5,0.617330,1.8540,148.02,0.0155,3.941734
665600,332800,6.2913154e-5,0.628011,1.8739,163.10,0.0152,4.010664
665700,332850,6.290388e-5,0.616774,1.8529,157.89,0.0158,3.886714
665800,332900,6.28946e-5,0.632637,1.8826,172.34,0.0154,3.973733
665900,332950,6.2885316e-5,0.619278,1.8576,132.95,0.0158,3.966430
666000,333000,6.287604e-5,0.607738,1.8363,154.05,0.0154,3.867842
666100,333050,6.286676e-5,0.626117,1.8703,232.43,0.0166,3.980669
666200,333100,6.285748e-5,0.600948,1.8238,158.19,0.0157,3.850034
666300,333150,6.2848194e-5,0.598411,1.8192,170.17,0.0150,3.899458
666400,333200,6.283892e-5,0.617988,1.8552,153.43,0.0154,4.015767
666500,333250,6.282963e-5,0.618481,1.8561,152.68,0.0157,3.953644
666600,333300,6.2820356e-5,0.594909,1.8129,165.26,0.0151,3.838812
666700,333350,6.281107e-5,0.629301,1.8763,171.19,0.0152,3.995371
666800,333400,6.280179e-5,0.637653,1.8920,165.47,0.0154,4.070254
666900,333450,6.279251e-5,0.614178,1.8481,177.58,0.0159,3.931433
667000,333500,6.278322e-5,0.625826,1.8698,144.04,0.0158,3.998490
667100,333550,6.277394e-5,0.601438,1.8247,196.79,0.0174,3.856820
667200,333600,6.276466e-5,0.621531,1.8618,152.02,0.0155,3.942163
667300,333650,6.275538e-5,0.622560,1.8637,174.92,0.0152,3.994903
667400,333700,6.27461e-5,0.581347,1.7884,156.22,0.0153,3.763802
667500,333750,6.273681e-5,0.630641,1.8788,159.78,0.0156,3.973619
667600,333800,6.272753e-5,0.612097,1.8443,157.23,0.0153,3.944988
667700,333850,6.271824e-5,0.591415,1.8065,155.95,0.0153,3.777192
667800,333900,6.2708954e-5,0.627570,1.8731,160.29,0.0155,4.001526
667900,333950,6.269966e-5,0.614533,1.8488,141.32,0.0156,3.917895
668000,334000,6.269038e-5,0.667323,1.9490,189.43,0.0152,4.193906
668100,334050,6.2681094e-5,0.631139,1.8798,189.75,0.0181,4.038048
668200,334100,6.267181e-5,0.602238,1.8262,152.77,0.0153,3.888402
668300,334150,6.266252e-5,0.622235,1.8631,147.98,0.0158,3.917324
668400,334200,6.2653235e-5,0.612816,1.8456,164.34,0.0153,3.915314
668500,334250,6.264394e-5,0.615559,1.8507,150.06,0.0153,3.933644
668600,334300,6.263466e-5,0.597268,1.8171,170.49,0.0157,3.837854
668700,334350,6.2625375e-5,0.619375,1.8578,140.98,0.0162,3.892683
668800,334400,6.2616076e-5,0.581294,1.7884,185.76,0.0145,3.754867
668900,334450,6.260679e-5,0.603205,1.8280,178.42,0.0158,3.864079
669000,334500,6.25975e-5,0.595612,1.8141,162.77,0.0154,3.792551
669100,334550,6.258822e-5,0.641826,1.8999,194.23,0.0184,4.038040
669200,334600,6.2578925e-5,0.609457,1.8394,154.24,0.0160,3.901966
669300,334650,6.2569634e-5,0.591948,1.8075,153.44,0.0153,3.809043
669400,334700,6.256034e-5,0.639248,1.8951,183.06,0.0160,4.078468
669500,334750,6.255106e-5,0.599139,1.8206,163.56,0.0152,3.859827
669600,334800,6.254177e-5,0.621145,1.8611,154.61,0.0157,3.966519
669700,334850,6.253247e-5,0.638791,1.8942,184.72,0.0153,4.012091
669800,334900,6.252318e-5,0.617168,1.8537,136.12,0.0158,3.955263
669900,334950,6.2513885e-5,0.601279,1.8244,165.02,0.0155,3.869359
670000,335000,6.2504594e-5,0.603395,1.8283,129.76,0.0159,3.864658
670100,335050,6.2495295e-5,0.636465,1.8898,177.72,0.0178,4.069254
670200,335100,6.248601e-5,0.619096,1.8572,164.44,0.0153,3.935223
670300,335150,6.247671e-5,0.640489,1.8974,178.89,0.0155,4.097377
670400,335200,6.246742e-5,0.623965,1.8663,141.50,0.0155,3.989360
670500,335250,6.245812e-5,0.599626,1.8214,156.39,0.0153,3.848818
670600,335300,6.244883e-5,0.616589,1.8526,182.99,0.0154,3.900282
670700,335350,6.243953e-5,0.620204,1.8593,169.81,0.0157,3.963972
670800,335400,6.243024e-5,0.596905,1.8165,158.70,0.0153,3.837982
670900,335450,6.242094e-5,0.638438,1.8935,165.35,0.0151,4.113539
671000,335500,6.241165e-5,0.629322,1.8763,151.08,0.0156,3.998758
671100,335550,6.240235e-5,0.599543,1.8213,188.02,0.0174,3.871603
671200,335600,6.2393054e-5,0.614252,1.8483,169.53,0.0158,3.960561
671300,335650,6.2383755e-5,0.632018,1.8814,178.47,0.0151,4.012015
671400,335700,6.2374456e-5,0.629437,1.8766,158.05,0.0159,4.039144
671500,335750,6.2365165e-5,0.633915,1.8850,172.22,0.0155,4.045880
671600,335800,6.235586e-5,0.596994,1.8167,157.67,0.0153,3.838140
671700,335850,6.234656e-5,0.620598,1.8600,149.47,0.0155,3.962964
671800,335900,6.233727e-5,0.600218,1.8225,148.22,0.0154,3.818541
671900,335950,6.232796e-5,0.598545,1.8195,145.91,0.0156,3.797989
672000,336000,6.2318664e-5,0.621218,1.8612,147.34,0.0157,3.939080
672100,336050,6.230937e-5,0.620424,1.8597,194.91,0.0174,3.955944
672200,336100,6.230007e-5,0.609594,1.8397,185.98,0.0158,3.869817
672300,336150,6.229077e-5,0.603433,1.8284,163.10,0.0154,3.865540
672400,336200,6.228147e-5,0.607626,1.8361,156.37,0.0157,3.880388
672500,336250,6.227217e-5,0.594350,1.8119,180.29,0.0152,3.845922
672600,336300,6.226287e-5,0.594952,1.8129,163.24,0.0157,3.832963
672700,336350,6.225357e-5,0.623024,1.8646,169.91,0.0159,3.959841
672800,336400,6.2244275e-5,0.611816,1.8438,177.14,0.0161,3.877682
672900,336450,6.223497e-5,0.611667,1.8435,152.25,0.0155,3.904518
673000,336500,6.222566e-5,0.639247,1.8951,148.86,0.0164,4.054358
673100,336550,6.2216364e-5,0.610646,1.8416,193.69,0.0192,3.872178
673200,336600,6.220706e-5,0.612936,1.8458,169.21,0.0162,3.901165
673300,336650,6.219775e-5,0.614829,1.8493,153.75,0.0165,3.911769
673400,336700,6.2188454e-5,0.605434,1.8320,162.21,0.0162,3.858064
673500,336750,6.217915e-5,0.587699,1.7998,178.41,0.0158,3.781116
673600,336800,6.216984e-5,0.620696,1.8602,149.70,0.0167,3.932253
673700,336850,6.216053e-5,0.609873,1.8402,135.00,0.0169,3.898378
673800,336900,6.215123e-5,0.617040,1.8534,169.28,0.0161,3.961993
673900,336950,6.2141924e-5,0.636753,1.8903,147.20,0.0168,4.000460
674000,337000,6.213262e-5,0.626675,1.8714,158.14,0.0157,3.987260
674100,337050,6.212332e-5,0.611436,1.8431,179.68,0.0191,3.884547
674200,337100,6.211401e-5,0.628996,1.8757,155.29,0.0163,3.975194
674300,337150,6.210471e-5,0.594898,1.8128,148.43,0.0163,3.795259
674400,337200,6.2095394e-5,0.604369,1.8301,143.36,0.0165,3.852910
674500,337250,6.2086096e-5,0.599880,1.8219,158.05,0.0161,3.818215
674600,337300,6.207678e-5,0.615761,1.8511,151.43,0.0163,3.942010
674700,337350,6.206747e-5,0.607598,1.8360,145.72,0.0163,3.887221
674800,337400,6.205817e-5,0.663861,1.9423,149.64,0.0165,4.205077
674900,337450,6.204886e-5,0.618805,1.8567,145.44,0.0163,3.957032
675000,337500,6.203956e-5,0.597234,1.8171,178.59,0.0157,3.866687
675100,337550,6.2030245e-5,0.661172,1.9371,217.15,0.0183,4.195967
675200,337600,6.202093e-5,0.622383,1.8634,169.13,0.0158,3.964382
675300,337650,6.201162e-5,0.628514,1.8748,162.80,0.0162,3.963962
675400,337700,6.200232e-5,0.622701,1.8640,151.47,0.0162,3.996013
675500,337750,6.199301e-5,0.608405,1.8375,202.35,0.0158,3.888553
675600,337800,6.1983694e-5,0.633035,1.8833,152.61,0.0164,3.978070
675700,337850,6.197438e-5,0.605684,1.8325,158.46,0.0162,3.856898
675800,337900,6.196507e-5,0.628452,1.8747,165.62,0.0160,3.987918
675900,337950,6.1955754e-5,0.589853,1.8037,141.84,0.0163,3.779219
676000,338000,6.194644e-5,0.626584,1.8712,149.38,0.0163,3.976434
676100,338050,6.193714e-5,0.612422,1.8449,198.35,0.0184,3.936296
676200,338100,6.192783e-5,0.645451,1.9068,140.38,0.0168,4.073806
676300,338150,6.1918516e-5,0.595066,1.8132,136.10,0.0166,3.782680
676400,338200,6.19092e-5,0.630043,1.8777,167.90,0.0162,4.010039
676500,338250,6.189989e-5,0.636837,1.8905,146.69,0.0165,4.058691
676600,338300,6.189057e-5,0.617982,1.8552,170.08,0.0165,3.959246
676700,338350,6.1881256e-5,0.574477,1.7762,180.91,0.0156,3.694337
676800,338400,6.187194e-5,0.604249,1.8299,176.79,0.0159,3.854338
676900,338450,6.186262e-5,0.596444,1.8157,172.02,0.0159,3.832451
677000,338500,6.185331e-5,0.598700,1.8198,159.53,0.0160,3.859118
677100,338550,6.1843995e-5,0.616810,1.8530,180.91,0.0190,3.922058
677200,338600,6.183468e-5,0.604936,1.8311,171.87,0.0159,3.888783
677300,338650,6.182537e-5,0.633087,1.8834,179.19,0.0160,4.040451
677400,338700,6.1816056e-5,0.579418,1.7850,176.68,0.0157,3.732762
677500,338750,6.180674e-5,0.650548,1.9166,160.60,0.0163,4.112321
677600,338800,6.179742e-5,0.610534,1.8414,195.71,0.0155,3.907442
677700,338850,6.17881e-5,0.605240,1.8317,173.77,0.0156,3.855279
677800,338900,6.177879e-5,0.596556,1.8159,167.44,0.0157,3.830829
677900,338950,6.176947e-5,0.596369,1.8155,172.30,0.0159,3.846344
678000,339000,6.1760154e-5,0.633481,1.8842,141.60,0.0164,4.045169
678100,339050,6.1750834e-5,0.644838,1.9057,184.72,0.0190,4.086520
678200,339100,6.174152e-5,0.601695,1.8252,176.45,0.0153,3.858214
678300,339150,6.173219e-5,0.578039,1.7825,172.61,0.0156,3.686399
678400,339200,6.172288e-5,0.636026,1.8890,164.32,0.0162,4.035607
678500,339250,6.171356e-5,0.619827,1.8586,175.62,0.0159,3.947093
678600,339300,6.170424e-5,0.620394,1.8597,176.73,0.0159,3.944036
678700,339350,6.169492e-5,0.607784,1.8364,147.85,0.0162,3.924245
678800,339400,6.16856e-5,0.633876,1.8849,157.38,0.0160,4.057106
678900,339450,6.167628e-5,0.615734,1.8510,149.43,0.0165,3.891628
679000,339500,6.166696e-5,0.584996,1.7950,158.85,0.0161,3.749384
679100,339550,6.1657636e-5,0.606308,1.8336,190.43,0.0188,3.845581
679200,339600,6.1648316e-5,0.600474,1.8230,135.87,0.0159,3.846797
679300,339650,6.1638995e-5,0.615358,1.8503,144.93,0.0156,3.910373
679400,339700,6.1629675e-5,0.626343,1.8708,176.47,0.0157,3.949265
679500,339750,6.162035e-5,0.601507,1.8249,143.10,0.0158,3.867124
679600,339800,6.1611034e-5,0.600376,1.8228,164.73,0.0159,3.853572
679700,339850,6.1601706e-5,0.604835,1.8309,158.30,0.0163,3.856867
679800,339900,6.159238e-5,0.603707,1.8289,145.84,0.0164,3.891823
679900,339950,6.158306e-5,0.606407,1.8338,158.09,0.0162,3.857120
680000,340000,6.157374e-5,0.635465,1.8879,153.97,0.0164,4.018717
680100,340050,6.156442e-5,0.580312,1.7866,198.69,0.0183,3.732081
680200,340100,6.155509e-5,0.603509,1.8285,158.51,0.0163,3.798806
680300,340150,6.154577e-5,0.593363,1.8101,177.99,0.0155,3.816429
680400,340200,6.153644e-5,0.594505,1.8121,190.28,0.0157,3.824267
680500,340250,6.152711e-5,0.637981,1.8927,188.10,0.0157,4.098701
680600,340300,6.1517785e-5,0.607903,1.8366,172.16,0.0161,3.886795
680700,340350,6.150846e-5,0.626821,1.8717,224.13,0.0154,4.004411
680800,340400,6.149914e-5,0.614989,1.8496,145.07,0.0165,3.923441
680900,340450,6.148981e-5,0.597659,1.8179,152.30,0.0163,3.817241
681000,340500,6.148049e-5,0.628427,1.8747,211.92,0.0159,3.976009
681100,340550,6.147116e-5,0.608458,1.8376,180.12,0.0188,3.884587
681200,340600,6.146183e-5,0.612427,1.8449,157.70,0.0162,3.874032
681300,340650,6.14525e-5,0.604334,1.8300,162.66,0.0162,3.855314
681400,340700,6.144317e-5,0.639814,1.8961,169.99,0.0159,4.074841
681500,340750,6.143385e-5,0.612508,1.8451,137.11,0.0164,3.927843
681600,340800,6.142452e-5,0.601277,1.8244,156.01,0.0163,3.859617
681700,340850,6.1415194e-5,0.588235,1.8008,196.94,0.0153,3.791437
681800,340900,6.1405866e-5,0.601165,1.8242,161.03,0.0159,3.880416
681900,340950,6.139653e-5,0.603553,1.8286,161.86,0.0163,3.796580
682000,341000,6.13872e-5,0.625956,1.8700,155.62,0.0162,3.973096
682100,341050,6.1377876e-5,0.616378,1.8522,203.53,0.0180,3.985740
682200,341100,6.136854e-5,0.591558,1.8068,157.10,0.0164,3.759532
682300,341150,6.135921e-5,0.628767,1.8753,174.90,0.0157,4.066413
682400,341200,6.1349885e-5,0.618573,1.8563,133.85,0.0168,3.924033
682500,341250,6.134055e-5,0.625543,1.8693,154.22,0.0164,3.991830
682600,341300,6.133122e-5,0.604927,1.8311,156.57,0.0159,3.923644
682700,341350,6.132189e-5,0.596270,1.8153,148.82,0.0161,3.826066
682800,341400,6.131256e-5,0.639358,1.8953,164.28,0.0162,4.063250
682900,341450,6.130323e-5,0.622298,1.8632,178.17,0.0161,3.944429
683000,341500,6.12939e-5,0.625244,1.8687,182.71,0.0159,3.974745
683100,341550,6.128456e-5,0.620577,1.8600,203.81,0.0184,3.912551
683200,341600,6.1275234e-5,0.609601,1.8397,164.29,0.0160,3.908568
683300,341650,6.1265906e-5,0.613102,1.8462,173.98,0.0158,3.921491
683400,341700,6.125657e-5,0.624579,1.8675,155.52,0.0160,4.000590
683500,341750,6.1247236e-5,0.632116,1.8816,160.00,0.0164,4.036428
683600,341800,6.12379e-5,0.629102,1.8759,140.39,0.0167,3.969326
683700,341850,6.1228566e-5,0.608703,1.8380,175.04,0.0157,3.897152
683800,341900,6.121924e-5,0.620717,1.8603,164.81,0.0166,3.957149
683900,341950,6.1209896e-5,0.623962,1.8663,142.87,0.0163,3.975654
684000,342000,6.120056e-5,0.609597,1.8397,148.84,0.0160,3.918100
684100,342050,6.1191226e-5,0.606829,1.8346,190.99,0.0190,3.851818
684200,342100,6.118189e-5,0.620695,1.8602,149.74,0.0166,3.931282
684300,342150,6.1172555e-5,0.624321,1.8670,171.58,0.0161,4.001511
684400,342200,6.116321e-5,0.626757,1.8715,138.21,0.0170,4.004440
684500,342250,6.1153885e-5,0.628457,1.8747,197.80,0.0160,4.030646
684600,342300,6.114454e-5,0.614149,1.8481,167.82,0.0164,3.931581
684700,342350,6.1135215e-5,0.619356,1.8577,174.77,0.0165,3.929456
684800,342400,6.112587e-5,0.587042,1.7987,168.45,0.0161,3.752448
684900,342450,6.111654e-5,0.607063,1.8350,145.80,0.0168,3.855018
685000,342500,6.11072e-5,0.616455,1.8523,150.25,0.0166,3.968835
685100,342550,6.109786e-5,0.639883,1.8963,165.53,0.0205,4.075428
685200,342600,6.1088525e-5,0.623182,1.8649,144.06,0.0172,3.928861
685300,342650,6.107919e-5,0.614965,1.8496,152.18,0.0167,3.916694
685400,342700,6.106985e-5,0.625935,1.8700,176.16,0.0166,3.982389
685500,342750,6.1060506e-5,0.624305,1.8669,159.13,0.0164,3.985539
685600,342800,6.105117e-5,0.616432,1.8523,154.02,0.0166,3.938714
685700,342850,6.1041836e-5,0.598548,1.8195,164.39,0.0165,3.803034
685800,342900,6.1032493e-5,0.623922,1.8662,173.77,0.0162,4.014730
685900,342950,6.1023155e-5,0.609859,1.8402,163.17,0.0164,3.915282
686000,343000,6.1013812e-5,0.613156,1.8462,181.82,0.0161,3.922895
686100,343050,6.100447e-5,0.612134,1.8444,175.48,0.0195,3.903806
686200,343100,6.0995128e-5,0.612116,1.8443,170.19,0.0158,3.904415
686300,343150,6.098579e-5,0.595582,1.8141,157.94,0.0165,3.824859
686400,343200,6.0976447e-5,0.611922,1.8440,151.57,0.0164,3.944296
686500,343250,6.0967104e-5,0.594232,1.8116,191.97,0.0157,3.838407
686600,343300,6.0957762e-5,0.610102,1.8406,155.19,0.0159,3.979331
686700,343350,6.094842e-5,0.597517,1.8176,194.00,0.0158,3.825557
686800,343400,6.093908e-5,0.615676,1.8509,140.02,0.0166,3.978942
686900,343450,6.092974e-5,0.637400,1.8916,160.34,0.0166,4.015546
687000,343500,6.0920396e-5,0.599245,1.8207,154.31,0.0164,3.832813
687100,343550,6.0911054e-5,0.594889,1.8128,180.44,0.0192,3.796623
687200,343600,6.0901708e-5,0.627785,1.8735,137.27,0.0166,3.983973
687300,343650,6.0892362e-5,0.586297,1.7973,175.90,0.0162,3.730477
687400,343700,6.088302e-5,0.609759,1.8400,137.49,0.0164,3.935399
687500,343750,6.0873674e-5,0.635414,1.8878,157.42,0.0165,4.035630
687600,343800,6.0864328e-5,0.609011,1.8386,172.56,0.0163,3.862594
687700,343850,6.0854985e-5,0.621986,1.8626,144.51,0.0168,3.948992
687800,343900,6.084564e-5,0.638733,1.8941,150.55,0.0169,4.033489
687900,343950,6.0836293e-5,0.598197,1.8188,147.82,0.0167,3.845042
688000,344000,6.0826955e-5,0.645474,1.9069,141.99,0.0168,4.072107
688100,344050,6.081761e-5,0.614454,1.8486,206.67,0.0186,3.887424
688200,344100,6.080826e-5,0.643578,1.9033,158.81,0.0165,4.073596
688300,344150,6.0798913e-5,0.603650,1.8288,161.82,0.0169,3.779242
688400,344200,6.078957e-5,0.618580,1.8563,158.92,0.0163,3.932200
688500,344250,6.078022e-5,0.616410,1.8523,156.52,0.0167,3.894045
688600,344300,6.0770875e-5,0.624776,1.8678,139.69,0.0165,3.991848
688700,344350,6.076153e-5,0.604901,1.8311,171.03,0.0160,3.857862
688800,344400,6.0752187e-5,0.617450,1.8542,141.96,0.0168,3.949595
688900,344450,6.0742834e-5,0.625989,1.8701,145.34,0.0169,3.967838
689000,344500,6.073349e-5,0.610671,1.8417,181.94,0.0165,3.875406
689100,344550,6.072414e-5,0.644146,1.9044,204.28,0.0187,4.119060
689200,344600,6.071479e-5,0.598417,1.8192,160.23,0.0162,3.804894
689300,344650,6.070544e-5,0.617011,1.8534,157.09,0.0159,3.957870
689400,344700,6.069609e-5,0.579551,1.7852,182.42,0.0154,3.735370
689500,344750,6.0686743e-5,0.620155,1.8592,187.63,0.0156,3.994020
689600,344800,6.0677394e-5,0.627740,1.8734,195.34,0.0156,4.004805
689700,344850,6.0668044e-5,0.617287,1.8539,169.74,0.0157,3.932826
689800,344900,6.0658695e-5,0.630668,1.8789,146.47,0.0164,4.017673
689900,344950,6.0649345e-5,0.606882,1.8347,155.77,0.0159,3.915425
690000,345000,6.0639988e-5,0.627329,1.8726,154.63,0.0160,4.025212
690100,345050,6.063064e-5,0.608713,1.8381,183.54,0.0189,3.879769
690200,345100,6.0621293e-5,0.607021,1.8350,163.90,0.0159,3.891620
690300,345150,6.0611943e-5,0.619776,1.8585,152.31,0.0162,3.965510
690400,345200,6.060259e-5,0.630864,1.8792,140.01,0.0163,4.020254
690500,345250,6.0593236e-5,0.603126,1.8278,147.00,0.0161,3.846208
690600,345300,6.0583894e-5,0.640044,1.8966,170.11,0.0159,4.093434
690700,345350,6.0574537e-5,0.619381,1.8578,151.25,0.0158,3.979564
690800,345400,6.0565188e-5,0.613876,1.8476,137.24,0.0164,3.924391
690900,345450,6.055583e-5,0.628261,1.8743,169.55,0.0164,3.973631
691000,345500,6.054648e-5,0.593249,1.8099,158.81,0.0155,3.781205
691100,345550,6.0537124e-5,0.594534,1.8122,177.97,0.0180,3.834306
691200,345600,6.052777e-5,0.607698,1.8362,150.22,0.0154,3.917765
691300,345650,6.051842e-5,0.610286,1.8410,148.13,0.0158,3.902743
691400,345700,6.0509064e-5,0.610766,1.8418,144.29,0.0159,3.950095
691500,345750,6.0499708e-5,0.634388,1.8859,155.99,0.0157,4.058399
691600,345800,6.0490354e-5,0.614790,1.8493,159.79,0.0155,3.943126
691700,345850,6.0480997e-5,0.612756,1.8455,178.91,0.0154,3.875312
691800,345900,6.0471644e-5,0.580307,1.7866,158.17,0.0152,3.768561
691900,345950,6.0462287e-5,0.633683,1.8845,141.86,0.0157,4.082894
692000,346000,6.045293e-5,0.611801,1.8437,160.48,0.0156,3.881916
692100,346050,6.044358e-5,0.638684,1.8940,169.99,0.0183,4.083461
692200,346100,6.0434224e-5,0.624175,1.8667,147.34,0.0156,3.976482
692300,346150,6.042487e-5,0.602464,1.8266,149.61,0.0156,3.837714
692400,346200,6.0415514e-5,0.605042,1.8313,152.97,0.0154,3.908835
692500,346250,6.040616e-5,0.614177,1.8481,153.81,0.0155,3.929954
692600,346300,6.0396796e-5,0.614237,1.8482,169.99,0.0152,3.910329
692700,346350,6.0387443e-5,0.629717,1.8771,176.84,0.0152,4.009929
692800,346400,6.0378086e-5,0.620359,1.8596,146.76,0.0156,3.990758
692900,346450,6.0368726e-5,0.625382,1.8690,135.47,0.0159,3.937337
693000,346500,6.035937e-5,0.589761,1.8036,126.48,0.0158,3.812056
693100,346550,6.035001e-5,0.607076,1.8351,188.27,0.0177,3.878249
693200,346600,6.0340655e-5,0.597565,1.8177,164.94,0.0151,3.840789
693300,346650,6.03313e-5,0.617999,1.8552,164.57,0.0155,3.942824
693400,346700,6.0321938e-5,0.603792,1.8290,164.30,0.0156,3.872705
693500,346750,6.031258e-5,0.585199,1.7953,153.50,0.0153,3.731621
693600,346800,6.030322e-5,0.598498,1.8194,149.71,0.0156,3.812449
693700,346850,6.029386e-5,0.606156,1.8334,156.69,0.0154,3.902319
693800,346900,6.02845e-5,0.604569,1.8305,172.41,0.0157,3.806582
693900,346950,6.027514e-5,0.606050,1.8332,153.10,0.0156,3.871205
694000,347000,6.026579e-5,0.601562,1.8250,154.22,0.0158,3.864090
694100,347050,6.025643e-5,0.618269,1.8557,200.16,0.0171,3.962411
694200,347100,6.0247068e-5,0.629749,1.8771,164.07,0.0156,4.029568
694300,347150,6.02377e-5,0.609285,1.8391,167.28,0.0156,3.920522
694400,347200,6.022834e-5,0.604695,1.8307,164.01,0.0155,3.833613
694500,347250,6.021898e-5,0.588964,1.8021,148.47,0.0156,3.757328
694600,347300,6.020962e-5,0.604022,1.8295,169.41,0.0153,3.832641
694700,347350,6.020026e-5,0.624840,1.8679,161.01,0.0159,3.991611
694800,347400,6.0190894e-5,0.621264,1.8613,177.46,0.0153,3.923175
694900,347450,6.018153e-5,0.604949,1.8312,150.16,0.0153,3.883684
695000,347500,6.017217e-5,0.596603,1.8159,136.63,0.0156,3.839804
695100,347550,6.016281e-5,0.617441,1.8542,165.36,0.0180,3.982745
695200,347600,6.015344e-5,0.603232,1.8280,162.71,0.0159,3.888604
695300,347650,6.014408e-5,0.605580,1.8323,181.04,0.0150,3.870235
695400,347700,6.0134713e-5,0.617989,1.8552,146.07,0.0156,3.921298
695500,347750,6.0125352e-5,0.611549,1.8433,182.56,0.0151,3.873328
695600,347800,6.011599e-5,0.626272,1.8706,190.68,0.0149,4.002098
695700,347850,6.010663e-5,0.617858,1.8550,186.77,0.0159,3.882455
695800,347900,6.0097263e-5,0.616647,1.8527,173.02,0.0150,3.949700
695900,347950,6.0087903e-5,0.603496,1.8285,170.64,0.0152,3.895803
696000,348000,6.007854e-5,0.638759,1.8941,146.82,0.0160,4.074641
696100,348050,6.006918e-5,0.615379,1.8504,180.35,0.0178,3.923348
696200,348100,6.005981e-5,0.607607,1.8360,151.02,0.0158,3.845356
696300,348150,6.0050443e-5,0.622444,1.8635,126.85,0.0161,3.948953
696400,348200,6.004108e-5,0.644528,1.9051,189.29,0.0154,4.062546
696500,348250,6.003171e-5,0.605059,1.8314,145.76,0.0156,3.906182
696600,348300,6.0022347e-5,0.632140,1.8816,161.76,0.0157,4.022599
696700,348350,6.001298e-5,0.613852,1.8475,150.24,0.0153,3.937464
696800,348400,6.0003615e-5,0.612792,1.8456,162.01,0.0154,3.902572
696900,348450,5.9994247e-5,0.597180,1.8170,147.54,0.0160,3.792776
697000,348500,5.998488e-5,0.622779,1.8641,163.86,0.0151,3.992310
697100,348550,5.9975508e-5,0.635274,1.8875,181.08,0.0180,4.008857
697200,348600,5.9966143e-5,0.616910,1.8532,157.11,0.0156,3.919754
697300,348650,5.9956776e-5,0.589424,1.8030,162.46,0.0154,3.762766
697400,348700,5.994741e-5,0.590738,1.8053,166.45,0.0151,3.814864
697500,348750,5.9938044e-5,0.611739,1.8436,127.77,0.0160,3.905285
697600,348800,5.9928676e-5,0.640061,1.8966,164.54,0.0154,4.071947
697700,348850,5.9919304e-5,0.600023,1.8222,166.15,0.0157,3.809680
697800,348900,5.990994e-5,0.626610,1.8713,137.40,0.0167,3.930041
697900,348950,5.990057e-5,0.620637,1.8601,138.50,0.0159,3.969721
698000,349000,5.98912e-5,0.618795,1.8567,161.74,0.0150,4.033756
698100,349050,5.988183e-5,0.588093,1.8006,192.78,0.0180,3.756132
698200,349100,5.987246e-5,0.631782,1.8810,172.40,0.0156,4.031448
698300,349150,5.986309e-5,0.613144,1.8462,144.33,0.0156,3.921744
698400,349200,5.985372e-5,0.626333,1.8707,137.45,0.0159,3.967514
698500,349250,5.9844348e-5,0.616919,1.8532,140.40,0.0154,3.956484
698600,349300,5.9834983e-5,0.614342,1.8484,162.92,0.0155,3.936936
698700,349350,5.9825616e-5,0.630443,1.8784,162.68,0.0153,4.038946
698800,349400,5.9816244e-5,0.605901,1.8329,160.98,0.0155,3.849944
698900,349450,5.9806873e-5,0.610989,1.8423,146.96,0.0159,3.883739
699000,349500,5.97975e-5,0.605501,1.8322,169.50,0.0152,3.829080
699100,349550,5.978813e-5,0.647228,1.9102,191.61,0.0178,4.062277
699200,349600,5.977876e-5,0.585272,1.7955,134.47,0.0157,3.768212
699300,349650,5.9769387e-5,0.602005,1.8258,137.77,0.0158,3.844158
699400,349700,5.976002e-5,0.608937,1.8385,135.68,0.0156,3.943947
699500,349750,5.9750644e-5,0.625473,1.8691,129.81,0.0163,3.972427
699600,349800,5.9741273e-5,0.602688,1.8270,156.54,0.0159,3.851875
699700,349850,5.97319e-5,0.593632,1.8106,161.57,0.0153,3.794912
699800,349900,5.972253e-5,0.608167,1.8371,160.94,0.0153,3.899128
699900,349950,5.971315e-5,0.629635,1.8769,141.43,0.0158,4.020156
700000,350000,5.970378e-5,0.612669,1.8453,143.38,0.0158,3.887117
700100,350050,5.969441e-5,0.641696,1.8997,170.97,0.0182,4.091388
700200,350100,5.968503e-5,0.630482,1.8785,162.06,0.0158,4.012532
700300,350150,5.9675658e-5,0.609636,1.8398,158.61,0.0153,3.909684
700400,350200,5.9666283e-5,0.592218,1.8080,153.69,0.0151,3.797023
700500,350250,5.965691e-5,0.627503,1.8729,154.39,0.0155,4.060709
700600,350300,5.9647533e-5,0.628901,1.8755,153.22,0.0155,3.978351
700700,350350,5.9638158e-5,0.608560,1.8378,154.31,0.0157,3.832853
700800,350400,5.9628786e-5,0.601874,1.8255,162.48,0.0153,3.858495
700900,350450,5.9619415e-5,0.611114,1.8425,149.51,0.0159,3.900759
701000,350500,5.9610036e-5,0.617326,1.8540,136.08,0.0160,3.934432
701100,350550,5.9600665e-5,0.634382,1.8859,162.97,0.0188,4.019909
701200,350600,5.9591293e-5,0.594712,1.8125,169.79,0.0148,3.840627
701300,350650,5.9581915e-5,0.583936,1.7931,149.41,0.0156,3.753853
701400,350700,5.957254e-5,0.589851,1.8037,148.69,0.0157,3.753944
701500,350750,5.956316e-5,0.612702,1.8454,182.97,0.0150,3.927991
701600,350800,5.9553786e-5,0.601614,1.8251,167.10,0.0151,3.863072
701700,350850,5.9544407e-5,0.628121,1.8741,136.78,0.0163,3.998516
701800,350900,5.9535032e-5,0.614754,1.8492,158.59,0.0155,3.895828
701900,350950,5.9525653e-5,0.595817,1.8145,140.05,0.0158,3.806025
702000,351000,5.951628e-5,0.621195,1.8612,160.95,0.0154,3.933071
702100,351050,5.95069e-5,0.604942,1.8311,178.53,0.0184,3.860533
702200,351100,5.9497524e-5,0.578896,1.7841,133.28,0.0156,3.733571
702300,351150,5.9488142e-5,0.602460,1.8266,143.54,0.0160,3.833045
702400,351200,5.9478763e-5,0.618911,1.8569,141.83,0.0155,3.956344
702500,351250,5.946939e-5,0.616291,1.8520,156.38,0.0153,3.968536
702600,351300,5.9460006e-5,0.625490,1.8692,202.89,0.0157,3.910139
702700,351350,5.9450627e-5,0.598329,1.8191,164.79,0.0153,3.831415
702800,351400,5.9441256e-5,0.642208,1.9007,169.47,0.0159,4.069469
702900,351450,5.9431874e-5,0.597702,1.8179,175.14,0.0150,3.846313
703000,351500,5.9422495e-5,0.625387,1.8690,170.26,0.0152,3.947958
703100,351550,5.9413112e-5,0.603591,1.8287,149.90,0.0199,3.829151
703200,351600,5.9403737e-5,0.628598,1.8750,182.74,0.0154,4.049675
703300,351650,5.9394355e-5,0.609938,1.8403,136.54,0.0159,3.897066
703400,351700,5.9384973e-5,0.612233,1.8445,140.96,0.0158,3.866525
703500,351750,5.9375594e-5,0.607921,1.8366,180.91,0.0153,3.878780
703600,351800,5.936621e-5,0.626046,1.8702,158.06,0.0157,3.971706
703700,351850,5.935683e-5,0.610819,1.8419,146.67,0.0155,3.934968
703800,351900,5.9347458e-5,0.614095,1.8480,158.73,0.0156,3.948167
703900,351950,5.9338076e-5,0.620418,1.8597,146.08,0.0156,3.959424
704000,352000,5.9328693e-5,0.603818,1.8291,178.40,0.0157,3.829351
704100,352050,5.931931e-5,0.606308,1.8336,173.25,0.0185,3.882515
704200,352100,5.930993e-5,0.615764,1.8511,167.63,0.0155,3.883844
704300,352150,5.9300546e-5,0.604898,1.8311,153.11,0.0155,3.894037
704400,352200,5.9291164e-5,0.640563,1.8975,186.58,0.0157,4.048516
704500,352250,5.928178e-5,0.634909,1.8868,136.07,0.0160,4.008087
704600,352300,5.92724e-5,0.579050,1.7843,165.35,0.0152,3.749468
704700,352350,5.9263024e-5,0.587618,1.7997,172.12,0.0155,3.784520
704800,352400,5.925364e-5,0.607712,1.8362,143.28,0.0157,3.878695
704900,352450,5.924426e-5,0.588977,1.8021,167.51,0.0154,3.788120
705000,352500,5.9234877e-5,0.632908,1.8831,170.68,0.0156,4.010696
705100,352550,5.9225487e-5,0.604594,1.8305,180.90,0.0177,3.861105
705200,352600,5.9216105e-5,0.617922,1.8551,140.85,0.0163,3.964045
705300,352650,5.9206723e-5,0.636008,1.8889,144.50,0.0159,4.079492
705400,352700,5.919734e-5,0.610619,1.8416,166.20,0.0160,3.861777
705500,352750,5.9187954e-5,0.634649,1.8864,129.80,0.0161,4.013733
705600,352800,5.9178572e-5,0.624044,1.8665,150.45,0.0157,3.985125
705700,352850,5.9169182e-5,0.619305,1.8576,132.67,0.0156,3.964301
705800,352900,5.91598e-5,0.616904,1.8532,166.25,0.0152,3.942833
705900,352950,5.9150418e-5,0.617823,1.8549,146.37,0.0156,3.930511
706000,353000,5.914103e-5,0.648262,1.9122,158.43,0.0156,4.100103
706100,353050,5.9131642e-5,0.646919,1.9096,158.79,0.0193,4.102301
706200,353100,5.9122267e-5,0.622605,1.8638,142.27,0.0158,4.004686
706300,353150,5.9112877e-5,0.628607,1.8750,147.62,0.0156,3.993105
706400,353200,5.910349e-5,0.628220,1.8743,159.53,0.0156,4.010554
706500,353250,5.909411e-5,0.621807,1.8623,133.01,0.0161,3.963210
706600,353300,5.9084727e-5,0.609092,1.8388,148.10,0.0159,3.863382
706700,353350,5.9075337e-5,0.617457,1.8542,150.51,0.0156,3.926835
706800,353400,5.906595e-5,0.626671,1.8714,150.83,0.0154,3.993427
706900,353450,5.905657e-5,0.599873,1.8219,178.25,0.0150,3.859825
707000,353500,5.904718e-5,0.610427,1.8412,166.89,0.0154,3.870240
707100,353550,5.9037793e-5,0.595655,1.8142,182.89,0.0178,3.856426
707200,353600,5.9028403e-5,0.616862,1.8531,151.23,0.0156,3.982233
707300,353650,5.9019017e-5,0.622425,1.8634,155.93,0.0158,3.929130
707400,353700,5.9009628e-5,0.639481,1.8955,149.52,0.0158,4.085598
707500,353750,5.9000242e-5,0.610986,1.8422,154.70,0.0154,3.884842
707600,353800,5.8990852e-5,0.623908,1.8662,166.37,0.0156,3.932982
707700,353850,5.8981466e-5,0.608160,1.8370,147.28,0.0157,3.877973
707800,353900,5.8972077e-5,0.590370,1.8047,184.97,0.0151,3.783898
707900,353950,5.896269e-5,0.606969,1.8349,162.01,0.0152,3.929776
708000,354000,5.8953297e-5,0.631430,1.8803,144.08,0.0159,4.016480
708100,354050,5.8943915e-5,0.616143,1.8518,178.23,0.0185,3.923146
708200,354100,5.893453e-5,0.626319,1.8707,134.13,0.0162,3.980338
708300,354150,5.892514e-5,0.625250,1.8687,209.15,0.0159,3.899749
708400,354200,5.8915746e-5,0.606465,1.8339,165.28,0.0158,3.895955
708500,354250,5.890636e-5,0.624622,1.8675,155.76,0.0155,3.968894
708600,354300,5.889697e-5,0.602614,1.8269,144.22,0.0154,3.864954
708700,354350,5.8887577e-5,0.635540,1.8880,169.14,0.0155,4.016751
708800,354400,5.887819e-5,0.623505,1.8655,147.32,0.0156,3.960143
708900,354450,5.8868798e-5,0.602832,1.8273,166.54,0.0153,3.815623
709000,354500,5.885941e-5,0.616673,1.8528,156.80,0.0155,3.945100
709100,354550,5.8850022e-5,0.618455,1.8561,187.24,0.0180,3.901410
709200,354600,5.8840633e-5,0.605402,1.8320,138.61,0.0157,3.860227
709300,354650,5.883124e-5,0.620281,1.8594,153.36,0.0157,3.938856
709400,354700,5.8821846e-5,0.616191,1.8519,152.13,0.0156,3.908678
709500,354750,5.881246e-5,0.601188,1.8243,149.97,0.0156,3.824236
709600,354800,5.8803067e-5,0.604163,1.8297,159.80,0.0154,3.860070
709700,354850,5.8793674e-5,0.574469,1.7762,167.26,0.0152,3.685371
709800,354900,5.8784288e-5,0.616143,1.8518,150.27,0.0159,3.931871
709900,354950,5.8774895e-5,0.620416,1.8597,143.09,0.0157,3.935178
710000,355000,5.8765505e-5,0.603441,1.8284,172.73,0.0149,3.891822
710100,355050,5.875611e-5,0.638432,1.8935,180.06,0.0183,4.042075
710200,355100,5.874672e-5,0.591503,1.8067,163.84,0.0156,3.774802
710300,355150,5.8737325e-5,0.622099,1.8628,143.74,0.0159,3.919315
710400,355200,5.8727932e-5,0.614438,1.8486,171.02,0.0154,3.958431
710500,355250,5.871854e-5,0.607632,1.8361,182.15,0.0151,3.910807
710600,355300,5.8709145e-5,0.623719,1.8659,130.12,0.0157,4.019159
710700,355350,5.8699752e-5,0.622061,1.8628,146.61,0.0157,3.999061
710800,355400,5.869036e-5,0.640767,1.8979,192.60,0.0158,4.041113
710900,355450,5.868097e-5,0.591367,1.8065,156.00,0.0156,3.773464
711000,355500,5.8671576e-5,0.616380,1.8522,146.69,0.0157,3.914254
711100,355550,5.8662183e-5,0.617362,1.8540,187.13,0.0186,3.935847
711200,355600,5.865279e-5,0.618918,1.8569,141.62,0.0159,3.922712
711300,355650,5.864339e-5,0.659882,1.9346,157.00,0.0162,4.135072
711400,355700,5.8633996e-5,0.590483,1.8049,166.48,0.0154,3.737033
711500,355750,5.8624602e-5,0.613198,1.8463,141.10,0.0157,3.916245
711600,355800,5.8615216e-5,0.591356,1.8064,161.43,0.0153,3.800463
711700,355850,5.8605816e-5,0.608568,1.8378,156.12,0.0153,3.904524
711800,355900,5.8596423e-5,0.628863,1.8755,151.89,0.0157,4.017023
711900,355950,5.8587037e-5,0.613893,1.8476,171.53,0.0152,3.922408
712000,356000,5.857764e-5,0.595703,1.8143,134.98,0.0158,3.825887
712100,356050,5.8568246e-5,0.614157,1.8481,186.15,0.0178,3.914461
712200,356100,5.8558846e-5,0.588413,1.8011,140.65,0.0157,3.777105
712300,356150,5.8549453e-5,0.628405,1.8746,174.27,0.0150,4.018106
712400,356200,5.8540056e-5,0.603238,1.8280,157.45,0.0160,3.831928
712500,356250,5.8530655e-5,0.596186,1.8152,193.95,0.0155,3.828610
712600,356300,5.8521262e-5,0.621781,1.8622,183.16,0.0152,3.933288
712700,356350,5.8511865e-5,0.595297,1.8136,139.28,0.0159,3.813239
712800,356400,5.850247e-5,0.631389,1.8802,171.53,0.0154,4.027734
712900,356450,5.8493075e-5,0.598858,1.8200,154.93,0.0152,3.861445
713000,356500,5.8483674e-5,0.640626,1.8977,202.33,0.0158,4.059882
713100,356550,5.8474277e-5,0.604253,1.8299,175.82,0.0184,3.840579
713200,356600,5.8464884e-5,0.632989,1.8832,149.71,0.0160,3.976681
713300,356650,5.8455484e-5,0.606207,1.8335,162.55,0.0153,3.894198
713400,356700,5.8446087e-5,0.611655,1.8435,155.17,0.0158,3.942355
713500,356750,5.8436694e-5,0.603094,1.8278,151.70,0.0154,3.883324
713600,356800,5.8427297e-5,0.624716,1.8677,149.78,0.0156,3.988015
713700,356850,5.8417896e-5,0.623590,1.8656,147.48,0.0159,4.003241
713800,356900,5.84085e-5,0.601047,1.8240,150.95,0.0155,3.814351
713900,356950,5.83991e-5,0.632075,1.8815,140.94,0.0163,3.996803
714000,357000,5.8389705e-5,0.630212,1.8780,166.74,0.0154,4.028953
714100,357050,5.83803e-5,0.612358,1.8448,162.82,0.0185,3.904663
714200,357100,5.8370904e-5,0.605884,1.8329,174.13,0.0153,3.887904
714300,357150,5.8361507e-5,0.605959,1.8330,136.13,0.0157,3.843553
714400,357200,5.8352114e-5,0.599546,1.8213,180.81,0.0153,3.854067
714500,357250,5.8342714e-5,0.615655,1.8509,141.12,0.0159,3.900995
714600,357300,5.8333317e-5,0.605741,1.8326,159.72,0.0154,3.864943
714700,357350,5.8323916e-5,0.595059,1.8131,166.28,0.0151,3.825378
714800,357400,5.831452e-5,0.621816,1.8623,155.64,0.0156,3.962671
714900,357450,5.8305115e-5,0.600227,1.8225,137.58,0.0159,3.801419
715000,357500,5.829572e-5,0.619599,1.8582,131.02,0.0158,3.964358
715100,357550,5.8286318e-5,0.629290,1.8763,179.05,0.0182,3.999063
715200,357600,5.8276913e-5,0.621025,1.8608,122.30,0.0165,3.903493
715300,357650,5.8267517e-5,0.605562,1.8323,154.03,0.0156,3.861067
715400,357700,5.8258123e-5,0.617295,1.8539,154.68,0.0159,3.971357
715500,357750,5.824872e-5,0.603850,1.8291,157.92,0.0153,3.886875
715600,357800,5.823932e-5,0.613680,1.8472,160.65,0.0155,3.911163
715700,357850,5.8229918e-5,0.582876,1.7912,131.92,0.0158,3.769273
715800,357900,5.8220518e-5,0.607784,1.8364,167.49,0.0155,3.924650
715900,357950,5.8211113e-5,0.609599,1.8397,143.64,0.0163,3.853298
716000,358000,5.8201716e-5,0.589420,1.8029,157.88,0.0151,3.824786
716100,358050,5.8192312e-5,0.618182,1.8556,190.26,0.0179,3.947217
716200,358100,5.818291e-5,0.623419,1.8653,164.66,0.0155,3.976269
716300,358150,5.817351e-5,0.605920,1.8329,150.75,0.0155,3.863242
716400,358200,5.8164107e-5,0.609064,1.8387,172.07,0.0153,3.886526
716500,358250,5.8154706e-5,0.610416,1.8412,188.43,0.0154,3.876420
716600,358300,5.8145302e-5,0.612551,1.8451,135.83,0.0159,3.918684
716700,358350,5.8135898e-5,0.608782,1.8382,179.10,0.0154,3.844103
716800,358400,5.81265e-5,0.616409,1.8523,164.34,0.0152,3.962074
716900,358450,5.8117104e-5,0.611239,1.8427,166.02,0.0154,3.906887
717000,358500,5.81077e-5,0.621284,1.8613,141.22,0.0159,3.930996
717100,358550,5.8098296e-5,0.601928,1.8256,170.00,0.0187,3.846623
717200,358600,5.8088895e-5,0.647597,1.9109,161.60,0.0161,4.112212
717300,358650,5.80795e-5,0.613738,1.8473,150.31,0.0156,3.941092
717400,358700,5.8070094e-5,0.596477,1.8157,144.96,0.0155,3.859221
717500,358750,5.806069e-5,0.602652,1.8270,149.21,0.0157,3.844013
717600,358800,5.8051286e-5,0.612997,1.8460,147.07,0.0156,3.920733
717700,358850,5.8041882e-5,0.610030,1.8405,180.91,0.0151,3.910074
717800,358900,5.8032478e-5,0.614400,1.8485,164.07,0.0156,3.888143
717900,358950,5.8023077e-5,0.598771,1.8199,162.65,0.0156,3.829112
718000,359000,5.8013673e-5,0.623628,1.8657,151.62,0.0157,3.998726
718100,359050,5.800427e-5,0.585685,1.7962,193.53,0.0177,3.757006
718200,359100,5.7994865e-5,0.591295,1.8063,152.11,0.0152,3.818497
718300,359150,5.798546e-5,0.610335,1.8410,143.14,0.0156,3.902166
718400,359200,5.7976053e-5,0.609441,1.8394,150.65,0.0157,3.913800
718500,359250,5.796665e-5,0.598091,1.8186,149.35,0.0155,3.812973
718600,359300,5.7957244e-5,0.587197,1.7989,144.28,0.0159,3.757255
718700,359350,5.794784e-5,0.612625,1.8453,149.48,0.0153,3.934325
718800,359400,5.793844e-5,0.626834,1.8717,169.77,0.0161,3.955301
718900,359450,5.792903e-5,0.629318,1.8763,151.22,0.0157,3.983273
719000,359500,5.7919628e-5,0.623542,1.8655,174.02,0.0155,3.951967
719100,359550,5.7910223e-5,0.614554,1.8488,197.23,0.0176,3.890009
719200,359600,5.7900816e-5,0.623615,1.8657,166.10,0.0154,3.926747
719300,359650,5.789141e-5,0.627741,1.8734,151.12,0.0156,4.009218
719400,359700,5.7882007e-5,0.617911,1.8550,149.21,0.0162,3.915587
719500,359750,5.78726e-5,0.632781,1.8828,211.99,0.0152,4.036988
719600,359800,5.7863195e-5,0.637744,1.8922,175.28,0.0157,4.045203
719700,359850,5.785379e-5,0.614891,1.8495,154.11,0.0154,3.963967
719800,359900,5.7844387e-5,0.624537,1.8674,139.12,0.0161,3.987780
719900,359950,5.783498e-5,0.612862,1.8457,152.87,0.0154,3.950770
720000,360000,5.7825575e-5,0.606258,1.8336,142.07,0.0158,3.846304
720100,360050,5.7816163e-5,0.594795,1.8127,205.36,0.0172,3.814800
720200,360100,5.780676e-5,0.588276,1.8009,168.33,0.0148,3.827049
720300,360150,5.779735e-5,0.598902,1.8201,155.38,0.0156,3.850956
720400,360200,5.7787947e-5,0.605674,1.8325,169.75,0.0152,3.829985
720500,360250,5.777854e-5,0.646260,1.9084,208.95,0.0152,4.139283
720600,360300,5.7769128e-5,0.597086,1.8168,157.55,0.0157,3.766210
720700,360350,5.775973e-5,0.605409,1.8320,202.50,0.0150,3.887545
720800,360400,5.775032e-5,0.609693,1.8399,157.05,0.0154,3.923578
720900,360450,5.7740912e-5,0.582494,1.7905,148.02,0.0157,3.770866
721000,360500,5.7731504e-5,0.602714,1.8271,172.32,0.0156,3.864317
721100,360550,5.77221e-5,0.628693,1.8752,166.10,0.0189,3.969430
721200,360600,5.771269e-5,0.629291,1.8763,182.49,0.0159,3.954522
721300,360650,5.770328e-5,0.602292,1.8263,143.64,0.0158,3.828267
721400,360700,5.7693873e-5,0.596990,1.8166,149.11,0.0156,3.819672
721500,360750,5.768446e-5,0.632792,1.8829,136.21,0.0160,3.990447
721600,360800,5.7675054e-5,0.615444,1.8505,161.26,0.0157,3.961762
721700,360850,5.766565e-5,0.611817,1.8438,149.17,0.0158,3.876066
721800,360900,5.765624e-5,0.614902,1.8495,178.08,0.0151,3.956832
721900,360950,5.764683e-5,0.597594,1.8177,146.10,0.0157,3.836543
722000,361000,5.7637422e-5,0.600628,1.8233,154.51,0.0153,3.844879
722100,361050,5.7628014e-5,0.612195,1.8445,194.92,0.0175,3.899532
722200,361100,5.7618603e-5,0.603889,1.8292,142.82,0.0159,3.867455
722300,361150,5.76092e-5,0.621314,1.8614,142.81,0.0157,3.974501
722400,361200,5.759979e-5,0.624090,1.8665,176.05,0.0154,3.976309
722500,361250,5.759038e-5,0.607100,1.8351,155.04,0.0154,3.857064
722600,361300,5.758097e-5,0.608475,1.8376,161.03,0.0154,3.866466
722700,361350,5.7571564e-5,0.599728,1.8216,162.07,0.0150,3.853477
722800,361400,5.7562153e-5,0.593551,1.8104,179.71,0.0149,3.834817
722900,361450,5.7552745e-5,0.611918,1.8440,156.57,0.0156,3.851962
723000,361500,5.7543337e-5,0.602057,1.8259,149.41,0.0155,3.852044
723100,361550,5.7533925e-5,0.604752,1.8308,173.48,0.0185,3.864671
723200,361600,5.752451e-5,0.618715,1.8565,152.69,0.0158,3.891921
723300,361650,5.7515103e-5,0.616783,1.8530,149.88,0.0156,3.898816
723400,361700,5.7505695e-5,0.613380,1.8467,147.87,0.0159,3.922557
723500,361750,5.7496283e-5,0.620869,1.8605,152.14,0.0157,3.970514
723600,361800,5.7486868e-5,0.635525,1.8880,153.94,0.0165,3.999667
723700,361850,5.747746e-5,0.614018,1.8478,145.65,0.0157,3.903730
723800,361900,5.7468053e-5,0.596721,1.8162,148.98,0.0154,3.828005
723900,361950,5.7458637e-5,0.612886,1.8458,150.09,0.0153,3.942751
724000,362000,5.7449226e-5,0.619408,1.8578,144.97,0.0158,3.910759
724100,362050,5.7439822e-5,0.594309,1.8118,176.92,0.0181,3.797098
724200,362100,5.743041e-5,0.643544,1.9032,143.03,0.0164,4.046708
724300,362150,5.7421e-5,0.604831,1.8309,147.97,0.0155,3.877074
724400,362200,5.7411584e-5,0.636232,1.8893,175.06,0.0155,4.025215
724500,362250,5.7402176e-5,0.613658,1.8472,131.68,0.0161,3.914208
724600,362300,5.739276e-5,0.622226,1.8631,173.07,0.0156,4.004740
724700,362350,5.7383353e-5,0.606119,1.8333,172.29,0.0155,3.864823
724800,362400,5.7373938e-5,0.608052,1.8368,192.57,0.0150,3.880777
724900,362450,5.736453e-5,0.595463,1.8139,163.20,0.0154,3.797339
725000,362500,5.735512e-5,0.609371,1.8393,154.94,0.0155,3.897754
725100,362550,5.7345704e-5,0.630600,1.8787,190.98,0.0178,4.022199
725200,362600,5.7336296e-5,0.586189,1.7971,163.19,0.0155,3.719369
725300,362650,5.732688e-5,0.603742,1.8289,146.21,0.0155,3.856217
725400,362700,5.7317466e-5,0.617117,1.8536,138.29,0.0158,3.944998
725500,362750,5.7308058e-5,0.622989,1.8645,205.07,0.0160,3.908968
725600,362800,5.7298643e-5,0.619792,1.8585,150.25,0.0155,3.936228
725700,362850,5.7289228e-5,0.619159,1.8574,151.18,0.0162,3.947094
725800,362900,5.727982e-5,0.602246,1.8262,168.35,0.0152,3.861675
725900,362950,5.7270405e-5,0.619216,1.8575,160.53,0.0154,3.917519
726000,363000,5.7260997e-5,0.637375,1.8915,142.50,0.0157,4.059433
726100,363050,5.7251582e-5,0.598933,1.8202,201.12,0.0174,3.824397
726200,363100,5.7242167e-5,0.629146,1.8760,159.95,0.0155,3.975840
726300,363150,5.7232755e-5,0.596406,1.8156,150.81,0.0155,3.781667
726400,363200,5.7223344e-5,0.611121,1.8425,155.42,0.0160,3.877486
726500,363250,5.721393e-5,0.614135,1.8481,152.73,0.0154,3.958611
726600,363300,5.7204514e-5,0.602643,1.8269,152.31,0.0154,3.883475
726700,363350,5.71951e-5,0.597061,1.8168,154.45,0.0152,3.846882
726800,363400,5.7185684e-5,0.615747,1.8510,163.76,0.0158,3.922219
726900,363450,5.717627e-5,0.621991,1.8626,157.14,0.0166,3.930335
727000,363500,5.7166857e-5,0.588195,1.8007,161.93,0.0153,3.769533
727100,363550,5.7157442e-5,0.637825,1.8924,165.47,0.0187,4.058527
727200,363600,5.7148027e-5,0.651660,1.9187,182.39,0.0156,4.149453
727300,363650,5.713861e-5,0.613456,1.8468,164.75,0.0154,3.862087
727400,363700,5.7129197e-5,0.605987,1.8331,149.52,0.0157,3.873075
727500,363750,5.711978e-5,0.612914,1.8458,135.56,0.0159,3.928950
727600,363800,5.7110374e-5,0.613108,1.8462,135.00,0.0162,3.917121
727700,363850,5.710096e-5,0.597162,1.8170,166.44,0.0152,3.808601
727800,363900,5.7091544e-5,0.601349,1.8246,132.15,0.0157,3.882858
727900,363950,5.7082136e-5,0.585836,1.7965,150.12,0.0156,3.726134
728000,364000,5.707272e-5,0.611399,1.8430,189.59,0.0154,3.921055
728100,364050,5.7063306e-5,0.616985,1.8533,181.06,0.0185,3.914268
728200,364100,5.705389e-5,0.606816,1.8346,166.84,0.0155,3.900275
728300,364150,5.704447e-5,0.618506,1.8562,163.96,0.0153,3.945941
728400,364200,5.7035057e-5,0.617110,1.8536,143.49,0.0161,3.916535
728500,364250,5.702564e-5,0.618468,1.8561,146.76,0.0155,3.963538
728600,364300,5.7016226e-5,0.603273,1.8281,151.05,0.0156,3.799737
728700,364350,5.700681e-5,0.605052,1.8313,152.74,0.0156,3.849853
728800,364400,5.6997393e-5,0.615866,1.8513,135.60,0.0160,3.940977
728900,364450,5.6987978e-5,0.611535,1.8433,132.94,0.0160,3.903473
729000,364500,5.6978562e-5,0.595546,1.8140,163.61,0.0156,3.819852
729100,364550,5.6969144e-5,0.622887,1.8643,176.61,0.0186,3.926744
729200,364600,5.695973e-5,0.603664,1.8288,156.79,0.0153,3.899195
729300,364650,5.6950314e-5,0.609295,1.8391,152.74,0.0154,3.882271
729400,364700,5.6940895e-5,0.594251,1.8117,156.04,0.0161,3.784114
729500,364750,5.6931487e-5,0.601575,1.8250,159.18,0.0155,3.853331
729600,364800,5.6922072e-5,0.621806,1.8623,165.19,0.0152,3.968239
729700,364850,5.6912653e-5,0.601219,1.8243,162.18,0.0156,3.826195
729800,364900,5.6903238e-5,0.627315,1.8726,159.24,0.0155,3.962528
729900,364950,5.6893816e-5,0.602454,1.8266,183.98,0.0152,3.848695
730000,365000,5.68844e-5,0.609865,1.8402,156.99,0.0155,3.879987
730100,365050,5.6874982e-5,0.587534,1.7995,181.96,0.0177,3.773500
730200,365100,5.6865574e-5,0.613913,1.8476,134.57,0.0159,3.921584
730300,365150,5.685615e-5,0.615866,1.8513,140.99,0.0157,3.931784
730400,365200,5.684674e-5,0.612298,1.8447,145.71,0.0157,3.954908
730500,365250,5.6837318e-5,0.617157,1.8537,164.41,0.0154,3.945723
730600,365300,5.6827903e-5,0.617915,1.8551,170.22,0.0152,3.957716
730700,365350,5.6818484e-5,0.623934,1.8663,163.02,0.0156,4.033687
730800,365400,5.680907e-5,0.591804,1.8072,142.23,0.0158,3.828600
730900,365450,5.679965e-5,0.587522,1.7995,139.90,0.0159,3.762449
731000,365500,5.6790235e-5,0.619700,1.8584,164.05,0.0157,3.928987
731100,365550,5.6780817e-5,0.582528,1.7906,168.51,0.0184,3.733055
731200,365600,5.6771394e-5,0.630522,1.8786,178.56,0.0157,3.948419
731300,365650,5.6761983e-5,0.612791,1.8456,162.44,0.0155,3.886311
731400,365700,5.6752568e-5,0.628090,1.8740,152.53,0.0159,3.990355
731500,365750,5.6743145e-5,0.602818,1.8273,165.85,0.0153,3.852331
731600,365800,5.6733734e-5,0.610456,1.8413,167.09,0.0158,3.849544
731700,365850,5.672431e-5,0.614984,1.8496,139.76,0.0156,3.950828
731800,365900,5.6714893e-5,0.607557,1.8359,154.88,0.0154,3.919007
731900,365950,5.6705474e-5,0.624692,1.8677,148.19,0.0160,3.988627
732000,366000,5.669606e-5,0.617253,1.8538,138.73,0.0160,3.927619
732100,366050,5.6686637e-5,0.630152,1.8779,182.61,0.0181,4.025202
732200,366100,5.6677218e-5,0.594681,1.8125,161.40,0.0157,3.799660
732300,366150,5.66678e-5,0.626718,1.8715,140.57,0.0159,3.995044
732400,366200,5.6658384e-5,0.629937,1.8775,132.20,0.0165,4.019532
732500,366250,5.6648965e-5,0.598698,1.8197,155.12,0.0154,3.836801
732600,366300,5.6639543e-5,0.598047,1.8186,160.39,0.0157,3.822793
732700,366350,5.6630124e-5,0.598851,1.8200,127.98,0.0158,3.849408
732800,366400,5.6620705e-5,0.608906,1.8384,153.96,0.0157,3.918342
732900,366450,5.661129e-5,0.626327,1.8707,172.12,0.0155,3.923429
733000,366500,5.6601875e-5,0.585828,1.7965,163.46,0.0151,3.784748
733100,366550,5.6592457e-5,0.626989,1.8720,178.56,0.0184,3.995853
733200,366600,5.6583034e-5,0.582535,1.7906,151.74,0.0155,3.759584
733300,366650,5.657362e-5,0.601614,1.8251,137.49,0.0159,3.824146
733400,366700,5.65642e-5,0.595439,1.8138,144.88,0.0156,3.829738
733500,366750,5.655478e-5,0.608386,1.8375,168.66,0.0153,3.851452
733600,366800,5.654536e-5,0.613322,1.8466,143.46,0.0158,3.941754
733700,366850,5.653594e-5,0.585164,1.7953,167.90,0.0153,3.753260
733800,366900,5.652652e-5,0.633629,1.8844,153.46,0.0156,4.038495
733900,366950,5.65171e-5,0.614294,1.8484,159.74,0.0158,3.905591
734000,367000,5.650768e-5,0.610301,1.8410,173.58,0.0153,3.889767
734100,367050,5.6498262e-5,0.616448,1.8523,188.00,0.0183,3.917383
734200,367100,5.648884e-5,0.610398,1.8412,148.27,0.0157,3.911625
734300,367150,5.647942e-5,0.615806,1.8511,169.00,0.0152,3.936768
734400,367200,5.6470002e-5,0.613917,1.8477,179.93,0.0153,3.923864
734500,367250,5.646058e-5,0.610339,1.8411,144.54,0.0156,3.897894
734600,367300,5.645116e-5,0.641229,1.8988,147.25,0.0160,4.043239
734700,367350,5.6441742e-5,0.607011,1.8349,173.43,0.0155,3.870654
734800,367400,5.6432327e-5,0.593150,1.8097,174.44,0.0153,3.818670
734900,367450,5.64229e-5,0.625457,1.8691,157.56,0.0154,3.992689
735000,367500,5.6413483e-5,0.606843,1.8346,163.67,0.0151,3.873231
735100,367550,5.640406e-5,0.583365,1.7921,168.59,0.0182,3.741434
735200,367600,5.639464e-5,0.607456,1.8358,152.80,0.0156,3.861978
735300,367650,5.6385223e-5,0.642787,1.9018,168.01,0.0154,4.085191
735400,367700,5.63758e-5,0.611556,1.8433,127.33,0.0162,3.883338
735500,367750,5.636638e-5,0.625891,1.8699,148.98,0.0154,4.007591
735600,367800,5.6356963e-5,0.595983,1.8148,144.07,0.0159,3.845628
735700,367850,5.634754e-5,0.629603,1.8769,144.66,0.0156,4.023040
735800,367900,5.633812e-5,0.576542,1.7799,152.49,0.0157,3.694039
735900,367950,5.6328703e-5,0.604609,1.8305,153.20,0.0154,3.839048
736000,368000,5.6319277e-5,0.627145,1.8723,136.88,0.0158,4.024064
736100,368050,5.630986e-5,0.610011,1.8405,175.71,0.0183,3.884603
736200,368100,5.6300436e-5,0.601856,1.8255,156.48,0.0153,3.861895
736300,368150,5.6291017e-5,0.612756,1.8455,158.54,0.0155,3.907221
736400,368200,5.628159e-5,0.636540,1.8899,184.63,0.0156,4.014457
736500,368250,5.6272173e-5,0.612939,1.8458,157.46,0.0158,3.901285
736600,368300,5.6262754e-5,0.578506,1.7834,160.76,0.0152,3.725996
736700,368350,5.625333e-5,0.613122,1.8462,141.34,0.0159,3.882153
736800,368400,5.6243913e-5,0.598480,1.8194,170.11,0.0151,3.855600
736900,368450,5.6234494e-5,0.615217,1.8501,159.63,0.0158,3.887231
737000,368500,5.6225068e-5,0.604051,1.8295,179.90,0.0154,3.826914
737100,368550,5.6215646e-5,0.608602,1.8379,172.06,0.0184,3.895088
737200,368600,5.6206227e-5,0.626342,1.8708,141.75,0.0159,3.981898
737300,368650,5.61968e-5,0.621758,1.8622,170.59,0.0151,4.014510
737400,368700,5.6187382e-5,0.597592,1.8177,158.59,0.0152,3.861373
737500,368750,5.6177963e-5,0.597305,1.8172,151.79,0.0156,3.817631
737600,368800,5.6168537e-5,0.596106,1.8150,146.65,0.0157,3.801927
737700,368850,5.615912e-5,0.593586,1.8105,176.98,0.0151,3.806599
737800,368900,5.6149693e-5,0.607921,1.8366,147.55,0.0156,3.865187
737900,368950,5.614027e-5,0.607657,1.8361,139.45,0.0158,3.939341
738000,369000,5.6130848e-5,0.627359,1.8727,184.06,0.0155,3.946460
738100,369050,5.6121426e-5,0.612256,1.8446,190.88,0.0181,3.893867
738200,369100,5.611201e-5,0.596343,1.8155,156.41,0.0167,3.803466
738300,369150,5.6102588e-5,0.611128,1.8425,144.01,0.0155,3.914348
738400,369200,5.6093166e-5,0.606994,1.8349,148.29,0.0154,3.875087
738500,369250,5.6083743e-5,0.596095,1.8150,141.40,0.0158,3.775131
738600,369300,5.607433e-5,0.618643,1.8564,163.33,0.0154,3.964663
738700,369350,5.6064902e-5,0.627203,1.8724,161.52,0.0154,4.053522
738800,369400,5.6055484e-5,0.613864,1.8476,134.09,0.0157,3.884244
738900,369450,5.6046058e-5,0.602899,1.8274,169.34,0.0150,3.905743
739000,369500,5.6036635e-5,0.657072,1.9291,166.11,0.0157,4.194842
739100,369550,5.6027213e-5,0.626090,1.8703,202.91,0.0176,4.001835
739200,369600,5.6017787e-5,0.603973,1.8294,129.48,0.0160,3.860767
739300,369650,5.6008364e-5,0.621624,1.8619,160.50,0.0155,3.969779
739400,369700,5.5998942e-5,0.601089,1.8241,150.78,0.0155,3.857137
739500,369750,5.598952e-5,0.621412,1.8616,147.08,0.0157,3.973799
739600,369800,5.5980097e-5,0.627304,1.8726,152.11,0.0155,4.008291
739700,369850,5.5970675e-5,0.613270,1.8465,147.04,0.0157,3.934489
739800,369900,5.596125e-5,0.622974,1.8645,151.15,0.0157,3.953937
739900,369950,5.5951827e-5,0.599015,1.8203,137.38,0.0156,3.840320
740000,370000,5.5942404e-5,0.621525,1.8618,163.35,0.0155,3.939727
740100,370050,5.593298e-5,0.605504,1.8322,198.57,0.0177,3.871345
740200,370100,5.5923567e-5,0.624298,1.8669,166.54,0.0159,3.938486
740300,370150,5.591414e-5,0.601922,1.8256,129.98,0.0157,3.896212
740400,370200,5.5904715e-5,0.624804,1.8679,152.08,0.0158,3.944808
740500,370250,5.5895296e-5,0.608523,1.8377,146.37,0.0162,3.877518
740600,370300,5.588587e-5,0.607025,1.8350,157.90,0.0156,3.881023
740700,370350,5.5876444e-5,0.610010,1.8404,160.05,0.0156,3.879440
740800,370400,5.586703e-5,0.585167,1.7953,165.97,0.0151,3.782457
740900,370450,5.5857603e-5,0.595251,1.8135,135.68,0.0157,3.834625
741000,370500,5.584818e-5,0.592702,1.8089,178.04,0.0150,3.823632
741100,370550,5.583876e-5,0.608585,1.8378,183.69,0.0186,3.839658
741200,370600,5.5829336e-5,0.612859,1.8457,142.38,0.0157,3.923376
741300,370650,5.581991e-5,0.597796,1.8181,153.96,0.0154,3.857205
741400,370700,5.5810484e-5,0.621771,1.8622,148.24,0.0156,3.920487
741500,370750,5.5801065e-5,0.613581,1.8470,146.92,0.0157,3.938884
741600,370800,5.579164e-5,0.588702,1.8016,160.95,0.0153,3.796496
741700,370850,5.5782213e-5,0.597499,1.8176,148.57,0.0155,3.823907
741800,370900,5.5772794e-5,0.618960,1.8570,172.93,0.0153,3.917654
741900,370950,5.576337e-5,0.627470,1.8729,153.32,0.0162,3.994245
742000,371000,5.575395e-5,0.603712,1.8289,160.97,0.0154,3.848372
742100,371050,5.5744524e-5,0.605201,1.8316,179.54,0.0176,3.878622
742200,371100,5.57351e-5,0.631522,1.8805,161.19,0.0155,4.037748
742300,371150,5.572568e-5,0.590677,1.8052,155.32,0.0156,3.784833
742400,371200,5.5716253e-5,0.618128,1.8555,157.29,0.0155,3.940384
742500,371250,5.5706827e-5,0.627870,1.8736,140.33,0.0159,3.970010
742600,371300,5.56974e-5,0.633862,1.8849,163.07,0.0156,4.028890
742700,371350,5.5687982e-5,0.596564,1.8159,164.00,0.0154,3.783355
742800,371400,5.5678556e-5,0.641726,1.8998,179.59,0.0156,4.018330
742900,371450,5.566913e-5,0.620874,1.8606,150.28,0.0156,3.970137
743000,371500,5.5659704e-5,0.618870,1.8568,159.38,0.0158,3.909896
743100,371550,5.5650282e-5,0.628903,1.8756,181.03,0.0179,4.002040
743200,371600,5.564086e-5,0.581644,1.7890,168.02,0.0152,3.723863
743300,371650,5.5631437e-5,0.619758,1.8585,151.33,0.0156,3.954881
743400,371700,5.5622015e-5,0.618887,1.8569,171.60,0.0153,3.940603
743500,371750,5.561259e-5,0.607688,1.8362,146.32,0.0157,3.878665
743600,371800,5.5603166e-5,0.609226,1.8390,150.58,0.0156,3.891091
743700,371850,5.559374e-5,0.605485,1.8321,177.36,0.0151,3.855813
743800,371900,5.5584318e-5,0.613744,1.8473,152.54,0.0153,3.944940
743900,371950,5.55749e-5,0.603087,1.8278,142.73,0.0159,3.870607
744000,372000,5.5565473e-5,0.615690,1.8509,164.45,0.0155,3.887290
744100,372050,5.555605e-5,0.628525,1.8748,211.42,0.0175,3.945009
744200,372100,5.5546625e-5,0.619228,1.8575,153.89,0.0156,3.978976
744300,372150,5.55372e-5,0.606505,1.8340,147.80,0.0153,3.903519
744400,372200,5.5527773e-5,0.614308,1.8484,168.20,0.0154,3.936642
744500,372250,5.5518354e-5,0.606452,1.8339,156.67,0.0155,3.869772
744600,372300,5.550893e-5,0.572304,1.7723,160.38,0.0158,3.683736
744700,372350,5.5499502e-5,0.591934,1.8075,140.03,0.0158,3.793655
744800,372400,5.5490076e-5,0.616515,1.8525,139.62,0.0160,3.944048
744900,372450,5.5480654e-5,0.599185,1.8206,157.41,0.0153,3.856412
745000,372500,5.5471228e-5,0.602265,1.8263,177.96,0.0152,3.844767
745100,372550,5.5461802e-5,0.615209,1.8500,259.02,0.0164,3.884419
745200,372600,5.5452376e-5,0.600570,1.8232,138.95,0.0156,3.832624
745300,372650,5.544295e-5,0.616662,1.8527,170.42,0.0161,3.885161
745400,372700,5.5433527e-5,0.585422,1.7957,155.57,0.0151,3.776182
745500,372750,5.5424105e-5,0.619491,1.8580,142.73,0.0158,3.928700
745600,372800,5.5414686e-5,0.621363,1.8615,137.76,0.0159,4.013759
745700,372850,5.540526e-5,0.606067,1.8332,159.74,0.0155,3.897897
745800,372900,5.5395834e-5,0.614846,1.8494,146.78,0.0158,3.886963
745900,372950,5.5386412e-5,0.626707,1.8714,167.71,0.0155,3.976730
746000,373000,5.5376986e-5,0.591181,1.8061,147.18,0.0155,3.796412
746100,373050,5.5367564e-5,0.608307,1.8373,189.51,0.0175,3.917016
746200,373100,5.535814e-5,0.601195,1.8243,152.56,0.0155,3.840263
746300,373150,5.5348715e-5,0.611491,1.8432,176.79,0.0152,3.925511
746400,373200,5.533929e-5,0.589313,1.8027,183.35,0.0150,3.817011
746500,373250,5.5329863e-5,0.597554,1.8177,144.96,0.0156,3.827847
746600,373300,5.5320437e-5,0.574359,1.7760,170.13,0.0150,3.713735
746700,373350,5.5311015e-5,0.612316,1.8447,166.70,0.0152,3.896515
746800,373400,5.530159e-5,0.601395,1.8247,137.31,0.0158,3.843397
746900,373450,5.5292163e-5,0.612844,1.8457,166.08,0.0153,3.896265
747000,373500,5.5282737e-5,0.600422,1.8229,176.60,0.0152,3.824594
747100,373550,5.527331e-5,0.618176,1.8555,195.17,0.0177,3.911300
747200,373600,5.526389e-5,0.601467,1.8248,174.40,0.0156,3.816398
747300,373650,5.5254462e-5,0.609724,1.8399,169.75,0.0159,3.882615
747400,373700,5.524504e-5,0.607898,1.8366,128.93,0.0160,3.898128
747500,373750,5.5235618e-5,0.610569,1.8415,162.24,0.0154,3.911235
747600,373800,5.522619e-5,0.594519,1.8122,154.86,0.0153,3.785021
747700,373850,5.5216766e-5,0.609423,1.8394,142.88,0.0158,3.875794
747800,373900,5.520734e-5,0.637114,1.8910,138.69,0.0157,4.064330
747900,373950,5.519792e-5,0.604127,1.8297,159.87,0.0152,3.888953
748000,374000,5.5188495e-5,0.590888,1.8056,183.66,0.0152,3.788256
748100,374050,5.517907e-5,0.635354,1.8877,185.25,0.0180,4.068251
748200,374100,5.5169643e-5,0.624660,1.8676,152.34,0.0158,3.927770
748300,374150,5.516022e-5,0.620861,1.8605,150.15,0.0163,3.936342
748400,374200,5.5150795e-5,0.610528,1.8414,139.93,0.0157,3.914600
748500,374250,5.514137e-5,0.587088,1.7987,153.96,0.0151,3.839384
748600,374300,5.5131943e-5,0.606450,1.8339,155.21,0.0156,3.864733
748700,374350,5.5122524e-5,0.612279,1.8446,183.48,0.0155,3.880795
748800,374400,5.5113098e-5,0.613488,1.8469,160.48,0.0156,3.869790
748900,374450,5.5103672e-5,0.639257,1.8951,152.65,0.0154,4.068764
749000,374500,5.509425e-5,0.599403,1.8210,152.18,0.0156,3.857773
749100,374550,5.5084824e-5,0.603372,1.8283,171.46,0.0184,3.845842
749200,374600,5.5075398e-5,0.635710,1.8884,146.14,0.0160,4.034004
749300,374650,5.506598e-5,0.630587,1.8787,151.16,0.0156,3.970422
749400,374700,5.5056553e-5,0.607732,1.8363,151.33,0.0157,3.932947
749500,374750,5.5047127e-5,0.609131,1.8388,182.76,0.0150,3.885686
749600,374800,5.50377e-5,0.598484,1.8194,154.74,0.0152,3.840450
749700,374850,5.5028275e-5,0.594157,1.8115,154.50,0.0154,3.786906
749800,374900,5.5018852e-5,0.629762,1.8772,163.58,0.0156,3.978370
749900,374950,5.5009426e-5,0.610828,1.8420,149.96,0.0158,3.888384
750000,375000,5.4999997e-5,0.604175,1.8297,155.64,0.0152,3.892265
750100,375050,5.4990578e-5,0.607628,1.8361,172.02,0.0183,3.858442
750200,375100,5.498115e-5,0.596005,1.8149,154.87,0.0156,3.801524
750300,375150,5.4971726e-5,0.610822,1.8419,149.00,0.0160,3.904562
750400,375200,5.4962296e-5,0.603677,1.8288,163.65,0.0153,3.855058
750500,375250,5.4952878e-5,0.598002,1.8185,144.40,0.0156,3.828218
750600,375300,5.4943444e-5,0.600406,1.8229,149.51,0.0156,3.841320
750700,375350,5.4934026e-5,0.587163,1.7989,162.23,0.0156,3.787232
750800,375400,5.49246e-5,0.611005,1.8423,171.92,0.0155,3.952389
750900,375450,5.4915177e-5,0.594373,1.8119,147.56,0.0154,3.826641
751000,375500,5.490575e-5,0.621786,1.8623,152.36,0.0156,3.912367
751100,375550,5.4896325e-5,0.605401,1.8320,187.95,0.0175,3.838138
751200,375600,5.48869e-5,0.606382,1.8338,159.60,0.0154,3.904369
751300,375650,5.487748e-5,0.592631,1.8087,153.72,0.0154,3.801204
751400,375700,5.486805e-5,0.633148,1.8835,155.44,0.0156,4.033417
751500,375750,5.485863e-5,0.599636,1.8215,164.08,0.0152,3.819848
751600,375800,5.48492e-5,0.590575,1.8050,155.21,0.0152,3.792206
751700,375850,5.483978e-5,0.597405,1.8174,136.44,0.0157,3.825825
751800,375900,5.4830347e-5,0.571416,1.7708,153.68,0.0154,3.671703
751900,375950,5.482093e-5,0.617055,1.8535,172.61,0.0152,3.927358
752000,376000,5.48115e-5,0.612018,1.8441,137.23,0.0157,3.929191
752100,376050,5.480208e-5,0.584636,1.7943,173.19,0.0181,3.738677
752200,376100,5.479265e-5,0.626873,1.8717,143.95,0.0156,4.003089
752300,376150,5.478323e-5,0.620914,1.8606,152.68,0.0156,3.948615
752400,376200,5.4773805e-5,0.602976,1.8275,149.27,0.0158,3.796789
752500,376250,5.476438e-5,0.604335,1.8300,149.04,0.0157,3.854465
752600,376300,5.4754953e-5,0.609411,1.8393,164.77,0.0153,3.866304
752700,376350,5.4745535e-5,0.602828,1.8273,147.95,0.0158,3.815880
752800,376400,5.473611e-5,0.600446,1.8229,159.17,0.0154,3.827057
752900,376450,5.4726683e-5,0.617946,1.8551,162.47,0.0153,3.943862
753000,376500,5.4717257e-5,0.638774,1.8942,249.21,0.0148,4.147093
753100,376550,5.4707834e-5,0.631520,1.8805,179.35,0.0183,3.981184
753200,376600,5.4698412e-5,0.617411,1.8541,146.59,0.0156,3.946749
753300,376650,5.4688982e-5,0.599491,1.8212,155.94,0.0154,3.830139
753400,376700,5.4679564e-5,0.623842,1.8661,150.65,0.0157,3.934874
753500,376750,5.467013e-5,0.590449,1.8048,172.35,0.0152,3.762601
753600,376800,5.466071e-5,0.621080,1.8609,129.46,0.0161,3.952351
753700,376850,5.4651282e-5,0.591013,1.8058,152.92,0.0151,3.797922
753800,376900,5.4641863e-5,0.611328,1.8429,169.07,0.0155,3.859778
753900,376950,5.4632434e-5,0.626903,1.8718,167.59,0.0156,3.999428
754000,377000,5.4623015e-5,0.590584,1.8050,149.56,0.0156,3.776042
754100,377050,5.461358e-5,0.609109,1.8388,179.56,0.0183,3.889492
754200,377100,5.4604163e-5,0.611351,1.8429,147.56,0.0155,3.938144
754300,377150,5.4594737e-5,0.587669,1.7998,148.05,0.0156,3.758447
754400,377200,5.458531e-5,0.590132,1.8042,158.66,0.0152,3.805959
754500,377250,5.457589e-5,0.609634,1.8398,149.53,0.0155,3.900866
754600,377300,5.456647e-5,0.597670,1.8179,133.43,0.0160,3.806949
754700,377350,5.455704e-5,0.596490,1.8157,161.82,0.0151,3.869398
754800,377400,5.4547618e-5,0.633855,1.8849,165.59,0.0154,4.030692
754900,377450,5.4538188e-5,0.612137,1.8444,164.95,0.0156,3.933913
755000,377500,5.452877e-5,0.572551,1.7728,146.04,0.0156,3.679049
755100,377550,5.451934e-5,0.611257,1.8427,167.54,0.0181,3.941483
755200,377600,5.450992e-5,0.579039,1.7843,153.48,0.0155,3.713260
755300,377650,5.4500502e-5,0.595258,1.8135,144.42,0.0155,3.808049
755400,377700,5.449107e-5,0.605892,1.8329,157.48,0.0163,3.854847
755500,377750,5.4481654e-5,0.610471,1.8413,186.66,0.0148,3.905309
755600,377800,5.447222e-5,0.594991,1.8130,170.14,0.0150,3.839308
755700,377850,5.4462802e-5,0.606596,1.8342,146.54,0.0158,3.847441
755800,377900,5.4453372e-5,0.585112,1.7952,185.82,0.0151,3.788487
755900,377950,5.4443954e-5,0.594911,1.8129,138.86,0.0157,3.810777
756000,378000,5.4434524e-5,0.620296,1.8595,169.13,0.0154,3.948990
756100,378050,5.4425105e-5,0.622923,1.8644,190.46,0.0179,3.964681
756200,378100,5.441568e-5,0.617655,1.8546,153.40,0.0157,3.935452
756300,378150,5.4406257e-5,0.623651,1.8657,155.78,0.0154,3.980056
756400,378200,5.439683e-5,0.616467,1.8524,143.29,0.0158,3.952786
756500,378250,5.4387412e-5,0.589312,1.8027,177.85,0.0148,3.819530
756600,378300,5.4377982e-5,0.608636,1.8379,143.91,0.0156,3.923255
756700,378350,5.4368564e-5,0.610724,1.8418,153.11,0.0158,3.901362
756800,378400,5.435913e-5,0.626036,1.8702,176.54,0.0152,3.966394
756900,378450,5.4349715e-5,0.613864,1.8476,170.07,0.0151,3.921702
757000,378500,5.4340286e-5,0.609513,1.8395,181.08,0.0155,3.883416
757100,378550,5.4330863e-5,0.605558,1.8323,187.31,0.0180,3.867081
757200,378600,5.4321437e-5,0.595489,1.8139,153.21,0.0155,3.824137
757300,378650,5.4312015e-5,0.624735,1.8678,152.14,0.0157,3.975017
757400,378700,5.430259e-5,0.619564,1.8581,156.88,0.0157,3.954926
757500,378750,5.429317e-5,0.610102,1.8406,162.04,0.0153,3.893878
757600,378800,5.428374e-5,0.607000,1.8349,163.72,0.0153,3.865172
757700,378850,5.4274322e-5,0.611082,1.8424,130.88,0.0159,3.876185
757800,378900,5.4264896e-5,0.623174,1.8648,147.87,0.0156,3.942929
757900,378950,5.4255474e-5,0.587695,1.7998,193.08,0.0150,3.769308
758000,379000,5.424605e-5,0.595963,1.8148,160.52,0.0155,3.799443
758100,379050,5.423663e-5,0.608728,1.8381,177.09,0.0182,3.916325
758200,379100,5.4227206e-5,0.610083,1.8406,147.85,0.0155,3.903345
758300,379150,5.4217784e-5,0.640320,1.8971,157.26,0.0159,4.009148
758400,379200,5.420836e-5,0.606908,1.8347,139.71,0.0157,3.890032
758500,379250,5.4198936e-5,0.616716,1.8528,133.93,0.0161,3.913554
758600,379300,5.4189517e-5,0.597854,1.8182,166.76,0.0153,3.816580
758700,379350,5.4180087e-5,0.609306,1.8392,153.83,0.0156,3.876142
758800,379400,5.417067e-5,0.628121,1.8741,138.72,0.0160,3.979100
758900,379450,5.416124e-5,0.613137,1.8462,153.16,0.0155,3.934265
759000,379500,5.415182e-5,0.613895,1.8476,142.63,0.0157,3.944408
759100,379550,5.4142394e-5,0.617804,1.8549,181.56,0.0181,3.916864
759200,379600,5.4132972e-5,0.595922,1.8147,144.94,0.0154,3.876098
759300,379650,5.4123546e-5,0.616535,1.8525,140.05,0.0159,3.894408
759400,379700,5.4114127e-5,0.612041,1.8442,159.34,0.0156,3.901965
759500,379750,5.4104697e-5,0.616333,1.8521,128.27,0.0162,3.925275
759600,379800,5.4095282e-5,0.606811,1.8346,134.66,0.0159,3.866260
759700,379850,5.4085856e-5,0.616852,1.8531,156.27,0.0153,3.933587
759800,379900,5.4076434e-5,0.613301,1.8465,152.45,0.0155,3.906011
759900,379950,5.406701e-5,0.622290,1.8632,195.37,0.0153,3.946126
760000,380000,5.4057593e-5,0.624043,1.8665,158.87,0.0157,3.915780
760100,380050,5.4048163e-5,0.594043,1.8113,210.97,0.0175,3.778224
760200,380100,5.403875e-5,0.614164,1.8481,143.47,0.0159,3.896529
760300,380150,5.402932e-5,0.596497,1.8157,148.93,0.0155,3.818720
760400,380200,5.40199e-5,0.600051,1.8222,157.88,0.0155,3.794467
760500,380250,5.401047e-5,0.590050,1.8041,153.52,0.0154,3.794012
760600,380300,5.4001055e-5,0.599083,1.8204,138.67,0.0158,3.820156
760700,380350,5.3991636e-5,0.590695,1.8052,157.77,0.0156,3.729830
760800,380400,5.398221e-5,0.613925,1.8477,141.89,0.0159,3.907556
760900,380450,5.397279e-5,0.620185,1.8593,176.23,0.0156,3.914952
761000,380500,5.3963362e-5,0.623116,1.8647,141.46,0.0160,4.019623
761100,380550,5.3953943e-5,0.626203,1.8705,189.82,0.0178,4.004046
761200,380600,5.3944517e-5,0.613846,1.8475,151.06,0.0157,3.943163
761300,380650,5.39351e-5,0.629215,1.8761,130.85,0.0160,4.002532
761400,380700,5.3925673e-5,0.615077,1.8498,183.03,0.0151,3.983404
761500,380750,5.3916254e-5,0.616233,1.8519,200.59,0.0153,3.904291
761600,380800,5.390683e-5,0.633430,1.8841,145.23,0.0159,4.014239
761700,380850,5.389741e-5,0.599683,1.8215,159.35,0.0153,3.840976
761800,380900,5.3887987e-5,0.629985,1.8776,159.20,0.0161,3.964290
761900,380950,5.387857e-5,0.632633,1.8826,123.84,0.0163,4.036760
762000,381000,5.3869142e-5,0.622078,1.8628,170.03,0.0158,3.927292
762100,381050,5.3859727e-5,0.599053,1.8204,164.06,0.0187,3.842076
762200,381100,5.3850297e-5,0.591195,1.8061,127.50,0.0157,3.801714
762300,381150,5.3840882e-5,0.617013,1.8534,171.01,0.0155,3.906797
762400,381200,5.3831453e-5,0.604479,1.8303,150.32,0.0158,3.831338
762500,381250,5.3822037e-5,0.611083,1.8424,164.26,0.0154,3.888630
762600,381300,5.381261e-5,0.617914,1.8551,159.79,0.0158,3.944303
762700,381350,5.3803193e-5,0.571525,1.7710,164.02,0.0156,3.648057
762800,381400,5.3793767e-5,0.625535,1.8692,176.89,0.0159,3.959389
762900,381450,5.3784348e-5,0.604061,1.8295,160.45,0.0155,3.865679
763000,381500,5.3774922e-5,0.600887,1.8237,155.12,0.0156,3.811776
763100,381550,5.3765507e-5,0.632298,1.8819,201.64,0.0173,3.999863
763200,381600,5.3756085e-5,0.627556,1.8730,124.45,0.0160,4.055919
763300,381650,5.3746662e-5,0.581807,1.7893,144.22,0.0155,3.740649
763400,381700,5.3737247e-5,0.596267,1.8153,163.84,0.0152,3.843143
763500,381750,5.3727825e-5,0.646826,1.9095,182.88,0.0157,4.063113
763600,381800,5.3718402e-5,0.590192,1.8043,155.71,0.0153,3.757734
763700,381850,5.370898e-5,0.611796,1.8437,134.36,0.0159,3.876609
763800,381900,5.3699565e-5,0.606640,1.8343,167.00,0.0152,3.892538
763900,381950,5.369014e-5,0.589000,1.8022,168.65,0.0152,3.773495
764000,382000,5.3680724e-5,0.648510,1.9127,177.97,0.0157,4.115774
764100,382050,5.3671294e-5,0.607675,1.8362,189.61,0.0178,3.877727
764200,382100,5.3661883e-5,0.619298,1.8576,128.88,0.0162,3.899716
764300,382150,5.3652453e-5,0.635817,1.8886,184.28,0.0154,3.992543
764400,382200,5.3643038e-5,0.593490,1.8103,149.22,0.0154,3.778295
764500,382250,5.3633612e-5,0.622143,1.8629,157.94,0.0159,3.962538
764600,382300,5.3624197e-5,0.584469,1.7940,175.11,0.0151,3.747741
764700,382350,5.361477e-5,0.623035,1.8646,161.40,0.0153,3.991315
764800,382400,5.3605356e-5,0.599102,1.8205,162.76,0.0155,3.821666
764900,382450,5.3595933e-5,0.624659,1.8676,142.88,0.0159,3.946628
765000,382500,5.3586515e-5,0.593826,1.8109,141.62,0.0156,3.788874
765100,382550,5.3577092e-5,0.590007,1.8040,175.86,0.0180,3.786884
765200,382600,5.3567674e-5,0.605454,1.8321,170.70,0.0152,3.855281
765300,382650,5.355825e-5,0.612732,1.8455,146.42,0.0157,3.890926
765400,382700,5.3548836e-5,0.619854,1.8587,161.54,0.0155,3.950702
765500,382750,5.353941e-5,0.636544,1.8899,170.72,0.0154,4.052003
765600,382800,5.353e-5,0.599510,1.8212,153.57,0.0153,3.857150
765700,382850,5.3520573e-5,0.645413,1.9068,153.10,0.0156,4.137372
765800,382900,5.3511158e-5,0.594536,1.8122,191.61,0.0155,3.812790
765900,382950,5.350174e-5,0.617569,1.8544,141.83,0.0160,3.892470
766000,383000,5.3492313e-5,0.608700,1.8380,143.09,0.0159,3.901434
766100,383050,5.34829e-5,0.631442,1.8803,195.55,0.0172,4.021571
766200,383100,5.3473475e-5,0.583810,1.7929,151.71,0.0157,3.723234
766300,383150,5.346406e-5,0.599709,1.8216,135.13,0.0158,3.814714
766400,383200,5.3454638e-5,0.631035,1.8796,172.07,0.0152,3.988647
766500,383250,5.3445223e-5,0.590712,1.8053,158.73,0.0154,3.784986
766600,383300,5.3435797e-5,0.609331,1.8392,150.97,0.0157,3.872228
766700,383350,5.342638e-5,0.623753,1.8659,148.06,0.0157,3.939332
766800,383400,5.3416963e-5,0.609894,1.8402,150.47,0.0156,3.952018
766900,383450,5.3407544e-5,0.587424,1.7993,169.50,0.0153,3.765040
767000,383500,5.3398122e-5,0.578658,1.7836,156.21,0.0153,3.721916
767100,383550,5.3388707e-5,0.590241,1.8044,178.72,0.0180,3.767770
767200,383600,5.3379288e-5,0.611572,1.8433,162.60,0.0157,3.871840
767300,383650,5.3369873e-5,0.600837,1.8236,148.89,0.0154,3.847192
767400,383700,5.336045e-5,0.594488,1.8121,151.16,0.0156,3.788709
767500,383750,5.3351036e-5,0.621691,1.8621,142.86,0.0156,4.006735
767600,383800,5.334161e-5,0.604391,1.8301,170.61,0.0153,3.850082
767700,383850,5.3332198e-5,0.589348,1.8028,146.48,0.0160,3.747939
767800,383900,5.3322772e-5,0.609825,1.8401,151.78,0.0153,3.907639
767900,383950,5.331336e-5,0.600363,1.8228,176.44,0.0154,3.827445
768000,384000,5.3303935e-5,0.615327,1.8503,134.07,0.0159,3.923823
768100,384050,5.3294523e-5,0.607836,1.8365,186.19,0.0176,3.856319
768200,384100,5.3285097e-5,0.611905,1.8439,155.18,0.0155,3.914255
768300,384150,5.3275686e-5,0.595921,1.8147,152.14,0.0157,3.793692
768400,384200,5.3266267e-5,0.590829,1.8055,139.71,0.0154,3.792268
768500,384250,5.325685e-5,0.612083,1.8443,135.98,0.0158,3.905494
768600,384300,5.3247437e-5,0.595073,1.8132,153.80,0.0155,3.823846
768700,384350,5.3238018e-5,0.608304,1.8373,180.36,0.0153,3.922623
768800,384400,5.32286e-5,0.597974,1.8184,150.28,0.0156,3.807453
768900,384450,5.3219184e-5,0.605237,1.8317,182.50,0.0157,3.864404
769000,384500,5.3209762e-5,0.633474,1.8841,138.68,0.0160,4.028769
769100,384550,5.3200347e-5,0.600207,1.8225,179.29,0.0180,3.828307
769200,384600,5.319093e-5,0.594538,1.8122,150.62,0.0154,3.821379
769300,384650,5.318151e-5,0.619074,1.8572,138.23,0.0159,3.944380
769400,384700,5.3172098e-5,0.599678,1.8215,140.33,0.0158,3.839981
769500,384750,5.3162676e-5,0.600872,1.8237,160.85,0.0156,3.851575
769600,384800,5.3153264e-5,0.588944,1.8021,128.03,0.0160,3.748960
769700,384850,5.314384e-5,0.571855,1.7715,145.68,0.0157,3.668907
769800,384900,5.313443e-5,0.634831,1.8867,204.23,0.0164,3.965044
769900,384950,5.3125008e-5,0.586493,1.7977,174.14,0.0153,3.702381
770000,385000,5.3115597e-5,0.614656,1.8490,145.29,0.0155,3.936116
770100,385050,5.3106174e-5,0.618507,1.8562,180.76,0.0180,3.940068
770200,385100,5.3096763e-5,0.605522,1.8322,151.13,0.0153,3.898386
770300,385150,5.3087344e-5,0.594927,1.8129,145.33,0.0159,3.806342
770400,385200,5.3077925e-5,0.578511,1.7834,169.64,0.0151,3.706619
770500,385250,5.3068514e-5,0.605356,1.8319,156.01,0.0161,3.857884
770600,385300,5.30591e-5,0.597316,1.8172,127.50,0.0165,3.772397
770700,385350,5.3049676e-5,0.607330,1.8355,154.99,0.0157,3.849784
770800,385400,5.3040265e-5,0.611890,1.8439,159.76,0.0156,3.879888
770900,385450,5.3030846e-5,0.623300,1.8651,152.52,0.0159,3.941280
771000,385500,5.3021435e-5,0.610104,1.8406,167.22,0.0153,3.902152
771100,385550,5.3012012e-5,0.568137,1.7650,187.57,0.0176,3.615688
771200,385600,5.30026e-5,0.633847,1.8848,188.90,0.0153,3.998421
771300,385650,5.2993193e-5,0.602994,1.8276,131.56,0.0161,3.847276
771400,385700,5.298377e-5,0.619114,1.8573,166.02,0.0154,3.946750
771500,385750,5.2974363e-5,0.629293,1.8763,149.16,0.0160,4.007256
771600,385800,5.2964937e-5,0.593490,1.8103,151.74,0.0156,3.772919
771700,385850,5.295553e-5,0.603502,1.8285,176.16,0.0152,3.820440
771800,385900,5.2946107e-5,0.616692,1.8528,192.29,0.0153,3.961155
771900,385950,5.29367e-5,0.610599,1.8415,175.00,0.0151,3.904400
772000,386000,5.2927277e-5,0.599485,1.8212,168.27,0.0149,3.894539
772100,386050,5.2917865e-5,0.586611,1.7979,176.56,0.0182,3.730958
772200,386100,5.290845e-5,0.583700,1.7927,175.73,0.0153,3.732467
772300,386150,5.289904e-5,0.586206,1.7972,146.84,0.0154,3.772001
772400,386200,5.2889623e-5,0.576295,1.7794,146.49,0.0155,3.702469
772500,386250,5.2880212e-5,0.606960,1.8348,148.73,0.0154,3.889777
772600,386300,5.2870793e-5,0.603284,1.8281,152.36,0.0158,3.843371
772700,386350,5.2861385e-5,0.608113,1.8370,158.32,0.0155,3.892400
772800,386400,5.2851963e-5,0.600002,1.8221,138.46,0.0157,3.835043
772900,386450,5.2842555e-5,0.583330,1.7920,166.99,0.0150,3.769487
773000,386500,5.2833137e-5,0.587474,1.7994,138.30,0.0156,3.777557
773100,386550,5.2823725e-5,0.594283,1.8117,176.01,0.0186,3.773364
773200,386600,5.2814306e-5,0.600651,1.8233,148.06,0.0155,3.884555
773300,386650,5.2804895e-5,0.581587,1.7889,150.36,0.0154,3.751912
773400,386700,5.2795476e-5,0.587141,1.7988,160.82,0.0153,3.758465
773500,386750,5.278607e-5,0.622382,1.8634,161.67,0.0162,3.942769
773600,386800,5.277665e-5,0.604334,1.8300,125.59,0.0162,3.861017
773700,386850,5.2767242e-5,0.578974,1.7842,148.53,0.0154,3.749735
773800,386900,5.2757834e-5,0.622851,1.8642,158.29,0.0153,3.989600
773900,386950,5.2748415e-5,0.601629,1.8251,194.11,0.0153,3.863473
774000,387000,5.2739004e-5,0.626074,1.8703,166.80,0.0154,3.972235
774100,387050,5.2729592e-5,0.613892,1.8476,192.50,0.0179,3.849561
774200,387100,5.2720177e-5,0.589717,1.8035,151.33,0.0153,3.787287
774300,387150,5.2710766e-5,0.571752,1.7714,134.95,0.0157,3.709800
774400,387200,5.2701358e-5,0.593670,1.8106,160.65,0.0153,3.800694
774500,387250,5.269194e-5,0.619298,1.8576,194.36,0.0149,3.980375
774600,387300,5.2682535e-5,0.621613,1.8619,141.51,0.0157,3.938690
774700,387350,5.2673113e-5,0.576656,1.7801,151.58,0.0156,3.682757
774800,387400,5.266371e-5,0.605005,1.8313,148.32,0.0154,3.880021
774900,387450,5.265429e-5,0.601879,1.8255,145.63,0.0155,3.888725
775000,387500,5.2644886e-5,0.614373,1.8485,137.70,0.0158,3.944627
775100,387550,5.2635463e-5,0.602800,1.8272,172.23,0.0184,3.815125
775200,387600,5.262606e-5,0.630815,1.8791,176.09,0.0156,3.999171
775300,387650,5.261664e-5,0.614655,1.8490,149.43,0.0156,3.914323
775400,387700,5.2607233e-5,0.593147,1.8097,146.70,0.0153,3.790377
775500,387750,5.2597818e-5,0.610538,1.8414,140.13,0.0156,3.906346
775600,387800,5.258841e-5,0.602107,1.8260,151.40,0.0155,3.872525
775700,387850,5.2579e-5,0.602550,1.8268,150.85,0.0155,3.867390
775800,387900,5.2569587e-5,0.590023,1.8040,145.43,0.0157,3.745821
775900,387950,5.256018e-5,0.613787,1.8474,155.82,0.0153,3.946266
776000,388000,5.255077e-5,0.585880,1.7966,179.62,0.0154,3.717904
776100,388050,5.2541352e-5,0.601517,1.8249,163.27,0.0190,3.841706
776200,388100,5.253195e-5,0.576951,1.7806,138.19,0.0160,3.697476
776300,388150,5.252253e-5,0.594629,1.8124,163.48,0.0151,3.829967
776400,388200,5.2513125e-5,0.600175,1.8224,154.90,0.0154,3.814819
776500,388250,5.250372e-5,0.592255,1.8081,170.25,0.0152,3.792606
776600,388300,5.2494306e-5,0.623119,1.8647,152.54,0.0155,3.946676
776700,388350,5.24849e-5,0.590572,1.8050,153.90,0.0157,3.774204
776800,388400,5.2475483e-5,0.604059,1.8295,143.78,0.0156,3.869267
776900,388450,5.246608e-5,0.596234,1.8153,154.16,0.0155,3.810949
777000,388500,5.2456664e-5,0.587058,1.7987,163.66,0.0158,3.764264
777100,388550,5.2447256e-5,0.590887,1.8056,173.12,0.0179,3.785321
777200,388600,5.243784e-5,0.607244,1.8354,153.92,0.0153,3.879889
777300,388650,5.2428437e-5,0.581871,1.7894,160.48,0.0152,3.753654
777400,388700,5.241902e-5,0.632643,1.8826,159.93,0.0157,4.047895
777500,388750,5.2409618e-5,0.595297,1.8136,155.72,0.0155,3.793133
777600,388800,5.2400206e-5,0.589241,1.8026,172.89,0.0149,3.852043
777700,388850,5.23908e-5,0.597098,1.8168,188.64,0.0150,3.829505
777800,388900,5.238139e-5,0.600338,1.8227,143.21,0.0161,3.817901
777900,388950,5.2371986e-5,0.593367,1.8101,158.89,0.0154,3.799311
778000,389000,5.236257e-5,0.597825,1.8182,171.84,0.0154,3.811746
778100,389050,5.2353167e-5,0.581367,1.7885,186.50,0.0182,3.696967
778200,389100,5.2343752e-5,0.625400,1.8690,137.74,0.0158,3.994331
778300,389150,5.2334348e-5,0.612393,1.8448,153.77,0.0157,3.889255
778400,389200,5.2324936e-5,0.625805,1.8698,170.03,0.0153,3.985826
778500,389250,5.2315532e-5,0.595686,1.8143,127.66,0.0161,3.815696
778600,389300,5.2306117e-5,0.622708,1.8640,155.41,0.0156,3.955185
778700,389350,5.2296713e-5,0.590643,1.8051,180.33,0.0150,3.761960
778800,389400,5.22873e-5,0.592180,1.8079,161.36,0.0150,3.829741
778900,389450,5.2277897e-5,0.614453,1.8486,143.49,0.0160,3.892318
779000,389500,5.2268486e-5,0.602980,1.8276,181.89,0.0152,3.821142
779100,389550,5.225908e-5,0.592820,1.8091,169.67,0.0181,3.801807
779200,389600,5.224968e-5,0.592273,1.8081,149.41,0.0155,3.754017
779300,389650,5.2240266e-5,0.606928,1.8348,176.72,0.0156,3.868608
779400,389700,5.2230866e-5,0.620957,1.8607,160.73,0.0158,3.961137
779500,389750,5.222146e-5,0.644701,1.9054,152.02,0.0157,4.075677
779600,389800,5.221205e-5,0.611943,1.8440,191.01,0.0153,3.874715
779700,389850,5.2202646e-5,0.622688,1.8639,166.18,0.0155,3.953859
779800,389900,5.219324e-5,0.583145,1.7917,145.16,0.0154,3.744374
779900,389950,5.218383e-5,0.605804,1.8327,164.96,0.0153,3.870840
780000,390000,5.217443e-5,0.601829,1.8255,165.51,0.0160,3.806450
780100,390050,5.2165018e-5,0.599529,1.8213,178.83,0.0177,3.853624
780200,390100,5.2155618e-5,0.604702,1.8307,152.53,0.0159,3.856112
780300,390150,5.2146206e-5,0.575392,1.7778,136.12,0.0154,3.719798
780400,390200,5.2136806e-5,0.596983,1.8166,197.34,0.0156,3.793518
780500,390250,5.212739e-5,0.591296,1.8063,175.79,0.0157,3.778948
780600,390300,5.211799e-5,0.621035,1.8609,144.94,0.0157,3.922030
780700,390350,5.210858e-5,0.606137,1.8333,146.97,0.0154,3.878491
780800,390400,5.209918e-5,0.607572,1.8360,138.38,0.0160,3.890561
780900,390450,5.208977e-5,0.630824,1.8792,156.50,0.0155,4.024307
781000,390500,5.2080366e-5,0.603222,1.8280,156.27,0.0154,3.858860
781100,390550,5.2070965e-5,0.609658,1.8398,182.27,0.0178,3.920911
781200,390600,5.2061558e-5,0.643817,1.9037,160.57,0.0155,4.055338
781300,390650,5.2052153e-5,0.612539,1.8451,181.41,0.0152,3.912189
781400,390700,5.2042753e-5,0.570080,1.7684,149.47,0.0155,3.674679
781500,390750,5.203334e-5,0.607022,1.8350,168.20,0.0155,3.886727
781600,390800,5.2023945e-5,0.611625,1.8434,128.65,0.0161,3.901168
781700,390850,5.2014544e-5,0.607333,1.8355,149.64,0.0157,3.858276
781800,390900,5.2005133e-5,0.596948,1.8166,171.79,0.0152,3.817348
781900,390950,5.1995736e-5,0.609330,1.8392,132.30,0.0159,3.878367
782000,391000,5.1986328e-5,0.621822,1.8623,151.39,0.0158,3.965351
782100,391050,5.1976927e-5,0.604024,1.8295,186.07,0.0177,3.859884
782200,391100,5.196752e-5,0.596272,1.8153,167.09,0.0151,3.829417
782300,391150,5.195812e-5,0.608551,1.8378,153.31,0.0158,3.819421
782400,391200,5.194871e-5,0.610820,1.8419,146.37,0.0159,3.895552
782500,391250,5.1939314e-5,0.624145,1.8666,165.26,0.0157,3.891216
782600,391300,5.1929903e-5,0.602266,1.8263,171.05,0.0153,3.851174
782700,391350,5.1920506e-5,0.580310,1.7866,141.65,0.0157,3.750676
782800,391400,5.1911105e-5,0.617309,1.8539,153.97,0.0158,3.898725
782900,391450,5.19017e-5,0.608256,1.8372,171.24,0.0153,3.890574
783000,391500,5.1892297e-5,0.637254,1.8913,162.83,0.0156,4.062301
783100,391550,5.1882897e-5,0.586285,1.7973,190.82,0.0177,3.755866
783200,391600,5.1873492e-5,0.599144,1.8206,177.44,0.0156,3.814550
783300,391650,5.1864095e-5,0.579511,1.7852,155.47,0.0154,3.718809
783400,391700,5.1854688e-5,0.608967,1.8385,162.98,0.0154,3.867603
783500,391750,5.184529e-5,0.618817,1.8567,142.17,0.0161,3.916844
783600,391800,5.1835883e-5,0.593154,1.8097,173.90,0.0153,3.768702
783700,391850,5.1826486e-5,0.598312,1.8190,172.33,0.0154,3.832083
783800,391900,5.181708e-5,0.615032,1.8497,167.92,0.0159,3.898797
783900,391950,5.1807685e-5,0.626218,1.8705,154.78,0.0157,3.944456
784000,392000,5.1798277e-5,0.613368,1.8466,164.61,0.0157,3.894759
784100,392050,5.178888e-5,0.606925,1.8348,194.34,0.0176,3.844523
784200,392100,5.1779476e-5,0.584249,1.7936,152.11,0.0158,3.747977
784300,392150,5.177008e-5,0.590510,1.8049,139.63,0.0154,3.820971
784400,392200,5.1760682e-5,0.609771,1.8400,162.73,0.0153,3.864685
784500,392250,5.1751278e-5,0.574689,1.7766,165.01,0.0157,3.665462
784600,392300,5.174188e-5,0.590131,1.8042,150.90,0.0156,3.770896
784700,392350,5.173248e-5,0.614192,1.8482,143.68,0.0157,3.926224
784800,392400,5.172308e-5,0.600496,1.8230,132.78,0.0158,3.818553
784900,392450,5.171368e-5,0.588303,1.8009,152.85,0.0154,3.791906
785000,392500,5.170428e-5,0.599770,1.8217,165.68,0.0154,3.814730
785100,392550,5.1694882e-5,0.599561,1.8213,173.90,0.0188,3.792591
785200,392600,5.1685485e-5,0.608932,1.8385,143.48,0.0158,3.874592
785300,392650,5.167608e-5,0.561300,1.7529,153.62,0.0152,3.627087
785400,392700,5.1666684e-5,0.602013,1.8258,143.45,0.0156,3.836137
785500,392750,5.165728e-5,0.621172,1.8611,151.95,0.0157,3.938299
785600,392800,5.1647887e-5,0.578395,1.7832,170.82,0.0153,3.713730
785700,392850,5.1638486e-5,0.609374,1.8393,155.54,0.0156,3.877131
785800,392900,5.1629093e-5,0.593698,1.8107,162.52,0.0153,3.800379
785900,392950,5.161969e-5,0.604481,1.8303,152.97,0.0154,3.884317
786000,393000,5.1610295e-5,0.603047,1.8277,158.67,0.0155,3.823379
786100,393050,5.160089e-5,0.613746,1.8473,192.02,0.0177,3.930824
786200,393100,5.1591498e-5,0.622231,1.8631,151.68,0.0160,3.925870
786300,393150,5.1582098e-5,0.602332,1.8264,161.45,0.0153,3.855618
786400,393200,5.15727e-5,0.592199,1.8080,140.02,0.0156,3.806254
786500,393250,5.1563304e-5,0.606781,1.8345,139.54,0.0160,3.833003
786600,393300,5.155391e-5,0.578179,1.7828,147.19,0.0156,3.700086
786700,393350,5.1544506e-5,0.610230,1.8409,155.75,0.0156,3.885884
786800,393400,5.1535113e-5,0.590983,1.8058,145.63,0.0156,3.782624
786900,393450,5.1525712e-5,0.604986,1.8312,150.38,0.0156,3.874405
787000,393500,5.151632e-5,0.612383,1.8448,158.83,0.0161,3.883779
787100,393550,5.150693e-5,0.596212,1.8152,187.32,0.0179,3.794136
787200,393600,5.1497525e-5,0.599839,1.8218,150.24,0.0159,3.803890
787300,393650,5.1488136e-5,0.618601,1.8563,157.27,0.0158,3.898383
787400,393700,5.1478735e-5,0.602788,1.8272,166.27,0.0151,3.866691
787500,393750,5.1469346e-5,0.624764,1.8678,144.99,0.0158,3.978417
787600,393800,5.145994e-5,0.576321,1.7795,153.00,0.0154,3.681397
787700,393850,5.1450552e-5,0.595589,1.8141,174.67,0.0157,3.806215
787800,393900,5.1441148e-5,0.601484,1.8248,150.06,0.0154,3.849091
787900,393950,5.1431758e-5,0.612429,1.8449,155.99,0.0158,3.872319
788000,394000,5.1422358e-5,0.606405,1.8338,161.60,0.0162,3.900901
788100,394050,5.1412968e-5,0.608548,1.8378,169.56,0.0182,3.859102
788200,394100,5.1403575e-5,0.601878,1.8255,155.98,0.0155,3.846281
788300,394150,5.1394178e-5,0.617271,1.8539,163.01,0.0152,3.966165
788400,394200,5.138478e-5,0.614280,1.8483,155.62,0.0156,3.846192
788500,394250,5.1375395e-5,0.627028,1.8720,230.21,0.0145,4.094144
788600,394300,5.1365994e-5,0.613542,1.8470,130.13,0.0162,3.917518
788700,394350,5.1356605e-5,0.600255,1.8226,176.52,0.0152,3.837625
788800,394400,5.1347204e-5,0.601400,1.8247,153.56,0.0155,3.840993
788900,394450,5.1337818e-5,0.614773,1.8492,165.06,0.0155,3.889622
789000,394500,5.1328418e-5,0.595595,1.8141,154.09,0.0152,3.868968
789100,394550,5.1319028e-5,0.605043,1.8313,188.99,0.0178,3.833291
789200,394600,5.130963e-5,0.602053,1.8259,159.49,0.0156,3.852711
789300,394650,5.130024e-5,0.605022,1.8313,131.57,0.0161,3.853536
789400,394700,5.1290845e-5,0.618643,1.8564,134.21,0.0160,3.941445
789500,394750,5.1281455e-5,0.590676,1.8052,150.41,0.0152,3.815282
789600,394800,5.1272058e-5,0.601570,1.8250,148.75,0.0156,3.826532
789700,394850,5.126267e-5,0.599483,1.8212,150.13,0.0156,3.826735
789800,394900,5.1253282e-5,0.580368,1.7867,152.25,0.0154,3.679768
789900,394950,5.1243882e-5,0.616929,1.8532,156.26,0.0157,3.905320
790000,395000,5.12345e-5,0.619380,1.8578,149.76,0.0156,3.964370
790100,395050,5.1225106e-5,0.587474,1.7994,192.81,0.0181,3.743138
790200,395100,5.1215713e-5,0.613176,1.8463,165.51,0.0154,3.865404
790300,395150,5.120632e-5,0.624389,1.8671,136.01,0.0159,4.002420
790400,395200,5.1196934e-5,0.609712,1.8399,153.47,0.0156,3.927670
790500,395250,5.1187537e-5,0.607841,1.8365,167.17,0.0152,3.871353
790600,395300,5.1178155e-5,0.580834,1.7875,158.32,0.0154,3.727893
790700,395350,5.1168754e-5,0.638190,1.8931,180.71,0.0152,4.083256
790800,395400,5.1159368e-5,0.607197,1.8353,154.76,0.0155,3.857803
790900,395450,5.1149975e-5,0.601586,1.8250,146.19,0.0160,3.847597
791000,395500,5.114059e-5,0.590282,1.8045,153.77,0.0156,3.778264
791100,395550,5.1131192e-5,0.609786,1.8400,193.24,0.0179,3.860673
791200,395600,5.112181e-5,0.607023,1.8350,148.71,0.0155,3.879751
791300,395650,5.1112413e-5,0.582189,1.7900,153.79,0.0155,3.737988
791400,395700,5.1103027e-5,0.584726,1.7945,156.16,0.0159,3.759185
791500,395750,5.1093633e-5,0.612651,1.8453,146.05,0.0156,3.920081
791600,395800,5.1084247e-5,0.602759,1.8272,195.72,0.0152,3.808407
791700,395850,5.1074858e-5,0.596556,1.8159,161.75,0.0152,3.846890
791800,395900,5.106547e-5,0.577552,1.7817,176.00,0.0151,3.710718
791900,395950,5.105608e-5,0.635433,1.8878,136.94,0.0161,4.014612
792000,396000,5.1046696e-5,0.599771,1.8217,145.37,0.0158,3.818304
792100,396050,5.1037303e-5,0.639262,1.8951,197.04,0.0177,4.059338
792200,396100,5.102792e-5,0.571028,1.7701,146.08,0.0154,3.696307
792300,396150,5.101854e-5,0.606699,1.8344,154.81,0.0154,3.861983
792400,396200,5.1009145e-5,0.606129,1.8333,148.63,0.0155,3.887516
792500,396250,5.099976e-5,0.619845,1.8586,159.63,0.0154,3.956868
792600,396300,5.0990366e-5,0.580070,1.7862,167.11,0.0150,3.757132
792700,396350,5.0980983e-5,0.582533,1.7906,152.94,0.0153,3.742734
792800,396400,5.097159e-5,0.593416,1.8102,143.08,0.0157,3.801100
792900,396450,5.096221e-5,0.590087,1.8041,139.75,0.0157,3.812025
793000,396500,5.0952818e-5,0.622354,1.8633,159.13,0.0157,3.916523
793100,396550,5.0943436e-5,0.596897,1.8165,169.48,0.0185,3.873090
793200,396600,5.0934046e-5,0.621375,1.8615,195.90,0.0153,3.920756
793300,396650,5.0924664e-5,0.591389,1.8065,166.53,0.0152,3.791164
793400,396700,5.091527e-5,0.607309,1.8355,161.11,0.0156,3.882163
793500,396750,5.090589e-5,0.573004,1.7736,168.69,0.0155,3.660718
793600,396800,5.0896506e-5,0.589347,1.8028,133.10,0.0159,3.754196
793700,396850,5.0887116e-5,0.591150,1.8061,160.29,0.0154,3.802312
793800,396900,5.0877734e-5,0.623867,1.8661,162.13,0.0160,3.972607
793900,396950,5.086835e-5,0.604829,1.8309,142.45,0.0158,3.822851
794000,397000,5.0858962e-5,0.587186,1.7989,165.53,0.0153,3.763202
794100,397050,5.0849583e-5,0.589012,1.8022,157.62,0.0189,3.757352
794200,397100,5.0840194e-5,0.605880,1.8329,163.64,0.0156,3.857350
794300,397150,5.083081e-5,0.590240,1.8044,157.10,0.0153,3.765772
794400,397200,5.082142e-5,0.601307,1.8245,136.61,0.0163,3.826708
794500,397250,5.0812043e-5,0.601435,1.8247,160.99,0.0155,3.865199
794600,397300,5.0802653e-5,0.588364,1.8010,134.54,0.0158,3.779577
794700,397350,5.0793275e-5,0.600771,1.8235,189.05,0.0155,3.840682
794800,397400,5.0783885e-5,0.600684,1.8234,150.42,0.0155,3.826706
794900,397450,5.0774506e-5,0.592127,1.8078,151.77,0.0163,3.757730
795000,397500,5.0765128e-5,0.617038,1.8534,172.65,0.0152,3.959907
795100,397550,5.075574e-5,0.587769,1.8000,175.50,0.0181,3.769628
795200,397600,5.074636e-5,0.597413,1.8174,142.36,0.0157,3.790840
795300,397650,5.0736973e-5,0.573287,1.7741,198.93,0.0154,3.668401
795400,397700,5.0727594e-5,0.610786,1.8419,196.66,0.0148,3.901430
795500,397750,5.0718212e-5,0.602258,1.8262,147.50,0.0159,3.842162
795600,397800,5.070883e-5,0.588221,1.8008,169.37,0.0155,3.754629
795700,397850,5.0699447e-5,0.599892,1.8219,180.40,0.0150,3.852311
795800,397900,5.0690072e-5,0.586230,1.7972,170.36,0.0151,3.735504
795900,397950,5.0680683e-5,0.602656,1.8270,146.84,0.0159,3.881332
796000,398000,5.0671308e-5,0.585710,1.7963,138.13,0.0159,3.694978
796100,398050,5.066192e-5,0.581999,1.7896,191.60,0.0172,3.727898
796200,398100,5.0652543e-5,0.600499,1.8230,156.91,0.0153,3.852857
796300,398150,5.064316e-5,0.606701,1.8344,140.18,0.0157,3.897345
796400,398200,5.0633782e-5,0.613156,1.8462,132.35,0.0159,3.921939
796500,398250,5.0624396e-5,0.588552,1.8014,173.88,0.0155,3.762663
796600,398300,5.0615025e-5,0.595852,1.8146,183.36,0.0149,3.823706
796700,398350,5.0605635e-5,0.601861,1.8255,147.92,0.0154,3.857066
796800,398400,5.059626e-5,0.641586,1.8995,144.53,0.0157,4.099397
796900,398450,5.0586877e-5,0.616404,1.8523,142.78,0.0157,3.943715
797000,398500,5.0577502e-5,0.604220,1.8298,144.83,0.0157,3.864015
797100,398550,5.0568124e-5,0.561865,1.7539,180.31,0.0180,3.596538
797200,398600,5.055874e-5,0.641147,1.8987,166.91,0.0158,4.027230
797300,398650,5.0549363e-5,0.575616,1.7782,177.15,0.0153,3.662865
797400,398700,5.053999e-5,0.594108,1.8114,153.07,0.0154,3.804279
797500,398750,5.0530605e-5,0.603464,1.8284,158.09,0.0158,3.824840
797600,398800,5.052123e-5,0.578963,1.7842,143.23,0.0157,3.681718
797700,398850,5.051186e-5,0.637960,1.8926,151.21,0.0158,4.048626
797800,398900,5.0502476e-5,0.609778,1.8400,160.24,0.0154,3.896101
797900,398950,5.0493105e-5,0.618176,1.8555,143.74,0.0156,3.958978
798000,399000,5.0483723e-5,0.592689,1.8088,150.01,0.0155,3.799983
798100,399050,5.0474348e-5,0.599326,1.8209,171.88,0.0179,3.868079
798200,399100,5.0464965e-5,0.604246,1.8299,182.81,0.0154,3.804384
798300,399150,5.0455594e-5,0.608486,1.8376,133.57,0.0158,3.902800
798400,399200,5.044621e-5,0.594120,1.8114,165.74,0.0155,3.780435
798500,399250,5.043684e-5,0.581623,1.7889,148.03,0.0155,3.758615
798600,399300,5.0427458e-5,0.598975,1.8203,151.45,0.0159,3.825602
798700,399350,5.0418086e-5,0.584419,1.7939,130.17,0.0159,3.733362
798800,399400,5.0408704e-5,0.601691,1.8252,169.31,0.0150,3.871174
798900,399450,5.0399336e-5,0.610686,1.8417,164.05,0.0153,3.939914
799000,399500,5.0389957e-5,0.600761,1.8235,147.06,0.0158,3.832665
799100,399550,5.0380582e-5,0.604919,1.8311,202.48,0.0175,3.836487
799200,399600,5.0371207e-5,0.591962,1.8075,159.53,0.0156,3.836057
799300,399650,5.036184e-5,0.593721,1.8107,155.14,0.0154,3.815469
799400,399700,5.0352457e-5,0.592940,1.8093,185.37,0.0148,3.790542
799500,399750,5.0343086e-5,0.584412,1.7939,182.79,0.0151,3.752030
799600,399800,5.0333707e-5,0.588279,1.8009,147.62,0.0157,3.741570
799700,399850,5.032434e-5,0.610081,1.8406,152.20,0.0154,3.922989
799800,399900,5.031496e-5,0.606133,1.8333,163.83,0.0156,3.836738
799900,399950,5.030559e-5,0.621976,1.8626,158.54,0.0157,3.943273
800000,400000,5.0296214e-5,0.609834,1.8401,167.11,0.0155,3.867059
800100,400050,5.0286842e-5,0.596154,1.8151,208.85,0.0173,3.798699
800200,400100,5.0277475e-5,0.602360,1.8264,153.73,0.0153,3.846331
800300,400150,5.02681e-5,0.626947,1.8719,166.82,0.0155,3.968142
800400,400200,5.0258728e-5,0.596711,1.8161,156.23,0.0153,3.822345
800500,400250,5.0249353e-5,0.580886,1.7876,149.26,0.0153,3.730897
800600,400300,5.0239985e-5,0.611555,1.8433,140.93,0.0157,3.927887
800700,400350,5.023061e-5,0.606953,1.8348,150.68,0.0154,3.902414
800800,400400,5.022124e-5,0.610784,1.8419,156.15,0.0155,3.883847
800900,400450,5.0211867e-5,0.598581,1.8195,197.28,0.0157,3.799945
801000,400500,5.0202496e-5,0.603009,1.8276,157.47,0.0156,3.828019
801100,400550,5.0193124e-5,0.607240,1.8354,195.12,0.0175,3.873517
801200,400600,5.018376e-5,0.589940,1.8039,144.23,0.0157,3.745210
801300,400650,5.017438e-5,0.599761,1.8217,140.30,0.0158,3.817110
801400,400700,5.0165017e-5,0.613043,1.8460,144.85,0.0159,3.902234
801500,400750,5.0155642e-5,0.599240,1.8207,144.25,0.0156,3.859750
801600,400800,5.0146275e-5,0.599794,1.8217,133.14,0.0158,3.861015
801700,400850,5.01369e-5,0.601979,1.8257,191.32,0.0154,3.861349
801800,400900,5.0127535e-5,0.608976,1.8385,135.92,0.0162,3.847274
801900,400950,5.011816e-5,0.583005,1.7914,134.56,0.0159,3.734555
802000,401000,5.0108796e-5,0.596665,1.8161,152.18,0.0154,3.827096
802100,401050,5.009942e-5,0.606920,1.8348,182.29,0.0179,3.859789
802200,401100,5.0090057e-5,0.608663,1.8380,137.12,0.0159,3.854897
802300,401150,5.008069e-5,0.586627,1.7979,142.20,0.0160,3.731486
802400,401200,5.007132e-5,0.601700,1.8252,154.00,0.0153,3.850897
802500,401250,5.006195e-5,0.591862,1.8074,160.31,0.0153,3.768496
802600,401300,5.005259e-5,0.606431,1.8339,176.31,0.0154,3.903578
802700,401350,5.0043218e-5,0.624542,1.8674,154.13,0.0155,3.976099
802800,401400,5.0033854e-5,0.613049,1.8461,163.05,0.0153,3.914755
802900,401450,5.0024486e-5,0.608286,1.8373,147.08,0.0158,3.853144
803000,401500,5.0015118e-5,0.587461,1.7994,179.41,0.0156,3.727931
803100,401550,5.0005758e-5,0.611485,1.8432,169.64,0.0187,3.846895
803200,401600,4.9996386e-5,0.575482,1.7780,137.05,0.0155,3.680390
803300,401650,4.9987026e-5,0.587143,1.7988,135.71,0.0158,3.786327
803400,401700,4.997765e-5,0.600783,1.8235,158.54,0.0153,3.897319
803500,401750,4.996829e-5,0.600437,1.8229,146.46,0.0158,3.780762
803600,401800,4.995892e-5,0.616925,1.8532,149.31,0.0155,3.956724
803700,401850,4.9949558e-5,0.589051,1.8023,137.03,0.0155,3.828718
803800,401900,4.9940187e-5,0.606558,1.8341,139.66,0.0157,3.892041
803900,401950,4.9930826e-5,0.577158,1.7810,162.72,0.0150,3.715892
804000,402000,4.992146e-5,0.616100,1.8517,170.27,0.0152,3.961460
804100,402050,4.9912098e-5,0.608313,1.8373,173.46,0.0181,3.922131
804200,402100,4.9902734e-5,0.622544,1.8637,194.04,0.0153,3.942715
804300,402150,4.989337e-5,0.612332,1.8447,141.93,0.0158,3.863274
804400,402200,4.9884e-5,0.648275,1.9122,173.34,0.0155,4.075903
804500,402250,4.9874645e-5,0.599805,1.8218,154.26,0.0156,3.836356
804600,402300,4.9865277e-5,0.610217,1.8408,154.17,0.0156,3.896885
804700,402350,4.9855917e-5,0.596359,1.8155,164.83,0.0154,3.827676
804800,402400,4.984655e-5,0.596579,1.8159,164.55,0.0156,3.797898
804900,402450,4.9837192e-5,0.612964,1.8459,176.48,0.0150,3.938728
805000,402500,4.982782e-5,0.592575,1.8086,162.51,0.0155,3.744511
805100,402550,4.9818467e-5,0.600939,1.8238,191.48,0.0179,3.812947
805200,402600,4.9809096e-5,0.590647,1.8052,150.69,0.0157,3.727590
805300,402650,4.9799743e-5,0.584945,1.7949,183.80,0.0153,3.731509
805400,402700,4.979037e-5,0.584917,1.7948,160.90,0.0153,3.761637
805500,402750,4.9781018e-5,0.616568,1.8526,156.93,0.0153,3.955946
805600,402800,4.977166e-5,0.585171,1.7953,161.87,0.0153,3.745921
805700,402850,4.9762297e-5,0.611078,1.8424,150.68,0.0164,3.885325
805800,402900,4.9752936e-5,0.601855,1.8255,157.05,0.0154,3.850503
805900,402950,4.9743572e-5,0.576024,1.7790,165.51,0.0151,3.699299
806000,403000,4.973422e-5,0.605420,1.8320,151.72,0.0157,3.857456
806100,403050,4.972486e-5,0.595933,1.8147,160.43,0.0188,3.795066
806200,403100,4.9715494e-5,0.580596,1.7871,161.24,0.0152,3.714254
806300,403150,4.9706134e-5,0.617530,1.8543,146.00,0.0159,3.909775
806400,403200,4.969678e-5,0.596962,1.8166,172.01,0.0153,3.809051
806500,403250,4.9687416e-5,0.589494,1.8031,146.60,0.0161,3.777756
806600,403300,4.9678063e-5,0.581768,1.7892,162.25,0.0154,3.702936
806700,403350,4.96687e-5,0.621762,1.8622,152.17,0.0157,3.947066
806800,403400,4.9659346e-5,0.610108,1.8406,158.98,0.0154,3.894711
806900,403450,4.964998e-5,0.624550,1.8674,124.56,0.0165,3.904095
807000,403500,4.964063e-5,0.618576,1.8563,141.79,0.0158,3.925608
807100,403550,4.9631264e-5,0.612498,1.8450,167.32,0.0186,3.869751
807200,403600,4.9621915e-5,0.608430,1.8375,155.79,0.0153,3.938818
807300,403650,4.961255e-5,0.613810,1.8475,168.03,0.0153,3.889907
807400,403700,4.9603197e-5,0.591713,1.8071,206.56,0.0147,3.774387
807500,403750,4.9593833e-5,0.621336,1.8614,167.42,0.0154,3.953897
807600,403800,4.9584483e-5,0.631946,1.8813,147.69,0.0156,4.002723
807700,403850,4.9575126e-5,0.595293,1.8136,170.58,0.0151,3.893253
807800,403900,4.956577e-5,0.622227,1.8631,177.80,0.0154,3.977681
807900,403950,4.9556413e-5,0.587981,1.8003,152.74,0.0158,3.794322
808000,404000,4.9547063e-5,0.602713,1.8271,156.45,0.0156,3.865687
808100,404050,4.953771e-5,0.599893,1.8219,172.96,0.0182,3.850387
808200,404100,4.9528353e-5,0.606706,1.8344,157.19,0.0156,3.892283
808300,404150,4.9519003e-5,0.613016,1.8460,163.38,0.0155,3.892161
808400,404200,4.9509643e-5,0.583789,1.7928,149.05,0.0153,3.760440
808500,404250,4.9500293e-5,0.604325,1.8300,136.13,0.0156,3.873624
808600,404300,4.9490933e-5,0.610413,1.8412,148.95,0.0159,3.849261
808700,404350,4.9481583e-5,0.597255,1.8171,149.76,0.0159,3.786151
808800,404400,4.9472226e-5,0.585192,1.7953,170.89,0.0154,3.732739
808900,404450,4.9462877e-5,0.604448,1.8302,151.83,0.0156,3.884642
809000,404500,4.9453516e-5,0.605560,1.8323,194.24,0.0151,3.835160
809100,404550,4.944417e-5,0.614691,1.8491,178.37,0.0181,3.875467
809200,404600,4.943481e-5,0.592622,1.8087,158.32,0.0155,3.793933
809300,404650,4.9425464e-5,0.613867,1.8476,160.17,0.0155,3.943706
809400,404700,4.9416107e-5,0.600750,1.8235,159.82,0.0155,3.795913
809500,404750,4.9406757e-5,0.602284,1.8263,130.49,0.0159,3.869422
809600,404800,4.9397408e-5,0.626887,1.8718,144.62,0.0156,3.996095
809700,404850,4.9388054e-5,0.616083,1.8517,144.02,0.0159,3.883019
809800,404900,4.93787e-5,0.610396,1.8412,130.76,0.0159,3.902234
809900,404950,4.936936e-5,0.624845,1.8680,138.45,0.0158,4.015060
810000,405000,4.9360002e-5,0.588831,1.8019,167.53,0.0156,3.740978
810100,405050,4.9350656e-5,0.612496,1.8450,192.24,0.0175,3.915958
810200,405100,4.93413e-5,0.572702,1.7731,140.25,0.0156,3.690244
810300,405150,4.9331953e-5,0.591923,1.8075,160.23,0.0155,3.746042
810400,405200,4.93226e-5,0.618475,1.8561,173.73,0.0156,3.943049
810500,405250,4.9313254e-5,0.572969,1.7735,165.24,0.0151,3.690086
810600,405300,4.93039e-5,0.625790,1.8697,163.58,0.0153,3.977331
810700,405350,4.9294555e-5,0.574281,1.7759,143.74,0.0155,3.688916
810800,405400,4.9285212e-5,0.583100,1.7916,167.00,0.0151,3.775084
810900,405450,4.927586e-5,0.567693,1.7642,166.78,0.0153,3.660230
811000,405500,4.9266517e-5,0.610930,1.8421,159.07,0.0157,3.884497
811100,405550,4.925716e-5,0.618012,1.8552,175.06,0.0182,3.946603
811200,405600,4.9247818e-5,0.604807,1.8309,177.13,0.0158,3.821984
811300,405650,4.9238464e-5,0.572775,1.7732,180.92,0.0152,3.703102
811400,405700,4.9229122e-5,0.607568,1.8360,142.35,0.0159,3.839061
811500,405750,4.9219776e-5,0.611013,1.8423,164.21,0.0152,3.920900
811600,405800,4.9210426e-5,0.620428,1.8597,158.47,0.0157,3.919926
811700,405850,4.920108e-5,0.597810,1.8181,169.81,0.0158,3.808136
811800,405900,4.919174e-5,0.599406,1.8210,161.31,0.0153,3.834744
811900,405950,4.918239e-5,0.558224,1.7476,142.12,0.0153,3.632402
812000,406000,4.9173046e-5,0.585541,1.7960,150.05,0.0157,3.753949
812100,406050,4.9163697e-5,0.562262,1.7546,176.07,0.0178,3.664668
812200,406100,4.9154358e-5,0.601126,1.8242,134.71,0.0159,3.871230
812300,406150,4.9145005e-5,0.593614,1.8105,156.29,0.0152,3.830427
812400,406200,4.9135666e-5,0.609656,1.8398,165.84,0.0154,3.922568
812500,406250,4.9126316e-5,0.595581,1.8141,169.23,0.0153,3.815978
812600,406300,4.9116978e-5,0.598453,1.8193,146.15,0.0157,3.822948
812700,406350,4.9107628e-5,0.609137,1.8388,155.54,0.0154,3.865080
812800,406400,4.909829e-5,0.603058,1.8277,167.12,0.0154,3.889503
812900,406450,4.9088936e-5,0.588620,1.8015,163.99,0.0159,3.745534
813000,406500,4.90796e-5,0.604841,1.8310,163.89,0.0153,3.841104
813100,406550,4.907026e-5,0.590596,1.8051,163.61,0.0183,3.796154
813200,406600,4.9060913e-5,0.615961,1.8514,175.30,0.0156,3.915447
813300,406650,4.905157e-5,0.589657,1.8034,154.08,0.0159,3.734293
813400,406700,4.9042235e-5,0.611197,1.8426,156.20,0.0156,3.879031
813500,406750,4.9032893e-5,0.586607,1.7979,154.66,0.0155,3.729593
813600,406800,4.902355e-5,0.608393,1.8375,143.07,0.0155,3.927600
813700,406850,4.9014212e-5,0.618099,1.8554,147.11,0.0157,3.910633
813800,406900,4.9004866e-5,0.593420,1.8102,153.65,0.0153,3.786153
813900,406950,4.899553e-5,0.592763,1.8090,166.09,0.0154,3.741403
814000,407000,4.898619e-5,0.605543,1.8322,176.04,0.0150,3.869785
814100,407050,4.897685e-5,0.591326,1.8064,166.93,0.0184,3.817086
814200,407100,4.8967504e-5,0.602021,1.8258,170.10,0.0154,3.836153
814300,407150,4.895817e-5,0.589122,1.8024,145.65,0.0156,3.760454
814400,407200,4.8948823e-5,0.582976,1.7914,153.47,0.0156,3.718287
814500,407250,4.893949e-5,0.621345,1.8614,147.84,0.0159,3.942362
814600,407300,4.8930146e-5,0.583240,1.7918,129.67,0.0158,3.740698
814700,407350,4.892081e-5,0.602614,1.8269,141.67,0.0159,3.822499
814800,407400,4.891147e-5,0.593355,1.8101,141.63,0.0156,3.775036
814900,407450,4.8902133e-5,0.592017,1.8076,129.52,0.0162,3.759624
815000,407500,4.8892798e-5,0.587925,1.8002,158.94,0.0156,3.722682
815100,407550,4.888346e-5,0.591824,1.8073,193.06,0.0176,3.749421
815200,407600,4.887412e-5,0.587906,1.8002,152.64,0.0156,3.759149
815300,407650,4.886479e-5,0.620625,1.8601,146.42,0.0154,3.993257
815400,407700,4.8855447e-5,0.606109,1.8333,151.22,0.0160,3.841013
815500,407750,4.8846116e-5,0.590790,1.8054,166.96,0.0157,3.773007
815600,407800,4.8836773e-5,0.579283,1.7848,127.64,0.0159,3.727159
815700,407850,4.882744e-5,0.584651,1.7944,135.86,0.0156,3.786052
815800,407900,4.8818103e-5,0.588623,1.8015,160.61,0.0152,3.778163
815900,407950,4.880877e-5,0.591742,1.8071,148.29,0.0158,3.748747
816000,408000,4.879943e-5,0.580018,1.7861,162.87,0.0154,3.701538
816100,408050,4.8790098e-5,0.609917,1.8403,180.97,0.0185,3.850944
816200,408100,4.878077e-5,0.603809,1.8291,192.93,0.0152,3.862197
816300,408150,4.877143e-5,0.601834,1.8255,146.68,0.0156,3.829386
816400,408200,4.87621e-5,0.601127,1.8242,156.02,0.0156,3.820320
816500,408250,4.875276e-5,0.591890,1.8074,176.81,0.0153,3.761819
816600,408300,4.874343e-5,0.601720,1.8253,132.59,0.0160,3.856539
816700,408350,4.8734095e-5,0.604926,1.8311,139.48,0.0161,3.825716
816800,408400,4.8724767e-5,0.588499,1.8013,132.35,0.0158,3.745756
816900,408450,4.8715436e-5,0.579711,1.7855,169.79,0.0153,3.676408
817000,408500,4.87061e-5,0.597134,1.8169,173.92,0.0154,3.829936
817100,408550,4.8696766e-5,0.576605,1.7800,186.39,0.0175,3.694869
817200,408600,4.868744e-5,0.538672,1.7137,164.69,0.0151,3.489249
817300,408650,4.8678103e-5,0.600977,1.8239,156.36,0.0156,3.836320
817400,408700,4.866878e-5,0.597340,1.8173,169.50,0.0156,3.823073
817500,408750,4.865944e-5,0.576868,1.7805,147.49,0.0158,3.723738
817600,408800,4.8650116e-5,0.580281,1.7865,140.79,0.0159,3.681148
817700,408850,4.8640777e-5,0.596403,1.8156,168.86,0.0153,3.813544
817800,408900,4.8631453e-5,0.605693,1.8325,185.40,0.0155,3.832537
817900,408950,4.8622118e-5,0.608192,1.8371,141.45,0.0158,3.913074
818000,409000,4.861279e-5,0.603517,1.8285,140.11,0.0157,3.808861
818100,409050,4.860346e-5,0.583663,1.7926,187.32,0.0173,3.757004
818200,409100,4.8594135e-5,0.568055,1.7648,142.29,0.0154,3.653195
818300,409150,4.8584807e-5,0.591746,1.8071,163.60,0.0156,3.771935
818400,409200,4.8575475e-5,0.620452,1.8598,161.94,0.0154,3.985716
818500,409250,4.8566148e-5,0.618463,1.8561,153.87,0.0158,3.926092
818600,409300,4.8556823e-5,0.582338,1.7902,149.53,0.0155,3.752979
818700,409350,4.8547496e-5,0.607685,1.8362,171.49,0.0153,3.883474
818800,409400,4.8538168e-5,0.617848,1.8549,168.37,0.0157,3.917456
818900,409450,4.852884e-5,0.612733,1.8455,193.39,0.0151,3.907518
819000,409500,4.8519516e-5,0.581669,1.7890,159.35,0.0152,3.697605
819100,409550,4.8510192e-5,0.593415,1.8102,160.86,0.0183,3.828610
819200,409600,4.850086e-5,0.579879,1.7858,149.08,0.0154,3.720423
819300,409650,4.849154e-5,0.613959,1.8477,140.61,0.0157,3.937878
819400,409700,4.848221e-5,0.604928,1.8311,157.76,0.0156,3.880388
819500,409750,4.8472888e-5,0.586899,1.7984,142.83,0.0156,3.740480
819600,409800,4.8463557e-5,0.618385,1.8559,162.75,0.0154,3.950662
819700,409850,4.8454236e-5,0.615908,1.8513,147.74,0.0156,3.907729
819800,409900,4.844491e-5,0.597190,1.8170,149.58,0.0157,3.804437
819900,409950,4.8435588e-5,0.650161,1.9158,160.88,0.0161,4.089708
820000,410000,4.8426256e-5,0.608986,1.8386,199.85,0.0157,3.885851
820100,410050,4.841694e-5,0.593054,1.8095,166.36,0.0194,3.780671
820200,410100,4.8407615e-5,0.583050,1.7915,144.56,0.0157,3.712960
820300,410150,4.839829e-5,0.614702,1.8491,141.70,0.0157,3.932921
820400,410200,4.838897e-5,0.592241,1.8080,144.75,0.0158,3.808578
820500,410250,4.837965e-5,0.595882,1.8146,144.63,0.0157,3.788317
820600,410300,4.8370322e-5,0.616379,1.8522,150.37,0.0159,3.868394
820700,410350,4.8361006e-5,0.608227,1.8372,181.60,0.0153,3.855905
820800,410400,4.8351678e-5,0.613832,1.8475,163.27,0.0154,3.899458
820900,410450,4.8342365e-5,0.586552,1.7978,162.78,0.0152,3.748845
821000,410500,4.8333037e-5,0.598844,1.8200,177.95,0.0152,3.830279
821100,410550,4.832372e-5,0.612611,1.8452,199.08,0.0174,3.887065
821200,410600,4.8314392e-5,0.601164,1.8242,145.00,0.0157,3.831288
821300,410650,4.830508e-5,0.593690,1.8107,160.12,0.0155,3.781146
821400,410700,4.8295766e-5,0.577156,1.7810,148.98,0.0157,3.659731
821500,410750,4.8286438e-5,0.628594,1.8750,157.47,0.0157,3.994097
821600,410800,4.8277125e-5,0.586800,1.7982,153.72,0.0152,3.780697
821700,410850,4.82678e-5,0.604033,1.8295,157.61,0.0155,3.839753
821800,410900,4.8258484e-5,0.567289,1.7635,138.46,0.0154,3.698693
821900,410950,4.8249163e-5,0.604016,1.8295,165.19,0.0153,3.880852
822000,411000,4.823985e-5,0.592353,1.8082,136.02,0.0156,3.806895
822100,411050,4.823053e-5,0.600279,1.8226,188.60,0.0180,3.827502
822200,411100,4.8221213e-5,0.560036,1.7507,156.91,0.0151,3.587103
822300,411150,4.8211896e-5,0.598554,1.8195,179.50,0.0159,3.801907
822400,411200,4.8202583e-5,0.595522,1.8140,184.16,0.0150,3.771262
822500,411250,4.8193262e-5,0.612644,1.8453,159.24,0.0156,3.886937
822600,411300,4.818395e-5,0.601282,1.8245,149.28,0.0156,3.826077
822700,411350,4.8174625e-5,0.626211,1.8705,156.01,0.0156,3.989508
822800,411400,4.8165315e-5,0.622493,1.8636,161.27,0.0155,3.923809
822900,411450,4.8155995e-5,0.565304,1.7600,156.22,0.0150,3.677694
823000,411500,4.8146685e-5,0.613688,1.8472,175.61,0.0158,3.923116
823100,411550,4.8137365e-5,0.582849,1.7911,181.45,0.0179,3.781335
823200,411600,4.8128055e-5,0.580192,1.7864,130.39,0.0158,3.734490
823300,411650,4.8118734e-5,0.597411,1.8174,142.81,0.0155,3.827518
823400,411700,4.810943e-5,0.601424,1.8247,184.33,0.0152,3.802559
823500,411750,4.8100108e-5,0.599999,1.8221,140.84,0.0157,3.830928
823600,411800,4.80908e-5,0.594510,1.8121,144.12,0.0154,3.785086
823700,411850,4.8081485e-5,0.575981,1.7789,170.77,0.0152,3.658841
823800,411900,4.8072172e-5,0.631518,1.8805,141.50,0.0157,4.041420
823900,411950,4.806286e-5,0.582025,1.7897,172.58,0.0154,3.679895
824000,412000,4.8053553e-5,0.617438,1.8542,148.03,0.0159,3.928700
824100,412050,4.804424e-5,0.598396,1.8192,171.11,0.0187,3.793809
824200,412100,4.803493e-5,0.600243,1.8226,156.91,0.0155,3.848147
824300,412150,4.802562e-5,0.597654,1.8178,166.05,0.0152,3.839290
824400,412200,4.8016307e-5,0.606395,1.8338,159.66,0.0157,3.890198
824500,412250,4.8006998e-5,0.573973,1.7753,172.08,0.0152,3.709044
824600,412300,4.7997684e-5,0.591773,1.8072,145.49,0.0157,3.768755
824700,412350,4.798838e-5,0.573595,1.7746,146.48,0.0155,3.671877
824800,412400,4.7979065e-5,0.616055,1.8516,159.00,0.0153,3.933265
824900,412450,4.796976e-5,0.575116,1.7773,142.20,0.0157,3.707369
825000,412500,4.7960446e-5,0.570466,1.7691,154.48,0.0153,3.657859
825100,412550,4.795114e-5,0.622388,1.8634,177.75,0.0185,3.958714
825200,412600,4.7941827e-5,0.601266,1.8244,176.57,0.0154,3.818089
825300,412650,4.7932524e-5,0.593118,1.8096,157.27,0.0153,3.792556
825400,412700,4.792321e-5,0.572759,1.7732,151.77,0.0153,3.700411
825500,412750,4.791391e-5,0.596280,1.8154,154.15,0.0154,3.799905
825600,412800,4.79046e-5,0.583994,1.7932,143.79,0.0157,3.720858
825700,412850,4.7895293e-5,0.582125,1.7898,155.01,0.0159,3.711482
825800,412900,4.7885984e-5,0.586822,1.7983,188.82,0.0153,3.722555
825900,412950,4.7876685e-5,0.623763,1.8659,151.58,0.0158,3.950725
826000,413000,4.7867372e-5,0.599508,1.8212,133.35,0.0167,3.806498
826100,413050,4.7858073e-5,0.604116,1.8296,194.37,0.0178,3.828862
826200,413100,4.784876e-5,0.604275,1.8299,165.17,0.0158,3.807227
826300,413150,4.783946e-5,0.599959,1.8220,154.02,0.0157,3.776452
826400,413200,4.7830148e-5,0.607803,1.8364,136.80,0.0160,3.841303
826500,413250,4.782085e-5,0.615140,1.8499,166.61,0.0153,3.910532
826600,413300,4.781155e-5,0.586401,1.7975,163.80,0.0152,3.748985
826700,413350,4.7802245e-5,0.640266,1.8970,161.90,0.0156,4.064600
826800,413400,4.7792946e-5,0.584712,1.7945,154.63,0.0159,3.742787
826900,413450,4.7783637e-5,0.611335,1.8429,185.52,0.0152,3.871315
827000,413500,4.7774338e-5,0.607178,1.8352,176.56,0.0151,3.896772
827100,413550,4.7765032e-5,0.593125,1.8096,186.04,0.0175,3.785866
827200,413600,4.7755733e-5,0.613682,1.8472,165.85,0.0159,3.903035
827300,413650,4.7746424e-5,0.580395,1.7867,145.17,0.0158,3.676432
827400,413700,4.773713e-5,0.578608,1.7836,141.52,0.0158,3.702104
827500,413750,4.7727826e-5,0.593626,1.8105,175.48,0.0156,3.779107
827600,413800,4.7718528e-5,0.616686,1.8528,149.58,0.0157,3.928153
827700,413850,4.7709225e-5,0.586217,1.7972,145.54,0.0154,3.818673
827800,413900,4.769993e-5,0.595052,1.8131,141.70,0.0154,3.822549
827900,413950,4.7690624e-5,0.615140,1.8499,161.10,0.0159,3.916347
828000,414000,4.768133e-5,0.602491,1.8267,165.09,0.0157,3.826075
828100,414050,4.7672023e-5,0.616770,1.8529,155.27,0.0192,3.917206
828200,414100,4.7662732e-5,0.605307,1.8318,159.25,0.0157,3.821625
828300,414150,4.7653426e-5,0.603759,1.8290,159.96,0.0154,3.868597
828400,414200,4.7644135e-5,0.560815,1.7521,140.95,0.0159,3.598933
828500,414250,4.763483e-5,0.599891,1.8219,178.92,0.0154,3.829584
828600,414300,4.7625534e-5,0.613325,1.8466,166.59,0.0152,3.941400
828700,414350,4.761623e-5,0.584951,1.7949,207.29,0.0147,3.790218
828800,414400,4.7606944e-5,0.622365,1.8633,161.35,0.0156,3.938307
828900,414450,4.759764e-5,0.612284,1.8446,136.36,0.0158,3.895299
829000,414500,4.758835e-5,0.600036,1.8222,156.83,0.0153,3.809193
829100,414550,4.757905e-5,0.615659,1.8509,153.36,0.0192,3.933754
829200,414600,4.7569756e-5,0.588704,1.8017,166.57,0.0155,3.743753
829300,414650,4.7560465e-5,0.602749,1.8271,160.88,0.0154,3.848897
829400,414700,4.755117e-5,0.614938,1.8495,206.75,0.0155,3.906098
829500,414750,4.7541875e-5,0.575840,1.7786,145.68,0.0155,3.729113
829600,414800,4.753258e-5,0.584783,1.7946,151.45,0.0153,3.774734
829700,414850,4.752329e-5,0.602291,1.8263,163.61,0.0154,3.859993
829800,414900,4.751399e-5,0.585583,1.7960,173.55,0.0151,3.771068
829900,414950,4.75047e-5,0.602475,1.8266,138.78,0.0159,3.855228
830000,415000,4.7495403e-5,0.596652,1.8160,174.25,0.0153,3.835936
830100,415050,4.7486115e-5,0.607921,1.8366,198.94,0.0173,3.886213
830200,415100,4.7476817e-5,0.609009,1.8386,172.96,0.0155,3.867863
830300,415150,4.7467533e-5,0.591547,1.8068,170.15,0.0155,3.774847
830400,415200,4.745823e-5,0.569394,1.7672,143.81,0.0156,3.674857
830500,415250,4.7448946e-5,0.636607,1.8901,146.84,0.0161,4.062654
830600,415300,4.743965e-5,0.595704,1.8143,137.61,0.0158,3.834504
830700,415350,4.7430363e-5,0.630203,1.8780,164.34,0.0159,4.008137
830800,415400,4.742107e-5,0.620474,1.8598,139.49,0.0159,3.947419
830900,415450,4.741178e-5,0.625310,1.8688,166.35,0.0156,3.995736
831000,415500,4.7402493e-5,0.584365,1.7939,153.23,0.0152,3.746403
831100,415550,4.73932e-5,0.579186,1.7846,197.25,0.0173,3.712752
831200,415600,4.7383914e-5,0.591778,1.8072,133.75,0.0158,3.791773
831300,415650,4.737463e-5,0.607077,1.8351,156.74,0.0156,3.860029
831400,415700,4.7365334e-5,0.602494,1.8267,147.80,0.0159,3.822823
831500,415750,4.7356054e-5,0.589681,1.8034,156.44,0.0149,3.804706
831600,415800,4.734676e-5,0.608301,1.8373,153.45,0.0158,3.887344
831700,415850,4.7337475e-5,0.622197,1.8630,141.62,0.0159,3.938377
831800,415900,4.7328183e-5,0.625297,1.8688,141.26,0.0159,3.978649
831900,415950,4.7318903e-5,0.601481,1.8248,159.48,0.0157,3.846614
832000,416000,4.730962e-5,0.612993,1.8459,158.66,0.0154,3.915670
832100,416050,4.7300327e-5,0.594638,1.8124,175.62,0.0181,3.811557
832200,416100,4.7291047e-5,0.604974,1.8312,158.15,0.0153,3.830297
832300,416150,4.7281756e-5,0.589662,1.8034,165.27,0.0152,3.773310
832400,416200,4.7272475e-5,0.600938,1.8238,181.22,0.0154,3.797685
832500,416250,4.7263184e-5,0.565978,1.7612,145.75,0.0152,3.677955
832600,416300,4.7253907e-5,0.578676,1.7837,144.37,0.0155,3.687363
832700,416350,4.7244615e-5,0.593578,1.8105,147.61,0.0159,3.823386
832800,416400,4.723534e-5,0.586955,1.7985,295.00,0.0144,3.774473
832900,416450,4.7226054e-5,0.596576,1.8159,162.35,0.0155,3.795561
833000,416500,4.721677e-5,0.591382,1.8065,152.11,0.0155,3.717206
833100,416550,4.720749e-5,0.608749,1.8381,172.23,0.0181,3.893960
833200,416600,4.719821e-5,0.592510,1.8085,155.05,0.0157,3.745017
833300,416650,4.718892e-5,0.622765,1.8641,145.20,0.0160,3.925435
833400,416700,4.7179645e-5,0.595605,1.8141,128.36,0.0159,3.838800
833500,416750,4.7170357e-5,0.576749,1.7802,166.65,0.0151,3.698292
833600,416800,4.7161084e-5,0.590861,1.8055,164.30,0.0153,3.777853
833700,416850,4.7151796e-5,0.590004,1.8040,167.11,0.0157,3.766638
833800,416900,4.7142523e-5,0.601332,1.8245,167.89,0.0154,3.833455
833900,416950,4.7133235e-5,0.581397,1.7885,155.94,0.0153,3.704803
834000,417000,4.7123962e-5,0.570940,1.7699,152.77,0.0155,3.679246
834100,417050,4.7114678e-5,0.623718,1.8659,172.89,0.0183,3.947627
834200,417100,4.71054e-5,0.587690,1.7998,152.70,0.0154,3.769659
834300,417150,4.7096124e-5,0.580358,1.7867,155.96,0.0154,3.705899
834400,417200,4.7086844e-5,0.582502,1.7905,165.75,0.0157,3.773803
834500,417250,4.7077567e-5,0.597379,1.8174,147.36,0.0158,3.806966
834600,417300,4.7068286e-5,0.572515,1.7727,167.23,0.0152,3.666471
834700,417350,4.7059013e-5,0.573959,1.7753,123.61,0.0161,3.689984
834800,417400,4.704974e-5,0.602494,1.8267,147.89,0.0157,3.840856
834900,417450,4.7040463e-5,0.598490,1.8194,150.85,0.0157,3.821487
835000,417500,4.7031182e-5,0.581920,1.7895,188.81,0.0150,3.734573
835100,417550,4.7021913e-5,0.600311,1.8227,162.34,0.0187,3.801303
835200,417600,4.7012632e-5,0.587608,1.7997,142.52,0.0153,3.795712
835300,417650,4.7003363e-5,0.591585,1.8068,175.13,0.0152,3.788247
835400,417700,4.6994082e-5,0.606033,1.8331,152.16,0.0160,3.837991
835500,417750,4.6984813e-5,0.598026,1.8185,186.94,0.0149,3.845738
835600,417800,4.6975532e-5,0.603721,1.8289,159.25,0.0158,3.840681
835700,417850,4.6966263e-5,0.607569,1.8360,149.94,0.0157,3.888138
835800,417900,4.6956986e-5,0.570471,1.7691,146.69,0.0155,3.687250
835900,417950,4.694772e-5,0.570293,1.7688,141.24,0.0154,3.696252
836000,418000,4.693844e-5,0.592304,1.8081,142.85,0.0156,3.787402
836100,418050,4.692917e-5,0.591878,1.8074,177.56,0.0180,3.785956
836200,418100,4.69199e-5,0.589878,1.8038,146.72,0.0153,3.820854
836300,418150,4.691063e-5,0.611094,1.8424,165.36,0.0153,3.931434
836400,418200,4.6901358e-5,0.603767,1.8290,168.30,0.0158,3.851517
836500,418250,4.689209e-5,0.606402,1.8338,145.08,0.0156,3.839874
836600,418300,4.6882815e-5,0.586304,1.7973,144.84,0.0156,3.764428
836700,418350,4.6873552e-5,0.598282,1.8190,157.55,0.0158,3.791759
836800,418400,4.6864272e-5,0.587492,1.7995,161.37,0.0152,3.733962
836900,418450,4.685501e-5,0.605102,1.8314,175.66,0.0151,3.868436
837000,418500,4.6845737e-5,0.596949,1.8166,146.68,0.0156,3.823775
837100,418550,4.683647e-5,0.598391,1.8192,189.82,0.0179,3.789346
837200,418600,4.682721e-5,0.578408,1.7832,160.32,0.0155,3.689731
837300,418650,4.681793e-5,0.586009,1.7968,165.96,0.0155,3.721680
837400,418700,4.680867e-5,0.609419,1.8394,149.18,0.0158,3.867489
837500,418750,4.67994e-5,0.603843,1.8291,207.88,0.0151,3.853452
837600,418800,4.6790137e-5,0.602719,1.8271,156.04,0.0160,3.778825
837700,418850,4.6780864e-5,0.587865,1.8001,159.41,0.0154,3.751712
837800,418900,4.67716e-5,0.596731,1.8162,151.44,0.0154,3.811284
837900,418950,4.676233e-5,0.590378,1.8047,128.83,0.0159,3.749317
838000,419000,4.675307e-5,0.576778,1.7803,161.74,0.0154,3.727334
838100,419050,4.6743804e-5,0.585866,1.7965,173.58,0.0184,3.735201
838200,419100,4.673454e-5,0.587688,1.7998,158.75,0.0152,3.749001
838300,419150,4.6725276e-5,0.606795,1.8345,158.63,0.0158,3.885965
838400,419200,4.6716017e-5,0.588435,1.8012,127.76,0.0158,3.778710
838500,419250,4.6706748e-5,0.588857,1.8019,160.68,0.0152,3.777080
838600,419300,4.669749e-5,0.587912,1.8002,172.51,0.0151,3.779940
838700,419350,4.668822e-5,0.609272,1.8391,142.28,0.0158,3.893796
838800,419400,4.667896e-5,0.565562,1.7604,161.69,0.0155,3.584336
838900,419450,4.6669695e-5,0.632720,1.8827,156.74,0.0153,4.013642
839000,419500,4.666044e-5,0.570558,1.7693,129.10,0.0159,3.656888
839100,419550,4.665117e-5,0.614172,1.8481,178.04,0.0179,3.936237
839200,419600,4.6641915e-5,0.594597,1.8123,129.42,0.0159,3.774938
839300,419650,4.663265e-5,0.589809,1.8036,153.54,0.0153,3.775531
839400,419700,4.662339e-5,0.579928,1.7859,146.23,0.0159,3.704132
839500,419750,4.661413e-5,0.610140,1.8407,171.21,0.0157,3.871891
839600,419800,4.660487e-5,0.587610,1.7997,193.10,0.0150,3.749722
839700,419850,4.659561e-5,0.592103,1.8078,149.62,0.0156,3.739231
839800,419900,4.6586352e-5,0.602597,1.8269,162.68,0.0157,3.872095
839900,419950,4.65771e-5,0.594347,1.8118,150.59,0.0155,3.846742
840000,420000,4.6567842e-5,0.587204,1.7990,156.32,0.0157,3.770497
840100,420050,4.6558584e-5,0.624344,1.8670,178.59,0.0180,3.976679
840200,420100,4.6549325e-5,0.601002,1.8239,138.89,0.0159,3.837310
840300,420150,4.654007e-5,0.607308,1.8355,142.64,0.0156,3.859153
840400,420200,4.653081e-5,0.585067,1.7951,155.13,0.0157,3.709714
840500,420250,4.652156e-5,0.584826,1.7947,179.57,0.0154,3.759063
840600,420300,4.6512298e-5,0.607284,1.8354,141.69,0.0158,3.862323
840700,420350,4.6503046e-5,0.579545,1.7852,151.78,0.0153,3.709041
840800,420400,4.6493788e-5,0.580856,1.7876,144.59,0.0158,3.711791
840900,420450,4.6484536e-5,0.592974,1.8094,163.10,0.0155,3.759727
841000,420500,4.6475274e-5,0.571668,1.7712,158.92,0.0153,3.689217
841100,420550,4.6466026e-5,0.589459,1.8030,145.69,0.0197,3.735518
841200,420600,4.6456767e-5,0.659574,1.9340,243.13,0.0155,4.136016
841300,420650,4.644752e-5,0.612976,1.8459,140.22,0.0156,3.914755
841400,420700,4.643826e-5,0.573698,1.7748,157.28,0.0154,3.717764
841500,420750,4.6429013e-5,0.596475,1.8157,141.61,0.0156,3.788125
841600,420800,4.6419762e-5,0.602992,1.8276,151.05,0.0161,3.841449
841700,420850,4.6410507e-5,0.598026,1.8185,143.60,0.0157,3.814832
841800,420900,4.6401256e-5,0.604741,1.8308,136.79,0.0159,3.873468
841900,420950,4.639201e-5,0.603054,1.8277,190.20,0.0152,3.865551
842000,421000,4.6382756e-5,0.632710,1.8827,183.54,0.0154,4.034226
842100,421050,4.637351e-5,0.590139,1.8042,195.59,0.0176,3.770227
842200,421100,4.6364254e-5,0.588790,1.8018,137.92,0.0159,3.785039
842300,421150,4.635501e-5,0.625528,1.8692,145.08,0.0157,3.967486
842400,421200,4.6345755e-5,0.592788,1.8090,152.89,0.0154,3.793939
842500,421250,4.633651e-5,0.589339,1.8028,173.70,0.0154,3.729491
842600,421300,4.6327266e-5,0.594140,1.8115,138.08,0.0160,3.758059
842700,421350,4.631801e-5,0.578423,1.7832,155.97,0.0156,3.688393
842800,421400,4.6308767e-5,0.588116,1.8006,163.42,0.0154,3.769662
842900,421450,4.629952e-5,0.593569,1.8104,177.47,0.0153,3.775825
843000,421500,4.6290275e-5,0.606679,1.8343,156.71,0.0157,3.844199
843100,421550,4.6281024e-5,0.581314,1.7884,170.60,0.0181,3.717155
843200,421600,4.627178e-5,0.601170,1.8243,146.58,0.0157,3.846176
843300,421650,4.626253e-5,0.629011,1.8758,131.26,0.0163,3.952546
843400,421700,4.625329e-5,0.564642,1.7588,162.32,0.0149,3.693369
843500,421750,4.6244044e-5,0.597142,1.8169,132.66,0.0160,3.818817
843600,421800,4.62348e-5,0.613248,1.8464,186.58,0.0156,3.866740
843700,421850,4.6225556e-5,0.597089,1.8168,144.55,0.0155,3.833611
843800,421900,4.6216315e-5,0.611976,1.8441,139.60,0.0159,3.898623
843900,421950,4.6207067e-5,0.587382,1.7993,154.84,0.0153,3.769250
844000,422000,4.619783e-5,0.591108,1.8060,168.91,0.0151,3.806745
844100,422050,4.6188583e-5,0.595240,1.8135,182.19,0.0177,3.809220
844200,422100,4.6179342e-5,0.591721,1.8071,180.83,0.0157,3.782309
844300,422150,4.6170095e-5,0.618538,1.8562,137.91,0.0161,3.921375
844400,422200,4.6160858e-5,0.596066,1.8150,136.78,0.0157,3.817421
844500,422250,4.6151614e-5,0.596973,1.8166,140.51,0.0157,3.801424
844600,422300,4.6142377e-5,0.596549,1.8158,145.43,0.0156,3.803365
844700,422350,4.6133133e-5,0.586241,1.7972,170.48,0.0150,3.759021
844800,422400,4.6123896e-5,0.572308,1.7724,168.07,0.0151,3.673765
844900,422450,4.6114652e-5,0.594092,1.8114,145.93,0.0158,3.777519
845000,422500,4.610542e-5,0.594507,1.8121,179.22,0.0149,3.798771
845100,422550,4.6096182e-5,0.571753,1.7714,166.69,0.0182,3.638492
845200,422600,4.6086938e-5,0.579564,1.7853,147.31,0.0155,3.710295
845300,422650,4.6077705e-5,0.600672,1.8233,159.28,0.0154,3.842595
845400,422700,4.6068468e-5,0.616415,1.8523,148.06,0.0157,3.919147
845500,422750,4.605923e-5,0.571748,1.7714,155.79,0.0154,3.661293
845600,422800,4.604999e-5,0.614037,1.8479,148.99,0.0157,3.886045
845700,422850,4.604076e-5,0.601956,1.8257,159.95,0.0159,3.824158
845800,422900,4.603152e-5,0.586503,1.7977,161.99,0.0151,3.799715
845900,422950,4.6022287e-5,0.593066,1.8095,144.09,0.0156,3.810763
846000,423000,4.6013047e-5,0.603131,1.8278,128.01,0.0162,3.836576
846100,423050,4.6003817e-5,0.583993,1.7932,178.31,0.0182,3.741717
846200,423100,4.5994577e-5,0.611964,1.8441,152.58,0.0152,3.923977
846300,423150,4.5985347e-5,0.598358,1.8191,147.01,0.0160,3.800159
846400,423200,4.597611e-5,0.585616,1.7961,155.21,0.0156,3.746158
846500,423250,4.596688e-5,0.593942,1.8111,162.05,0.0153,3.820792
846600,423300,4.595764e-5,0.613294,1.8465,207.73,0.0151,3.888979
846700,423350,4.5948414e-5,0.600038,1.8222,157.48,0.0154,3.854878
846800,423400,4.5939178e-5,0.600026,1.8222,164.91,0.0153,3.827478
846900,423450,4.5929948e-5,0.612943,1.8459,151.30,0.0158,3.861316
847000,423500,4.592072e-5,0.588401,1.8011,142.81,0.0157,3.737256
847100,423550,4.591149e-5,0.585330,1.7956,173.55,0.0178,3.774122
847200,423600,4.5902256e-5,0.603204,1.8280,162.56,0.0155,3.833606
847300,423650,4.589303e-5,0.600743,1.8235,145.14,0.0158,3.844868
847400,423700,4.5883797e-5,0.580266,1.7865,152.57,0.0154,3.765346
847500,423750,4.5874574e-5,0.574545,1.7763,174.20,0.0151,3.696876
847600,423800,4.5865338e-5,0.601074,1.8241,167.07,0.0154,3.808488
847700,423850,4.5856115e-5,0.597017,1.8167,151.67,0.0155,3.792417
847800,423900,4.584689e-5,0.580816,1.7875,169.55,0.0152,3.722113
847900,423950,4.5837656e-5,0.577079,1.7808,153.07,0.0152,3.728990
848000,424000,4.5828434e-5,0.587159,1.7989,154.26,0.0156,3.689775
848100,424050,4.58192e-5,0.600139,1.8224,179.52,0.0178,3.764852
848200,424100,4.580998e-5,0.606162,1.8334,162.90,0.0159,3.874696
848300,424150,4.580075e-5,0.595143,1.8133,148.16,0.0158,3.814574
848400,424200,4.579153e-5,0.585985,1.7968,168.91,0.0152,3.738173
848500,424250,4.5782297e-5,0.588015,1.8004,122.72,0.0161,3.757596
848600,424300,4.577308e-5,0.591664,1.8070,156.87,0.0154,3.802225
848700,424350,4.5763845e-5,0.576560,1.7799,123.78,0.0158,3.722041
848800,424400,4.5754627e-5,0.594573,1.8123,143.08,0.0163,3.793751
848900,424450,4.5745404e-5,0.563157,1.7562,164.67,0.0156,3.639140
849000,424500,4.5736182e-5,0.595716,1.8143,161.82,0.0155,3.832127
849100,424550,4.5726956e-5,0.592088,1.8078,173.03,0.0181,3.830019
849200,424600,4.5717738e-5,0.629352,1.8764,165.26,0.0157,3.990941
849300,424650,4.570851e-5,0.596225,1.8153,167.11,0.0150,3.861507
849400,424700,4.5699297e-5,0.603576,1.8286,163.27,0.0152,3.871821
849500,424750,4.569007e-5,0.585620,1.7961,140.39,0.0156,3.772582
849600,424800,4.5680852e-5,0.597812,1.8181,143.12,0.0159,3.778522
849700,424850,4.5671626e-5,0.598588,1.8195,138.94,0.0157,3.812140
849800,424900,4.566241e-5,0.597997,1.8185,150.45,0.0155,3.812941
849900,424950,4.5653185e-5,0.573947,1.7753,161.36,0.0156,3.669649
850000,425000,4.5643974e-5,0.595731,1.8144,148.37,0.0160,3.770303
850100,425050,4.5634748e-5,0.601222,1.8243,180.85,0.0179,3.801008
850200,425100,4.5625537e-5,0.591343,1.8064,151.37,0.0156,3.776015
850300,425150,4.5616318e-5,0.593717,1.8107,147.02,0.0155,3.813990
850400,425200,4.5607096e-5,0.587644,1.7997,146.48,0.0159,3.747202
850500,425250,4.5597888e-5,0.582941,1.7913,126.79,0.0160,3.733378
850600,425300,4.5588662e-5,0.617152,1.8536,148.26,0.0156,3.929143
850700,425350,4.557945e-5,0.571324,1.7706,144.03,0.0154,3.717834
850800,425400,4.5570236e-5,0.594602,1.8123,151.12,0.0156,3.814327
850900,425450,4.556102e-5,0.590991,1.8058,172.89,0.0157,3.754796
851000,425500,4.5551802e-5,0.574492,1.7762,158.83,0.0151,3.698116
851100,425550,4.5542594e-5,0.610353,1.8411,175.94,0.0183,3.902269
851200,425600,4.5533376e-5,0.597403,1.8174,144.90,0.0156,3.808073
851300,425650,4.5524168e-5,0.600718,1.8234,142.15,0.0156,3.824649
851400,425700,4.5514946e-5,0.611908,1.8439,176.84,0.0155,3.923600
851500,425750,4.5505738e-5,0.598127,1.8187,169.34,0.0152,3.809461
851600,425800,4.549652e-5,0.610433,1.8412,173.10,0.0154,3.832682
851700,425850,4.5487315e-5,0.574077,1.7755,141.59,0.0153,3.700753
851800,425900,4.5478097e-5,0.583619,1.7925,159.35,0.0155,3.702559
851900,425950,4.546889e-5,0.600171,1.8224,142.81,0.0156,3.833666
852000,426000,4.5459674e-5,0.579706,1.7855,175.64,0.0154,3.700630
852100,426050,4.5450466e-5,0.598019,1.8185,169.95,0.0181,3.830360
852200,426100,4.5441255e-5,0.596709,1.8161,142.46,0.0159,3.830005
852300,426150,4.5432047e-5,0.555793,1.7433,149.63,0.0153,3.590646
852400,426200,4.542284e-5,0.582276,1.7901,156.36,0.0159,3.732578
852500,426250,4.5413628e-5,0.612434,1.8449,151.33,0.0156,3.891345
852600,426300,4.540442e-5,0.583591,1.7925,158.54,0.0154,3.754946
852700,426350,4.5395216e-5,0.601556,1.8250,142.23,0.0159,3.881882
852800,426400,4.5386e-5,0.593486,1.8103,148.20,0.0155,3.778355
852900,426450,4.5376804e-5,0.600606,1.8232,138.18,0.0160,3.818929
853000,426500,4.53676e-5,0.606174,1.8334,161.23,0.0155,3.872725
853100,426550,4.5358385e-5,0.649417,1.9144,235.67,0.0171,4.079116
853200,426600,4.534919e-5,0.589993,1.8040,147.58,0.0157,3.751210
853300,426650,4.5339977e-5,0.588722,1.8017,157.35,0.0152,3.782758
853400,426700,4.5330777e-5,0.606997,1.8349,150.53,0.0158,3.840991
853500,426750,4.5321565e-5,0.612726,1.8455,161.72,0.0163,3.893750
853600,426800,4.5312365e-5,0.580427,1.7868,144.15,0.0152,3.725327
853700,426850,4.5303157e-5,0.602087,1.8259,175.53,0.0152,3.861022
853800,426900,4.529396e-5,0.634753,1.8866,162.46,0.0159,3.959283
853900,426950,4.528475e-5,0.605656,1.8325,145.97,0.0156,3.867056
854000,427000,4.5275552e-5,0.612656,1.8453,170.51,0.0159,3.920897
854100,427050,4.5266348e-5,0.584585,1.7942,182.80,0.0180,3.750667
854200,427100,4.525715e-5,0.608964,1.8385,179.77,0.0154,3.812237
854300,427150,4.5247947e-5,0.580318,1.7866,160.29,0.0155,3.716431
854400,427200,4.523875e-5,0.580565,1.7870,156.20,0.0154,3.745284
854500,427250,4.5229543e-5,0.593498,1.8103,168.92,0.0152,3.830486
854600,427300,4.522035e-5,0.611380,1.8430,163.65,0.0154,3.878418
854700,427350,4.5211145e-5,0.579071,1.7844,159.41,0.0155,3.690792
854800,427400,4.520195e-5,0.620571,1.8600,162.23,0.0158,3.980435
854900,427450,4.5192748e-5,0.588044,1.8005,164.99,0.0152,3.775495
855000,427500,4.5183555e-5,0.604782,1.8309,149.80,0.0157,3.847574
855100,427550,4.517435e-5,0.619033,1.8571,217.08,0.0173,3.891386
855200,427600,4.5165158e-5,0.594791,1.8127,197.83,0.0151,3.790283
855300,427650,4.5155954e-5,0.605623,1.8324,191.48,0.0153,3.861684
855400,427700,4.5146764e-5,0.595791,1.8145,170.12,0.0153,3.800559
855500,427750,4.5137564e-5,0.594782,1.8126,185.64,0.0151,3.799634
855600,427800,4.512837e-5,0.602217,1.8262,160.15,0.0156,3.845522
855700,427850,4.511918e-5,0.581240,1.7883,152.43,0.0155,3.719955
855800,427900,4.510998e-5,0.576900,1.7805,181.76,0.0153,3.690562
855900,427950,4.5100795e-5,0.606410,1.8338,171.16,0.0153,3.874250
856000,428000,4.5091598e-5,0.594838,1.8127,136.66,0.0166,3.761036
856100,428050,4.5082405e-5,0.597335,1.8173,174.07,0.0187,3.787495
856200,428100,4.5073208e-5,0.598423,1.8192,131.47,0.0157,3.841688
856300,428150,4.5064022e-5,0.580359,1.7867,145.80,0.0155,3.732861
856400,428200,4.5054825e-5,0.585439,1.7958,144.01,0.0161,3.764096
856500,428250,4.504564e-5,0.595177,1.8134,170.65,0.0154,3.781420
856600,428300,4.5036442e-5,0.581100,1.7880,176.26,0.0152,3.712420
856700,428350,4.5027256e-5,0.583829,1.7929,158.56,0.0152,3.775949
856800,428400,4.501806e-5,0.602668,1.8270,136.39,0.0157,3.861245
856900,428450,4.5008874e-5,0.605077,1.8314,150.04,0.0160,3.851297
857000,428500,4.499968e-5,0.576084,1.7791,151.68,0.0155,3.666834
857100,428550,4.4990495e-5,0.583316,1.7920,158.04,0.0187,3.730898
857200,428600,4.49813e-5,0.611429,1.8431,151.36,0.0163,3.887658
857300,428650,4.4972116e-5,0.584187,1.7935,143.90,0.0155,3.753150
857400,428700,4.4962926e-5,0.621857,1.8624,120.86,0.0164,3.948565
857500,428750,4.4953744e-5,0.644166,1.9044,156.56,0.0159,4.073651
857600,428800,4.4944554e-5,0.605893,1.8329,160.82,0.0155,3.832234
857700,428850,4.493537e-5,0.612456,1.8450,156.83,0.0158,3.855512
857800,428900,4.4926182e-5,0.591606,1.8069,159.13,0.0155,3.775490
857900,428950,4.4917004e-5,0.601478,1.8248,171.27,0.0154,3.855918
858000,429000,4.490781e-5,0.595265,1.8135,163.57,0.0159,3.764235
858100,429050,4.4898632e-5,0.602690,1.8270,195.40,0.0176,3.829394
858200,429100,4.488944e-5,0.615626,1.8508,161.33,0.0153,3.884166
858300,429150,4.488026e-5,0.621249,1.8613,185.63,0.0158,3.926672
858400,429200,4.487108e-5,0.570022,1.7683,138.12,0.0158,3.651109
858500,429250,4.4861896e-5,0.610427,1.8412,139.84,0.0159,3.855705
858600,429300,4.4852717e-5,0.586901,1.7984,166.07,0.0151,3.782790
858700,429350,4.484353e-5,0.588584,1.8014,153.64,0.0157,3.800285
858800,429400,4.4834353e-5,0.620833,1.8605,178.92,0.0155,3.932841
858900,429450,4.482517e-5,0.598882,1.8201,162.42,0.0153,3.839735
859000,429500,4.481599e-5,0.566588,1.7622,154.88,0.0156,3.616470
859100,429550,4.4806806e-5,0.632418,1.8822,166.25,0.0188,3.978286
859200,429600,4.479763e-5,0.600624,1.8233,127.64,0.0162,3.843358
859300,429650,4.478845e-5,0.602739,1.8271,154.98,0.0151,3.877991
859400,429700,4.477927e-5,0.607698,1.8362,142.92,0.0155,3.893923
859500,429750,4.477009e-5,0.613617,1.8471,180.04,0.0155,3.885129
859600,429800,4.4760913e-5,0.591507,1.8067,171.73,0.0152,3.784530
859700,429850,4.4751738e-5,0.591643,1.8070,178.29,0.0153,3.794492
859800,429900,4.4742566e-5,0.589681,1.8034,153.57,0.0154,3.789382
859900,429950,4.4733384e-5,0.603814,1.8291,153.69,0.0156,3.869701
860000,430000,4.472421e-5,0.562560,1.7552,150.82,0.0152,3.642074
860100,430050,4.471503e-5,0.601298,1.8245,167.09,0.0186,3.867952
860200,430100,4.470586e-5,0.604387,1.8301,167.42,0.0156,3.815842
860300,430150,4.469668e-5,0.597495,1.8176,147.18,0.0158,3.782145
860400,430200,4.468751e-5,0.590140,1.8042,162.86,0.0156,3.742381
860500,430250,4.467833e-5,0.584128,1.7934,156.24,0.0154,3.781642
860600,430300,4.4669163e-5,0.584087,1.7934,147.13,0.0156,3.743299
860700,430350,4.4659984e-5,0.608879,1.8384,170.42,0.0152,3.889436
860800,430400,4.4650817e-5,0.601364,1.8246,152.58,0.0156,3.842147
860900,430450,4.4641638e-5,0.583852,1.7929,169.47,0.0153,3.738072
861000,430500,4.463247e-5,0.611849,1.8438,158.80,0.0156,3.869972
861100,430550,4.4623306e-5,0.578459,1.7833,171.27,0.0182,3.696213
861200,430600,4.461413e-5,0.616039,1.8516,171.65,0.0158,3.906147
861300,430650,4.4604963e-5,0.599337,1.8209,131.42,0.0158,3.830175
861400,430700,4.4595796e-5,0.582424,1.7904,172.50,0.0153,3.703423
861500,430750,4.4586624e-5,0.638735,1.8941,134.10,0.0160,4.025839
861600,430800,4.4577457e-5,0.601449,1.8248,152.40,0.0158,3.827639
861700,430850,4.4568293e-5,0.589118,1.8024,142.30,0.0157,3.800757
861800,430900,4.4559118e-5,0.567004,1.7630,155.79,0.0153,3.625704
861900,430950,4.4549957e-5,0.598278,1.8190,125.82,0.0161,3.802262
862000,431000,4.4540782e-5,0.579547,1.7852,158.49,0.0152,3.747414
862100,431050,4.4531622e-5,0.575995,1.7789,202.40,0.0172,3.657904
862200,431100,4.452245e-5,0.600006,1.8221,134.11,0.0157,3.881532
862300,431150,4.4513286e-5,0.590345,1.8046,159.01,0.0156,3.768174
862400,431200,4.450412e-5,0.598410,1.8192,183.47,0.0155,3.800694
862500,431250,4.449496e-5,0.602111,1.8260,140.82,0.0157,3.816039
862600,431300,4.448579e-5,0.575989,1.7789,161.91,0.0153,3.684539
862700,431350,4.447663e-5,0.612221,1.8445,155.65,0.0159,3.920297
862800,431400,4.446746e-5,0.597463,1.8175,158.38,0.0153,3.803966
862900,431450,4.4458302e-5,0.635489,1.8879,199.74,0.0151,4.007441
863000,431500,4.4449138e-5,0.591730,1.8071,170.90,0.0151,3.792518
863100,431550,4.4439978e-5,0.595342,1.8137,190.06,0.0177,3.805118
863200,431600,4.4430813e-5,0.599912,1.8220,188.67,0.0156,3.865596
863300,431650,4.4421657e-5,0.605977,1.8330,155.69,0.0159,3.874842
863400,431700,4.4412493e-5,0.605523,1.8322,141.18,0.0157,3.860386
863500,431750,4.440334e-5,0.597718,1.8180,173.04,0.0150,3.831581
863600,431800,4.4394183e-5,0.563151,1.7562,146.82,0.0153,3.665133
863700,431850,4.438502e-5,0.590513,1.8049,161.25,0.0153,3.756206
863800,431900,4.4375865e-5,0.581856,1.7894,157.67,0.0154,3.727696
863900,431950,4.4366698e-5,0.572831,1.7733,149.09,0.0155,3.669723
864000,432000,4.4357548e-5,0.609191,1.8389,162.88,0.0158,3.865963
864100,432050,4.4348384e-5,0.586413,1.7975,178.24,0.0179,3.740878
864200,432100,4.4339235e-5,0.588124,1.8006,181.78,0.0151,3.747604
864300,432150,4.433007e-5,0.608797,1.8382,149.99,0.0157,3.839918
864400,432200,4.4320917e-5,0.566611,1.7623,165.23,0.0157,3.660310
864500,432250,4.431176e-5,0.600893,1.8237,155.64,0.0156,3.837507
864600,432300,4.4302607e-5,0.590774,1.8054,156.66,0.0154,3.789695
864700,432350,4.4293447e-5,0.597108,1.8169,160.91,0.0154,3.793832
864800,432400,4.4284297e-5,0.578304,1.7830,158.53,0.0157,3.694800
864900,432450,4.4275144e-5,0.590632,1.8051,129.60,0.0158,3.765489
865000,432500,4.426599e-5,0.559240,1.7493,151.04,0.0154,3.563196
865100,432550,4.4256838e-5,0.634696,1.8864,201.19,0.0177,4.007581
865200,432600,4.4247692e-5,0.581915,1.7895,154.26,0.0154,3.749161
865300,432650,4.4238535e-5,0.599597,1.8214,164.32,0.0154,3.822192
865400,432700,4.422939e-5,0.583424,1.7922,155.61,0.0153,3.755701
865500,432750,4.4220233e-5,0.605497,1.8322,147.11,0.0156,3.878703
865600,432800,4.4211087e-5,0.586661,1.7980,146.74,0.0155,3.733052
865700,432850,4.420193e-5,0.604797,1.8309,186.97,0.0153,3.829623
865800,432900,4.4192788e-5,0.606075,1.8332,147.12,0.0156,3.848473
865900,432950,4.4183635e-5,0.596418,1.8156,161.04,0.0153,3.801414
866000,433000,4.417449e-5,0.576788,1.7803,164.02,0.0154,3.667511
866100,433050,4.4165336e-5,0.594477,1.8121,177.93,0.0177,3.845777
866200,433100,4.4156193e-5,0.572644,1.7729,149.42,0.0153,3.699093
866300,433150,4.414705e-5,0.585841,1.7965,164.85,0.0158,3.738790
866400,433200,4.4137898e-5,0.616497,1.8524,155.81,0.0157,3.948616
866500,433250,4.412876e-5,0.577679,1.7819,164.27,0.0153,3.670093
866600,433300,4.4119606e-5,0.609132,1.8388,152.55,0.0156,3.886272
866700,433350,4.4110468e-5,0.588719,1.8017,173.87,0.0152,3.808023
866800,433400,4.410132e-5,0.579569,1.7853,165.22,0.0152,3.714302
866900,433450,4.4092176e-5,0.605926,1.8329,150.08,0.0156,3.856492
867000,433500,4.4083034e-5,0.609070,1.8387,150.42,0.0158,3.912339
867100,433550,4.407389e-5,0.582571,1.7906,194.64,0.0173,3.744989
867200,433600,4.4064745e-5,0.603682,1.8288,148.33,0.0156,3.855530
867300,433650,4.4055607e-5,0.578782,1.7839,135.97,0.0157,3.715514
867400,433700,4.404646e-5,0.593282,1.8099,157.50,0.0154,3.781231
867500,433750,4.4037322e-5,0.571865,1.7716,136.70,0.0161,3.620089
867600,433800,4.4028176e-5,0.611759,1.8437,131.12,0.0159,3.909861
867700,433850,4.4019045e-5,0.579805,1.7857,145.25,0.0157,3.727573
867800,433900,4.40099e-5,0.616579,1.8526,169.11,0.0156,3.856661
867900,433950,4.4000764e-5,0.591806,1.8072,170.14,0.0154,3.759302
868000,434000,4.399162e-5,0.602579,1.8268,186.35,0.0152,3.850627
868100,434050,4.3982487e-5,0.586760,1.7982,176.12,0.0183,3.717213
868200,434100,4.397335e-5,0.586284,1.7973,136.86,0.0158,3.736131
868300,434150,4.396421e-5,0.596085,1.8150,156.43,0.0154,3.801151
868400,434200,4.3955075e-5,0.595556,1.8140,177.81,0.0154,3.815522
868500,434250,4.3945936e-5,0.606815,1.8346,140.21,0.0160,3.787789
868600,434300,4.39368e-5,0.558232,1.7476,150.61,0.0154,3.566182
868700,434350,4.392767e-5,0.577696,1.7819,153.53,0.0157,3.714887
868800,434400,4.3918528e-5,0.580872,1.7876,158.86,0.0154,3.696530
868900,434450,4.39094e-5,0.593187,1.8097,165.68,0.0159,3.738088
869000,434500,4.3900272e-5,0.605922,1.8329,163.18,0.0155,3.852931
869100,434550,4.3891134e-5,0.590128,1.8042,189.22,0.0178,3.764931
869200,434600,4.3882003e-5,0.606749,1.8345,193.30,0.0154,3.806190
869300,434650,4.3872864e-5,0.585332,1.7956,159.50,0.0153,3.750353
869400,434700,4.3863736e-5,0.574090,1.7755,150.91,0.0155,3.670385
869500,434750,4.38546e-5,0.594507,1.8121,151.52,0.0156,3.840991
869600,434800,4.3845477e-5,0.573316,1.7741,126.97,0.0161,3.673888
869700,434850,4.383634e-5,0.570267,1.7687,148.02,0.0153,3.725094
869800,434900,4.3827215e-5,0.619704,1.8584,144.01,0.0161,3.900785
869900,434950,4.3818076e-5,0.606820,1.8346,152.63,0.0156,3.822232
870000,435000,4.3808956e-5,0.581721,1.7891,123.41,0.0162,3.702003
870100,435050,4.3799824e-5,0.577728,1.7820,173.23,0.0180,3.708134
870200,435100,4.3790697e-5,0.596978,1.8166,154.39,0.0158,3.812203
870300,435150,4.378157e-5,0.593297,1.8099,158.04,0.0161,3.793683
870400,435200,4.377244e-5,0.620648,1.8601,190.43,0.0151,3.931762
870500,435250,4.3763313e-5,0.593153,1.8097,169.11,0.0152,3.823918
870600,435300,4.3754193e-5,0.603751,1.8290,152.90,0.0155,3.845767
870700,435350,4.374506e-5,0.608415,1.8375,163.75,0.0156,3.863010
870800,435400,4.373594e-5,0.596889,1.8165,155.56,0.0158,3.814550
870900,435450,4.372681e-5,0.569057,1.7666,137.68,0.0158,3.639570
871000,435500,4.371769e-5,0.602614,1.8269,132.93,0.0159,3.848932
871100,435550,4.3708562e-5,0.572519,1.7727,161.61,0.0186,3.670767
871200,435600,4.3699445e-5,0.556606,1.7447,141.59,0.0155,3.590019
871300,435650,4.3690317e-5,0.585921,1.7966,140.92,0.0159,3.752832
871400,435700,4.36812e-5,0.592546,1.8086,157.48,0.0158,3.761412
871500,435750,4.3672084e-5,0.576703,1.7802,133.47,0.0154,3.681806
871600,435800,4.3662956e-5,0.587108,1.7988,132.59,0.0160,3.745420
871700,435850,4.365384e-5,0.565696,1.7607,173.01,0.0152,3.605928
871800,435900,4.364471e-5,0.611974,1.8441,176.71,0.0152,3.911295
871900,435950,4.36356e-5,0.606687,1.8343,154.02,0.0157,3.881165
872000,436000,4.3626478e-5,0.594305,1.8118,156.27,0.0155,3.788214
872100,436050,4.361736e-5,0.578412,1.7832,166.13,0.0184,3.738074
872200,436100,4.3608245e-5,0.605593,1.8323,155.50,0.0157,3.817137
872300,436150,4.359913e-5,0.592209,1.8080,148.47,0.0154,3.798594
872400,436200,4.3590007e-5,0.590989,1.8058,155.97,0.0155,3.797931
872500,436250,4.3580894e-5,0.590679,1.8052,140.42,0.0156,3.758646
872600,436300,4.3571774e-5,0.580159,1.7863,147.97,0.0155,3.714996
872700,436350,4.3562664e-5,0.566877,1.7628,155.82,0.0155,3.642717
872800,436400,4.355354e-5,0.593131,1.8096,165.35,0.0152,3.797331
872900,436450,4.354443e-5,0.590322,1.8046,158.94,0.0151,3.767183
873000,436500,4.353531e-5,0.609893,1.8402,215.15,0.0148,3.916353
873100,436550,4.35262e-5,0.607251,1.8354,207.06,0.0173,3.864372
873200,436600,4.3517084e-5,0.594461,1.8121,155.10,0.0153,3.828874
873300,436650,4.350798e-5,0.571938,1.7717,164.37,0.0153,3.654486
873400,436700,4.3498858e-5,0.593361,1.8101,146.72,0.0155,3.826474
873500,436750,4.3489752e-5,0.606036,1.8332,190.42,0.0150,3.843091
873600,436800,4.3480642e-5,0.598741,1.8198,187.71,0.0154,3.834521
873700,436850,4.347153e-5,0.616727,1.8529,163.62,0.0153,3.960320
873800,436900,4.346242e-5,0.613750,1.8473,137.61,0.0158,3.886049
873900,436950,4.3453314e-5,0.581376,1.7885,163.94,0.0153,3.701014
874000,437000,4.34442e-5,0.609793,1.8401,155.29,0.0155,3.917077
874100,437050,4.3435095e-5,0.579593,1.7853,193.22,0.0176,3.719518
874200,437100,4.3425996e-5,0.582824,1.7911,149.64,0.0154,3.706308
874300,437150,4.341688e-5,0.587100,1.7988,163.18,0.0155,3.722838
874400,437200,4.3407777e-5,0.572897,1.7734,141.78,0.0157,3.659987
874500,437250,4.3398664e-5,0.609396,1.8393,164.20,0.0155,3.884370
874600,437300,4.3389566e-5,0.574191,1.7757,152.37,0.0154,3.689848
874700,437350,4.3380453e-5,0.584100,1.7934,155.65,0.0155,3.709259
874800,437400,4.3371354e-5,0.593812,1.8109,153.64,0.0156,3.808768
874900,437450,4.3362244e-5,0.610107,1.8406,209.85,0.0149,3.901695
875000,437500,4.3353142e-5,0.578935,1.7841,152.69,0.0155,3.668636
875100,437550,4.3344033e-5,0.592620,1.8087,203.05,0.0175,3.740431
875200,437600,4.3334938e-5,0.588011,1.8004,157.99,0.0156,3.748343
875300,437650,4.332583e-5,0.606033,1.8331,138.58,0.0159,3.864704
875400,437700,4.3316733e-5,0.610614,1.8416,176.76,0.0151,3.883873
875500,437750,4.3307627e-5,0.598241,1.8189,146.68,0.0157,3.828382
875600,437800,4.329853e-5,0.589623,1.8033,150.57,0.0154,3.793177
875700,437850,4.3289427e-5,0.599272,1.8208,139.35,0.0159,3.806504
875800,437900,4.328033e-5,0.595670,1.8142,167.87,0.0159,3.791314
875900,437950,4.3271226e-5,0.605593,1.8323,151.90,0.0155,3.828974
876000,438000,4.3262135e-5,0.565979,1.7612,166.28,0.0152,3.622668
876100,438050,4.325303e-5,0.599738,1.8216,202.99,0.0175,3.790172
876200,438100,4.3243937e-5,0.618815,1.8567,144.82,0.0158,3.947383
876300,438150,4.3234835e-5,0.576234,1.7793,166.64,0.0151,3.715926
876400,438200,4.322574e-5,0.590569,1.8050,163.78,0.0153,3.778221
876500,438250,4.3216638e-5,0.609767,1.8400,160.85,0.0156,3.886375
876600,438300,4.320755e-5,0.591682,1.8070,196.26,0.0150,3.785331
876700,438350,4.3198448e-5,0.610815,1.8419,151.20,0.0157,3.865532
876800,438400,4.318936e-5,0.594103,1.8114,138.78,0.0160,3.793923
876900,438450,4.3180265e-5,0.579593,1.7853,161.25,0.0152,3.689664
877000,438500,4.317117e-5,0.584729,1.7945,186.32,0.0155,3.744841
877100,438550,4.3162083e-5,0.608520,1.8377,158.78,0.0189,3.887851
877200,438600,4.3152984e-5,0.586300,1.7973,156.67,0.0154,3.787605
877300,438650,4.3143897e-5,0.594015,1.8112,170.33,0.0152,3.790022
877400,438700,4.31348e-5,0.586058,1.7969,155.36,0.0154,3.731277
877500,438750,4.312571e-5,0.563166,1.7562,157.27,0.0160,3.635176
877600,438800,4.311662e-5,0.613782,1.8474,144.78,0.0156,3.930988
877700,438850,4.3107535e-5,0.573291,1.7741,157.05,0.0152,3.682398
877800,438900,4.309844e-5,0.585119,1.7952,133.56,0.0160,3.722491
877900,438950,4.3089356e-5,0.592926,1.8093,175.32,0.0153,3.783849
878000,439000,4.3080265e-5,0.585095,1.7952,168.30,0.0152,3.745025
878100,439050,4.3071177e-5,0.625762,1.8697,161.10,0.0186,3.990450
878200,439100,4.3062086e-5,0.593715,1.8107,145.55,0.0155,3.786691
878300,439150,4.3053005e-5,0.589452,1.8030,163.38,0.0154,3.761335
878400,439200,4.304391e-5,0.581670,1.7890,141.20,0.0154,3.713983
878500,439250,4.3034834e-5,0.586791,1.7982,163.91,0.0153,3.749325
878600,439300,4.302574e-5,0.586926,1.7985,172.70,0.0152,3.783093
878700,439350,4.3016662e-5,0.590915,1.8056,156.62,0.0157,3.752289
878800,439400,4.300757e-5,0.531784,1.7020,175.23,0.0151,3.440337
878900,439450,4.299849e-5,0.571088,1.7702,157.41,0.0152,3.670314
879000,439500,4.2989406e-5,0.578921,1.7841,193.95,0.0154,3.698619
879100,439550,4.2980326e-5,0.604166,1.8297,183.35,0.0179,3.815558
879200,439600,4.297124e-5,0.598273,1.8190,164.95,0.0155,3.801612
879300,439650,4.2962165e-5,0.599078,1.8204,141.05,0.0158,3.846597
879400,439700,4.2953077e-5,0.602518,1.8267,139.13,0.0159,3.819997
879500,439750,4.2944e-5,0.608338,1.8374,166.68,0.0154,3.849435
879600,439800,4.2934924e-5,0.602089,1.8259,164.52,0.0152,3.844250
879700,439850,4.2925843e-5,0.584090,1.7934,152.68,0.0154,3.770472
879800,439900,4.2916767e-5,0.595357,1.8137,147.25,0.0157,3.808399
879900,439950,4.2907686e-5,0.601269,1.8244,143.75,0.0155,3.836555
880000,440000,4.289861e-5,0.582048,1.7897,148.94,0.0155,3.746503
880100,440050,4.2889526e-5,0.590201,1.8044,188.09,0.0176,3.755073
880200,440100,4.2880456e-5,0.606711,1.8344,143.79,0.0158,3.869720
880300,440150,4.2871372e-5,0.577281,1.7812,161.24,0.0152,3.707250
880400,440200,4.2862303e-5,0.564846,1.7592,149.55,0.0157,3.637250
880500,440250,4.285322e-5,0.589786,1.8036,139.87,0.0158,3.751235
880600,440300,4.2844153e-5,0.594773,1.8126,159.81,0.0152,3.806168
880700,440350,4.2835072e-5,0.623627,1.8657,147.61,0.0162,3.938149
880800,440400,4.2826e-5,0.579399,1.7850,140.54,0.0157,3.731885
880900,440450,4.281693e-5,0.570938,1.7699,143.15,0.0157,3.687846
881000,440500,4.2807857e-5,0.590753,1.8053,154.74,0.0154,3.802454
881100,440550,4.2798783e-5,0.608723,1.8381,174.60,0.0181,3.865645
881200,440600,4.2789718e-5,0.614011,1.8478,161.23,0.0156,3.916109
881300,440650,4.278064e-5,0.582254,1.7901,186.46,0.0152,3.740992
881400,440700,4.2771575e-5,0.600490,1.8230,160.66,0.0153,3.844394
881500,440750,4.27625e-5,0.604367,1.8301,148.28,0.0154,3.864492
881600,440800,4.2753436e-5,0.567473,1.7638,155.31,0.0152,3.659637
881700,440850,4.274436e-5,0.597833,1.8182,137.24,0.0156,3.815701
881800,440900,4.2735297e-5,0.558286,1.7477,167.39,0.0158,3.578956
881900,440950,4.2726224e-5,0.585165,1.7953,143.79,0.0155,3.764443
882000,441000,4.271716e-5,0.590157,1.8043,156.22,0.0154,3.770085
882100,441050,4.27081e-5,0.597990,1.8185,166.78,0.0189,3.788314
882200,441100,4.2699026e-5,0.594977,1.8130,166.00,0.0154,3.807988
882300,441150,4.2689964e-5,0.611036,1.8423,144.13,0.0156,3.897122
882400,441200,4.2680895e-5,0.584413,1.7939,162.21,0.0156,3.725420
882500,441250,4.2671836e-5,0.600034,1.8222,162.46,0.0151,3.862656
882600,441300,4.2662767e-5,0.594208,1.8116,155.64,0.0155,3.817302
882700,441350,4.2653708e-5,0.594679,1.8124,156.94,0.0155,3.773399
882800,441400,4.2644646e-5,0.607574,1.8360,170.41,0.0156,3.860255
882900,441450,4.263558e-5,0.576154,1.7792,154.38,0.0154,3.727612
883000,441500,4.2626518e-5,0.598461,1.8193,154.72,0.0157,3.812752
883100,441550,4.2617463e-5,0.566434,1.7620,190.94,0.0173,3.661227
883200,441600,4.2608397e-5,0.601522,1.8249,126.52,0.0161,3.847402
883300,441650,4.2599342e-5,0.594250,1.8117,153.67,0.0154,3.799231
883400,441700,4.2590276e-5,0.578636,1.7836,162.04,0.0155,3.679160
883500,441750,4.258122e-5,0.602822,1.8273,149.56,0.0153,3.866696
883600,441800,4.2572156e-5,0.570625,1.7694,155.51,0.0153,3.681065
883700,441850,4.2563104e-5,0.599619,1.8214,178.38,0.0152,3.795328
883800,441900,4.2554042e-5,0.586808,1.7982,152.74,0.0158,3.692602
883900,441950,4.2544987e-5,0.596547,1.8158,177.41,0.0153,3.815297
884000,442000,4.2535925e-5,0.595028,1.8131,165.13,0.0155,3.793221
884100,442050,4.2526874e-5,0.591863,1.8074,198.54,0.0174,3.748077
884200,442100,4.251782e-5,0.583299,1.7919,172.39,0.0152,3.735958
884300,442150,4.2508764e-5,0.581955,1.7895,155.73,0.0154,3.693723
884400,442200,4.249971e-5,0.592011,1.8076,167.74,0.0153,3.760731
884500,442250,4.2490654e-5,0.587676,1.7998,158.15,0.0157,3.789897
884600,442300,4.2481603e-5,0.593883,1.8110,146.73,0.0157,3.755659
884700,442350,4.2472555e-5,0.585947,1.7967,187.90,0.0159,3.710414
884800,442400,4.24635e-5,0.585453,1.7958,163.52,0.0153,3.754877
884900,442450,4.245445e-5,0.592192,1.8079,154.89,0.0158,3.752788
885000,442500,4.2445405e-5,0.582603,1.7907,139.93,0.0157,3.729373
885100,442550,4.243635e-5,0.593314,1.8100,187.99,0.0179,3.777353
885200,442600,4.2427302e-5,0.602511,1.8267,139.77,0.0159,3.851952
885300,442650,4.2418247e-5,0.590608,1.8051,149.96,0.0153,3.775799
885400,442700,4.2409203e-5,0.592434,1.8084,174.13,0.0155,3.778227
885500,442750,4.2400152e-5,0.599597,1.8214,155.69,0.0153,3.839789
885600,442800,4.2391108e-5,0.598648,1.8197,150.72,0.0157,3.804827
885700,442850,4.2382057e-5,0.608970,1.8385,149.66,0.0155,3.890859
885800,442900,4.2373013e-5,0.622940,1.8644,161.01,0.0162,3.913621
885900,442950,4.2363965e-5,0.578782,1.7839,160.48,0.0155,3.702801
886000,443000,4.235492e-5,0.601119,1.8242,134.69,0.0161,3.820214
886100,443050,4.2345873e-5,0.589866,1.8037,162.29,0.0187,3.750040
886200,443100,4.233683e-5,0.593329,1.8100,156.91,0.0154,3.799473
886300,443150,4.2327785e-5,0.608335,1.8374,133.91,0.0159,3.892233
886400,443200,4.2318745e-5,0.586100,1.7970,173.43,0.0152,3.756538
886500,443250,4.23097e-5,0.579525,1.7852,172.89,0.0153,3.730006
886600,443300,4.2300664e-5,0.617334,1.8540,149.33,0.0156,3.946162
886700,443350,4.2291616e-5,0.553764,1.7398,180.48,0.0149,3.559402
886800,443400,4.228258e-5,0.589950,1.8039,165.93,0.0155,3.771625
886900,443450,4.2273536e-5,0.609137,1.8388,159.81,0.0153,3.889372
887000,443500,4.22645e-5,0.588239,1.8008,159.21,0.0154,3.733039
887100,443550,4.2255455e-5,0.577204,1.7811,171.44,0.0180,3.703036
887200,443600,4.2246418e-5,0.596120,1.8151,153.62,0.0154,3.804094
887300,443650,4.2237378e-5,0.565963,1.7611,164.08,0.0155,3.637124
887400,443700,4.2228345e-5,0.605568,1.8323,186.60,0.0151,3.870100
887500,443750,4.221931e-5,0.602321,1.8264,166.74,0.0156,3.816183
887600,443800,4.2210268e-5,0.585644,1.7961,151.93,0.0157,3.782998
887700,443850,4.2201238e-5,0.590411,1.8047,139.90,0.0157,3.801409
887800,443900,4.2192198e-5,0.586568,1.7978,133.96,0.0159,3.742834
887900,443950,4.2183165e-5,0.555420,1.7427,155.54,0.0153,3.584862
888000,444000,4.217413e-5,0.574922,1.7770,143.48,0.0153,3.700193
888100,444050,4.21651e-5,0.577380,1.7814,181.67,0.0177,3.731605
888200,444100,4.2156065e-5,0.603536,1.8286,164.37,0.0160,3.839195
888300,444150,4.2147032e-5,0.581863,1.7894,143.96,0.0156,3.716573
888400,444200,4.2138e-5,0.559651,1.7501,158.63,0.0151,3.620891
888500,444250,4.2128973e-5,0.607066,1.8350,143.00,0.0160,3.846531
888600,444300,4.2119937e-5,0.595029,1.8131,146.03,0.0157,3.789544
888700,444350,4.2110914e-5,0.571933,1.7717,148.88,0.0156,3.669649
888800,444400,4.2101874e-5,0.609856,1.8402,143.80,0.0156,3.894078
888900,444450,4.209285e-5,0.568584,1.7658,161.32,0.0159,3.638451
889000,444500,4.208382e-5,0.608910,1.8384,144.77,0.0157,3.883339
889100,444550,4.2074793e-5,0.578159,1.7828,162.83,0.0185,3.708575
889200,444600,4.206576e-5,0.582627,1.7907,167.82,0.0159,3.713581
889300,444650,4.2056738e-5,0.601189,1.8243,157.34,0.0156,3.785508
889400,444700,4.2047708e-5,0.595733,1.8144,148.43,0.0158,3.793540
889500,444750,4.2038686e-5,0.584603,1.7943,177.88,0.0152,3.692273
889600,444800,4.202966e-5,0.588015,1.8004,137.51,0.0157,3.752198
889700,444850,4.2020634e-5,0.597759,1.8180,157.92,0.0156,3.807890
889800,444900,4.2011612e-5,0.566483,1.7621,145.19,0.0154,3.638687
889900,444950,4.2002594e-5,0.596509,1.8158,204.33,0.0149,3.779386
890000,445000,4.1993568e-5,0.570347,1.7689,155.52,0.0155,3.676128
890100,445050,4.1984546e-5,0.594599,1.8123,203.85,0.0173,3.828267
890200,445100,4.197553e-5,0.606268,1.8336,159.12,0.0157,3.821051
890300,445150,4.19665e-5,0.588495,1.8013,147.40,0.0156,3.780386
890400,445200,4.1957486e-5,0.619899,1.8587,165.53,0.0153,3.949905
890500,445250,4.1948464e-5,0.589059,1.8023,164.17,0.0154,3.739284
890600,445300,4.1939446e-5,0.589638,1.8033,139.23,0.0158,3.794494
890700,445350,4.1930423e-5,0.591303,1.8063,145.32,0.0157,3.794511
890800,445400,4.192141e-5,0.585626,1.7961,146.31,0.0158,3.755443
890900,445450,4.1912386e-5,0.585297,1.7955,165.20,0.0153,3.749805
891000,445500,4.1903375e-5,0.628475,1.8747,264.78,0.0152,3.966280
891100,445550,4.1894353e-5,0.574383,1.7760,162.04,0.0185,3.654893
891200,445600,4.1885338e-5,0.605865,1.8328,150.11,0.0159,3.837317
891300,445650,4.187632e-5,0.574516,1.7763,152.19,0.0153,3.670067
891400,445700,4.1867308e-5,0.575502,1.7780,177.73,0.0150,3.692653
891500,445750,4.1858293e-5,0.607074,1.8351,160.22,0.0155,3.864286
891600,445800,4.184928e-5,0.594081,1.8114,142.77,0.0157,3.776761
891700,445850,4.1840267e-5,0.564161,1.7580,145.85,0.0155,3.602411
891800,445900,4.183126e-5,0.575047,1.7772,156.67,0.0161,3.622081
891900,445950,4.182224e-5,0.576595,1.7800,140.40,0.0158,3.675851
892000,446000,4.1813233e-5,0.582708,1.7909,146.65,0.0155,3.746031
892100,446050,4.180422e-5,0.605614,1.8324,204.62,0.0177,3.833359
892200,446100,4.179521e-5,0.616071,1.8516,158.24,0.0158,3.922687
892300,446150,4.1786196e-5,0.606920,1.8348,173.11,0.0156,3.841707
892400,446200,4.177719e-5,0.583569,1.7924,175.39,0.0152,3.750024
892500,446250,4.176818e-5,0.578262,1.7829,160.76,0.0153,3.679286
892600,446300,4.1759173e-5,0.594693,1.8125,151.26,0.0154,3.813479
892700,446350,4.1750172e-5,0.592130,1.8078,144.71,0.0156,3.781242
892800,446400,4.174116e-5,0.559894,1.7505,176.98,0.0149,3.629431
892900,446450,4.1732157e-5,0.582280,1.7901,145.09,0.0156,3.731861
893000,446500,4.1723146e-5,0.578166,1.7828,151.26,0.0156,3.704374
893100,446550,4.1714145e-5,0.568331,1.7653,193.49,0.0172,3.637798
893200,446600,4.1705138e-5,0.592084,1.8078,167.44,0.0153,3.786254
893300,446650,4.1696137e-5,0.589122,1.8024,156.67,0.0156,3.735363
893400,446700,4.1687133e-5,0.602434,1.8266,147.68,0.0155,3.851004
893500,446750,4.1678133e-5,0.587860,1.8001,153.30,0.0157,3.741965
893600,446800,4.166913e-5,0.590413,1.8047,165.40,0.0156,3.753803
893700,446850,4.1660132e-5,0.574573,1.7764,139.49,0.0157,3.700716
893800,446900,4.1651125e-5,0.609442,1.8394,157.51,0.0154,3.869240
893900,446950,4.164213e-5,0.597236,1.8171,202.58,0.0150,3.815543
894000,447000,4.1633124e-5,0.583082,1.7916,162.20,0.0151,3.748948
894100,447050,4.162413e-5,0.596556,1.8159,163.81,0.0188,3.750071
894200,447100,4.1615127e-5,0.568506,1.7656,180.95,0.0148,3.675119
894300,447150,4.160613e-5,0.580533,1.7870,136.70,0.0157,3.708378
894400,447200,4.159713e-5,0.587609,1.7997,158.55,0.0155,3.755585
894500,447250,4.158814e-5,0.579220,1.7846,157.37,0.0154,3.727081
894600,447300,4.1579136e-5,0.594804,1.8127,150.04,0.0157,3.772321
894700,447350,4.1570143e-5,0.589270,1.8027,164.04,0.0156,3.722707
894800,447400,4.1561147e-5,0.573954,1.7753,130.61,0.0160,3.659958
894900,447450,4.1552154e-5,0.580366,1.7867,154.42,0.0158,3.712931
895000,447500,4.154316e-5,0.585985,1.7968,139.54,0.0158,3.735152
895100,447550,4.1534167e-5,0.600126,1.8223,179.97,0.0179,3.839653
895200,447600,4.152517e-5,0.575902,1.7787,164.36,0.0152,3.702178
895300,447650,4.151619e-5,0.600475,1.8230,150.44,0.0156,3.784523
895400,447700,4.1507195e-5,0.589580,1.8032,134.80,0.0159,3.741820
895500,447750,4.1498206e-5,0.569673,1.7677,151.35,0.0153,3.656642
895600,447800,4.1489217e-5,0.622098,1.8628,181.78,0.0151,3.947224
895700,447850,4.1480223e-5,0.615686,1.8509,176.41,0.0154,3.914901
895800,447900,4.1471238e-5,0.586389,1.7975,144.01,0.0158,3.719555
895900,447950,4.146224e-5,0.581329,1.7884,157.80,0.0153,3.742551
896000,448000,4.1453262e-5,0.594106,1.8114,169.40,0.0151,3.802305
896100,448050,4.1444266e-5,0.582342,1.7902,161.06,0.0186,3.714342
896200,448100,4.1435287e-5,0.600703,1.8234,149.76,0.0157,3.816979
896300,448150,4.1426294e-5,0.580100,1.7862,127.81,0.0160,3.733905
896400,448200,4.1417316e-5,0.586388,1.7975,143.41,0.0160,3.737463
896500,448250,4.1408326e-5,0.582066,1.7897,178.25,0.0154,3.683537
896600,448300,4.1399344e-5,0.588955,1.8021,162.79,0.0152,3.766955
896700,448350,4.1390354e-5,0.600240,1.8226,187.90,0.0149,3.858523
896800,448400,4.1381372e-5,0.611210,1.8427,157.15,0.0157,3.926444
896900,448450,4.1372394e-5,0.604010,1.8294,155.02,0.0155,3.838096
897000,448500,4.1363408e-5,0.578071,1.7826,154.36,0.0154,3.693427
897100,448550,4.135443e-5,0.599677,1.8215,155.21,0.0189,3.825755
897200,448600,4.1345455e-5,0.573769,1.7749,156.51,0.0153,3.701973
897300,448650,4.133647e-5,0.595972,1.8148,196.19,0.0153,3.773541
897400,448700,4.132749e-5,0.604870,1.8310,146.85,0.0156,3.876259
897500,448750,4.1318508e-5,0.582593,1.7907,161.10,0.0159,3.749322
897600,448800,4.1309533e-5,0.593018,1.8094,142.97,0.0158,3.762503
897700,448850,4.1300547e-5,0.600125,1.8223,142.90,0.0159,3.853277
897800,448900,4.129158e-5,0.584916,1.7948,153.18,0.0156,3.737210
897900,448950,4.1282605e-5,0.586074,1.7969,143.04,0.0158,3.724139
898000,449000,4.1273623e-5,0.604925,1.8311,136.21,0.0162,3.823956
898100,449050,4.1264655e-5,0.604999,1.8313,186.33,0.0184,3.819562
898200,449100,4.1255673e-5,0.605831,1.8328,171.33,0.0152,3.873894
898300,449150,4.1246705e-5,0.579590,1.7853,138.77,0.0161,3.672545
898400,449200,4.1237727e-5,0.575013,1.7772,164.75,0.0153,3.707798
898500,449250,4.1228755e-5,0.604717,1.8307,173.57,0.0154,3.869607
898600,449300,4.1219777e-5,0.620381,1.8596,143.33,0.0157,3.941029
898700,449350,4.1210813e-5,0.568928,1.7664,156.17,0.0154,3.637142
898800,449400,4.120184e-5,0.580885,1.7876,149.40,0.0155,3.733630
898900,449450,4.1192867e-5,0.603945,1.8293,148.89,0.0156,3.831812
899000,449500,4.11839e-5,0.573750,1.7749,162.11,0.0160,3.666282
899100,449550,4.1174935e-5,0.604677,1.8307,203.16,0.0174,3.806337
899200,449600,4.116596e-5,0.604024,1.8295,124.47,0.0164,3.837894
899300,449650,4.1156996e-5,0.570915,1.7699,161.21,0.0154,3.674806
899400,449700,4.114802e-5,0.587080,1.7987,180.36,0.0156,3.750992
899500,449750,4.113906e-5,0.598179,1.8188,158.46,0.0157,3.800187
899600,449800,4.113009e-5,0.575514,1.7780,146.58,0.0157,3.631372
899700,449850,4.112113e-5,0.586999,1.7986,160.57,0.0152,3.766942
899800,449900,4.111216e-5,0.593963,1.8112,161.58,0.0157,3.769902
899900,449950,4.1103198e-5,0.589222,1.8026,163.30,0.0153,3.755168
900000,450000,4.1094227e-5,0.610423,1.8412,139.04,0.0157,3.863228
900100,450050,4.108527e-5,0.589866,1.8037,173.64,0.0180,3.759250
900200,450100,4.1076306e-5,0.608724,1.8381,182.00,0.0153,3.861420
900300,450150,4.1067346e-5,0.604832,1.8309,168.58,0.0155,3.817008
900400,450200,4.105838e-5,0.585862,1.7965,116.34,0.0164,3.764534
900500,450250,4.104942e-5,0.578266,1.7829,150.01,0.0156,3.684213
900600,450300,4.1040465e-5,0.607546,1.8359,168.53,0.0152,3.889091
900700,450350,4.1031508e-5,0.580963,1.7878,145.75,0.0155,3.738434
900800,450400,4.1022548e-5,0.569517,1.7674,159.88,0.0152,3.681601
900900,450450,4.101359e-5,0.579618,1.7854,143.45,0.0157,3.708497
901000,450500,4.1004634e-5,0.568339,1.7653,147.87,0.0157,3.655480
901100,450550,4.0995674e-5,0.585533,1.7959,198.90,0.0172,3.734184
901200,450600,4.0986717e-5,0.560698,1.7519,156.94,0.0156,3.555335
901300,450650,4.097776e-5,0.561871,1.7540,163.18,0.0153,3.613803
901400,450700,4.0968807e-5,0.579854,1.7858,164.18,0.0155,3.655299
901500,450750,4.0959847e-5,0.586002,1.7968,141.78,0.0159,3.719618
901600,450800,4.0950898e-5,0.577188,1.7810,169.46,0.0152,3.708939
901700,450850,4.094194e-5,0.589188,1.8025,138.48,0.0155,3.799946
901800,450900,4.093299e-5,0.615546,1.8507,172.00,0.0153,3.925468
901900,450950,4.092403e-5,0.612655,1.8453,159.53,0.0156,3.860413
902000,451000,4.091509e-5,0.609807,1.8401,155.01,0.0156,3.855212
902100,451050,4.0906136e-5,0.575873,1.7787,171.10,0.0183,3.698043
902200,451100,4.0897183e-5,0.594582,1.8123,143.98,0.0156,3.786442
902300,451150,4.0888233e-5,0.617616,1.8545,178.55,0.0151,3.976129
902400,451200,4.0879284e-5,0.572480,1.7727,154.73,0.0155,3.649181
902500,451250,4.0870334e-5,0.567318,1.7635,156.25,0.0153,3.661423
902600,451300,4.0861392e-5,0.607550,1.8359,182.93,0.0149,3.874456
902700,451350,4.085244e-5,0.573683,1.7748,144.92,0.0155,3.640024
902800,451400,4.08435e-5,0.582921,1.7913,172.20,0.0153,3.737451
902900,451450,4.0834548e-5,0.586656,1.7980,176.39,0.0152,3.740980
903000,451500,4.0825606e-5,0.620905,1.8606,150.90,0.0157,3.933043
903100,451550,4.0816656e-5,0.585719,1.7963,165.53,0.0184,3.773031
903200,451600,4.0807718e-5,0.578181,1.7828,148.21,0.0158,3.711157
903300,451650,4.0798775e-5,0.579407,1.7850,129.20,0.0160,3.722105
903400,451700,4.078983e-5,0.582321,1.7902,139.84,0.0155,3.714983
903500,451750,4.078089e-5,0.586792,1.7982,146.99,0.0158,3.712726
903600,451800,4.0771945e-5,0.581897,1.7894,166.55,0.0153,3.731501
903700,451850,4.0763007e-5,0.599861,1.8219,177.41,0.0156,3.827004
903800,451900,4.075406e-5,0.609485,1.8395,197.92,0.0156,3.855547
903900,451950,4.0745126e-5,0.575916,1.7788,127.18,0.0163,3.680430
904000,452000,4.0736188e-5,0.587393,1.7993,159.01,0.0156,3.750431
904100,452050,4.0727246e-5,0.578954,1.7842,166.71,0.0184,3.683570
904200,452100,4.071831e-5,0.599877,1.8219,184.56,0.0152,3.780198
904300,452150,4.0709372e-5,0.601190,1.8243,158.15,0.0153,3.844000
904400,452200,4.0700437e-5,0.587285,1.7991,169.98,0.0156,3.771448
904500,452250,4.0691502e-5,0.560098,1.7508,153.72,0.0155,3.616288
904600,452300,4.068256e-5,0.589524,1.8031,154.63,0.0154,3.747190
904700,452350,4.0673633e-5,0.586999,1.7986,151.08,0.0155,3.747743
904800,452400,4.0664694e-5,0.589182,1.8025,159.89,0.0158,3.719895
904900,452450,4.0655763e-5,0.561812,1.7538,154.71,0.0152,3.647663
905000,452500,4.0646824e-5,0.582489,1.7905,195.39,0.0155,3.744484
905100,452550,4.0637897e-5,0.609673,1.8398,178.62,0.0182,3.846645
905200,452600,4.0628962e-5,0.572568,1.7728,167.45,0.0153,3.675848
905300,452650,4.0620034e-5,0.579360,1.7849,168.30,0.0152,3.701092
905400,452700,4.0611096e-5,0.605730,1.8326,137.83,0.0158,3.856565
905500,452750,4.060217e-5,0.574131,1.7756,158.40,0.0153,3.728407
905600,452800,4.0593244e-5,0.597786,1.8181,163.28,0.0155,3.792976
905700,452850,4.0584317e-5,0.579466,1.7851,146.53,0.0155,3.720887
905800,452900,4.0575385e-5,0.582980,1.7914,149.98,0.0153,3.773545
905900,452950,4.0566465e-5,0.570431,1.7690,160.58,0.0152,3.664389
906000,453000,4.0557537e-5,0.591801,1.8072,148.53,0.0157,3.791712
906100,453050,4.0548613e-5,0.564628,1.7588,209.87,0.0168,3.637445
906200,453100,4.0539686e-5,0.592499,1.8085,154.66,0.0164,3.794481
906300,453150,4.053076e-5,0.588855,1.8019,140.84,0.0161,3.722922
906400,453200,4.052184e-5,0.576793,1.7803,166.13,0.0151,3.691738
906500,453250,4.051291e-5,0.589206,1.8026,169.45,0.0153,3.765268
906600,453300,4.0503994e-5,0.614350,1.8485,147.47,0.0158,3.881146
906700,453350,4.0495062e-5,0.574900,1.7770,154.76,0.0152,3.716412
906800,453400,4.048615e-5,0.616978,1.8533,187.13,0.0153,3.909063
906900,453450,4.047722e-5,0.586643,1.7979,176.03,0.0152,3.774917
907000,453500,4.046831e-5,0.572299,1.7723,175.56,0.0150,3.657465
907100,453550,4.045938e-5,0.630583,1.8787,195.70,0.0178,3.980880
907200,453600,4.0450468e-5,0.604955,1.8312,151.27,0.0157,3.844337
907300,453650,4.0441544e-5,0.607003,1.8349,158.35,0.0154,3.892354
907400,453700,4.043263e-5,0.606816,1.8346,181.34,0.0154,3.846316
907500,453750,4.0423714e-5,0.593589,1.8105,170.55,0.0154,3.793087
907600,453800,4.0414794e-5,0.568556,1.7657,133.18,0.0158,3.688272
907700,453850,4.040588e-5,0.597856,1.8182,160.71,0.0154,3.835290
907800,453900,4.039697e-5,0.584200,1.7936,170.75,0.0155,3.738757
907900,453950,4.0388048e-5,0.612457,1.8450,151.80,0.0157,3.908821
908000,454000,4.0379142e-5,0.631853,1.8811,171.30,0.0157,4.020538
908100,454050,4.037022e-5,0.583350,1.7920,160.33,0.0188,3.760066
908200,454100,4.0361316e-5,0.564636,1.7588,159.80,0.0152,3.619535
908300,454150,4.0352395e-5,0.603633,1.8287,157.87,0.0155,3.811624
908400,454200,4.034349e-5,0.588845,1.8019,167.41,0.0151,3.799727
908500,454250,4.0334584e-5,0.570837,1.7697,172.83,0.0152,3.661247
908600,454300,4.032567e-5,0.577438,1.7815,150.15,0.0156,3.661367
908700,454350,4.0316765e-5,0.583593,1.7925,156.04,0.0154,3.770333
908800,454400,4.0307852e-5,0.585363,1.7956,172.51,0.0153,3.762262
908900,454450,4.0298946e-5,0.603931,1.8293,171.35,0.0157,3.797666
909000,454500,4.0290033e-5,0.589954,1.8039,167.13,0.0154,3.743920
909100,454550,4.028113e-5,0.594661,1.8124,160.60,0.0186,3.804124
909200,454600,4.027222e-5,0.582045,1.7897,159.07,0.0156,3.684879
909300,454650,4.0263323e-5,0.601869,1.8255,181.86,0.0152,3.808254
909400,454700,4.0254414e-5,0.602072,1.8259,155.83,0.0153,3.838450
909500,454750,4.024551e-5,0.592107,1.8078,159.09,0.0153,3.795685
909600,454800,4.0236606e-5,0.583769,1.7928,135.68,0.0158,3.671921
909700,454850,4.0227707e-5,0.587803,1.8000,147.33,0.0157,3.757018
909800,454900,4.02188e-5,0.597926,1.8183,157.10,0.0159,3.800101
909900,454950,4.0209903e-5,0.579964,1.7860,161.70,0.0156,3.674779
910000,455000,4.0200997e-5,0.583894,1.7930,125.84,0.0161,3.748230
910100,455050,4.01921e-5,0.589147,1.8025,192.16,0.0177,3.813860
910200,455100,4.0183197e-5,0.592262,1.8081,143.09,0.0158,3.780534
910300,455150,4.0174302e-5,0.580228,1.7864,157.19,0.0154,3.709927
910400,455200,4.01654e-5,0.574329,1.7759,154.78,0.0152,3.686602
910500,455250,4.0156505e-5,0.581710,1.7891,134.02,0.0158,3.713725
910600,455300,4.0147603e-5,0.594855,1.8128,159.22,0.0152,3.803205
910700,455350,4.013871e-5,0.595646,1.8142,163.29,0.0157,3.764416
910800,455400,4.012981e-5,0.601836,1.8255,144.36,0.0160,3.843032
910900,455450,4.0120918e-5,0.577225,1.7811,154.08,0.0153,3.723923
911000,455500,4.0112023e-5,0.573613,1.7747,140.98,0.0157,3.652806
911100,455550,4.010313e-5,0.563497,1.7568,200.52,0.0171,3.616224
911200,455600,4.009424e-5,0.590158,1.8043,151.07,0.0154,3.786613
911300,455650,4.008535e-5,0.616423,1.8523,148.84,0.0158,3.929862
911400,455700,4.0076455e-5,0.610961,1.8422,159.73,0.0159,3.893600
911500,455750,4.0067564e-5,0.610551,1.8414,181.74,0.0149,3.892261
911600,455800,4.005868e-5,0.620283,1.8595,138.86,0.0159,3.975876
911700,455850,4.0049785e-5,0.583552,1.7924,176.79,0.0153,3.750368
911800,455900,4.0040897e-5,0.574609,1.7764,134.11,0.0158,3.685461
911900,455950,4.0032006e-5,0.597482,1.8175,131.52,0.0158,3.829921
912000,456000,4.0023122e-5,0.598428,1.8193,162.76,0.0157,3.822790
912100,456050,4.001423e-5,0.566689,1.7624,173.79,0.0179,3.621566
912200,456100,4.0005347e-5,0.575753,1.7785,157.42,0.0157,3.657686
912300,456150,3.9996456e-5,0.591222,1.8062,125.34,0.0160,3.796002
912400,456200,3.9987575e-5,0.608683,1.8380,125.25,0.0163,3.833700
912500,456250,3.9978688e-5,0.578174,1.7828,146.26,0.0155,3.687224
912600,456300,3.9969807e-5,0.563754,1.7573,157.52,0.0154,3.585986
912700,456350,3.996092e-5,0.586779,1.7982,128.03,0.0161,3.714595
912800,456400,3.9952043e-5,0.596596,1.8159,178.09,0.0155,3.798321
912900,456450,3.994316e-5,0.572200,1.7722,147.79,0.0154,3.687279
913000,456500,3.9934275e-5,0.600406,1.8229,153.98,0.0156,3.836886
913100,456550,3.9925395e-5,0.596945,1.8166,160.32,0.0187,3.803689
913200,456600,3.9916515e-5,0.613790,1.8474,154.24,0.0157,3.860565
913300,456650,3.9907634e-5,0.622859,1.8643,162.66,0.0154,3.933330
913400,456700,3.989876e-5,0.587876,1.8002,175.25,0.0158,3.725224
913500,456750,3.9889877e-5,0.565597,1.7605,159.27,0.0154,3.606616
913600,456800,3.9881004e-5,0.583053,1.7915,184.55,0.0152,3.711295
913700,456850,3.9872124e-5,0.601063,1.8241,157.04,0.0155,3.842135
913800,456900,3.986325e-5,0.592173,1.8079,155.55,0.0157,3.747292
913900,456950,3.985438e-5,0.585946,1.7967,138.49,0.0159,3.740943
914000,457000,3.98455e-5,0.599804,1.8218,159.58,0.0155,3.794339
914100,457050,3.9836632e-5,0.615549,1.8507,178.35,0.0182,3.888804
914200,457100,3.982775e-5,0.607143,1.8352,186.29,0.0151,3.895372
914300,457150,3.9818886e-5,0.617110,1.8536,163.08,0.0160,3.928800
914400,457200,3.981001e-5,0.564905,1.7593,146.64,0.0158,3.623774
914500,457250,3.980114e-5,0.607203,1.8353,152.28,0.0157,3.899056
914600,457300,3.9792263e-5,0.566305,1.7617,145.24,0.0155,3.634836
914700,457350,3.97834e-5,0.573659,1.7747,152.54,0.0154,3.691982
914800,457400,3.9774524e-5,0.571146,1.7703,176.44,0.0156,3.654366
914900,457450,3.976566e-5,0.596321,1.8154,170.14,0.0153,3.815012
915000,457500,3.9756793e-5,0.592663,1.8088,202.14,0.0149,3.818830
915100,457550,3.974793e-5,0.585095,1.7952,187.77,0.0182,3.734450
915200,457600,3.9739058e-5,0.591191,1.8061,141.31,0.0157,3.781574
915300,457650,3.9730196e-5,0.587699,1.7998,162.25,0.0153,3.764318
915400,457700,3.9721323e-5,0.567577,1.7640,150.36,0.0160,3.643352
915500,457750,3.9712468e-5,0.572700,1.7730,143.52,0.0158,3.653947
915600,457800,3.970359e-5,0.589283,1.8027,158.08,0.0151,3.765381
915700,457850,3.9694736e-5,0.596600,1.8159,159.55,0.0154,3.807094
915800,457900,3.9685867e-5,0.607301,1.8355,147.04,0.0157,3.879824
915900,457950,3.9677012e-5,0.592484,1.8085,156.20,0.0155,3.767690
916000,458000,3.9668143e-5,0.576797,1.7803,181.16,0.0150,3.722642
916100,458050,3.9659288e-5,0.575890,1.7787,176.20,0.0180,3.705438
916200,458100,3.965042e-5,0.612442,1.8449,157.35,0.0154,3.890705
916300,458150,3.964157e-5,0.618421,1.8560,209.10,0.0159,3.873359
916400,458200,3.9632712e-5,0.556908,1.7453,151.94,0.0153,3.590664
916500,458250,3.962385e-5,0.603085,1.8277,169.72,0.0160,3.831820
916600,458300,3.9615e-5,0.584498,1.7941,136.92,0.0158,3.726804
916700,458350,3.9606144e-5,0.576652,1.7801,156.84,0.0159,3.677848
916800,458400,3.9597286e-5,0.575651,1.7783,148.77,0.0154,3.703787
916900,458450,3.9588427e-5,0.552963,1.7384,146.05,0.0156,3.558950
917000,458500,3.957958e-5,0.581599,1.7889,198.74,0.0153,3.754011
917100,458550,3.957072e-5,0.603136,1.8278,183.06,0.0179,3.857208
917200,458600,3.956187e-5,0.573851,1.7751,154.66,0.0157,3.686026
917300,458650,3.9553015e-5,0.573087,1.7737,148.33,0.0153,3.662906
917400,458700,3.9544168e-5,0.594964,1.8130,159.27,0.0156,3.776377
917500,458750,3.9535313e-5,0.597697,1.8179,150.95,0.0156,3.806792
917600,458800,3.9526465e-5,0.578914,1.7841,161.50,0.0154,3.678241
917700,458850,3.951761e-5,0.588727,1.8017,148.39,0.0156,3.743386
917800,458900,3.9508763e-5,0.580384,1.7867,151.47,0.0153,3.721884
917900,458950,3.949991e-5,0.548660,1.7309,146.20,0.0153,3.573515
918000,459000,3.9491068e-5,0.620368,1.8596,159.47,0.0161,3.907993
918100,459050,3.948222e-5,0.590391,1.8047,186.95,0.0178,3.758799
918200,459100,3.9473372e-5,0.586211,1.7972,148.38,0.0156,3.730678
918300,459150,3.9464525e-5,0.568736,1.7660,156.01,0.0155,3.619837
918400,459200,3.945568e-5,0.609701,1.8399,166.85,0.0156,3.885136
918500,459250,3.9446837e-5,0.589628,1.8033,159.61,0.0159,3.755800
918600,459300,3.9437997e-5,0.562991,1.7559,152.13,0.0153,3.622136
918700,459350,3.942915e-5,0.587397,1.7993,148.86,0.0157,3.793523
918800,459400,3.942031e-5,0.567829,1.7644,181.94,0.0151,3.652124
918900,459450,3.941146e-5,0.592169,1.8079,156.14,0.0154,3.791205
919000,459500,3.940263e-5,0.583126,1.7916,162.31,0.0154,3.704383
919100,459550,3.939379e-5,0.552709,1.7380,183.27,0.0176,3.570719
919200,459600,3.9384948e-5,0.567687,1.7642,175.43,0.0153,3.645807
919300,459650,3.937611e-5,0.604293,1.8300,143.20,0.0159,3.824219
919400,459700,3.936727e-5,0.585479,1.7959,142.05,0.0161,3.717677
919500,459750,3.9358434e-5,0.574128,1.7756,187.23,0.0151,3.692347
919600,459800,3.9349594e-5,0.579658,1.7854,181.04,0.0151,3.701857
919700,459850,3.934076e-5,0.583911,1.7930,144.64,0.0157,3.717284
919800,459900,3.933192e-5,0.585513,1.7959,149.57,0.0156,3.730015
919900,459950,3.9323088e-5,0.601551,1.8249,162.93,0.0153,3.788393
920000,460000,3.9314255e-5,0.565237,1.7599,162.99,0.0153,3.599957
920100,460050,3.9305425e-5,0.589676,1.8034,184.15,0.0177,3.789241
920200,460100,3.929659e-5,0.584488,1.7941,169.36,0.0153,3.724743
920300,460150,3.928776e-5,0.569662,1.7677,157.91,0.0153,3.664804
920400,460200,3.9278922e-5,0.598190,1.8188,160.34,0.0152,3.831705
920500,460250,3.92701e-5,0.568523,1.7657,154.71,0.0159,3.652045
920600,460300,3.9261264e-5,0.573104,1.7738,187.28,0.0151,3.646792
920700,460350,3.9252438e-5,0.583752,1.7928,207.48,0.0148,3.747673
920800,460400,3.9243605e-5,0.573881,1.7751,155.47,0.0156,3.678193
920900,460450,3.9234783e-5,0.587113,1.7988,156.20,0.0157,3.748082
921000,460500,3.922595e-5,0.603978,1.8294,198.82,0.0148,3.871284
921100,460550,3.9217128e-5,0.578568,1.7835,182.99,0.0184,3.678868
921200,460600,3.9208295e-5,0.599594,1.8214,159.21,0.0153,3.845860
921300,460650,3.9199476e-5,0.600761,1.8235,190.70,0.0150,3.837581
921400,460700,3.9190647e-5,0.580510,1.7870,180.57,0.0150,3.701743
921500,460750,3.918183e-5,0.584742,1.7945,155.89,0.0157,3.748444
921600,460800,3.9173003e-5,0.606842,1.8346,155.30,0.0156,3.855640
921700,460850,3.916418e-5,0.566362,1.7618,141.12,0.0157,3.625935
921800,460900,3.9155366e-5,0.565683,1.7606,163.06,0.0153,3.635533
921900,460950,3.914654e-5,0.608328,1.8374,165.95,0.0152,3.890600
922000,461000,3.913772e-5,0.597567,1.8177,140.53,0.0159,3.788598
922100,461050,3.9128903e-5,0.580737,1.7874,205.66,0.0172,3.747205
922200,461100,3.912008e-5,0.566975,1.7629,144.88,0.0157,3.634610
922300,461150,3.9111263e-5,0.581281,1.7883,143.88,0.0158,3.720769
922400,461200,3.910245e-5,0.586005,1.7968,193.84,0.0154,3.733137
922500,461250,3.909363e-5,0.570855,1.7698,161.45,0.0153,3.638685
922600,461300,3.9084818e-5,0.585249,1.7954,155.68,0.0154,3.750453
922700,461350,3.9076e-5,0.607347,1.8356,233.19,0.0151,3.828074
922800,461400,3.9067185e-5,0.589660,1.8034,133.33,0.0165,3.737236
922900,461450,3.9058366e-5,0.570273,1.7687,151.10,0.0157,3.662732
923000,461500,3.9049555e-5,0.603647,1.8288,165.28,0.0155,3.806648
923100,461550,3.904074e-5,0.603442,1.8284,187.98,0.0178,3.881823
923200,461600,3.9031933e-5,0.589799,1.8036,163.38,0.0153,3.761447
923300,461650,3.9023114e-5,0.591075,1.8059,169.80,0.0151,3.774543
923400,461700,3.901431e-5,0.599350,1.8209,154.25,0.0152,3.828397
923500,461750,3.90055e-5,0.578808,1.7839,167.32,0.0156,3.690260
923600,461800,3.899669e-5,0.599958,1.8220,142.21,0.0156,3.855741
923700,461850,3.8987884e-5,0.616086,1.8517,166.48,0.0155,3.934406
923800,461900,3.897908e-5,0.562182,1.7545,141.87,0.0155,3.613222
923900,461950,3.8970265e-5,0.566656,1.7624,153.86,0.0153,3.652708
924000,462000,3.8961465e-5,0.583136,1.7916,143.88,0.0155,3.743585
924100,462050,3.8952654e-5,0.604131,1.8297,189.97,0.0176,3.850606
924200,462100,3.8943854e-5,0.591950,1.8075,195.72,0.0152,3.763602
924300,462150,3.8935053e-5,0.582565,1.7906,144.02,0.0164,3.714901
924400,462200,3.8926246e-5,0.590676,1.8052,158.74,0.0154,3.749997
924500,462250,3.8917446e-5,0.604159,1.8297,201.95,0.0151,3.831470
924600,462300,3.890864e-5,0.596569,1.8159,147.03,0.0156,3.789780
924700,462350,3.889984e-5,0.588770,1.8018,160.75,0.0156,3.757024
924800,462400,3.889104e-5,0.583321,1.7920,150.40,0.0157,3.757873
924900,462450,3.888224e-5,0.602253,1.8262,158.16,0.0156,3.845869
925000,462500,3.887344e-5,0.600680,1.8234,151.01,0.0155,3.861164
925100,462550,3.8864644e-5,0.573768,1.7749,184.07,0.0181,3.657500
925200,462600,3.885584e-5,0.610094,1.8406,150.66,0.0156,3.874402
925300,462650,3.884705e-5,0.581185,1.7882,160.16,0.0154,3.700957
925400,462700,3.8838254e-5,0.595368,1.8137,166.28,0.0153,3.794950
925500,462750,3.8829457e-5,0.631244,1.8799,164.02,0.0155,4.016517
925600,462800,3.8820657e-5,0.614583,1.8489,154.10,0.0156,3.906215
925700,462850,3.881187e-5,0.583679,1.7926,137.31,0.0160,3.743652
925800,462900,3.880307e-5,0.587413,1.7993,146.94,0.0157,3.739209
925900,462950,3.8794282e-5,0.617286,1.8539,200.21,0.0152,3.880745
926000,463000,3.8785485e-5,0.588086,1.8005,166.53,0.0155,3.756961
926100,463050,3.87767e-5,0.578890,1.7841,169.97,0.0186,3.680805
926200,463100,3.8767903e-5,0.577995,1.7825,162.48,0.0153,3.706789
926300,463150,3.8759117e-5,0.599402,1.8210,149.68,0.0158,3.769343
926400,463200,3.8750324e-5,0.592218,1.8080,159.59,0.0153,3.786224
926500,463250,3.874154e-5,0.601179,1.8243,139.74,0.0158,3.839328
926600,463300,3.8732745e-5,0.588497,1.8013,177.34,0.0151,3.761729
926700,463350,3.8723963e-5,0.583383,1.7921,163.74,0.0156,3.692101
926800,463400,3.8715174e-5,0.609196,1.8390,164.25,0.0154,3.888525
926900,463450,3.8706392e-5,0.580980,1.7878,157.72,0.0152,3.734531
927000,463500,3.869761e-5,0.589811,1.8036,162.43,0.0159,3.761396
927100,463550,3.868882e-5,0.596163,1.8151,180.50,0.0178,3.813360
927200,463600,3.868004e-5,0.527753,1.6951,155.30,0.0153,3.389919
927300,463650,3.8671256e-5,0.578969,1.7842,173.49,0.0150,3.731087
927400,463700,3.8662474e-5,0.600645,1.8233,173.14,0.0155,3.793678
927500,463750,3.8653692e-5,0.584264,1.7937,148.30,0.0156,3.685461
927600,463800,3.8644917e-5,0.593565,1.8104,181.27,0.0150,3.815133
927700,463850,3.8636135e-5,0.580173,1.7863,157.48,0.0153,3.759576
927800,463900,3.8627357e-5,0.580939,1.7877,175.62,0.0156,3.700412
927900,463950,3.8618575e-5,0.585727,1.7963,155.93,0.0155,3.745157
928000,464000,3.8609796e-5,0.588227,1.8008,167.33,0.0155,3.745118
928100,464050,3.8601018e-5,0.595555,1.8140,181.17,0.0178,3.833014
928200,464100,3.8592247e-5,0.582999,1.7914,134.83,0.0157,3.716436
928300,464150,3.8583465e-5,0.572248,1.7722,158.74,0.0152,3.692097
928400,464200,3.8574693e-5,0.579161,1.7845,158.62,0.0154,3.689649
928500,464250,3.8565915e-5,0.564932,1.7593,141.12,0.0155,3.628097
928600,464300,3.8557147e-5,0.583707,1.7927,156.27,0.0154,3.773076
928700,464350,3.8548365e-5,0.596616,1.8160,171.31,0.0154,3.794415
928800,464400,3.8539598e-5,0.603199,1.8280,147.81,0.0158,3.842893
928900,464450,3.853083e-5,0.574550,1.7763,155.64,0.0157,3.652467
929000,464500,3.852206e-5,0.599540,1.8213,154.98,0.0158,3.757658
929100,464550,3.8513288e-5,0.566554,1.7622,211.82,0.0171,3.629058
929200,464600,3.850452e-5,0.576599,1.7800,180.23,0.0152,3.702052
929300,464650,3.849575e-5,0.552340,1.7373,152.28,0.0156,3.528200
929400,464700,3.8486985e-5,0.592301,1.8081,133.00,0.0159,3.790335
929500,464750,3.8478214e-5,0.593129,1.8096,154.56,0.0161,3.729741
929600,464800,3.846945e-5,0.559761,1.7503,163.08,0.0151,3.594986
929700,464850,3.846069e-5,0.585099,1.7952,135.35,0.0158,3.752995
929800,464900,3.845192e-5,0.612424,1.8449,161.12,0.0156,3.877726
929900,464950,3.8443162e-5,0.581991,1.7896,155.88,0.0152,3.726672
930000,465000,3.8434395e-5,0.588639,1.8015,169.48,0.0153,3.740197
930100,465050,3.8425635e-5,0.560487,1.7515,172.35,0.0183,3.586648
930200,465100,3.8416867e-5,0.541303,1.7182,150.74,0.0153,3.509395
930300,465150,3.840811e-5,0.576333,1.7795,143.11,0.0155,3.702116
930400,465200,3.8399347e-5,0.575673,1.7783,140.75,0.0156,3.683943
930500,465250,3.8390586e-5,0.578301,1.7830,160.09,0.0155,3.701267
930600,465300,3.8381826e-5,0.590858,1.8055,164.51,0.0153,3.781266
930700,465350,3.8373073e-5,0.587911,1.8002,144.56,0.0160,3.737159
930800,465400,3.8364313e-5,0.588393,1.8011,153.62,0.0155,3.750213
930900,465450,3.835556e-5,0.575125,1.7774,163.31,0.0152,3.690443
931000,465500,3.83468e-5,0.563209,1.7563,147.53,0.0155,3.632497
931100,465550,3.8338047e-5,0.588025,1.8004,176.15,0.0182,3.747003
931200,465600,3.8329286e-5,0.570551,1.7692,174.73,0.0156,3.670490
931300,465650,3.832054e-5,0.598905,1.8201,155.60,0.0155,3.805276
931400,465700,3.831178e-5,0.575979,1.7789,147.65,0.0155,3.734475
931500,465750,3.8303035e-5,0.561967,1.7541,141.81,0.0159,3.614172
931600,465800,3.8294274e-5,0.611410,1.8430,142.11,0.0159,3.874057
931700,465850,3.828553e-5,0.546607,1.7274,181.22,0.0148,3.519676
931800,465900,3.8276776e-5,0.588698,1.8016,174.04,0.0154,3.765855
931900,465950,3.826803e-5,0.578486,1.7833,160.75,0.0153,3.704196
932000,466000,3.8259273e-5,0.572589,1.7729,139.48,0.0156,3.664630
932100,466050,3.825053e-5,0.593472,1.8103,192.95,0.0176,3.756971
932200,466100,3.824178e-5,0.569522,1.7674,165.22,0.0154,3.613895
932300,466150,3.8233036e-5,0.634567,1.8862,171.88,0.0158,3.987938
932400,466200,3.8224294e-5,0.611615,1.8434,168.05,0.0157,3.946957
932500,466250,3.821555e-5,0.607722,1.8362,150.89,0.0160,3.877559
932600,466300,3.8206803e-5,0.579785,1.7857,160.19,0.0155,3.710014
932700,466350,3.819806e-5,0.589335,1.8028,172.23,0.0158,3.743484
932800,466400,3.818932e-5,0.574585,1.7764,168.61,0.0157,3.631009
932900,466450,3.8180573e-5,0.577504,1.7816,154.72,0.0157,3.692864
933000,466500,3.8171835e-5,0.569301,1.7670,155.79,0.0156,3.669966
933100,466550,3.8163093e-5,0.587966,1.8003,162.73,0.0191,3.727076
933200,466600,3.8154358e-5,0.577120,1.7809,170.34,0.0151,3.711688
933300,466650,3.8145612e-5,0.575656,1.7783,138.15,0.0161,3.649387
933400,466700,3.8136877e-5,0.565756,1.7608,146.53,0.0160,3.625871
933500,466750,3.8128135e-5,0.567514,1.7639,149.46,0.0160,3.665487
933600,466800,3.8119404e-5,0.589714,1.8035,149.31,0.0155,3.776050
933700,466850,3.8110662e-5,0.609005,1.8386,135.91,0.0163,3.856203
933800,466900,3.810193e-5,0.577487,1.7816,150.42,0.0155,3.671607
933900,466950,3.809319e-5,0.588143,1.8006,146.97,0.0155,3.767069
934000,467000,3.808446e-5,0.588543,1.8014,177.84,0.0150,3.780573
934100,467050,3.8075723e-5,0.584650,1.7944,177.34,0.0180,3.709723
934200,467100,3.8066995e-5,0.580562,1.7870,140.27,0.0159,3.755593
934300,467150,3.805826e-5,0.605534,1.8322,151.94,0.0156,3.907187
934400,467200,3.8049533e-5,0.593531,1.8104,143.48,0.0164,3.761432
934500,467250,3.8040802e-5,0.587488,1.7995,142.07,0.0164,3.703994
934600,467300,3.8032074e-5,0.589644,1.8033,144.06,0.0163,3.739020
934700,467350,3.802334e-5,0.599747,1.8217,161.93,0.0164,3.814755
934800,467400,3.8014616e-5,0.562189,1.7545,157.23,0.0158,3.622217
934900,467450,3.8005892e-5,0.590806,1.8054,174.45,0.0161,3.791312
935000,467500,3.799716e-5,0.571128,1.7703,155.37,0.0161,3.674109
935100,467550,3.7988444e-5,0.588689,1.8016,193.16,0.0180,3.766928
935200,467600,3.7979713e-5,0.582917,1.7913,192.37,0.0157,3.704193
935300,467650,3.7970993e-5,0.588708,1.8017,160.97,0.0160,3.783870
935400,467700,3.7962265e-5,0.585080,1.7951,162.12,0.0156,3.768159
935500,467750,3.795354e-5,0.581258,1.7883,160.67,0.0160,3.730941
935600,467800,3.7944817e-5,0.566987,1.7629,149.89,0.0160,3.638902
935700,467850,3.79361e-5,0.603306,1.8282,141.73,0.0166,3.843192
935800,467900,3.7927377e-5,0.590751,1.8053,151.17,0.0162,3.788495
935900,467950,3.791866e-5,0.576412,1.7796,156.22,0.0159,3.703669
936000,468000,3.790994e-5,0.596334,1.8155,182.21,0.0159,3.793015
936100,468050,3.790122e-5,0.588810,1.8018,182.86,0.0186,3.757371
936200,468100,3.7892503e-5,0.572361,1.7724,168.18,0.0159,3.648243
936300,468150,3.7883783e-5,0.592066,1.8077,172.03,0.0158,3.766776
936400,468200,3.787507e-5,0.577827,1.7822,150.49,0.0163,3.681926
936500,468250,3.786636e-5,0.574984,1.7771,165.94,0.0160,3.689238
936600,468300,3.7857637e-5,0.589288,1.8027,163.47,0.0159,3.779138
936700,468350,3.7848928e-5,0.553351,1.7391,167.25,0.0158,3.575711
936800,468400,3.784021e-5,0.599522,1.8212,164.11,0.0159,3.841978
936900,468450,3.78315e-5,0.581395,1.7885,150.67,0.0162,3.712292
937000,468500,3.7822785e-5,0.570181,1.7686,158.39,0.0161,3.650522
937100,468550,3.781408e-5,0.571226,1.7704,201.39,0.0180,3.669709
937200,468600,3.7805366e-5,0.593493,1.8103,152.46,0.0162,3.783441
937300,468650,3.779666e-5,0.591474,1.8066,147.83,0.0163,3.766056
937400,468700,3.7787948e-5,0.600493,1.8230,139.09,0.0163,3.848674
937500,468750,3.7779242e-5,0.593711,1.8107,134.78,0.0169,3.742363
937600,468800,3.777054e-5,0.553887,1.7400,185.89,0.0156,3.572531
937700,468850,3.7761827e-5,0.612391,1.8448,153.86,0.0163,3.861101
937800,468900,3.775313e-5,0.588061,1.8005,140.45,0.0163,3.804545
937900,468950,3.7744423e-5,0.586567,1.7978,162.97,0.0158,3.754276
938000,469000,3.7735717e-5,0.571962,1.7717,165.83,0.0155,3.720527
938100,469050,3.772701e-5,0.604291,1.8300,183.65,0.0186,3.824724
938200,469100,3.771831e-5,0.578359,1.7831,173.85,0.0160,3.672656
938300,469150,3.7709608e-5,0.595948,1.8148,140.11,0.0165,3.832493
938400,469200,3.7700913e-5,0.575176,1.7774,173.79,0.0159,3.649294
938500,469250,3.7692207e-5,0.595053,1.8131,161.36,0.0162,3.787365
938600,469300,3.768351e-5,0.571408,1.7708,176.58,0.0159,3.650060
938700,469350,3.7674807e-5,0.568709,1.7660,159.01,0.0160,3.661334
938800,469400,3.7666112e-5,0.579447,1.7851,166.80,0.0161,3.706691
938900,469450,3.765741e-5,0.585886,1.7966,177.38,0.0159,3.740017
939000,469500,3.7648722e-5,0.593263,1.8099,172.73,0.0160,3.790972
939100,469550,3.764002e-5,0.596049,1.8149,188.96,0.0185,3.818485
939200,469600,3.763133e-5,0.603418,1.8284,167.00,0.0161,3.837354
939300,469650,3.7622627e-5,0.566936,1.7629,171.61,0.0157,3.621007
939400,469700,3.761394e-5,0.567916,1.7646,167.18,0.0161,3.620862
939500,469750,3.760525e-5,0.605217,1.8316,151.74,0.0159,3.916203
939600,469800,3.7596557e-5,0.584573,1.7942,167.38,0.0164,3.737706
939700,469850,3.7587866e-5,0.567001,1.7630,152.44,0.0168,3.608164
939800,469900,3.7579175e-5,0.618549,1.8562,175.12,0.0166,3.912048
939900,469950,3.7570484e-5,0.567643,1.7641,146.30,0.0166,3.644649
940000,470000,3.7561796e-5,0.578139,1.7827,162.59,0.0162,3.736779
940100,470050,3.7553105e-5,0.614484,1.8487,187.91,0.0190,3.880991
940200,470100,3.754442e-5,0.593184,1.8097,144.17,0.0170,3.775123
940300,470150,3.753574e-5,0.563169,1.7562,136.34,0.0167,3.582180
940400,470200,3.752705e-5,0.594836,1.8127,192.19,0.0165,3.716911
940500,470250,3.751837e-5,0.585284,1.7955,164.15,0.0165,3.715575
940600,470300,3.750968e-5,0.591746,1.8071,158.23,0.0161,3.797566
940700,470350,3.7501e-5,0.597412,1.8174,181.33,0.0162,3.776670
940800,470400,3.749231e-5,0.602307,1.8263,197.08,0.0161,3.811056
940900,470450,3.7483638e-5,0.583196,1.7918,165.38,0.0164,3.711988
941000,470500,3.747495e-5,0.588125,1.8006,159.90,0.0162,3.758613
941100,470550,3.746627e-5,0.553936,1.7401,196.09,0.0179,3.551583
941200,470600,3.7457587e-5,0.560342,1.7513,177.00,0.0161,3.597809
941300,470650,3.744891e-5,0.583471,1.7922,165.36,0.0165,3.708470
941400,470700,3.7440237e-5,0.572375,1.7725,176.54,0.0162,3.649059
941500,470750,3.7431557e-5,0.584434,1.7940,179.91,0.0159,3.766278
941600,470800,3.742288e-5,0.582262,1.7901,185.88,0.0159,3.690830
941700,470850,3.741421e-5,0.582693,1.7909,140.37,0.0164,3.741918
941800,470900,3.740553e-5,0.598180,1.8188,140.17,0.0165,3.826791
941900,470950,3.739686e-5,0.587246,1.7990,173.87,0.0163,3.762511
942000,471000,3.738818e-5,0.583447,1.7922,158.35,0.0163,3.723513
942100,471050,3.7379512e-5,0.587694,1.7998,193.45,0.0184,3.778416
942200,471100,3.7370835e-5,0.577868,1.7822,190.53,0.0158,3.745090
942300,471150,3.736217e-5,0.595501,1.8139,167.43,0.0164,3.781861
942400,471200,3.7353493e-5,0.576792,1.7803,173.14,0.0165,3.657464
942500,471250,3.7344827e-5,0.572641,1.7729,169.29,0.0163,3.656919
942600,471300,3.733615e-5,0.592861,1.8092,162.94,0.0165,3.775349
942700,471350,3.732749e-5,0.592811,1.8091,163.08,0.0163,3.745580
942800,471400,3.7318827e-5,0.555449,1.7427,160.43,0.0161,3.567335
942900,471450,3.7310157e-5,0.579601,1.7853,150.89,0.0165,3.709084
943000,471500,3.7301495e-5,0.584380,1.7939,172.41,0.0161,3.713085
943100,471550,3.7292823e-5,0.587137,1.7988,192.43,0.0187,3.735707
943200,471600,3.7284168e-5,0.585967,1.7967,179.34,0.0160,3.741522
943300,471650,3.7275502e-5,0.609409,1.8393,129.01,0.0170,3.847212
943400,471700,3.7266836e-5,0.588816,1.8019,181.15,0.0165,3.764146
943500,471750,3.7258174e-5,0.557578,1.7464,173.70,0.0161,3.600530
943600,471800,3.724952e-5,0.593646,1.8106,162.49,0.0167,3.783876
943700,471850,3.7240854e-5,0.588246,1.8008,174.90,0.0165,3.726021
943800,471900,3.72322e-5,0.605837,1.8328,159.47,0.0160,3.877433
943900,471950,3.7223537e-5,0.615084,1.8498,153.45,0.0157,3.883373
944000,472000,3.721488e-5,0.574937,1.7770,174.58,0.0147,3.722787
944100,472050,3.720622e-5,0.628811,1.8754,163.23,0.0183,3.963730
944200,472100,3.719757e-5,0.579424,1.7850,170.09,0.0153,3.699147
944300,472150,3.7188907e-5,0.589296,1.8027,150.62,0.0157,3.705919
944400,472200,3.7180256e-5,0.589762,1.8036,960.16,0.0964,3.762218
944500,472250,3.7171598e-5,0.584700,1.7945,161.62,0.0167,3.773436
944600,472300,3.716295e-5,0.559582,1.7499,171.94,0.0151,3.587142
944700,472350,3.7154292e-5,0.608042,1.8368,159.83,0.0157,3.839269
944800,472400,3.714564e-5,0.561697,1.7536,166.02,0.0153,3.609289
944900,472450,3.713699e-5,0.593954,1.8111,167.32,0.0154,3.773777
945000,472500,3.712834e-5,0.585933,1.7967,141.07,0.0159,3.717324
945100,472550,3.7119695e-5,0.594385,1.8119,158.36,0.0197,3.781546
945200,472600,3.7111047e-5,0.572648,1.7730,159.83,0.0155,3.658488
945300,472650,3.7102393e-5,0.578584,1.7835,153.31,0.0154,3.714392
945400,472700,3.7093752e-5,0.578784,1.7839,152.20,0.0157,3.684321
945500,472750,3.7085112e-5,0.614489,1.8487,190.23,0.0150,3.937006
945600,472800,3.707646e-5,0.580255,1.7865,145.61,0.0158,3.725326
945700,472850,3.7067817e-5,0.592777,1.8090,176.96,0.0152,3.799499
945800,472900,3.7059173e-5,0.590850,1.8055,141.06,0.0159,3.790084
945900,472950,3.7050537e-5,0.602304,1.8263,150.56,0.0157,3.830910
946000,473000,3.7041886e-5,0.571541,1.7710,154.52,0.0158,3.634659
946100,473050,3.703325e-5,0.599814,1.8218,180.62,0.0181,3.803496
946200,473100,3.70246e-5,0.580498,1.7869,145.82,0.0155,3.766511
946300,473150,3.7015965e-5,0.586243,1.7972,161.75,0.0151,3.776453
946400,473200,3.7007325e-5,0.621726,1.8621,167.09,0.0156,3.929448
946500,473250,3.699869e-5,0.568865,1.7663,144.06,0.0155,3.653698
946600,473300,3.6990044e-5,0.568794,1.7661,161.02,0.0152,3.644701
946700,473350,3.6981415e-5,0.580498,1.7869,170.51,0.0152,3.738769
946800,473400,3.697278e-5,0.579563,1.7853,164.76,0.0153,3.687724
946900,473450,3.6964142e-5,0.596676,1.8161,159.62,0.0156,3.763113
947000,473500,3.6955505e-5,0.580474,1.7869,184.14,0.0155,3.712061
947100,473550,3.6946876e-5,0.604615,1.8305,193.99,0.0177,3.831289
947200,473600,3.693824e-5,0.595386,1.8137,177.89,0.0159,3.811901
947300,473650,3.692961e-5,0.610023,1.8405,134.63,0.0162,3.869996
947400,473700,3.6920974e-5,0.570845,1.7698,159.53,0.0161,3.673035
947500,473750,3.691235e-5,0.581572,1.7888,157.59,0.0156,3.714866
947600,473800,3.6903715e-5,0.620858,1.8605,150.02,0.0158,3.990347
947700,473850,3.689509e-5,0.582986,1.7914,168.82,0.0162,3.691682
947800,473900,3.6886457e-5,0.582354,1.7902,181.25,0.0149,3.726464
947900,473950,3.6877835e-5,0.608404,1.8375,148.32,0.0161,3.843040
948000,474000,3.6869205e-5,0.581104,1.7880,162.70,0.0154,3.747367
948100,474050,3.686058e-5,0.599279,1.8208,175.38,0.0188,3.795532
948200,474100,3.685196e-5,0.565173,1.7598,154.36,0.0155,3.623160
948300,474150,3.6843332e-5,0.585052,1.7951,178.46,0.0150,3.751796
948400,474200,3.6834714e-5,0.586004,1.7968,169.96,0.0154,3.760523
948500,474250,3.6826088e-5,0.581751,1.7892,133.41,0.0162,3.699977
948600,474300,3.681747e-5,0.591328,1.8064,171.42,0.0158,3.775237
948700,474350,3.6808844e-5,0.589275,1.8027,159.02,0.0154,3.818766
948800,474400,3.6800226e-5,0.582554,1.7906,151.49,0.0157,3.707891
948900,474450,3.6791607e-5,0.571502,1.7709,143.70,0.0161,3.659549
949000,474500,3.6782993e-5,0.586243,1.7972,175.15,0.0154,3.733307
949100,474550,3.677437e-5,0.563460,1.7567,187.52,0.0179,3.593826
949200,474600,3.676576e-5,0.609737,1.8399,157.50,0.0155,3.880267
949300,474650,3.6757137e-5,0.593645,1.8106,161.39,0.0160,3.774128
949400,474700,3.6748526e-5,0.587713,1.7999,135.57,0.0162,3.752486
949500,474750,3.6739908e-5,0.576627,1.7800,168.07,0.0153,3.681183
949600,474800,3.6731297e-5,0.572069,1.7719,156.60,0.0159,3.671989
949700,474850,3.6722682e-5,0.588040,1.8005,149.27,0.0154,3.769675
949800,474900,3.6714075e-5,0.563676,1.7571,144.07,0.0155,3.611938
949900,474950,3.6705453e-5,0.612811,1.8456,159.97,0.0154,3.894481
950000,475000,3.6696845e-5,0.579212,1.7846,124.94,0.0161,3.691680
950100,475050,3.6688234e-5,0.595091,1.8132,187.64,0.0183,3.811560
950200,475100,3.667963e-5,0.587276,1.7991,136.28,0.0158,3.761604
950300,475150,3.6671023e-5,0.592189,1.8079,142.24,0.0157,3.790381
950400,475200,3.6662415e-5,0.604023,1.8295,201.37,0.0154,3.839418
950500,475250,3.6653808e-5,0.600200,1.8225,157.35,0.0157,3.783963
950600,475300,3.6645204e-5,0.564571,1.7587,133.68,0.0158,3.623363
950700,475350,3.6636593e-5,0.596914,1.8165,149.53,0.0162,3.841316
950800,475400,3.6627993e-5,0.577917,1.7823,151.17,0.0155,3.699999
950900,475450,3.6619396e-5,0.605385,1.8320,182.67,0.0158,3.860153
951000,475500,3.6610792e-5,0.564843,1.7592,142.13,0.0159,3.608126
951100,475550,3.6602192e-5,0.629377,1.8764,163.12,0.0195,3.986473
951200,475600,3.659359e-5,0.571589,1.7711,144.36,0.0161,3.659530
951300,475650,3.6584992e-5,0.587736,1.7999,147.43,0.0155,3.723616
951400,475700,3.6576384e-5,0.603750,1.8290,154.61,0.0159,3.835483
951500,475750,3.656779e-5,0.583340,1.7920,133.60,0.0158,3.743195
951600,475800,3.655919e-5,0.592182,1.8079,177.35,0.0160,3.787468
951700,475850,3.65506e-5,0.593660,1.8106,152.81,0.0158,3.763458
951800,475900,3.6542e-5,0.607117,1.8351,159.37,0.0160,3.839443
951900,475950,3.6533405e-5,0.592445,1.8084,139.10,0.0158,3.770024
952000,476000,3.6524805e-5,0.596978,1.8166,154.66,0.0160,3.848422
952100,476050,3.6516216e-5,0.623407,1.8653,203.76,0.0182,3.902098
952200,476100,3.6507623e-5,0.601168,1.8242,138.51,0.0160,3.808192
952300,476150,3.6499034e-5,0.581789,1.7892,140.86,0.0157,3.715126
952400,476200,3.649044e-5,0.578985,1.7842,159.30,0.0155,3.697047
952500,476250,3.6481855e-5,0.601729,1.8253,138.47,0.0159,3.849089
952600,476300,3.647326e-5,0.588050,1.8005,154.25,0.0155,3.763046
952700,476350,3.6464677e-5,0.611926,1.8440,151.71,0.0163,3.867476
952800,476400,3.6456084e-5,0.588452,1.8012,140.20,0.0159,3.744177
952900,476450,3.64475e-5,0.578567,1.7835,129.60,0.0165,3.749290
953000,476500,3.6438913e-5,0.601226,1.8244,164.20,0.0154,3.850388
953100,476550,3.6430327e-5,0.598863,1.8200,170.05,0.0197,3.810982
953200,476600,3.6421738e-5,0.595318,1.8136,171.00,0.0160,3.779974
953300,476650,3.6413163e-5,0.591139,1.8060,143.88,0.0156,3.764522
953400,476700,3.640458e-5,0.604480,1.8303,179.84,0.0159,3.823877
953500,476750,3.6395995e-5,0.585551,1.7960,155.83,0.0155,3.753421
953600,476800,3.6387417e-5,0.581835,1.7893,164.37,0.0154,3.734096
953700,476850,3.637883e-5,0.577330,1.7813,144.88,0.0157,3.716821
953800,476900,3.6370257e-5,0.585300,1.7955,168.20,0.0153,3.726244
953900,476950,3.636168e-5,0.597981,1.8184,151.21,0.0160,3.849848
954000,477000,3.63531e-5,0.585872,1.7966,157.64,0.0154,3.705020
954100,477050,3.634452e-5,0.605304,1.8318,162.82,0.0197,3.853958
954200,477100,3.6335943e-5,0.603673,1.8288,164.89,0.0155,3.843307
954300,477150,3.632737e-5,0.575008,1.7771,144.85,0.0160,3.659209
954400,477200,3.6318797e-5,0.559294,1.7494,187.79,0.0156,3.650654
954500,477250,3.6310215e-5,0.596372,1.8155,140.95,0.0157,3.818871
954600,477300,3.630165e-5,0.571457,1.7708,167.43,0.0152,3.704791
954700,477350,3.6293073e-5,0.582656,1.7908,150.71,0.0154,3.746018
954800,477400,3.6284506e-5,0.591037,1.8059,138.00,0.0159,3.763621
954900,477450,3.6275927e-5,0.597154,1.8169,147.01,0.0158,3.798957
955000,477500,3.6267364e-5,0.591691,1.8070,160.11,0.0162,3.765345
955100,477550,3.625879e-5,0.569121,1.7667,202.24,0.0174,3.686823
955200,477600,3.6250225e-5,0.561218,1.7528,156.91,0.0155,3.581259
955300,477650,3.6241654e-5,0.594130,1.8115,130.36,0.0162,3.790040
955400,477700,3.623309e-5,0.586560,1.7978,170.68,0.0151,3.751927
955500,477750,3.622452e-5,0.570918,1.7699,161.82,0.0154,3.635913
955600,477800,3.621596e-5,0.572169,1.7721,129.17,0.0158,3.682111
955700,477850,3.620739e-5,0.583313,1.7920,156.37,0.0159,3.734774
955800,477900,3.619883e-5,0.579116,1.7845,165.57,0.0155,3.711460
955900,477950,3.6190264e-5,0.611219,1.8427,175.17,0.0159,3.864861
956000,478000,3.6181707e-5,0.589080,1.8023,147.20,0.0158,3.750836
956100,478050,3.617315e-5,0.610017,1.8405,182.12,0.0183,3.821178
956200,478100,3.6164583e-5,0.579999,1.7860,185.21,0.0159,3.674120
956300,478150,3.615603e-5,0.586532,1.7977,147.70,0.0157,3.774609
956400,478200,3.6147467e-5,0.592058,1.8077,150.90,0.0156,3.772571
956500,478250,3.6138917e-5,0.591369,1.8065,124.53,0.0163,3.753959
956600,478300,3.613036e-5,0.589003,1.8022,157.43,0.0158,3.774221
956700,478350,3.61218e-5,0.607924,1.8366,180.56,0.0154,3.870005
956800,478400,3.611325e-5,0.600920,1.8238,140.08,0.0159,3.847550
956900,478450,3.610469e-5,0.581470,1.7887,167.24,0.0156,3.684064
957000,478500,3.6096142e-5,0.581531,1.7888,139.41,0.0158,3.724219
957100,478550,3.6087593e-5,0.579862,1.7858,162.52,0.0186,3.694070
957200,478600,3.6079036e-5,0.586409,1.7975,141.82,0.0157,3.775822
957300,478650,3.6070494e-5,0.584934,1.7949,144.47,0.0163,3.746224
957400,478700,3.6061938e-5,0.567969,1.7647,162.88,0.0153,3.652424
957500,478750,3.605339e-5,0.562754,1.7555,144.17,0.0156,3.597963
957600,478800,3.604484e-5,0.575965,1.7788,172.34,0.0157,3.689934
957700,478850,3.6036294e-5,0.594672,1.8124,157.19,0.0156,3.760454
957800,478900,3.602774e-5,0.616374,1.8522,146.45,0.0158,3.908232
957900,478950,3.60192e-5,0.587642,1.7997,158.22,0.0154,3.754266
958000,479000,3.601065e-5,0.592304,1.8082,143.05,0.0158,3.782430
958100,479050,3.600211e-5,0.586198,1.7971,180.87,0.0181,3.706259
958200,479100,3.5993562e-5,0.592781,1.8090,156.56,0.0159,3.756884
958300,479150,3.5985024e-5,0.569620,1.7676,204.99,0.0152,3.666610
958400,479200,3.5976474e-5,0.587627,1.7997,148.39,0.0157,3.725539
958500,479250,3.596794e-5,0.573998,1.7754,160.97,0.0157,3.670915
958600,479300,3.5959398e-5,0.580455,1.7869,149.98,0.0156,3.723685
958700,479350,3.5950863e-5,0.583337,1.7920,172.29,0.0163,3.718398
958800,479400,3.594233e-5,0.575005,1.7771,175.88,0.0152,3.686319
958900,479450,3.5933786e-5,0.539848,1.7157,153.27,0.0154,3.476250
959000,479500,3.592525e-5,0.591949,1.8075,147.20,0.0159,3.774167
959100,479550,3.591671e-5,0.588236,1.8008,184.46,0.0177,3.730135
959200,479600,3.5908182e-5,0.606338,1.8337,174.98,0.0164,3.853914
959300,479650,3.589964e-5,0.565490,1.7603,144.98,0.0157,3.615312
959400,479700,3.5891113e-5,0.583037,1.7915,160.52,0.0155,3.722242
959500,479750,3.5882575e-5,0.592156,1.8079,150.61,0.0157,3.779261
959600,479800,3.5874047e-5,0.624756,1.8678,181.99,0.0157,3.939748
959700,479850,3.5865512e-5,0.576949,1.7806,152.41,0.0155,3.672560
959800,479900,3.5856985e-5,0.586251,1.7972,133.67,0.0159,3.738560
959900,479950,3.584845e-5,0.599083,1.8204,138.54,0.0164,3.837991
960000,480000,3.583993e-5,0.584853,1.7947,170.86,0.0153,3.724206
960100,480050,3.5831406e-5,0.588482,1.8013,164.73,0.0189,3.726519
960200,480100,3.582287e-5,0.589100,1.8024,137.26,0.0161,3.758032
960300,480150,3.581435e-5,0.583863,1.7930,154.15,0.0154,3.761018
960400,480200,3.580583e-5,0.603692,1.8289,174.60,0.0154,3.866639
960500,480250,3.5797304e-5,0.603052,1.8277,173.67,0.0153,3.849741
960600,480300,3.5788784e-5,0.600195,1.8225,147.09,0.0162,3.800493
960700,480350,3.5780256e-5,0.594706,1.8125,177.22,0.0152,3.770848
960800,480400,3.5771736e-5,0.587293,1.7991,173.51,0.0162,3.767967
960900,480450,3.5763213e-5,0.582674,1.7908,170.76,0.0151,3.728890
961000,480500,3.5754696e-5,0.580905,1.7877,163.62,0.0153,3.711220
961100,480550,3.5746172e-5,0.582510,1.7905,196.30,0.0176,3.733477
961200,480600,3.573766e-5,0.583927,1.7931,166.36,0.0154,3.737181
961300,480650,3.5729146e-5,0.576497,1.7798,195.07,0.0148,3.718177
961400,480700,3.5720623e-5,0.585102,1.7952,171.90,0.0156,3.761693
961500,480750,3.571211e-5,0.586078,1.7969,157.53,0.0161,3.712810
961600,480800,3.5703593e-5,0.595839,1.8146,157.07,0.0160,3.800495
961700,480850,3.5695084e-5,0.579061,1.7844,153.57,0.0155,3.737255
961800,480900,3.5686564e-5,0.571039,1.7701,169.84,0.0150,3.638506
961900,480950,3.567806e-5,0.598874,1.8201,163.59,0.0153,3.814524
962000,481000,3.566954e-5,0.589623,1.8033,142.66,0.0157,3.791217
962100,481050,3.5661033e-5,0.598717,1.8198,175.22,0.0189,3.794632
962200,481100,3.565252e-5,0.564386,1.7584,154.59,0.0154,3.598164
962300,481150,3.5644014e-5,0.567803,1.7644,143.76,0.0157,3.642922
962400,481200,3.56355e-5,0.606058,1.8332,156.08,0.0162,3.827701
962500,481250,3.5627e-5,0.576731,1.7802,159.00,0.0153,3.709188
962600,481300,3.5618486e-5,0.572766,1.7732,190.98,0.0151,3.650398
962700,481350,3.5609984e-5,0.581125,1.7880,151.62,0.0155,3.716011
962800,481400,3.5601475e-5,0.579785,1.7857,156.13,0.0156,3.726731
962900,481450,3.559298e-5,0.605145,1.8315,169.71,0.0157,3.861886
963000,481500,3.558447e-5,0.573558,1.7746,130.13,0.0163,3.624305
963100,481550,3.5575973e-5,0.605730,1.8326,175.43,0.0190,3.841745
963200,481600,3.5567464e-5,0.593674,1.8106,144.86,0.0157,3.753017
963300,481650,3.555897e-5,0.598084,1.8186,175.22,0.0153,3.801280
963400,481700,3.5550467e-5,0.604319,1.8300,162.68,0.0155,3.835399
963500,481750,3.554197e-5,0.580117,1.7862,145.45,0.0156,3.718738
963600,481800,3.5533478e-5,0.568485,1.7656,161.38,0.0156,3.587801
963700,481850,3.5524972e-5,0.595197,1.8134,156.49,0.0154,3.820488
963800,481900,3.551648e-5,0.595321,1.8136,175.08,0.0156,3.812085
963900,481950,3.5507994e-5,0.578810,1.7839,143.10,0.0156,3.720701
964000,482000,3.549949e-5,0.584427,1.7940,146.31,0.0158,3.674767
964100,482050,3.5491008e-5,0.593111,1.8096,189.17,0.0179,3.788967
964200,482100,3.5482517e-5,0.573574,1.7746,156.74,0.0153,3.693422
964300,482150,3.547402e-5,0.591912,1.8074,147.41,0.0158,3.792517
964400,482200,3.546553e-5,0.574315,1.7759,161.37,0.0152,3.669258
964500,482250,3.5457037e-5,0.590190,1.8043,187.80,0.0155,3.766640
964600,482300,3.5448553e-5,0.569782,1.7679,142.36,0.0156,3.644508
964700,482350,3.544006e-5,0.603949,1.8293,138.13,0.0160,3.858647
964800,482400,3.5431574e-5,0.602192,1.8261,172.36,0.0153,3.820601
964900,482450,3.542308e-5,0.585680,1.7962,147.23,0.0158,3.766932
965000,482500,3.5414603e-5,0.597706,1.8179,166.35,0.0155,3.798044
965100,482550,3.5406112e-5,0.615829,1.8512,178.88,0.0182,3.886522
965200,482600,3.5397636e-5,0.578840,1.7840,158.69,0.0158,3.663171
965300,482650,3.5389145e-5,0.598877,1.8201,128.27,0.0161,3.811530
965400,482700,3.5380668e-5,0.588994,1.8022,150.67,0.0155,3.758692
965500,482750,3.5372177e-5,0.580212,1.7864,137.99,0.0157,3.734229
965600,482800,3.5363704e-5,0.575401,1.7778,182.50,0.0159,3.693334
965700,482850,3.5355217e-5,0.606539,1.8341,143.04,0.0157,3.855410
965800,482900,3.5346744e-5,0.546683,1.7275,176.78,0.0157,3.478582
965900,482950,3.533826e-5,0.583603,1.7925,157.48,0.0161,3.725061
966000,483000,3.5329787e-5,0.572914,1.7734,143.26,0.0156,3.645683
966100,483050,3.532131e-5,0.599810,1.8218,187.96,0.0178,3.822553
966200,483100,3.5312834e-5,0.599223,1.8207,169.61,0.0153,3.821417
966300,483150,3.5304358e-5,0.582971,1.7914,145.56,0.0159,3.708346
966400,483200,3.529589e-5,0.584987,1.7950,157.73,0.0155,3.764533
966500,483250,3.528741e-5,0.590231,1.8044,157.83,0.0153,3.766458
966600,483300,3.5278943e-5,0.592797,1.8090,181.76,0.0154,3.787925
966700,483350,3.5270474e-5,0.617374,1.8541,145.97,0.0158,3.887914
966800,483400,3.5261997e-5,0.597028,1.8167,132.35,0.0164,3.768559
966900,483450,3.5253535e-5,0.605111,1.8315,161.83,0.0152,3.865044
967000,483500,3.524506e-5,0.566979,1.7629,151.14,0.0159,3.610497
967100,483550,3.5236597e-5,0.590822,1.8055,181.89,0.0196,3.770220
967200,483600,3.5228124e-5,0.587618,1.7997,170.24,0.0156,3.722844
967300,483650,3.5219666e-5,0.592386,1.8083,151.83,0.0158,3.798942
967400,483700,3.5211204e-5,0.569887,1.7681,147.27,0.0156,3.652030
967500,483750,3.5202735e-5,0.594682,1.8125,166.42,0.0157,3.784128
967600,483800,3.5194273e-5,0.592823,1.8091,163.07,0.0152,3.785843
967700,483850,3.5185818e-5,0.555520,1.7428,152.42,0.0152,3.587018
967800,483900,3.517735e-5,0.586543,1.7978,158.08,0.0159,3.729046
967900,483950,3.5168894e-5,0.573932,1.7752,145.39,0.0157,3.701755
968000,484000,3.5160432e-5,0.584883,1.7948,138.84,0.0156,3.766965
968100,484050,3.5151977e-5,0.592063,1.8077,189.98,0.0175,3.768833
968200,484100,3.514351e-5,0.590526,1.8049,162.60,0.0157,3.743510
968300,484150,3.5135054e-5,0.596404,1.8156,179.22,0.0149,3.834558
968400,484200,3.5126595e-5,0.575995,1.7789,170.29,0.0159,3.698833
968500,484250,3.5118144e-5,0.588239,1.8008,190.27,0.0157,3.693258
968600,484300,3.5109682e-5,0.586354,1.7974,159.64,0.0162,3.756243
968700,484350,3.5101235e-5,0.610175,1.8408,159.94,0.0161,3.897776
968800,484400,3.509278e-5,0.570724,1.7695,158.90,0.0163,3.627708
968900,484450,3.508433e-5,0.599427,1.8211,138.53,0.0163,3.820168
969000,484500,3.507587e-5,0.597108,1.8169,148.68,0.0163,3.825841
969100,484550,3.5067427e-5,0.622782,1.8641,179.03,0.0190,3.925281
969200,484600,3.5058983e-5,0.586507,1.7977,147.32,0.0165,3.752086
969300,484650,3.505053e-5,0.590740,1.8053,176.43,0.0159,3.785661
969400,484700,3.5042085e-5,0.566440,1.7620,146.68,0.0165,3.629723
969500,484750,3.5033634e-5,0.597061,1.8168,162.78,0.0161,3.851164
969600,484800,3.5025194e-5,0.579251,1.7847,144.86,0.0163,3.751314
969700,484850,3.5016743e-5,0.597176,1.8170,144.01,0.0163,3.790013
969800,484900,3.5008303e-5,0.570639,1.7694,165.65,0.0162,3.675969
969900,484950,3.499985e-5,0.582638,1.7908,157.19,0.0163,3.697128
970000,485000,3.4991415e-5,0.576130,1.7791,155.17,0.0155,3.743371
970100,485050,3.498297e-5,0.577854,1.7822,197.92,0.0174,3.703429
970200,485100,3.497453e-5,0.607676,1.8362,174.88,0.0155,3.789968
970300,485150,3.4966088e-5,0.554318,1.7408,162.95,0.0152,3.548839
970400,485200,3.4957655e-5,0.579670,1.7854,178.08,0.0153,3.666483
970500,485250,3.494921e-5,0.584105,1.7934,176.38,0.0150,3.779296
970600,485300,3.494078e-5,0.597163,1.8170,172.69,0.0153,3.811084
970700,485350,3.4932345e-5,0.586859,1.7983,131.97,0.0162,3.745895
970800,485400,3.4923905e-5,0.608249,1.8372,153.65,0.0158,3.851505
970900,485450,3.4915472e-5,0.616319,1.8521,169.97,0.0154,3.908726
971000,485500,3.4907036e-5,0.590394,1.8047,144.42,0.0155,3.769058
971100,485550,3.4898607e-5,0.572794,1.7732,171.21,0.0181,3.669562
971200,485600,3.489018e-5,0.577386,1.7814,134.55,0.0158,3.705105
971300,485650,3.488174e-5,0.562494,1.7550,168.39,0.0154,3.577298
971400,485700,3.4873323e-5,0.592200,1.8080,165.98,0.0154,3.778063
971500,485750,3.4864883e-5,0.618330,1.8558,153.69,0.0157,3.902217
971600,485800,3.485646e-5,0.567608,1.7640,163.55,0.0155,3.627683
971700,485850,3.4848028e-5,0.593960,1.8111,163.87,0.0156,3.758137
971800,485900,3.4839606e-5,0.610236,1.8409,153.11,0.0154,3.935550
971900,485950,3.483118e-5,0.582285,1.7901,168.00,0.0153,3.737779
972000,486000,3.4822755e-5,0.594087,1.8114,151.41,0.0157,3.758753
972100,486050,3.4814333e-5,0.602936,1.8275,193.38,0.0178,3.803471
972200,486100,3.4805904e-5,0.601415,1.8247,169.59,0.0152,3.823567
972300,486150,3.479749e-5,0.579257,1.7847,146.96,0.0156,3.680827
972400,486200,3.478906e-5,0.582807,1.7911,174.25,0.0152,3.722996
972500,486250,3.478065e-5,0.560663,1.7518,153.79,0.0156,3.564016
972600,486300,3.4772223e-5,0.615219,1.8501,164.74,0.0156,3.861569
972700,486350,3.476381e-5,0.583610,1.7925,152.48,0.0157,3.760626
972800,486400,3.4755383e-5,0.572521,1.7727,180.66,0.0152,3.659494
972900,486450,3.4746972e-5,0.586674,1.7980,186.18,0.0159,3.761223
973000,486500,3.473855e-5,0.599068,1.8204,182.46,0.0154,3.845907
973100,486550,3.473014e-5,0.571967,1.7717,178.22,0.0187,3.637158
973200,486600,3.472172e-5,0.600955,1.8239,162.41,0.0160,3.792940
973300,486650,3.4713314e-5,0.556158,1.7440,137.40,0.0158,3.558431
973400,486700,3.470489e-5,0.587780,1.8000,146.94,0.0160,3.710821
973500,486750,3.4696488e-5,0.583204,1.7918,171.74,0.0160,3.741421
973600,486800,3.468807e-5,0.590351,1.8046,149.90,0.0154,3.774929
973700,486850,3.4679666e-5,0.576842,1.7804,154.84,0.0156,3.687619
973800,486900,3.4671255e-5,0.578014,1.7825,150.91,0.0155,3.722998
973900,486950,3.466285e-5,0.589087,1.8023,151.18,0.0154,3.788949
974000,487000,3.4654437e-5,0.556134,1.7439,159.86,0.0151,3.578504
974100,487050,3.4646037e-5,0.592762,1.8090,197.61,0.0175,3.729741
974200,487100,3.4637633e-5,0.605949,1.8330,143.69,0.0161,3.824013
974300,487150,3.4629225e-5,0.577237,1.7811,137.06,0.0160,3.681754
974400,487200,3.462083e-5,0.616910,1.8532,145.68,0.0160,3.921764
974500,487250,3.461243e-5,0.588420,1.8011,168.69,0.0152,3.755327
974600,487300,3.460402e-5,0.591856,1.8073,148.06,0.0156,3.803463
974700,487350,3.459563e-5,0.584821,1.7947,182.16,0.0151,3.740865
974800,487400,3.4587218e-5,0.588535,1.8013,131.94,0.0160,3.775127
974900,487450,3.4578825e-5,0.597755,1.8180,132.63,0.0158,3.788645
975000,487500,3.4570432e-5,0.595750,1.8144,142.04,0.0162,3.800262
975100,487550,3.456203e-5,0.600055,1.8222,169.85,0.0186,3.794299
975200,487600,3.455364e-5,0.557775,1.7468,165.86,0.0152,3.588345
975300,487650,3.454524e-5,0.573539,1.7745,146.68,0.0157,3.675138
975400,487700,3.4536846e-5,0.603162,1.8279,185.91,0.0151,3.821467
975500,487750,3.452845e-5,0.589038,1.8023,171.37,0.0158,3.716805
975600,487800,3.452006e-5,0.575863,1.7787,171.57,0.0152,3.681758
975700,487850,3.4511664e-5,0.562575,1.7552,162.35,0.0158,3.595053
975800,487900,3.4503275e-5,0.586063,1.7969,161.02,0.0153,3.746863
975900,487950,3.4494882e-5,0.576856,1.7804,147.55,0.0157,3.692491
976000,488000,3.4486497e-5,0.586081,1.7969,165.42,0.0156,3.782913
976100,488050,3.44781e-5,0.574153,1.7756,172.82,0.0182,3.677230
976200,488100,3.4469726e-5,0.597571,1.8177,150.11,0.0154,3.833274
976300,488150,3.446133e-5,0.613036,1.8460,142.00,0.0161,3.862452
976400,488200,3.4452947e-5,0.582514,1.7905,150.94,0.0158,3.707317
976500,488250,3.4444558e-5,0.573473,1.7744,165.59,0.0154,3.690080
976600,488300,3.443618e-5,0.588817,1.8019,149.87,0.0162,3.722288
976700,488350,3.4427794e-5,0.588316,1.8010,165.53,0.0161,3.701846
976800,488400,3.4419416e-5,0.572065,1.7719,151.78,0.0155,3.648998
976900,488450,3.441103e-5,0.591656,1.8070,152.60,0.0156,3.770821
977000,488500,3.4402652e-5,0.578734,1.7838,146.40,0.0155,3.729318
977100,488550,3.4394267e-5,0.632824,1.8829,255.87,0.0171,3.954716
977200,488600,3.4385892e-5,0.605899,1.8329,176.13,0.0160,3.821432
977300,488650,3.4377517e-5,0.590855,1.8055,172.21,0.0155,3.729322
977400,488700,3.4369143e-5,0.588890,1.8020,151.90,0.0158,3.723529
977500,488750,3.4360768e-5,0.575370,1.7778,158.23,0.0152,3.685464
977600,488800,3.4352386e-5,0.587733,1.7999,158.77,0.0158,3.780458
977700,488850,3.434402e-5,0.581139,1.7881,167.33,0.0155,3.688718
977800,488900,3.4335637e-5,0.587151,1.7989,157.92,0.0153,3.788334
977900,488950,3.4327273e-5,0.590442,1.8048,176.59,0.0155,3.703758
978000,489000,3.431891e-5,0.599181,1.8206,152.68,0.0156,3.775350
978100,489050,3.4310535e-5,0.565073,1.7596,175.52,0.0186,3.588214
978200,489100,3.4302167e-5,0.560132,1.7509,160.41,0.0155,3.623236
978300,489150,3.42938e-5,0.591572,1.8068,156.05,0.0158,3.771941
978400,489200,3.4285433e-5,0.553832,1.7399,181.97,0.0158,3.586019
978500,489250,3.427707e-5,0.583770,1.7928,160.44,0.0151,3.739055
978600,489300,3.4268698e-5,0.598373,1.8192,158.04,0.0159,3.823865
978700,489350,3.4260338e-5,0.582690,1.7908,163.77,0.0165,3.726413
978800,489400,3.425197e-5,0.593812,1.8109,158.84,0.0164,3.799700
978900,489450,3.424361e-5,0.597230,1.8171,225.91,0.0155,3.820832
979000,489500,3.4235243e-5,0.576584,1.7799,157.65,0.0158,3.706409
979100,489550,3.4226887e-5,0.585800,1.7964,182.55,0.0178,3.747263
979200,489600,3.4218523e-5,0.562849,1.7557,159.01,0.0157,3.645754
979300,489650,3.4210167e-5,0.561469,1.7532,142.38,0.0154,3.615110
979400,489700,3.4201803e-5,0.582387,1.7903,121.97,0.0163,3.740273
979500,489750,3.419345e-5,0.576319,1.7795,149.34,0.0158,3.652944
979600,489800,3.4185086e-5,0.586832,1.7983,155.01,0.0153,3.733960
979700,489850,3.4176737e-5,0.636430,1.8897,270.08,0.0153,4.027303
979800,489900,3.4168388e-5,0.594939,1.8129,135.46,0.0156,3.816723
979900,489950,3.416003e-5,0.571526,1.7710,144.11,0.0157,3.655817
980000,490000,3.415168e-5,0.593620,1.8105,146.48,0.0158,3.807693
980100,490050,3.4143322e-5,0.594337,1.8118,164.24,0.0185,3.761892
980200,490100,3.413498e-5,0.558642,1.7483,155.95,0.0153,3.580963
980300,490150,3.412662e-5,0.593070,1.8095,149.27,0.0162,3.776412
980400,490200,3.4118275e-5,0.559039,1.7490,128.54,0.0158,3.579832
980500,490250,3.4109922e-5,0.572009,1.7718,141.34,0.0156,3.653324
980600,490300,3.4101577e-5,0.565379,1.7601,180.12,0.0153,3.635681
980700,490350,3.4093227e-5,0.577658,1.7819,137.11,0.0157,3.715357
980800,490400,3.4084886e-5,0.544358,1.7235,173.16,0.0150,3.529905
980900,490450,3.407654e-5,0.559240,1.7493,129.91,0.0161,3.552988
981000,490500,3.40682e-5,0.606593,1.8342,163.71,0.0159,3.826249
981100,490550,3.405985e-5,0.569889,1.7681,170.56,0.0183,3.660367
981200,490600,3.405151e-5,0.595946,1.8147,151.12,0.0156,3.764382
981300,490650,3.4043165e-5,0.611235,1.8427,137.04,0.0160,3.913451
981400,490700,3.403483e-5,0.593134,1.8097,121.27,0.0168,3.755076
981500,490750,3.40265e-5,0.584088,1.7934,164.19,0.0164,3.712778
981600,490800,3.4018154e-5,0.563562,1.7569,156.54,0.0159,3.603134
981700,490850,3.400982e-5,0.587885,1.8002,162.57,0.0168,3.737920
981800,490900,3.400149e-5,0.610049,1.8405,152.78,0.0166,3.859393
981900,490950,3.399315e-5,0.568757,1.7661,158.57,0.0162,3.656200
982000,491000,3.398482e-5,0.587588,1.7996,157.96,0.0164,3.749211
982100,491050,3.397648e-5,0.573477,1.7744,217.49,0.0179,3.632050
982200,491100,3.396815e-5,0.576757,1.7803,165.51,0.0159,3.708912
982300,491150,3.3959812e-5,0.605836,1.8328,155.58,0.0166,3.828439
982400,491200,3.3951488e-5,0.582691,1.7909,161.78,0.0160,3.693137
982500,491250,3.3943164e-5,0.574401,1.7761,160.70,0.0164,3.651485
982600,491300,3.393483e-5,0.587703,1.7998,160.82,0.0163,3.753924
982700,491350,3.3926506e-5,0.584586,1.7942,167.21,0.0151,3.730246
982800,491400,3.3918175e-5,0.613566,1.8470,132.93,0.0164,3.937531
982900,491450,3.3909848e-5,0.587737,1.7999,164.62,0.0153,3.784808
983000,491500,3.390152e-5,0.615233,1.8501,160.73,0.0154,3.915542
983100,491550,3.38932e-5,0.598772,1.8199,180.16,0.0180,3.811635
983200,491600,3.3884873e-5,0.582406,1.7903,149.57,0.0156,3.757921
983300,491650,3.3876553e-5,0.596981,1.8166,144.12,0.0158,3.806165
983400,491700,3.386823e-5,0.578049,1.7826,154.18,0.0156,3.656553
983500,491750,3.3859913e-5,0.611415,1.8430,169.84,0.0160,3.858701
983600,491800,3.385159e-5,0.595575,1.8141,180.59,0.0154,3.810304
983700,491850,3.3843273e-5,0.585354,1.7956,145.95,0.0165,3.771063
983800,491900,3.383495e-5,0.600236,1.8225,183.03,0.0160,3.753619
983900,491950,3.3826636e-5,0.594178,1.8115,153.54,0.0159,3.807117
984000,492000,3.3818316e-5,0.579693,1.7855,176.10,0.0153,3.691118
984100,492050,3.3810007e-5,0.578812,1.7839,196.35,0.0178,3.752587
984200,492100,3.3801687e-5,0.579728,1.7856,139.36,0.0167,3.690072
984300,492150,3.3793378e-5,0.572597,1.7729,158.36,0.0162,3.672290
984400,492200,3.3785058e-5,0.556847,1.7452,174.99,0.0153,3.627512
984500,492250,3.3776752e-5,0.605111,1.8315,156.26,0.0162,3.880005
984600,492300,3.376844e-5,0.577236,1.7811,138.58,0.0161,3.669844
984700,492350,3.3760134e-5,0.585575,1.7960,143.68,0.0157,3.735178
984800,492400,3.375182e-5,0.583866,1.7930,150.32,0.0165,3.705153
984900,492450,3.3743516e-5,0.590640,1.8051,145.32,0.0158,3.802398
985000,492500,3.3735214e-5,0.582469,1.7905,133.33,0.0163,3.693124
985100,492550,3.37269e-5,0.569767,1.7679,197.24,0.0175,3.659707
985200,492600,3.3718603e-5,0.597551,1.8177,139.58,0.0162,3.834275
985300,492650,3.3710305e-5,0.606299,1.8336,205.54,0.0156,3.836415
985400,492700,3.3701996e-5,0.604766,1.8308,171.19,0.0164,3.812831
985500,492750,3.3693694e-5,0.597701,1.8179,150.93,0.0165,3.831006
985600,492800,3.3685403e-5,0.586167,1.7971,147.59,0.0164,3.732002
985700,492850,3.3677097e-5,0.589476,1.8030,166.56,0.0163,3.764252
985800,492900,3.36688e-5,0.560111,1.7509,176.77,0.0160,3.576088
985900,492950,3.36605e-5,0.589772,1.8036,159.30,0.0163,3.786682
986000,493000,3.3652206e-5,0.565747,1.7608,166.16,0.0162,3.610220
986100,493050,3.3643904e-5,0.597503,1.8176,180.29,0.0191,3.825189
986200,493100,3.3635613e-5,0.586426,1.7976,147.05,0.0159,3.726351
986300,493150,3.362731e-5,0.571727,1.7713,167.06,0.0154,3.650462
986400,493200,3.361902e-5,0.591598,1.8069,136.96,0.0161,3.757186
986500,493250,3.3610726e-5,0.593981,1.8112,173.16,0.0152,3.788957
986600,493300,3.360244e-5,0.571734,1.7713,150.32,0.0154,3.666228
986700,493350,3.3594144e-5,0.611653,1.8435,149.65,0.0158,3.887146
986800,493400,3.3585857e-5,0.590676,1.8052,165.76,0.0155,3.751432
986900,493450,3.3577562e-5,0.574107,1.7755,152.02,0.0152,3.695197
987000,493500,3.356928e-5,0.590600,1.8051,157.44,0.0156,3.750273
987100,493550,3.3560988e-5,0.585598,1.7961,172.83,0.0185,3.727165
987200,493600,3.3552707e-5,0.570203,1.7686,158.29,0.0156,3.666118
987300,493650,3.3544413e-5,0.587872,1.8002,153.01,0.0166,3.709494
987400,493700,3.353614e-5,0.584176,1.7935,179.03,0.0161,3.731441
987500,493750,3.352785e-5,0.590398,1.8047,160.42,0.0167,3.764432
987600,493800,3.351957e-5,0.560134,1.7509,167.38,0.0160,3.600975
987700,493850,3.3511293e-5,0.597007,1.8167,134.56,0.0171,3.806857
987800,493900,3.3503005e-5,0.563193,1.7563,160.91,0.0158,3.600468
987900,493950,3.3494733e-5,0.560177,1.7510,146.12,0.0157,3.559437
988000,494000,3.3486445e-5,0.591698,1.8071,144.79,0.0158,3.781477
988100,494050,3.3478173e-5,0.549163,1.7318,202.30,0.0176,3.564050
988200,494100,3.3469893e-5,0.581576,1.7889,151.45,0.0162,3.711534
988300,494150,3.3461623e-5,0.555193,1.7423,172.81,0.0156,3.585040
988400,494200,3.3453343e-5,0.593408,1.8101,181.28,0.0156,3.781542
988500,494250,3.3445074e-5,0.575362,1.7778,164.39,0.0155,3.699594
988600,494300,3.3436805e-5,0.565329,1.7600,164.78,0.0151,3.658078
988700,494350,3.342853e-5,0.572509,1.7727,149.51,0.0156,3.652563
988800,494400,3.3420263e-5,0.590693,1.8052,178.32,0.0153,3.740313
988900,494450,3.3411987e-5,0.586772,1.7982,186.66,0.0151,3.737183
989000,494500,3.340372e-5,0.555353,1.7426,165.87,0.0157,3.539502
989100,494550,3.339546e-5,0.560802,1.7521,200.50,0.0176,3.621437
989200,494600,3.3387183e-5,0.603089,1.8278,165.21,0.0161,3.843863
989300,494650,3.337892e-5,0.566092,1.7614,159.60,0.0161,3.621051
989400,494700,3.3370656e-5,0.603988,1.8294,191.51,0.0161,3.817226
989500,494750,3.3362394e-5,0.589364,1.8028,168.12,0.0160,3.729387
989600,494800,3.3354125e-5,0.556022,1.7437,147.77,0.0159,3.534933
989700,494850,3.3345867e-5,0.565864,1.7610,150.64,0.0158,3.654495
989800,494900,3.33376e-5,0.604837,1.8310,180.32,0.0156,3.857651
989900,494950,3.3329343e-5,0.564949,1.7594,180.98,0.0154,3.648999
990000,495000,3.3321077e-5,0.593270,1.8099,168.67,0.0158,3.784689
990100,495050,3.3312826e-5,0.597351,1.8173,211.45,0.0180,3.760545
990200,495100,3.330456e-5,0.576768,1.7803,141.69,0.0165,3.664735
990300,495150,3.329631e-5,0.579776,1.7856,148.22,0.0166,3.651463
990400,495200,3.328806e-5,0.567765,1.7643,157.14,0.0159,3.663345
990500,495250,3.32798e-5,0.599336,1.8209,202.70,0.0154,3.820391
990600,495300,3.327155e-5,0.593711,1.8107,154.69,0.0157,3.812201
990700,495350,3.326329e-5,0.582165,1.7899,158.34,0.0158,3.731509
990800,495400,3.3255044e-5,0.575389,1.7778,165.65,0.0159,3.678346
990900,495450,3.3246786e-5,0.610965,1.8422,151.92,0.0164,3.861061
991000,495500,3.323854e-5,0.579000,1.7843,161.28,0.0158,3.673836
991100,495550,3.3230288e-5,0.591253,1.8062,189.62,0.0182,3.769472
991200,495600,3.3222044e-5,0.607549,1.8359,170.43,0.0159,3.858674
991300,495650,3.3213793e-5,0.581695,1.7891,155.91,0.0162,3.756772
991400,495700,3.320555e-5,0.598896,1.8201,140.86,0.0163,3.829394
991500,495750,3.31973e-5,0.576984,1.7807,139.64,0.0154,3.685505
991600,495800,3.318906e-5,0.580000,1.7860,166.54,0.0155,3.715268
991700,495850,3.318081e-5,0.582373,1.7903,166.26,0.0153,3.741894
991800,495900,3.3172575e-5,0.584280,1.7937,156.92,0.0159,3.714757
991900,495950,3.3164328e-5,0.587504,1.7995,153.69,0.0162,3.707415
992000,496000,3.3156088e-5,0.578319,1.7830,182.03,0.0157,3.682756
992100,496050,3.3147855e-5,0.605398,1.8320,189.83,0.0188,3.887471
992200,496100,3.3139608e-5,0.591607,1.8069,155.28,0.0162,3.767512
992300,496150,3.313138e-5,0.560792,1.7521,142.20,0.0161,3.619898
992400,496200,3.312315e-5,0.573285,1.7741,157.41,0.0156,3.677388
992500,496250,3.3114906e-5,0.587842,1.8001,153.30,0.0160,3.744274
992600,496300,3.3106677e-5,0.532657,1.7035,172.15,0.0157,3.481790
992700,496350,3.309844e-5,0.579928,1.7859,159.17,0.0159,3.688841
992800,496400,3.309021e-5,0.584053,1.7933,148.45,0.0162,3.720181
992900,496450,3.3081968e-5,0.589198,1.8025,184.15,0.0157,3.757909
993000,496500,3.3073746e-5,0.557645,1.7466,146.07,0.0160,3.586843
993100,496550,3.306552e-5,0.596668,1.8161,182.15,0.0184,3.822978
993200,496600,3.3057288e-5,0.583763,1.7928,163.70,0.0159,3.760592
993300,496650,3.3049062e-5,0.591952,1.8075,142.96,0.0166,3.781177
993400,496700,3.304083e-5,0.566324,1.7618,156.66,0.0160,3.621842
993500,496750,3.3032607e-5,0.592798,1.8090,178.22,0.0160,3.759390
993600,496800,3.302438e-5,0.599134,1.8205,150.20,0.0165,3.775387
993700,496850,3.3016157e-5,0.598463,1.8193,160.34,0.0162,3.792022
993800,496900,3.3007927e-5,0.572621,1.7729,166.08,0.0160,3.632149
993900,496950,3.2999713e-5,0.582732,1.7909,155.59,0.0159,3.710565
994000,497000,3.2991484e-5,0.574197,1.7757,157.52,0.0161,3.689664
