step,batch,lr,loss,perplexity,ms_per_step,s_per_norm_seq,word_loss
100,12,8e-6,5.745784,312.8688,976.10,0.6322,29.878052
200,25,1.6666667e-5,4.861958,129.2770,60.53,0.0370,25.142723
300,37,2.4666666e-5,4.101035,60.4028,34.75,0.0224,21.172243
400,50,3.3333334e-5,3.490180,32.7918,35.71,0.0222,18.145807
500,62,4.1333333e-5,3.059638,21.3198,36.67,0.0238,15.916883
600,75,5e-5,2.683034,14.6294,58.77,0.0370,13.984684
700,87,5.7999998e-5,2.408463,11.1169,96.18,0.0588,12.493839
800,100,6.666667e-5,2.194946,8.9795,35.32,0.0221,11.502481
900,112,7.466666e-5,2.000566,7.3932,34.71,0.0215,10.339916
1000,125,8.333333e-5,1.889512,6.6161,34.56,0.0234,9.894179
1100,137,9.1333335e-5,1.775765,5.9048,41.46,0.0243,9.238536
1200,150,9.999986e-5,1.637136,5.1404,34.31,0.0221,8.430717
1300,162,9.999983e-5,1.539070,4.6603,34.77,0.0227,7.997212
1400,175,9.99998e-5,1.470916,4.3532,35.43,0.0228,7.606832
1500,187,9.999979e-5,1.407209,4.0845,73.81,0.0485,7.332775
1600,200,9.999974e-5,1.409283,4.0930,35.23,0.0231,7.416575
1700,212,9.9999714e-5,1.327266,3.7707,34.76,0.0213,6.892283
1800,225,9.9999685e-5,1.306629,3.6937,36.26,0.0209,6.809122
1900,237,9.999964e-5,1.261157,3.5295,34.73,0.0222,6.597157
2000,250,9.99996e-5,1.226400,3.4089,34.96,0.0218,6.391401
2100,262,9.999957e-5,1.216178,3.3743,41.53,0.0261,6.374422
2200,275,9.9999525e-5,1.185039,3.2708,35.63,0.0204,6.158014
2300,287,9.999948e-5,1.130594,3.0975,34.85,0.0233,5.881499
2400,300,9.999944e-5,1.143693,3.1383,35.44,0.0231,5.978016
2500,312,9.999939e-5,1.086866,2.9650,35.07,0.0211,5.623357
2600,325,9.9999335e-5,1.073139,2.9245,35.53,0.0224,5.578068
2700,337,9.999928e-5,1.089742,2.9735,35.20,0.0222,5.756479
2800,350,9.999923e-5,1.062760,2.8943,34.98,0.0219,5.513053
2900,362,9.9999175e-5,1.036645,2.8197,34.84,0.0225,5.398102
3000,375,9.999912e-5,0.994786,2.7041,34.58,0.0232,5.122606
3100,387,9.999906e-5,1.007706,2.7393,41.26,0.0269,5.257524
3200,400,9.9998986e-5,1.016320,2.7630,34.53,0.0225,5.317967
3300,412,9.999893e-5,0.993003,2.6993,34.99,0.0209,5.159073
3400,425,9.999887e-5,0.996664,2.7092,34.94,0.0222,5.176436
3500,437,9.99988e-5,0.963225,2.6201,34.39,0.0232,5.046777
3600,450,9.9998724e-5,0.963662,2.6213,34.81,0.0217,5.021687
3700,462,9.999865e-5,0.962351,2.6178,35.66,0.0203,4.968360
3800,475,9.999858e-5,0.930979,2.5370,34.95,0.0220,4.877954
3900,487,9.9998506e-5,0.946567,2.5768,35.26,0.0220,4.917306
4000,500,9.999842e-5,0.930938,2.5369,35.97,0.0214,4.837596
4100,512,9.9998346e-5,0.908333,2.4802,41.20,0.0257,4.712239
4200,525,9.999826e-5,0.919287,2.5075,35.49,0.0223,4.766333
4300,537,9.999817e-5,0.894195,2.4454,35.02,0.0223,4.649168
4400,550,9.99981e-5,0.915367,2.4977,35.80,0.0217,4.810639
4500,562,9.999801e-5,0.863222,2.3708,34.78,0.0232,4.482563
4600,575,9.999791e-5,0.896497,2.4510,36.64,0.0225,4.702934
4700,587,9.999782e-5,0.868872,2.3842,35.54,0.0219,4.501645
4800,600,9.999772e-5,0.873589,2.3955,35.86,0.0226,4.594386
4900,612,9.999763e-5,0.863310,2.3710,34.72,0.0220,4.528107
5000,625,9.999753e-5,0.868142,2.3825,34.12,0.0236,4.518576
5100,637,9.999744e-5,0.877127,2.4040,41.80,0.0262,4.601760
5200,650,9.999733e-5,0.898101,2.4549,35.73,0.0220,4.686291
5300,662,9.999724e-5,0.817914,2.2658,34.49,0.0236,4.231935
5400,675,9.999712e-5,0.872541,2.3930,36.36,0.0213,4.547636
5500,687,9.999702e-5,0.853764,2.3485,34.48,0.0229,4.478354
5600,700,9.9996905e-5,0.830648,2.2948,35.10,0.0229,4.337586
5700,712,9.99968e-5,0.848044,2.3351,35.65,0.0208,4.428156
5800,725,9.999669e-5,0.827150,2.2868,35.34,0.0224,4.343556
5900,737,9.999657e-5,0.822195,2.2755,34.66,0.0232,4.266990
6000,750,9.9996454e-5,0.810639,2.2493,35.48,0.0219,4.215826
6100,762,9.999634e-5,0.791294,2.2062,40.97,0.0268,4.110073
6200,775,9.999621e-5,0.815095,2.2594,35.10,0.0231,4.240108
6300,787,9.999609e-5,0.816539,2.2627,35.51,0.0221,4.284044
6400,800,9.999596e-5,0.777950,2.1770,35.17,0.0224,4.059876
6500,812,9.999584e-5,0.810961,2.2501,35.31,0.0218,4.242059
6600,825,9.99957e-5,0.810466,2.2490,36.74,0.0225,4.241410
6700,837,9.999558e-5,0.791786,2.2073,35.16,0.0217,4.110611
6800,850,9.9995435e-5,0.778878,2.1790,34.59,0.0230,4.068616
6900,862,9.9995304e-5,0.795575,2.2157,35.13,0.0229,4.181190
7000,875,9.999516e-5,0.813591,2.2560,35.84,0.0211,4.242844
7100,887,9.999503e-5,0.806191,2.2394,42.09,0.0266,4.230165
7200,900,9.999488e-5,0.796606,2.2180,35.38,0.0208,4.139236
7300,912,9.999474e-5,0.772307,2.1648,35.28,0.0226,4.041735
7400,925,9.999459e-5,0.770411,2.1607,34.79,0.0226,4.051794
7500,937,9.999446e-5,0.757829,2.1336,34.92,0.0225,3.921517
7600,950,9.99943e-5,0.763186,2.1451,35.88,0.0221,3.958200
7700,962,9.9994155e-5,0.767448,2.1543,35.96,0.0227,4.038714
7800,975,9.9993995e-5,0.754805,2.1272,36.07,0.0220,3.951300
7900,987,9.999385e-5,0.758718,2.1355,37.07,0.0211,3.934998
8000,1000,9.9993675e-5,0.738795,2.0934,36.04,0.0232,3.855544
8100,1012,9.999353e-5,0.748701,2.1143,57.91,0.0369,3.928206
8200,1025,9.999337e-5,0.758922,2.1360,35.88,0.0221,3.983247
8300,1037,9.999321e-5,0.737610,2.0909,35.55,0.0220,3.845064
8400,1050,9.9993034e-5,0.742057,2.1003,35.52,0.0220,3.869106
8500,1062,9.9992874e-5,0.729868,2.0748,35.91,0.0225,3.808075
8600,1075,9.99927e-5,0.736561,2.0887,36.26,0.0229,3.880693
8700,1087,9.999254e-5,0.722912,2.0604,35.43,0.0229,3.780873
8800,1100,9.9992365e-5,0.722168,2.0589,35.51,0.0214,3.757903
8900,1112,9.999219e-5,0.726038,2.0669,35.67,0.0219,3.765986
9000,1125,9.9992e-5,0.722677,2.0599,35.34,0.0225,3.783869
9100,1137,9.999184e-5,0.709170,2.0323,41.28,0.0260,3.686113
9200,1150,9.999165e-5,0.711208,2.0365,35.60,0.0216,3.699140
9300,1162,9.999148e-5,0.737907,2.0916,35.73,0.0219,3.858903
9400,1175,9.999127e-5,0.709768,2.0335,35.15,0.0223,3.695681
9500,1187,9.99911e-5,0.711144,2.0363,35.08,0.0227,3.714642
9600,1200,9.999091e-5,0.715750,2.0457,35.32,0.0237,3.736928
9700,1212,9.999072e-5,0.706145,2.0262,35.18,0.0233,3.673257
9800,1225,9.999052e-5,0.713885,2.0419,35.79,0.0227,3.754005
9900,1237,9.999033e-5,0.704215,2.0223,35.78,0.0218,3.697191
10000,1250,9.9990124e-5,0.710660,2.0353,37.31,0.0211,3.741303
10100,1262,9.9989935e-5,0.703466,2.0207,40.59,0.0270,3.655907
10200,1275,9.998973e-5,0.708112,2.0302,35.46,0.0221,3.685848
10300,1287,9.998954e-5,0.695877,2.0055,36.39,0.0229,3.643349
10400,1300,9.9989324e-5,0.693312,2.0003,35.52,0.0232,3.609313
10500,1312,9.9989134e-5,0.700803,2.0154,34.90,0.0225,3.651197
10600,1325,9.9988916e-5,0.695877,2.0055,35.56,0.0227,3.600338
10700,1337,9.998871e-5,0.670324,1.9549,35.42,0.0228,3.456753
10800,1350,9.9988494e-5,0.729489,2.0740,35.85,0.0233,3.809292
10900,1362,9.998829e-5,0.696114,2.0059,34.85,0.0235,3.649413
11000,1375,9.998806e-5,0.688125,1.9900,34.60,0.0230,3.598289
11100,1387,9.9987854e-5,0.663159,1.9409,41.43,0.0275,3.464195
11200,1400,9.998762e-5,0.685874,1.9855,35.75,0.0211,3.574087
11300,1412,9.99874e-5,0.661236,1.9372,35.10,0.0219,3.446745
11400,1425,9.998717e-5,0.665863,1.9462,35.33,0.0213,3.459090
11500,1437,9.998695e-5,0.671975,1.9581,34.85,0.0234,3.517596
11600,1450,9.998672e-5,0.693197,2.0001,35.72,0.0236,3.619931
11700,1462,9.99865e-5,0.655012,1.9252,36.30,0.0234,3.397479
11800,1475,9.998625e-5,0.663364,1.9413,34.86,0.0234,3.478663
11900,1487,9.9986035e-5,0.663325,1.9412,34.75,0.0229,3.458892
12000,1500,9.998579e-5,0.671787,1.9577,35.46,0.0225,3.509612
12100,1512,9.9985555e-5,0.636701,1.8902,40.76,0.0258,3.269585
12200,1525,9.998531e-5,0.645827,1.9076,36.39,0.0236,3.377206
12300,1537,9.9985074e-5,0.672159,1.9585,36.40,0.0221,3.509933
12400,1550,9.998483e-5,0.679261,1.9724,35.82,0.0235,3.578633
12500,1562,9.9984594e-5,0.674761,1.9636,35.15,0.0226,3.528066
12600,1575,9.998433e-5,0.631450,1.8803,34.97,0.0228,3.294415
12700,1587,9.9984085e-5,0.650458,1.9164,34.93,0.0226,3.391294
12800,1600,9.998384e-5,0.663154,1.9409,35.86,0.0225,3.456531
12900,1612,9.998359e-5,0.654199,1.9236,34.96,0.0227,3.413141
13000,1625,9.998333e-5,0.648936,1.9135,35.89,0.0230,3.381921
13100,1637,9.998308e-5,0.647711,1.9112,41.26,0.0260,3.336465
13200,1650,9.9982804e-5,0.646793,1.9094,35.27,0.0231,3.360452
13300,1662,9.998256e-5,0.662256,1.9392,35.85,0.0232,3.467606
13400,1675,9.998228e-5,0.661387,1.9375,35.46,0.0230,3.456484
13500,1687,9.998202e-5,0.633257,1.8837,35.30,0.0221,3.281553
13600,1700,9.998176e-5,0.641019,1.8984,34.87,0.0235,3.351126
13700,1712,9.9981495e-5,0.655514,1.9261,35.02,0.0218,3.392557
13800,1725,9.9981204e-5,0.656754,1.9285,35.09,0.0222,3.408673
13900,1737,9.998094e-5,0.656970,1.9289,36.18,0.0246,3.460689
14000,1750,9.998065e-5,0.667241,1.9489,36.58,0.0225,3.476892
14100,1762,9.998039e-5,0.633462,1.8841,42.55,0.0262,3.294736
14200,1775,9.99801e-5,0.656894,1.9288,35.44,0.0213,3.408427
14300,1787,9.9979836e-5,0.630026,1.8777,35.57,0.0214,3.271636
14400,1800,9.997953e-5,0.620015,1.8590,35.65,0.0222,3.246061
14500,1812,9.997927e-5,0.616567,1.8526,34.58,0.0241,3.234952
14600,1825,9.997896e-5,0.610943,1.8422,34.56,0.0226,3.140917
14700,1837,9.9978686e-5,0.630945,1.8794,35.44,0.0245,3.316493
14800,1850,9.997838e-5,0.623583,1.8656,34.88,0.0229,3.253502
14900,1862,9.9978104e-5,0.635367,1.8877,36.38,0.0216,3.310867
15000,1875,9.99778e-5,0.642229,1.9007,36.03,0.0220,3.343285
15100,1887,9.997751e-5,0.637792,1.8923,44.17,0.0295,3.352186
15200,1900,9.99772e-5,0.611568,1.8433,35.30,0.0230,3.160083
15300,1912,9.997691e-5,0.617654,1.8546,35.21,0.0219,3.189147
15400,1925,9.997659e-5,0.622125,1.8629,35.40,0.0219,3.249195
15500,1937,9.99763e-5,0.633736,1.8846,36.11,0.0221,3.308536
15600,1950,9.997598e-5,0.638555,1.8937,36.42,0.0217,3.347621
15700,1962,9.997569e-5,0.611030,1.8423,34.96,0.0237,3.185304
15800,1975,9.997537e-5,0.595816,1.8145,35.54,0.0221,3.091331
15900,1987,9.997506e-5,0.633549,1.8843,35.41,0.0217,3.310116
16000,2000,9.997473e-5,0.613127,1.8462,35.62,0.0226,3.209751
16100,2012,9.997444e-5,0.619324,1.8577,41.43,0.0271,3.249000
16200,2025,9.99741e-5,0.614613,1.8489,35.15,0.0225,3.188699
16300,2037,9.99738e-5,0.625248,1.8687,35.76,0.0220,3.245134
16400,2050,9.997346e-5,0.605639,1.8324,35.48,0.0229,3.145669
16500,2062,9.997314e-5,0.603483,1.8285,35.59,0.0226,3.140272
16600,2075,9.997281e-5,0.613456,1.8468,34.97,0.0226,3.192718
16700,2087,9.997249e-5,0.628480,1.8748,36.71,0.0220,3.301773
16800,2100,9.997215e-5,0.577442,1.7815,35.01,0.0237,2.997208
16900,2112,9.997183e-5,0.598335,1.8191,35.78,0.0233,3.110898
17000,2125,9.997148e-5,0.615040,1.8497,35.43,0.0215,3.206294
17100,2137,9.997116e-5,0.582636,1.7908,42.02,0.0283,3.013375
17200,2150,9.997081e-5,0.594911,1.8129,35.07,0.0228,3.097323
17300,2162,9.997048e-5,0.596092,1.8150,35.45,0.0224,3.093044
17400,2175,9.9970115e-5,0.611181,1.8426,35.45,0.0240,3.191721
17500,2187,9.9969795e-5,0.601088,1.8241,35.47,0.0231,3.135913
17600,2200,9.996943e-5,0.612876,1.8457,35.51,0.0225,3.201542
17700,2212,9.99691e-5,0.618095,1.8554,35.74,0.0229,3.242920
17800,2225,9.996873e-5,0.602125,1.8260,35.02,0.0225,3.132747
17900,2237,9.99684e-5,0.599337,1.8209,35.10,0.0241,3.138154
18000,2250,9.9968034e-5,0.603088,1.8278,36.36,0.0226,3.142260
18100,2262,9.9967685e-5,0.598981,1.8203,40.47,0.0272,3.107346
18200,2275,9.996731e-5,0.597764,1.8180,35.67,0.0213,3.111199
18300,2287,9.996697e-5,0.595124,1.8133,35.26,0.0229,3.103618
18400,2300,9.996659e-5,0.603948,1.8293,35.89,0.0225,3.145807
18500,2312,9.9966244e-5,0.573485,1.7744,35.12,0.0231,2.978683
18600,2325,9.9965866e-5,0.584699,1.7945,35.04,0.0222,3.061928
18700,2337,9.99655e-5,0.576106,1.7791,34.62,0.0224,2.993010
18800,2350,9.9965124e-5,0.576445,1.7797,35.36,0.0225,2.985526
18900,2362,9.9964775e-5,0.582071,1.7897,34.93,0.0241,3.030782
19000,2375,9.996438e-5,0.593003,1.8094,36.18,0.0212,3.086254
19100,2387,9.996402e-5,0.593252,1.8099,42.27,0.0262,3.098162
19200,2400,9.9963625e-5,0.579538,1.7852,35.74,0.0231,3.020746
19300,2412,9.996326e-5,0.582833,1.7911,34.52,0.0231,3.021594
19400,2425,9.9962854e-5,0.597222,1.8171,35.98,0.0220,3.099350
19500,2437,9.996249e-5,0.603013,1.8276,35.91,0.0230,3.179534
19600,2450,9.99621e-5,0.599976,1.8221,35.98,0.0220,3.147128
19700,2462,9.996172e-5,0.570740,1.7696,34.89,0.0228,2.958413
19800,2475,9.996131e-5,0.575593,1.7782,35.04,0.0232,3.002520
19900,2487,9.996093e-5,0.570118,1.7685,35.89,0.0230,2.990966
20000,2500,9.9960525e-5,0.570783,1.7697,35.30,0.0226,2.963260
20100,2512,9.996015e-5,0.566975,1.7629,41.49,0.0269,2.928539
20200,2525,9.995974e-5,0.573643,1.7747,35.10,0.0221,2.983357
20300,2537,9.995935e-5,0.561946,1.7541,35.13,0.0230,2.918062
20400,2550,9.9958925e-5,0.582463,1.7904,35.36,0.0228,3.052860
20500,2562,9.9958546e-5,0.573425,1.7743,35.80,0.0225,2.979571
20600,2575,9.9958124e-5,0.561936,1.7541,34.96,0.0223,2.931283
20700,2587,9.995773e-5,0.574656,1.7765,35.31,0.0223,2.996089
20800,2600,9.995731e-5,0.575266,1.7776,35.24,0.0232,3.008174
20900,2612,9.995692e-5,0.599253,1.8208,35.39,0.0220,3.128793
21000,2625,9.995648e-5,0.583788,1.7928,35.27,0.0221,3.062204
21100,2637,9.995609e-5,0.563047,1.7560,41.14,0.0281,2.939426
21200,2650,9.995565e-5,0.567881,1.7645,34.99,0.0223,2.946363
21300,2662,9.995526e-5,0.569656,1.7677,35.63,0.0226,2.980458
21400,2675,9.995481e-5,0.569773,1.7679,35.06,0.0214,2.967770
21500,2687,9.99544e-5,0.565202,1.7598,34.04,0.0228,2.934479
21600,2700,9.995396e-5,0.557428,1.7462,35.19,0.0229,2.897130
21700,2712,9.9953555e-5,0.579826,1.7857,37.04,0.0227,3.055285
21800,2725,9.9953104e-5,0.580335,1.7866,34.15,0.0234,3.028416
21900,2737,9.99527e-5,0.575885,1.7787,35.80,0.0230,2.996470
22000,2750,9.9952245e-5,0.556908,1.7453,35.49,0.0221,2.898436
22100,2762,9.995182e-5,0.579734,1.7856,64.46,0.0426,3.018470
22200,2775,9.995137e-5,0.562978,1.7559,58.95,0.0407,2.979511
22300,2787,9.995095e-5,0.560159,1.7510,58.81,0.0378,2.914926
22400,2800,9.9950485e-5,0.555559,1.7429,59.19,0.0409,2.895205
22500,2812,9.995006e-5,0.570797,1.7697,60.45,0.0374,2.967149
22600,2825,9.99496e-5,0.551504,1.7359,41.66,0.0275,2.879670
22700,2837,9.9949175e-5,0.568078,1.7649,36.13,0.0223,2.972528
22800,2850,9.994871e-5,0.553543,1.7394,35.93,0.0220,2.870898
22900,2862,9.994827e-5,0.561320,1.7530,35.43,0.0236,2.930324
23000,2875,9.994781e-5,0.547619,1.7291,34.67,0.0230,2.845086
23100,2887,9.994737e-5,0.559093,1.7491,41.65,0.0255,2.931316
23200,2900,9.994689e-5,0.564539,1.7586,35.32,0.0239,2.961093
23300,2912,9.9946454e-5,0.574562,1.7764,35.48,0.0228,3.002375
23400,2925,9.994597e-5,0.555979,1.7436,36.06,0.0228,2.891633
23500,2937,9.994552e-5,0.531601,1.7017,35.63,0.0219,2.755115
23600,2950,9.994504e-5,0.555025,1.7420,36.00,0.0228,2.898292
23700,2962,9.994459e-5,0.552630,1.7378,35.40,0.0221,2.900167
23800,2975,9.994411e-5,0.564229,1.7581,36.69,0.0220,2.949021
23900,2987,9.994366e-5,0.568906,1.7663,36.70,0.0223,2.978142
24000,3000,9.9943165e-5,0.566561,1.7622,36.21,0.0221,2.939109
24100,3012,9.9942714e-5,0.548516,1.7307,42.08,0.0278,2.849224
24200,3025,9.994222e-5,0.555650,1.7431,35.39,0.0227,2.891160
24300,3037,9.994175e-5,0.556183,1.7440,35.24,0.0233,2.889492
24400,3050,9.994126e-5,0.539883,1.7158,35.36,0.0225,2.793044
24500,3062,9.994079e-5,0.558557,1.7481,35.31,0.0229,2.937402
24600,3075,9.9940284e-5,0.547751,1.7294,35.86,0.0220,2.857339
24700,3087,9.993982e-5,0.557051,1.7455,35.55,0.0233,2.920660
24800,3100,9.993931e-5,0.548291,1.7303,34.68,0.0239,2.853925
24900,3112,9.993884e-5,0.559353,1.7495,35.65,0.0215,2.906262
25000,3125,9.9938334e-5,0.539170,1.7146,34.65,0.0234,2.815833
25100,3137,9.993785e-5,0.543238,1.7216,40.88,0.0268,2.824970
25200,3150,9.9937344e-5,0.540760,1.7173,35.19,0.0238,2.817397
25300,3162,9.9936864e-5,0.534528,1.7066,35.52,0.0241,2.778838
25400,3175,9.993634e-5,0.556552,1.7446,35.47,0.0225,2.912377
25500,3187,9.993586e-5,0.551656,1.7361,35.34,0.0230,2.879017
25600,3200,9.9935336e-5,0.542374,1.7201,35.41,0.0225,2.828212
25700,3212,9.9934856e-5,0.555690,1.7431,36.49,0.0224,2.913182
25800,3225,9.993432e-5,0.535964,1.7091,35.30,0.0218,2.788398
25900,3237,9.993384e-5,0.532912,1.7039,34.66,0.0225,2.746351
26000,3250,9.99333e-5,0.551458,1.7358,35.23,0.0215,2.886154
26100,3262,9.9932804e-5,0.531384,1.7013,41.62,0.0284,2.772289
26200,3275,9.9932266e-5,0.563017,1.7560,36.08,0.0224,2.927141
26300,3287,9.993177e-5,0.541159,1.7180,34.95,0.0234,2.838567
26400,3300,9.993123e-5,0.554132,1.7404,35.77,0.0214,2.887871
26500,3312,9.993074e-5,0.546590,1.7274,35.41,0.0219,2.851526
26600,3325,9.9930185e-5,0.538894,1.7141,35.08,0.0223,2.793652
26700,3337,9.992969e-5,0.556505,1.7446,35.93,0.0215,2.926502
26800,3350,9.992914e-5,0.538446,1.7133,34.49,0.0231,2.815665
26900,3362,9.992863e-5,0.537177,1.7112,34.63,0.0225,2.802801
27000,3375,9.9928075e-5,0.530686,1.7001,34.91,0.0228,2.778696
27100,3387,9.9927565e-5,0.540936,1.7176,42.31,0.0282,2.827481
27200,3400,9.9927e-5,0.551195,1.7353,36.17,0.0221,2.888804
27300,3412,9.992649e-5,0.535542,1.7084,35.57,0.0236,2.814874
27400,3425,9.992592e-5,0.547737,1.7293,35.59,0.0226,2.854831
27500,3437,9.99254e-5,0.518800,1.6800,35.07,0.0224,2.684529
27600,3450,9.9924844e-5,0.521723,1.6849,34.45,0.0238,2.717780
27700,3462,9.992432e-5,0.524623,1.6898,34.65,0.0223,2.716890
27800,3475,9.992375e-5,0.541031,1.7178,35.22,0.0236,2.823796
27900,3487,9.9923214e-5,0.515674,1.6748,35.57,0.0225,2.672573
28000,3500,9.992265e-5,0.521147,1.6840,35.66,0.0237,2.722602
28100,3512,9.992211e-5,0.536522,1.7100,41.84,0.0261,2.821623
28200,3525,9.992154e-5,0.548142,1.7300,35.61,0.0225,2.867932
28300,3537,9.9921e-5,0.526842,1.6936,35.59,0.0234,2.781119
28400,3550,9.992042e-5,0.527898,1.6954,35.44,0.0220,2.741847
28500,3562,9.991988e-5,0.535680,1.7086,35.70,0.0215,2.802753
28600,3575,9.99193e-5,0.524415,1.6895,35.67,0.0225,2.731060
28700,3587,9.991875e-5,0.527813,1.6952,35.31,0.0225,2.709403
28800,3600,9.9918165e-5,0.512533,1.6695,34.99,0.0221,2.665883
28900,3612,9.991761e-5,0.544594,1.7239,35.56,0.0223,2.856515
29000,3625,9.991703e-5,0.533258,1.7045,35.31,0.0229,2.774686
29100,3637,9.991648e-5,0.528380,1.6962,41.42,0.0261,2.779600
29200,3650,9.991588e-5,0.517139,1.6772,36.21,0.0227,2.702409
29300,3662,9.991531e-5,0.539414,1.7150,35.22,0.0229,2.819320
29400,3675,9.9914716e-5,0.531011,1.7007,35.78,0.0226,2.775481
29500,3687,9.991416e-5,0.507191,1.6606,34.93,0.0223,2.632538
29600,3700,9.991355e-5,0.521160,1.6840,35.44,0.0221,2.716328
29700,3712,9.9912984e-5,0.523463,1.6879,34.83,0.0227,2.726278
29800,3725,9.991239e-5,0.527528,1.6947,35.79,0.0227,2.730604
29900,3737,9.991182e-5,0.509631,1.6647,35.14,0.0236,2.638001
30000,3750,9.991121e-5,0.505615,1.6580,35.51,0.0237,2.621384
30100,3762,9.991064e-5,0.511257,1.6674,41.19,0.0264,2.641666
30200,3775,9.9910016e-5,0.526458,1.6929,35.51,0.0240,2.742926
30300,3787,9.990945e-5,0.515421,1.6743,35.40,0.0228,2.694452
30400,3800,9.990882e-5,0.505634,1.6580,34.92,0.0226,2.634482
30500,3812,9.9908255e-5,0.511836,1.6684,35.56,0.0233,2.664409
30600,3825,9.9907615e-5,0.549235,1.7319,37.24,0.0229,2.888529
30700,3837,9.990703e-5,0.528332,1.6961,35.79,0.0218,2.768764
30800,3850,9.990641e-5,0.497301,1.6443,35.00,0.0237,2.577405
30900,3862,9.9905825e-5,0.518149,1.6789,36.57,0.0200,2.699884
31000,3875,9.9905184e-5,0.519346,1.6809,34.90,0.0222,2.704205
31100,3887,9.99046e-5,0.511795,1.6683,44.64,0.0291,2.685223
31200,3900,9.990396e-5,0.519421,1.6811,35.40,0.0225,2.710918
31300,3912,9.9903365e-5,0.508693,1.6631,35.84,0.0240,2.643741
31400,3925,9.9902725e-5,0.504977,1.6569,35.44,0.0241,2.615808
31500,3937,9.990213e-5,0.511401,1.6676,35.92,0.0231,2.682277
31600,3950,9.990149e-5,0.502685,1.6532,35.43,0.0225,2.617665
31700,3962,9.990088e-5,0.497474,1.6446,34.87,0.0227,2.584421
31800,3975,9.990024e-5,0.527262,1.6943,35.66,0.0225,2.764128
31900,3987,9.9899626e-5,0.499105,1.6472,35.06,0.0243,2.613264
32000,4000,9.989897e-5,0.529818,1.6986,36.31,0.0221,2.747890
32100,4012,9.989836e-5,0.523879,1.6886,43.19,0.0276,2.729303
32200,4025,9.9897705e-5,0.510967,1.6669,35.44,0.0227,2.668828
32300,4037,9.989709e-5,0.500088,1.6489,36.25,0.0224,2.609020
32400,4050,9.989644e-5,0.501118,1.6506,36.18,0.0215,2.604136
32500,4062,9.989581e-5,0.509245,1.6640,35.01,0.0225,2.660635
32600,4075,9.9895144e-5,0.506133,1.6589,36.05,0.0217,2.639394
32700,4087,9.989453e-5,0.506013,1.6587,35.77,0.0217,2.638952
32800,4100,9.989386e-5,0.526159,1.6924,36.12,0.0225,2.743156
32900,4112,9.989324e-5,0.498077,1.6456,34.48,0.0234,2.587952
33000,4125,9.989257e-5,0.505657,1.6581,35.30,0.0233,2.630515
33100,4137,9.989194e-5,0.509300,1.6641,42.01,0.0284,2.659795
33200,4150,9.989126e-5,0.507698,1.6615,35.10,0.0221,2.639531
33300,4162,9.989063e-5,0.485894,1.6256,34.71,0.0226,2.532738
33400,4175,9.988995e-5,0.516753,1.6766,35.04,0.0229,2.719439
33500,4187,9.988931e-5,0.501735,1.6516,36.07,0.0218,2.610030
33600,4200,9.9888624e-5,0.493764,1.6385,34.95,0.0226,2.574144
33700,4212,9.9887984e-5,0.516464,1.6761,35.86,0.0222,2.709189
33800,4225,9.98873e-5,0.501242,1.6508,36.71,0.0221,2.603450
33900,4237,9.9886645e-5,0.485639,1.6252,34.86,0.0233,2.532769
34000,4250,9.988595e-5,0.527433,1.6946,35.76,0.0221,2.766017
34100,4262,9.988531e-5,0.498307,1.6459,41.51,0.0257,2.605855
34200,4275,9.988461e-5,0.489891,1.6321,35.87,0.0209,2.561115
34300,4287,9.988397e-5,0.517193,1.6773,35.46,0.0219,2.713296
34400,4300,9.9883255e-5,0.500172,1.6490,34.89,0.0232,2.592537
34500,4312,9.98826e-5,0.491540,1.6348,35.10,0.0225,2.557328
34600,4325,9.98819e-5,0.490251,1.6327,35.83,0.0231,2.557447
34700,4337,9.988125e-5,0.491600,1.6349,35.01,0.0235,2.547118
34800,4350,9.988053e-5,0.495349,1.6411,35.50,0.0235,2.581064
34900,4362,9.9879864e-5,0.498864,1.6468,35.40,0.0234,2.599492
35000,4375,9.987915e-5,0.502234,1.6524,35.72,0.0210,2.612720
35100,4387,9.987848e-5,0.506793,1.6600,41.62,0.0271,2.645886
35200,4400,9.987777e-5,0.496377,1.6428,35.10,0.0227,2.600208
35300,4412,9.98771e-5,0.504460,1.6561,35.20,0.0221,2.631773
35400,4425,9.987637e-5,0.517444,1.6777,34.79,0.0228,2.707389
35500,4437,9.98757e-5,0.503152,1.6539,36.03,0.0213,2.623373
35600,4450,9.9874975e-5,0.489572,1.6316,35.36,0.0228,2.556265
35700,4462,9.9874305e-5,0.483496,1.6217,35.31,0.0220,2.505363
35800,4475,9.987356e-5,0.499716,1.6483,35.54,0.0231,2.614989
35900,4487,9.987288e-5,0.504720,1.6565,35.40,0.0223,2.640301
36000,4500,9.987215e-5,0.496263,1.6426,34.95,0.0222,2.597487
36100,4512,9.987147e-5,0.501802,1.6517,41.15,0.0273,2.612259
36200,4525,9.9870726e-5,0.489845,1.6321,34.76,0.0237,2.562023
36300,4537,9.987004e-5,0.496167,1.6424,35.71,0.0214,2.595983
36400,4550,9.98693e-5,0.475018,1.6080,34.97,0.0242,2.484711
36500,4562,9.98686e-5,0.504334,1.6559,35.56,0.0220,2.655340
36600,4575,9.986786e-5,0.507600,1.6613,35.77,0.0221,2.667424
36700,4587,9.986716e-5,0.486568,1.6267,36.87,0.0224,2.506984
36800,4600,9.98664e-5,0.512264,1.6691,35.36,0.0226,2.686680
36900,4612,9.9865705e-5,0.485645,1.6252,35.28,0.0244,2.559672
37000,4625,9.986496e-5,0.489837,1.6320,35.30,0.0215,2.556432
37100,4637,9.986425e-5,0.495296,1.6410,41.25,0.0261,2.586522
37200,4650,9.986349e-5,0.494578,1.6398,36.25,0.0234,2.613928
37300,4662,9.986278e-5,0.497355,1.6444,35.59,0.0229,2.596938
37400,4675,9.986202e-5,0.476483,1.6104,35.21,0.0233,2.462629
37500,4687,9.986131e-5,0.495841,1.6419,35.65,0.0229,2.578106
37600,4700,9.986054e-5,0.496715,1.6433,35.21,0.0233,2.589774
37700,4712,9.9859826e-5,0.479477,1.6152,35.38,0.0231,2.493639
37800,4725,9.9859055e-5,0.492407,1.6362,35.53,0.0234,2.589720
37900,4737,9.985834e-5,0.498140,1.6457,35.45,0.0227,2.579083
38000,4750,9.9857556e-5,0.491419,1.6346,35.35,0.0232,2.575877
38100,4762,9.985683e-5,0.482563,1.6202,41.82,0.0281,2.524911
38200,4775,9.985606e-5,0.486286,1.6263,34.94,0.0235,2.523644
38300,4787,9.985533e-5,0.472096,1.6034,35.67,0.0227,2.475047
38400,4800,9.9854544e-5,0.486975,1.6274,35.86,0.0219,2.541007
38500,4812,9.9853816e-5,0.495951,1.6421,36.22,0.0234,2.616043
38600,4825,9.985303e-5,0.496736,1.6433,35.58,0.0227,2.601444
38700,4837,9.98523e-5,0.491296,1.6344,36.16,0.0208,2.553705
38800,4850,9.98515e-5,0.473509,1.6056,35.44,0.0217,2.463153
38900,4862,9.985076e-5,0.491015,1.6340,34.78,0.0229,2.545931
39000,4875,9.9849975e-5,0.487516,1.6283,36.10,0.0229,2.542431
39100,4887,9.984923e-5,0.498036,1.6455,43.41,0.0278,2.614899
39200,4900,9.984842e-5,0.476665,1.6107,34.91,0.0235,2.482963
39300,4912,9.984769e-5,0.478195,1.6132,35.13,0.0232,2.483864
39400,4925,9.9846875e-5,0.475237,1.6084,34.96,0.0227,2.486713
39500,4937,9.984613e-5,0.492501,1.6364,35.72,0.0245,2.550666
39600,4950,9.984532e-5,0.497490,1.6446,35.56,0.0227,2.600658
39700,4962,9.984456e-5,0.488944,1.6306,34.62,0.0229,2.557529
39800,4975,9.984376e-5,0.510862,1.6667,35.23,0.0219,2.679740
39900,4987,9.984299e-5,0.489769,1.6319,36.30,0.0226,2.573167
40000,5000,9.9842175e-5,0.497638,1.6448,35.92,0.0214,2.592494
40100,5012,9.984142e-5,0.475955,1.6096,41.54,0.0268,2.477491
40200,5025,9.98406e-5,0.488912,1.6305,35.22,0.0237,2.556028
40300,5037,9.983983e-5,0.487112,1.6276,35.31,0.0216,2.538599
40400,5050,9.9839e-5,0.485319,1.6247,34.97,0.0233,2.554175
40500,5062,9.9838246e-5,0.476015,1.6096,34.88,0.0201,2.477445
40600,5075,9.9837416e-5,0.496071,1.6423,35.91,0.0215,2.597003
40700,5087,9.9836645e-5,0.466340,1.5941,34.98,0.0234,2.413439
40800,5100,9.98358e-5,0.489258,1.6311,35.82,0.0216,2.574474
40900,5112,9.983503e-5,0.493158,1.6375,35.22,0.0229,2.570713
41000,5125,9.98342e-5,0.460891,1.5855,38.46,0.0257,2.405743
41100,5137,9.9833414e-5,0.486009,1.6258,45.18,0.0274,2.541465
41200,5150,9.983257e-5,0.467270,1.5956,34.22,0.0229,2.429620
41300,5162,9.98318e-5,0.472780,1.6044,35.47,0.0232,2.457034
41400,5175,9.983094e-5,0.491897,1.6354,35.90,0.0218,2.581004
41500,5187,9.983017e-5,0.502119,1.6522,35.09,0.0234,2.639250
41600,5200,9.982931e-5,0.462776,1.5885,35.26,0.0234,2.412414
41700,5212,9.9828525e-5,0.482785,1.6206,35.79,0.0233,2.531464
41800,5225,9.982767e-5,0.480175,1.6164,36.04,0.0218,2.497302
41900,5237,9.9826866e-5,0.481293,1.6182,35.39,0.0217,2.507396
42000,5250,9.982601e-5,0.475858,1.6094,35.28,0.0224,2.486743
42100,5262,9.982522e-5,0.489425,1.6314,42.80,0.0274,2.562882
42200,5275,9.982435e-5,0.484539,1.6234,35.42,0.0223,2.541792
42300,5287,9.982355e-5,0.493342,1.6378,36.14,0.0206,2.574396
42400,5300,9.982269e-5,0.449152,1.5670,35.65,0.0223,2.334928
42500,5312,9.9821875e-5,0.468046,1.5969,34.74,0.0237,2.447875
42600,5325,9.9821016e-5,0.456676,1.5788,35.30,0.0243,2.367958
42700,5337,9.98202e-5,0.470925,1.6015,35.01,0.0236,2.449908
42800,5350,9.981933e-5,0.483794,1.6222,34.99,0.0210,2.510954
42900,5362,9.981851e-5,0.459899,1.5839,34.94,0.0221,2.384156
43000,5375,9.9817626e-5,0.491300,1.6344,36.42,0.0207,2.574611
43100,5387,9.981681e-5,0.473562,1.6057,40.58,0.0258,2.477890
43200,5400,9.981594e-5,0.478142,1.6131,35.82,0.0222,2.511190
43300,5412,9.981512e-5,0.491351,1.6345,35.06,0.0221,2.564094
43400,5425,9.9814235e-5,0.470252,1.6004,35.81,0.0214,2.457141
43500,5437,9.9813406e-5,0.467761,1.5964,34.66,0.0241,2.440967
43600,5450,9.981252e-5,0.467585,1.5961,35.58,0.0222,2.417120
43700,5462,9.981169e-5,0.458962,1.5824,35.55,0.0220,2.376309
43800,5475,9.9810786e-5,0.468229,1.5972,34.71,0.0223,2.456257
43900,5487,9.980996e-5,0.454508,1.5754,35.93,0.0228,2.361443
44000,5500,9.9809055e-5,0.471159,1.6018,36.22,0.0240,2.473402
44100,5512,9.9808225e-5,0.474742,1.6076,41.86,0.0268,2.463814
44200,5525,9.980732e-5,0.466406,1.5943,35.44,0.0220,2.436803
44300,5537,9.980648e-5,0.460094,1.5842,34.94,0.0223,2.399170
44400,5550,9.980558e-5,0.463550,1.5897,34.79,0.0230,2.403750
44500,5562,9.980473e-5,0.455837,1.5775,34.91,0.0233,2.363303
44600,5575,9.980383e-5,0.463399,1.5895,35.86,0.0242,2.431365
44700,5587,9.980297e-5,0.456582,1.5787,34.68,0.0231,2.367507
44800,5600,9.9802055e-5,0.470432,1.6007,34.75,0.0221,2.465983
44900,5612,9.980121e-5,0.468870,1.5982,35.29,0.0219,2.431661
45000,5625,9.9800294e-5,0.479073,1.6146,36.11,0.0227,2.492574
45100,5637,9.9799436e-5,0.460283,1.5845,41.05,0.0260,2.410862
45200,5650,9.979852e-5,0.450103,1.5685,35.93,0.0237,2.331536
45300,5662,9.979766e-5,0.480585,1.6170,35.78,0.0233,2.503630
45400,5675,9.979673e-5,0.480024,1.6161,34.82,0.0223,2.503503
45500,5687,9.979587e-5,0.467570,1.5961,35.34,0.0223,2.436258
45600,5700,9.9794925e-5,0.459696,1.5836,34.92,0.0230,2.391625
45700,5712,9.9794066e-5,0.458646,1.5819,35.20,0.0219,2.391581
45800,5725,9.9793135e-5,0.463062,1.5889,35.24,0.0215,2.425261
45900,5737,9.979226e-5,0.464887,1.5918,35.36,0.0228,2.441628
46000,5750,9.979133e-5,0.465249,1.5924,35.89,0.0222,2.405653
46100,5762,9.979046e-5,0.469276,1.5988,41.57,0.0259,2.455229
46200,5775,9.97895e-5,0.470359,1.6006,35.17,0.0227,2.461524
46300,5787,9.978864e-5,0.460426,1.5847,34.78,0.0223,2.395457
46400,5800,9.978768e-5,0.469063,1.5985,35.63,0.0221,2.437279
46500,5812,9.9786805e-5,0.482132,1.6195,35.40,0.0226,2.519979
46600,5825,9.9785844e-5,0.459947,1.5840,34.94,0.0216,2.392558
46700,5837,9.978496e-5,0.479799,1.6157,36.56,0.0225,2.515047
46800,5850,9.978401e-5,0.474781,1.6077,37.05,0.0205,2.461047
46900,5862,9.978312e-5,0.470996,1.6016,35.99,0.0220,2.438308
47000,5875,9.978216e-5,0.460068,1.5842,34.80,0.0226,2.376814
47100,5887,9.978126e-5,0.470533,1.6008,40.61,0.0247,2.458476
47200,5900,9.97803e-5,0.438591,1.5505,34.46,0.0234,2.276170
47300,5912,9.977941e-5,0.473575,1.6057,34.88,0.0226,2.478213
47400,5925,9.977844e-5,0.456301,1.5782,34.72,0.0243,2.386268
47500,5937,9.9777535e-5,0.463947,1.5903,35.33,0.0228,2.424534
47600,5950,9.977656e-5,0.473212,1.6051,36.15,0.0227,2.467986
47700,5962,9.977566e-5,0.456795,1.5790,36.58,0.0231,2.368615
47800,5975,9.977468e-5,0.465438,1.5927,36.04,0.0233,2.434689
47900,5987,9.977378e-5,0.468534,1.5977,35.48,0.0243,2.459093
48000,6000,9.977279e-5,0.465125,1.5922,34.62,0.0230,2.422339
48100,6012,9.977189e-5,0.468476,1.5976,41.25,0.0251,2.422450
48200,6025,9.97709e-5,0.463172,1.5891,35.73,0.0230,2.405350
48300,6037,9.976998e-5,0.463742,1.5900,35.98,0.0238,2.430196
48400,6050,9.976899e-5,0.456268,1.5782,35.83,0.0213,2.371521
48500,6062,9.9768076e-5,0.447890,1.5650,35.07,0.0236,2.346753
48600,6075,9.976709e-5,0.455811,1.5775,35.89,0.0220,2.376656
48700,6087,9.976617e-5,0.462076,1.5874,36.03,0.0221,2.411851
48800,6100,9.9765166e-5,0.468212,1.5971,35.28,0.0222,2.437083
48900,6112,9.976425e-5,0.459968,1.5840,34.99,0.0234,2.410215
49000,6125,9.976323e-5,0.464516,1.5912,34.99,0.0231,2.433758
49100,6137,9.9762314e-5,0.461366,1.5862,42.72,0.0278,2.389355
49200,6150,9.976131e-5,0.458429,1.5816,35.51,0.0213,2.401128
49300,6162,9.976038e-5,0.450968,1.5698,34.90,0.0231,2.362942
49400,6175,9.975936e-5,0.467403,1.5958,36.40,0.0229,2.452408
49500,6187,9.975843e-5,0.441141,1.5545,34.22,0.0239,2.303594
49600,6200,9.975741e-5,0.458077,1.5810,36.19,0.0227,2.382375
49700,6212,9.975648e-5,0.466233,1.5940,36.02,0.0232,2.429734
49800,6225,9.975546e-5,0.466331,1.5941,35.63,0.0207,2.441814
49900,6237,9.9754514e-5,0.463022,1.5889,34.66,0.0233,2.432832
50000,6250,9.975348e-5,0.447453,1.5643,34.89,0.0238,2.338775
50100,6262,9.9752535e-5,0.463317,1.5893,40.97,0.0259,2.437282
50200,6275,9.9751516e-5,0.458237,1.5813,35.47,0.0226,2.391779
50300,6287,9.9750556e-5,0.454801,1.5759,35.46,0.0228,2.390121
50400,6300,9.974954e-5,0.461105,1.5858,35.51,0.0227,2.412792
50500,6312,9.974858e-5,0.447903,1.5650,35.18,0.0228,2.330847
50600,6325,9.974754e-5,0.468579,1.5977,34.57,0.0229,2.447913
50700,6337,9.974658e-5,0.459562,1.5834,34.75,0.0219,2.386199
50800,6350,9.974555e-5,0.472304,1.6037,36.10,0.0228,2.483550
50900,6362,9.9744575e-5,0.461031,1.5857,36.27,0.0229,2.404936
51000,6375,9.974354e-5,0.471025,1.6016,35.63,0.0220,2.463106
51100,6387,9.974257e-5,0.456350,1.5783,41.26,0.0259,2.360875
51200,6400,9.974152e-5,0.459148,1.5827,34.91,0.0234,2.407443
51300,6412,9.974056e-5,0.458643,1.5819,36.01,0.0219,2.377658
51400,6425,9.973951e-5,0.467393,1.5958,36.42,0.0230,2.450004
51500,6437,9.973852e-5,0.438672,1.5506,35.64,0.0228,2.288523
51600,6450,9.9737474e-5,0.459261,1.5829,35.92,0.0222,2.412385
51700,6462,9.97365e-5,0.443710,1.5585,35.09,0.0222,2.321061
51800,6475,9.973544e-5,0.442648,1.5568,36.01,0.0231,2.325419
51900,6487,9.973445e-5,0.444939,1.5604,34.92,0.0234,2.324623
52000,6500,9.9733385e-5,0.441360,1.5548,36.30,0.0233,2.304469
52100,6512,9.973241e-5,0.454844,1.5759,40.62,0.0256,2.362625
52200,6525,9.973135e-5,0.435817,1.5462,34.99,0.0226,2.252871
52300,6537,9.973036e-5,0.457958,1.5808,34.94,0.0214,2.378037
52400,6550,9.972928e-5,0.436402,1.5471,34.65,0.0233,2.282643
52500,6562,9.972828e-5,0.473946,1.6063,36.30,0.0223,2.484498
52600,6575,9.9727215e-5,0.453566,1.5739,35.06,0.0223,2.356237
52700,6587,9.972621e-5,0.459864,1.5839,36.38,0.0222,2.408756
52800,6600,9.972513e-5,0.439786,1.5524,35.42,0.0229,2.295648
52900,6612,9.972413e-5,0.437964,1.5495,35.66,0.0229,2.274639
53000,6625,9.972305e-5,0.469869,1.5998,36.84,0.0211,2.458598
53100,6637,9.972205e-5,0.461583,1.5866,41.69,0.0265,2.425794
53200,6650,9.972096e-5,0.444625,1.5599,35.41,0.0226,2.323941
53300,6662,9.971995e-5,0.453198,1.5733,35.19,0.0214,2.360848
53400,6675,9.971886e-5,0.443394,1.5580,35.64,0.0222,2.311017
53500,6687,9.971784e-5,0.452951,1.5729,36.53,0.0217,2.366163
53600,6700,9.971675e-5,0.446383,1.5626,35.81,0.0224,2.332831
53700,6712,9.971573e-5,0.458144,1.5811,35.89,0.0223,2.414038
53800,6725,9.971464e-5,0.451106,1.5700,35.42,0.0220,2.364722
53900,6737,9.971362e-5,0.439130,1.5514,34.89,0.0219,2.273120
54000,6750,9.971252e-5,0.434013,1.5434,35.55,0.0228,2.265172
54100,6762,9.97115e-5,0.457038,1.5794,41.61,0.0255,2.413981
54200,6775,9.971038e-5,0.466794,1.5949,35.82,0.0230,2.436342
54300,6787,9.970936e-5,0.452392,1.5721,35.08,0.0223,2.366833
54400,6800,9.970824e-5,0.447060,1.5637,34.78,0.0231,2.327025
54500,6812,9.9707206e-5,0.448506,1.5660,35.79,0.0227,2.343792
54600,6825,9.97061e-5,0.443891,1.5588,35.31,0.0224,2.323158
54700,6837,9.970507e-5,0.475024,1.6081,35.09,0.0227,2.506705
54800,6850,9.9703946e-5,0.444128,1.5591,34.88,0.0224,2.304818
54900,6862,9.97029e-5,0.467752,1.5964,35.40,0.0220,2.441929
55000,6875,9.970178e-5,0.454952,1.5761,35.30,0.0222,2.371981
55100,6887,9.970073e-5,0.432488,1.5411,40.44,0.0269,2.246019
55200,6900,9.969961e-5,0.427434,1.5333,34.86,0.0231,2.218910
55300,6912,9.969856e-5,0.445145,1.5607,35.00,0.0223,2.316317
55400,6925,9.969743e-5,0.440717,1.5538,35.11,0.0224,2.285311
55500,6937,9.969638e-5,0.462930,1.5887,35.07,0.0232,2.425552
55600,6950,9.9695244e-5,0.453107,1.5732,35.14,0.0227,2.360342
55700,6962,9.969418e-5,0.448016,1.5652,35.63,0.0216,2.316015
55800,6975,9.969305e-5,0.439281,1.5516,35.16,0.0229,2.295180
55900,6987,9.9691984e-5,0.433725,1.5430,35.44,0.0229,2.266775
56000,7000,9.969085e-5,0.442777,1.5570,35.88,0.0225,2.306573
56100,7012,9.968979e-5,0.420653,1.5230,41.07,0.0267,2.160610
56200,7025,9.968864e-5,0.442856,1.5571,36.04,0.0226,2.331755
56300,7037,9.9687575e-5,0.446415,1.5627,35.79,0.0219,2.337183
56400,7050,9.9686426e-5,0.437614,1.5490,35.82,0.0231,2.280790
56500,7062,9.968535e-5,0.426681,1.5322,35.51,0.0229,2.214930
56600,7075,9.96842e-5,0.442004,1.5558,35.08,0.0227,2.293561
56700,7087,9.968312e-5,0.436229,1.5469,35.04,0.0230,2.285122
56800,7100,9.968196e-5,0.450607,1.5693,35.31,0.0224,2.352448
56900,7112,9.968088e-5,0.430450,1.5379,34.83,0.0231,2.228115
57000,7125,9.967972e-5,0.451433,1.5706,36.11,0.0219,2.363546
57100,7137,9.967864e-5,0.432402,1.5410,42.02,0.0266,2.255012
57200,7150,9.9677476e-5,0.437657,1.5491,36.21,0.0228,2.279120
57300,7162,9.9676385e-5,0.443022,1.5574,34.99,0.0228,2.322996
57400,7175,9.9675206e-5,0.444798,1.5602,37.11,0.0237,2.327179
57500,7187,9.967413e-5,0.442786,1.5570,35.57,0.0218,2.302887
57600,7200,9.967295e-5,0.437681,1.5491,35.56,0.0226,2.285085
57700,7212,9.967186e-5,0.438641,1.5506,35.63,0.0225,2.281412
57800,7225,9.967068e-5,0.436698,1.5476,35.32,0.0224,2.277907
57900,7237,9.966959e-5,0.422164,1.5253,35.46,0.0242,2.188588
58000,7250,9.9668396e-5,0.441951,1.5557,35.64,0.0214,2.297170
58100,7262,9.9667304e-5,0.442780,1.5570,41.07,0.0248,2.312480
58200,7275,9.966611e-5,0.440791,1.5539,35.92,0.0234,2.287405
58300,7287,9.9665005e-5,0.462865,1.5886,36.04,0.0213,2.420929
58400,7300,9.966381e-5,0.432449,1.5410,34.91,0.0229,2.241467
58500,7312,9.9662706e-5,0.419997,1.5220,35.60,0.0238,2.188936
58600,7325,9.966151e-5,0.437369,1.5486,35.30,0.0232,2.273428
58700,7337,9.966041e-5,0.447346,1.5642,35.52,0.0231,2.333229
58800,7350,9.96592e-5,0.439463,1.5519,35.64,0.0221,2.288663
58900,7362,9.965808e-5,0.428569,1.5351,36.26,0.0224,2.229021
59000,7375,9.965687e-5,0.426000,1.5311,35.20,0.0224,2.217601
59100,7387,9.9655765e-5,0.442995,1.5574,39.76,0.0255,2.318466
59200,7400,9.965454e-5,0.436925,1.5479,35.51,0.0219,2.272062
59300,7412,9.965342e-5,0.447923,1.5651,36.69,0.0224,2.348172
59400,7425,9.9652214e-5,0.425288,1.5300,35.08,0.0222,2.196506
59500,7437,9.965109e-5,0.441147,1.5545,35.91,0.0225,2.304901
59600,7450,9.964987e-5,0.439898,1.5525,35.47,0.0227,2.303065
59700,7462,9.964875e-5,0.452176,1.5717,35.66,0.0226,2.367524
59800,7475,9.964753e-5,0.435898,1.5464,34.97,0.0221,2.268336
59900,7487,9.964639e-5,0.451979,1.5714,35.83,0.0228,2.366297
60000,7500,9.964517e-5,0.442563,1.5567,35.61,0.0229,2.314599
60100,7512,9.9644036e-5,0.440010,1.5527,40.06,0.0244,2.292468
60200,7525,9.96428e-5,0.427329,1.5332,34.97,0.0238,2.215951
60300,7537,9.9641664e-5,0.435116,1.5451,35.41,0.0226,2.266579
60400,7550,9.964043e-5,0.446379,1.5626,35.34,0.0227,2.329463
60500,7562,9.963928e-5,0.428537,1.5350,35.56,0.0227,2.237067
60600,7575,9.963804e-5,0.446525,1.5629,34.97,0.0228,2.335460
60700,7587,9.963689e-5,0.438258,1.5500,35.85,0.0220,2.290419
60800,7600,9.9635654e-5,0.445989,1.5620,35.33,0.0224,2.347754
60900,7612,9.9634504e-5,0.448887,1.5666,34.83,0.0223,2.363303
61000,7625,9.963325e-5,0.437100,1.5482,35.76,0.0215,2.271492
61100,7637,9.96321e-5,0.433266,1.5423,40.34,0.0270,2.276199
61200,7650,9.963084e-5,0.438929,1.5510,35.72,0.0227,2.289285
61300,7662,9.962969e-5,0.438874,1.5510,34.91,0.0236,2.304318
61400,7675,9.9628436e-5,0.422453,1.5257,35.15,0.0228,2.196064
61500,7687,9.962727e-5,0.428311,1.5347,34.95,0.0221,2.223611
61600,7700,9.962602e-5,0.422456,1.5257,35.06,0.0224,2.184235
61700,7712,9.962484e-5,0.424335,1.5286,35.22,0.0243,2.214839
61800,7725,9.9623576e-5,0.444044,1.5590,35.74,0.0223,2.329006
61900,7737,9.962241e-5,0.432157,1.5406,36.26,0.0222,2.250056
62000,7750,9.9621146e-5,0.456328,1.5783,35.98,0.0215,2.395413
62100,7762,9.961998e-5,0.452686,1.5725,44.74,0.0272,2.370546
62200,7775,9.96187e-5,0.417225,1.5177,34.85,0.0234,2.151739
62300,7787,9.961752e-5,0.448473,1.5659,35.97,0.0231,2.355682
62400,7800,9.9616256e-5,0.438469,1.5503,34.84,0.0216,2.292813
62500,7812,9.961508e-5,0.419899,1.5218,36.21,0.0227,2.206506
62600,7825,9.96138e-5,0.425306,1.5301,35.48,0.0219,2.209580
62700,7837,9.9612604e-5,0.445685,1.5616,36.15,0.0233,2.318824
62800,7850,9.961132e-5,0.423433,1.5272,35.04,0.0217,2.185225
62900,7862,9.961013e-5,0.435805,1.5462,34.69,0.0221,2.255053
63000,7875,9.960885e-5,0.436587,1.5474,35.44,0.0216,2.265271
63100,7887,9.9607656e-5,0.441000,1.5543,41.30,0.0263,2.301785
63200,7900,9.960636e-5,0.421470,1.5242,35.60,0.0225,2.218081
63300,7912,9.960517e-5,0.418063,1.5190,35.41,0.0234,2.163475
63400,7925,9.960387e-5,0.440238,1.5531,35.99,0.0211,2.285891
63500,7937,9.9602665e-5,0.420159,1.5222,35.75,0.0236,2.202943
63600,7950,9.960137e-5,0.420309,1.5224,34.73,0.0236,2.174970
63700,7962,9.9600176e-5,0.418338,1.5194,35.29,0.0225,2.163146
63800,7975,9.959887e-5,0.432482,1.5411,35.05,0.0228,2.248806
63900,7987,9.959766e-5,0.436176,1.5468,35.39,0.0223,2.273629
64000,8000,9.959635e-5,0.457578,1.5802,35.75,0.0233,2.418588
64100,8012,9.959514e-5,0.444815,1.5602,41.62,0.0261,2.334897
64200,8025,9.959382e-5,0.435554,1.5458,36.03,0.0201,2.274976
64300,8037,9.959261e-5,0.431690,1.5399,35.25,0.0212,2.251261
64400,8050,9.95913e-5,0.431558,1.5397,36.45,0.0225,2.255454
64500,8062,9.959008e-5,0.437913,1.5495,35.47,0.0225,2.280210
64600,8075,9.958875e-5,0.420313,1.5224,35.21,0.0233,2.193245
64700,8087,9.958753e-5,0.441251,1.5547,35.77,0.0206,2.296447
64800,8100,9.958621e-5,0.412320,1.5103,35.47,0.0223,2.137187
64900,8112,9.9584984e-5,0.420105,1.5221,34.73,0.0238,2.194083
65000,8125,9.958366e-5,0.443168,1.5576,35.42,0.0223,2.311249
65100,8137,9.958242e-5,0.433383,1.5425,41.96,0.0253,2.260030
65200,8150,9.95811e-5,0.443448,1.5581,34.65,0.0228,2.304076
65300,8162,9.957986e-5,0.415558,1.5152,36.09,0.0219,2.159837
65400,8175,9.957852e-5,0.445912,1.5619,35.18,0.0226,2.357475
65500,8187,9.9577286e-5,0.428851,1.5355,35.98,0.0222,2.227060
65600,8200,9.957595e-5,0.434779,1.5446,36.38,0.0210,2.260581
65700,8212,9.957471e-5,0.417519,1.5182,35.01,0.0229,2.197365
65800,8225,9.957336e-5,0.420179,1.5222,35.80,0.0231,2.183681
65900,8237,9.957212e-5,0.447869,1.5650,35.48,0.0227,2.340534
66000,8250,9.957077e-5,0.412409,1.5105,34.80,0.0217,2.154572
66100,8262,9.9569515e-5,0.421117,1.5237,40.37,0.0277,2.192707
66200,8275,9.956816e-5,0.421414,1.5241,35.45,0.0241,2.213747
66300,8287,9.956691e-5,0.416947,1.5173,35.74,0.0226,2.170247
66400,8300,9.956556e-5,0.433879,1.5432,34.95,0.0230,2.264856
66500,8312,9.9564306e-5,0.428722,1.5353,36.02,0.0224,2.250246
66600,8325,9.956294e-5,0.438294,1.5501,35.02,0.0246,2.303941
66700,8337,9.956169e-5,0.446479,1.5628,35.08,0.0226,2.350758
66800,8350,9.956032e-5,0.435827,1.5462,36.51,0.0204,2.275593
66900,8362,9.955905e-5,0.418837,1.5202,34.77,0.0227,2.171379
67000,8375,9.9557685e-5,0.422678,1.5260,34.92,0.0228,2.221801
67100,8387,9.955642e-5,0.422565,1.5259,41.89,0.0249,2.202918
67200,8400,9.955505e-5,0.424783,1.5293,36.23,0.0236,2.226036
67300,8412,9.955377e-5,0.430067,1.5374,35.98,0.0222,2.263541
67400,8425,9.955239e-5,0.442947,1.5573,36.10,0.0222,2.328548
67500,8437,9.955112e-5,0.439687,1.5522,35.52,0.0223,2.298588
67600,8450,9.954974e-5,0.457526,1.5802,36.06,0.0212,2.388208
67700,8462,9.954846e-5,0.454287,1.5750,35.99,0.0224,2.393953
67800,8475,9.954708e-5,0.430666,1.5383,35.83,0.0221,2.249544
67900,8487,9.9545796e-5,0.423850,1.5278,35.16,0.0220,2.199347
68000,8500,9.95444e-5,0.430575,1.5381,36.96,0.0223,2.256891
68100,8512,9.954312e-5,0.413568,1.5122,40.36,0.0262,2.152232
68200,8525,9.954172e-5,0.425767,1.5308,34.95,0.0218,2.222899
68300,8537,9.9540426e-5,0.427072,1.5328,35.04,0.0226,2.231435
68400,8550,9.9539044e-5,0.425783,1.5308,35.19,0.0229,2.222311
68500,8562,9.9537734e-5,0.435214,1.5453,35.15,0.0217,2.296787
68600,8575,9.953634e-5,0.414044,1.5129,34.18,0.0241,2.157307
68700,8587,9.953504e-5,0.411641,1.5093,34.85,0.0228,2.135053
68800,8600,9.9533645e-5,0.427158,1.5329,35.02,0.0227,2.224842
68900,8612,9.9532335e-5,0.423900,1.5279,34.25,0.0213,2.199862
69000,8625,9.9530924e-5,0.419597,1.5213,35.53,0.0235,2.198405
69100,8637,9.952963e-5,0.420175,1.5222,39.98,0.0254,2.184116
69200,8650,9.952822e-5,0.424045,1.5281,35.14,0.0224,2.209915
69300,8662,9.952691e-5,0.409444,1.5060,34.49,0.0221,2.137444
69400,8675,9.952548e-5,0.428301,1.5346,35.09,0.0221,2.235442
69500,8687,9.952417e-5,0.411691,1.5094,34.32,0.0238,2.160611
69600,8700,9.9522746e-5,0.430766,1.5384,35.21,0.0242,2.264384
69700,8712,9.9521436e-5,0.416467,1.5166,35.29,0.0236,2.173748
69800,8725,9.952001e-5,0.439811,1.5524,35.96,0.0240,2.328646
69900,8737,9.9518686e-5,0.425222,1.5299,35.34,0.0231,2.217888
70000,8750,9.951726e-5,0.416614,1.5168,35.71,0.0223,2.183730
70100,8762,9.9515935e-5,0.429612,1.5367,41.47,0.0255,2.230758
70200,8775,9.9514495e-5,0.424893,1.5294,35.70,0.0220,2.219944
70300,8787,9.951317e-5,0.410774,1.5080,34.83,0.0224,2.150388
70400,8800,9.951173e-5,0.429279,1.5361,34.86,0.0227,2.241277
70500,8812,9.9510406e-5,0.420470,1.5227,35.01,0.0230,2.191378
70600,8825,9.9508965e-5,0.427186,1.5329,34.96,0.0220,2.225060
70700,8837,9.9507626e-5,0.427827,1.5339,35.57,0.0229,2.245114
70800,8850,9.9506186e-5,0.420723,1.5231,34.73,0.0229,2.192331
70900,8862,9.950485e-5,0.429279,1.5361,36.27,0.0245,2.236811
71000,8875,9.950339e-5,0.414613,1.5138,35.64,0.0224,2.167902
71100,8887,9.950205e-5,0.455769,1.5774,40.79,0.0236,2.380624
71200,8900,9.95006e-5,0.416140,1.5161,35.03,0.0225,2.147989
71300,8912,9.9499244e-5,0.420745,1.5231,36.68,0.0227,2.182133
71400,8925,9.949779e-5,0.435785,1.5462,35.31,0.0238,2.290903
71500,8937,9.949645e-5,0.430906,1.5387,35.96,0.0223,2.271709
71600,8950,9.949498e-5,0.443093,1.5575,35.20,0.0219,2.333036
71700,8962,9.949363e-5,0.407267,1.5027,36.49,0.0220,2.113031
71800,8975,9.949216e-5,0.411623,1.5093,35.28,0.0228,2.144466
71900,8987,9.9490804e-5,0.421292,1.5239,35.08,0.0213,2.171872
72000,9000,9.9489334e-5,0.405616,1.5002,34.96,0.0228,2.114631
72100,9012,9.948797e-5,0.409924,1.5067,39.07,0.0247,2.122691
72200,9025,9.94865e-5,0.433082,1.5420,35.10,0.0213,2.261853
72300,9037,9.948513e-5,0.418422,1.5196,35.11,0.0231,2.192358
72400,9050,9.948366e-5,0.404229,1.4981,34.73,0.0235,2.106780
72500,9062,9.948228e-5,0.408267,1.5042,35.50,0.0240,2.127705
72600,9075,9.948081e-5,0.420050,1.5220,34.99,0.0231,2.187382
72700,9087,9.9479425e-5,0.425990,1.5311,35.76,0.0222,2.235033
72800,9100,9.947794e-5,0.431255,1.5392,35.06,0.0219,2.249618
72900,9112,9.947656e-5,0.423094,1.5267,35.29,0.0216,2.209635
73000,9125,9.947507e-5,0.429504,1.5365,35.55,0.0226,2.250155
73100,9137,9.947369e-5,0.443409,1.5580,41.29,0.0241,2.326891
73200,9150,9.947219e-5,0.406448,1.5015,35.54,0.0221,2.117560
73300,9162,9.9470824e-5,0.423708,1.5276,35.14,0.0233,2.216578
73400,9175,9.946931e-5,0.418107,1.5191,35.58,0.0231,2.185220
73500,9187,9.946793e-5,0.409622,1.5062,35.75,0.0225,2.139994
73600,9200,9.946643e-5,0.430045,1.5373,35.76,0.0221,2.257097
73700,9212,9.946503e-5,0.417785,1.5186,36.87,0.0223,2.187977
73800,9225,9.9463534e-5,0.420922,1.5234,35.72,0.0219,2.186463
73900,9237,9.946214e-5,0.445754,1.5617,35.37,0.0224,2.336786
74000,9250,9.946062e-5,0.407485,1.5030,34.81,0.0228,2.132205
74100,9262,9.945923e-5,0.403267,1.4967,41.29,0.0267,2.106428
74200,9275,9.945771e-5,0.408810,1.5050,35.43,0.0237,2.114590
74300,9287,9.94563e-5,0.391817,1.4797,35.73,0.0221,2.040007
74400,9300,9.945479e-5,0.404068,1.4979,35.25,0.0234,2.099384
74500,9312,9.945338e-5,0.406335,1.5013,35.87,0.0222,2.119083
74600,9325,9.945186e-5,0.421371,1.5241,35.37,0.0217,2.206441
74700,9337,9.945045e-5,0.412614,1.5108,35.73,0.0215,2.141014
74800,9350,9.9448924e-5,0.422774,1.5262,35.87,0.0222,2.201312
74900,9362,9.944751e-5,0.412386,1.5104,36.09,0.0221,2.146960
75000,9375,9.944597e-5,0.420608,1.5229,36.26,0.0205,2.190895
75100,9387,9.944456e-5,0.406630,1.5017,41.79,0.0267,2.096138
75200,9400,9.944303e-5,0.427573,1.5335,35.68,0.0213,2.238943
75300,9412,9.9441604e-5,0.402881,1.4961,36.33,0.0242,2.097376
75400,9425,9.944006e-5,0.402739,1.4959,35.42,0.0231,2.093527
75500,9437,9.9438636e-5,0.408089,1.5039,34.88,0.0239,2.132155
75600,9450,9.943709e-5,0.422667,1.5260,35.53,0.0220,2.219278
75700,9462,9.943567e-5,0.444573,1.5598,36.45,0.0219,2.331928
75800,9475,9.9434124e-5,0.429241,1.5361,35.55,0.0229,2.242082
75900,9487,9.9432684e-5,0.414956,1.5143,35.95,0.0228,2.183895
76000,9500,9.943114e-5,0.420681,1.5230,36.51,0.0215,2.203437
76100,9512,9.94297e-5,0.420490,1.5227,40.96,0.0244,2.178542
76200,9525,9.942814e-5,0.423608,1.5275,36.66,0.0221,2.205562
76300,9537,9.94267e-5,0.417690,1.5185,35.39,0.0214,2.183248
76400,9550,9.9425146e-5,0.404472,1.4985,34.65,0.0220,2.109418
76500,9562,9.9423705e-5,0.416972,1.5174,35.10,0.0225,2.193472
76600,9575,9.9422134e-5,0.409655,1.5063,35.48,0.0218,2.137537
76700,9587,9.942069e-5,0.402477,1.4955,35.00,0.0226,2.096797
76800,9600,9.941912e-5,0.409685,1.5063,35.29,0.0211,2.124847
76900,9612,9.9417666e-5,0.415313,1.5148,34.75,0.0222,2.170205
77000,9625,9.9416095e-5,0.415202,1.5147,34.61,0.0228,2.163362
77100,9637,9.941464e-5,0.399295,1.4908,40.44,0.0254,2.086024
77200,9650,9.941307e-5,0.425490,1.5303,35.82,0.0221,2.235693
77300,9662,9.941161e-5,0.421302,1.5239,34.52,0.0233,2.204250
77400,9675,9.941003e-5,0.426544,1.5320,35.40,0.0216,2.231886
77500,9687,9.940857e-5,0.413717,1.5124,35.71,0.0221,2.174622
77600,9700,9.9406985e-5,0.421980,1.5250,35.28,0.0218,2.205044
77700,9712,9.9405515e-5,0.430982,1.5388,35.97,0.0224,2.267609
77800,9725,9.940393e-5,0.423106,1.5267,35.67,0.0213,2.204392
77900,9737,9.940246e-5,0.389053,1.4756,34.45,0.0228,2.029583
78000,9750,9.940087e-5,0.401596,1.4942,35.56,0.0213,2.088947
78100,9762,9.939939e-5,0.413593,1.5122,40.03,0.0259,2.164198
78200,9775,9.93978e-5,0.403080,1.4964,34.79,0.0220,2.089970
78300,9787,9.939632e-5,0.415547,1.5152,34.98,0.0225,2.168412
78400,9800,9.939472e-5,0.410458,1.5075,34.08,0.0222,2.132383
78500,9812,9.939325e-5,0.407922,1.5037,34.99,0.0218,2.116476
78600,9825,9.939163e-5,0.408686,1.5048,34.83,0.0245,2.132981
78700,9837,9.939015e-5,0.404036,1.4979,34.52,0.0224,2.114785
78800,9850,9.938855e-5,0.410182,1.5071,35.70,0.0229,2.136858
78900,9862,9.938706e-5,0.398992,1.4903,34.85,0.0226,2.072527
79000,9875,9.938545e-5,0.418644,1.5199,36.38,0.0225,2.193111
79100,9887,9.938395e-5,0.423101,1.5267,41.27,0.0252,2.215729
79200,9900,9.9382334e-5,0.408773,1.5050,34.69,0.0226,2.128681
79300,9912,9.9380835e-5,0.409345,1.5058,34.51,0.0213,2.136322
79400,9925,9.937922e-5,0.411653,1.5093,35.53,0.0213,2.137704
79500,9937,9.937772e-5,0.406264,1.5012,35.06,0.0218,2.124446
79600,9950,9.937609e-5,0.410323,1.5073,35.59,0.0225,2.145184
79700,9962,9.937459e-5,0.402325,1.4953,35.61,0.0223,2.089271
79800,9975,9.937296e-5,0.414008,1.5129,35.37,0.0214,2.167293
79900,9987,9.9371464e-5,0.399423,1.4910,34.59,0.0219,2.075881
80000,10000,9.936982e-5,0.391368,1.4790,34.57,0.0223,2.037009
80100,10012,9.936832e-5,0.411179,1.5086,39.75,0.0253,2.159878
80200,10025,9.9366676e-5,0.398195,1.4891,35.06,0.0226,2.074289
80300,10037,9.936516e-5,0.415993,1.5159,35.81,0.0202,2.169251
80400,10050,9.936352e-5,0.417515,1.5182,34.80,0.0225,2.190224
80500,10062,9.9362005e-5,0.410676,1.5078,35.26,0.0217,2.132110
80600,10075,9.936036e-5,0.393064,1.4815,35.41,0.0218,2.025229
80700,10087,9.935883e-5,0.389159,1.4757,35.11,0.0219,2.012636
80800,10100,9.935719e-5,0.408969,1.5053,35.69,0.0214,2.141165
80900,10112,9.935566e-5,0.409829,1.5066,35.43,0.0230,2.148798
81000,10125,9.9354e-5,0.411533,1.5091,35.51,0.0231,2.156083
81100,10137,9.935247e-5,0.415098,1.5145,41.70,0.0264,2.178386
81200,10150,9.9350815e-5,0.401174,1.4936,36.13,0.0220,2.086184
81300,10162,9.934929e-5,0.415089,1.5145,35.15,0.0227,2.166620
81400,10175,9.934763e-5,0.417129,1.5176,35.20,0.0226,2.179909
81500,10187,9.9346085e-5,0.462285,1.5877,35.41,0.0224,2.502024
81600,10200,9.934443e-5,0.409510,1.5061,34.86,0.0229,2.148021
81700,10212,9.9342884e-5,0.426152,1.5314,38.90,0.0238,2.234845
81800,10225,9.9341225e-5,0.401446,1.4940,34.65,0.0226,2.088350
81900,10237,9.933967e-5,0.405889,1.5006,34.66,0.0228,2.118810
82000,10250,9.9337994e-5,0.413796,1.5125,34.66,0.0229,2.156038
82100,10262,9.933645e-5,0.412174,1.5101,40.42,0.0267,2.157873
82200,10275,9.9334764e-5,0.404607,1.4987,35.34,0.0226,2.107885
82300,10287,9.933322e-5,0.426236,1.5315,35.70,0.0223,2.223584
82400,10300,9.933155e-5,0.412437,1.5105,35.41,0.0216,2.158342
82500,10312,9.932999e-5,0.402637,1.4958,35.38,0.0222,2.095117
82600,10325,9.93283e-5,0.411776,1.5095,34.95,0.0218,2.136551
82700,10337,9.9326746e-5,0.413699,1.5124,35.68,0.0222,2.177878
82800,10350,9.932504e-5,0.399819,1.4916,35.40,0.0218,2.092836
82900,10362,9.9323486e-5,0.393631,1.4824,35.31,0.0218,2.027727
83000,10375,9.93218e-5,0.406001,1.5008,34.84,0.0233,2.117643
83100,10387,9.932023e-5,0.384626,1.4691,40.17,0.0265,1.995824
83200,10400,9.9318524e-5,0.408492,1.5045,35.05,0.0232,2.158635
83300,10412,9.931697e-5,0.420639,1.5229,34.86,0.0219,2.213793
83400,10425,9.931525e-5,0.404728,1.4989,35.20,0.0217,2.121463
83500,10437,9.931369e-5,0.384664,1.4691,34.87,0.0245,2.011855
83600,10450,9.9311976e-5,0.420960,1.5234,34.21,0.0224,2.216100
83700,10462,9.9310404e-5,0.407978,1.5038,35.19,0.0224,2.146630
83800,10475,9.930869e-5,0.385650,1.4706,34.71,0.0237,2.007744
83900,10487,9.9307115e-5,0.397792,1.4885,34.82,0.0233,2.071778
84000,10500,9.93054e-5,0.413246,1.5117,35.63,0.0223,2.155747
84100,10512,9.930381e-5,0.389460,1.4762,39.97,0.0265,2.035328
84200,10525,9.9302095e-5,0.402233,1.4952,35.07,0.0233,2.106788
84300,10537,9.930051e-5,0.412988,1.5113,34.67,0.0215,2.154608
84400,10550,9.929879e-5,0.397125,1.4875,34.22,0.0216,2.064959
84500,10562,9.929719e-5,0.401864,1.4946,35.07,0.0230,2.111771
84600,10575,9.929546e-5,0.401453,1.4940,35.51,0.0213,2.086735
84700,10587,9.929387e-5,0.406533,1.5016,34.75,0.0229,2.134010
84800,10600,9.929213e-5,0.412842,1.5111,34.40,0.0229,2.166565
84900,10612,9.929054e-5,0.401091,1.4935,34.78,0.0220,2.091528
85000,10625,9.928881e-5,0.390024,1.4770,34.31,0.0231,2.029719
85100,10637,9.9287194e-5,0.392259,1.4803,42.05,0.0274,2.060466
85200,10650,9.928546e-5,0.400862,1.4931,35.49,0.0229,2.101501
85300,10662,9.928385e-5,0.402362,1.4954,35.19,0.0216,2.101921
85400,10675,9.9282115e-5,0.400507,1.4926,35.27,0.0224,2.075675
85500,10687,9.92805e-5,0.414627,1.5138,35.03,0.0232,2.166528
85600,10700,9.927875e-5,0.400863,1.4931,35.08,0.0235,2.109541
85700,10712,9.927714e-5,0.398901,1.4902,35.55,0.0224,2.082441
85800,10725,9.927539e-5,0.401377,1.4939,35.72,0.0230,2.103852
85900,10737,9.927378e-5,0.424989,1.5296,35.82,0.0233,2.256474
86000,10750,9.9272016e-5,0.403601,1.4972,35.09,0.0231,2.102042
86100,10762,9.92704e-5,0.399623,1.4913,40.74,0.0259,2.081981
86200,10775,9.926864e-5,0.414850,1.5141,35.17,0.0231,2.160623
86300,10787,9.926701e-5,0.389224,1.4758,35.46,0.0230,2.035637
86400,10800,9.926525e-5,0.405234,1.4997,36.11,0.0212,2.108734
86500,10812,9.926362e-5,0.385503,1.4704,35.05,0.0220,2.002863
86600,10825,9.926186e-5,0.387994,1.4740,35.36,0.0221,2.015240
86700,10837,9.9260214e-5,0.390007,1.4770,34.77,0.0235,2.031316
86800,10850,9.925844e-5,0.392313,1.4804,35.10,0.0232,2.052728
86900,10862,9.925681e-5,0.405316,1.4998,35.04,0.0227,2.103919
87000,10875,9.9255034e-5,0.418532,1.5197,35.58,0.0225,2.199609
87100,10887,9.925339e-5,0.392969,1.4814,41.64,0.0242,2.030556
87200,10900,9.9251614e-5,0.389681,1.4765,36.07,0.0229,2.024357
87300,10912,9.924997e-5,0.407836,1.5036,36.02,0.0211,2.141528
87400,10925,9.9248195e-5,0.416871,1.5172,35.67,0.0217,2.187924
87500,10937,9.9246536e-5,0.403469,1.4970,35.93,0.0222,2.089673
87600,10950,9.924476e-5,0.391080,1.4786,35.62,0.0217,2.021804
87700,10962,9.92431e-5,0.400671,1.4928,35.11,0.0220,2.093495
87800,10975,9.924131e-5,0.422707,1.5261,35.53,0.0223,2.222211
87900,10987,9.923965e-5,0.400886,1.4931,35.55,0.0239,2.107937
88000,11000,9.923786e-5,0.389649,1.4765,35.05,0.0236,2.022574
88100,11012,9.9236204e-5,0.392115,1.4801,39.70,0.0271,2.047949
88200,11025,9.92344e-5,0.399470,1.4910,34.96,0.0217,2.071058
88300,11037,9.923274e-5,0.383386,1.4672,34.16,0.0224,2.005561
88400,11050,9.9230936e-5,0.411546,1.5091,35.81,0.0214,2.149154
88500,11062,9.922926e-5,0.405564,1.5001,35.38,0.0210,2.116752
88600,11075,9.922746e-5,0.405925,1.5007,35.39,0.0226,2.126137
88700,11087,9.92258e-5,0.417501,1.5182,36.47,0.0222,2.196156
88800,11100,9.922398e-5,0.386379,1.4716,35.12,0.0220,2.009665
88900,11112,9.922231e-5,0.401541,1.4941,36.03,0.0213,2.089326
89000,11125,9.922049e-5,0.394438,1.4835,34.74,0.0229,2.064612
89100,11137,9.9218814e-5,0.407319,1.5028,41.01,0.0263,2.131405
89200,11150,9.9216995e-5,0.395871,1.4857,35.93,0.0217,2.060824
89300,11162,9.921532e-5,0.393867,1.4827,35.49,0.0238,2.051275
89400,11175,9.921349e-5,0.386532,1.4719,34.66,0.0219,1.997002
89500,11187,9.92118e-5,0.413042,1.5114,35.34,0.0224,2.146408
89600,11200,9.920997e-5,0.393169,1.4817,35.63,0.0225,2.058192
89700,11212,9.920829e-5,0.387158,1.4728,34.68,0.0222,1.999404
89800,11225,9.920646e-5,0.400145,1.4920,35.55,0.0225,2.072915
89900,11237,9.920476e-5,0.411009,1.5083,35.56,0.0225,2.153515
90000,11250,9.920292e-5,0.386317,1.4716,34.50,0.0236,2.016836
90100,11262,9.9201236e-5,0.415256,1.5148,39.21,0.0245,2.148889
90200,11275,9.919939e-5,0.390974,1.4784,35.02,0.0225,2.047239
90300,11287,9.9197685e-5,0.390875,1.4783,35.41,0.0219,2.038045
90400,11300,9.919585e-5,0.407981,1.5038,35.36,0.0223,2.129794
90500,11312,9.919415e-5,0.404073,1.4979,34.52,0.0230,2.105216
90600,11325,9.91923e-5,0.394909,1.4842,35.76,0.0219,2.059794
90700,11337,9.919058e-5,0.373495,1.4528,35.03,0.0234,1.938551
90800,11350,9.9188735e-5,0.413607,1.5123,35.94,0.0214,2.160354
90900,11362,9.918702e-5,0.418980,1.5204,35.80,0.0224,2.220794
91000,11375,9.918517e-5,0.423914,1.5279,35.79,0.0217,2.231602
91100,11387,9.918345e-5,0.399176,1.4906,40.07,0.0272,2.086593
91200,11400,9.918159e-5,0.388304,1.4745,35.02,0.0231,2.033576
91300,11412,9.917987e-5,0.400751,1.4929,34.35,0.0232,2.088808
91400,11425,9.917801e-5,0.399571,1.4912,34.81,0.0216,2.086162
91500,11437,9.917629e-5,0.398986,1.4903,35.63,0.0216,2.071432
91600,11450,9.917442e-5,0.386293,1.4715,34.12,0.0227,2.006504
91700,11462,9.91727e-5,0.391062,1.4785,35.47,0.0224,2.051769
91800,11475,9.917082e-5,0.401240,1.4937,35.18,0.0233,2.124523
91900,11487,9.916909e-5,0.373472,1.4528,34.40,0.0231,1.939432
92000,11500,9.916721e-5,0.396586,1.4867,35.06,0.0231,2.070756
92100,11512,9.916548e-5,0.393298,1.4819,39.95,0.0256,2.051440
92200,11525,9.9163604e-5,0.396125,1.4861,35.36,0.0219,2.070422
92300,11537,9.916186e-5,0.380002,1.4623,33.97,0.0229,1.991312
92400,11550,9.915998e-5,0.388229,1.4744,34.53,0.0225,2.002363
92500,11562,9.915825e-5,0.403123,1.4965,34.83,0.0239,2.091425
92600,11575,9.915636e-5,0.396372,1.4864,35.63,0.0215,2.058503
92700,11587,9.915461e-5,0.386544,1.4719,35.32,0.0229,2.016033
92800,11600,9.915272e-5,0.378556,1.4602,35.19,0.0227,1.970212
92900,11612,9.915097e-5,0.409087,1.5054,34.91,0.0231,2.150657
93000,11625,9.914908e-5,0.405241,1.4997,34.27,0.0230,2.128706
93100,11637,9.914732e-5,0.402387,1.4954,39.27,0.0261,2.102380
93200,11650,9.914543e-5,0.409544,1.5061,35.99,0.0217,2.139235
93300,11662,9.914367e-5,0.396597,1.4868,36.11,0.0211,2.072226
93400,11675,9.914176e-5,0.403539,1.4971,35.72,0.0224,2.106108
93500,11687,9.914e-5,0.380797,1.4635,35.23,0.0217,1.978172
93600,11700,9.9138095e-5,0.395211,1.4847,35.43,0.0221,2.047726
93700,11712,9.9136334e-5,0.388213,1.4743,34.83,0.0233,2.014964
93800,11725,9.913441e-5,0.394438,1.4836,35.66,0.0216,2.056657
93900,11737,9.913265e-5,0.385199,1.4699,34.25,0.0232,2.015665
94000,11750,9.913073e-5,0.407487,1.5030,35.60,0.0224,2.133579
94100,11762,9.912897e-5,0.388666,1.4750,40.33,0.0255,2.019367
94200,11775,9.912705e-5,0.386058,1.4712,35.07,0.0236,2.027446
94300,11787,9.9125275e-5,0.391194,1.4787,35.44,0.0223,2.033905
94400,11800,9.9123354e-5,0.379046,1.4609,35.05,0.0217,1.968551
94500,11812,9.9121564e-5,0.404410,1.4984,35.49,0.0222,2.113593
94600,11825,9.911964e-5,0.383789,1.4678,35.51,0.0238,1.990727
94700,11837,9.911785e-5,0.366417,1.4426,34.49,0.0252,1.910157
94800,11850,9.911592e-5,0.403373,1.4969,35.78,0.0220,2.097048
94900,11862,9.911414e-5,0.399645,1.4913,35.43,0.0229,2.090441
95000,11875,9.911221e-5,0.397530,1.4881,35.19,0.0235,2.085444
95100,11887,9.911042e-5,0.402594,1.4957,39.84,0.0261,2.095419
95200,11900,9.910848e-5,0.402875,1.4961,35.30,0.0224,2.101789
95300,11912,9.910668e-5,0.397723,1.4884,35.02,0.0227,2.089564
95400,11925,9.910473e-5,0.393877,1.4827,35.23,0.0230,2.066386
95500,11937,9.910294e-5,0.400733,1.4929,35.74,0.0220,2.099931
95600,11950,9.910099e-5,0.421221,1.5238,35.77,0.0226,2.211004
95700,11962,9.90992e-5,0.376184,1.4567,35.85,0.0230,1.961306
95800,11975,9.909723e-5,0.383621,1.4676,34.43,0.0235,2.010860
95900,11987,9.909543e-5,0.392313,1.4804,34.75,0.0231,2.058219
96000,12000,9.909348e-5,0.396192,1.4862,34.55,0.0218,2.073340
96100,12012,9.9091674e-5,0.391383,1.4790,39.07,0.0263,2.033942
96200,12025,9.908971e-5,0.394474,1.4836,35.60,0.0224,2.079419
96300,12037,9.9087905e-5,0.383126,1.4669,34.48,0.0225,1.986530
96400,12050,9.908594e-5,0.402554,1.4956,34.50,0.0233,2.115994
96500,12062,9.908412e-5,0.378626,1.4603,34.52,0.0224,1.977393
96600,12075,9.908214e-5,0.386395,1.4717,35.14,0.0219,2.005126
96700,12087,9.9080324e-5,0.390290,1.4774,35.28,0.0221,2.043256
96800,12100,9.907836e-5,0.410138,1.5070,36.11,0.0201,2.130328
96900,12112,9.907654e-5,0.388775,1.4752,35.04,0.0215,2.020900
97000,12125,9.907456e-5,0.408218,1.5041,34.73,0.0226,2.125258
97100,12137,9.907273e-5,0.378090,1.4595,41.45,0.0274,1.956079
97200,12150,9.907075e-5,0.405497,1.5000,35.00,0.0210,2.114118
97300,12162,9.9068915e-5,0.400077,1.4919,35.22,0.0208,2.083880
97400,12175,9.9066936e-5,0.433689,1.5429,36.53,0.0215,2.275249
97500,12187,9.90651e-5,0.372048,1.4507,35.08,0.0226,1.924762
97600,12200,9.906312e-5,0.386009,1.4711,34.93,0.0237,2.037890
97700,12212,9.9061275e-5,0.375504,1.4557,33.89,0.0228,1.952204
97800,12225,9.905928e-5,0.391913,1.4798,34.68,0.0213,2.045041
97900,12237,9.905743e-5,0.401714,1.4944,35.35,0.0216,2.101043
98000,12250,9.905544e-5,0.372508,1.4514,34.56,0.0224,1.935266
98100,12262,9.905361e-5,0.371017,1.4492,40.61,0.0269,1.931340
98200,12275,9.90516e-5,0.394594,1.4838,35.98,0.0211,2.061783
98300,12287,9.904975e-5,0.378853,1.4606,34.81,0.0229,1.975745
98400,12300,9.904774e-5,0.390733,1.4781,35.77,0.0221,2.029758
98500,12312,9.9045894e-5,0.390854,1.4782,34.91,0.0232,2.030300
98600,12325,9.9043886e-5,0.373107,1.4522,34.94,0.0239,1.943580
98700,12337,9.904204e-5,0.394146,1.4831,35.61,0.0219,2.040448
98800,12350,9.9040015e-5,0.413820,1.5126,35.20,0.0211,2.179800
98900,12362,9.903817e-5,0.386039,1.4711,34.72,0.0211,2.024860
99000,12375,9.9036144e-5,0.406935,1.5022,35.22,0.0222,2.124259
99100,12387,9.903428e-5,0.380614,1.4632,42.73,0.0247,1.971605
99200,12400,9.903226e-5,0.385994,1.4711,35.71,0.0233,2.037966
99300,12412,9.9030396e-5,0.387137,1.4728,35.27,0.0232,2.030528
99400,12425,9.902836e-5,0.404529,1.4986,36.59,0.0216,2.131262
99500,12437,9.9026496e-5,0.387401,1.4731,34.90,0.0226,2.019706
99600,12450,9.902446e-5,0.387839,1.4738,35.28,0.0236,2.021223
99700,12462,9.9022596e-5,0.369061,1.4464,35.16,0.0227,1.916140
99800,12475,9.902056e-5,0.389447,1.4762,35.64,0.0225,2.026536
99900,12487,9.901868e-5,0.380503,1.4630,35.56,0.0233,1.992184
100000,12500,9.9016645e-5,0.393651,1.4824,35.14,0.0227,2.067041
100100,12512,9.901477e-5,0.374937,1.4549,40.03,0.0268,1.957134
100200,12525,9.901273e-5,0.370175,1.4480,34.63,0.0230,1.931411
100300,12537,9.901084e-5,0.386066,1.4712,34.89,0.0228,2.006174
100400,12550,9.900879e-5,0.403717,1.4974,35.58,0.0225,2.132703
100500,12562,9.9006895e-5,0.384970,1.4696,34.54,0.0240,2.018586
100600,12575,9.900484e-5,0.397706,1.4884,35.14,0.0223,2.095799
100700,12587,9.9002966e-5,0.386466,1.4718,35.41,0.0217,2.004550
100800,12600,9.90009e-5,0.385249,1.4700,35.53,0.0225,2.028460
100900,12612,9.899901e-5,0.370168,1.4480,35.45,0.0235,1.931763
101000,12625,9.8996956e-5,0.394359,1.4834,35.39,0.0242,2.069917
101100,12637,9.899505e-5,0.405190,1.4996,40.87,0.0252,2.134825
101200,12650,9.8993e-5,0.395937,1.4858,35.02,0.0213,2.060008
101300,12662,9.899108e-5,0.390059,1.4771,35.82,0.0234,2.045703
101400,12675,9.8989025e-5,0.393315,1.4819,35.85,0.0222,2.039871
101500,12687,9.898712e-5,0.400802,1.4930,35.66,0.0221,2.106712
101600,12700,9.898504e-5,0.390098,1.4771,35.48,0.0225,2.022970
101700,12712,9.898313e-5,0.377124,1.4581,34.92,0.0235,1.958392
101800,12725,9.8981065e-5,0.381130,1.4639,35.40,0.0220,1.980554
101900,12737,9.8979144e-5,0.392533,1.4807,35.37,0.0228,2.054677
102000,12750,9.897706e-5,0.384926,1.4695,34.42,0.0240,2.002286
102100,12762,9.897516e-5,0.398615,1.4898,41.23,0.0280,2.101881
102200,12775,9.8973076e-5,0.397880,1.4887,34.70,0.0228,2.073714
102300,12787,9.897114e-5,0.411687,1.5094,34.89,0.0215,2.161785
102400,12800,9.896906e-5,0.385780,1.4708,35.26,0.0238,2.049208
102500,12812,9.896714e-5,0.390610,1.4779,34.94,0.0232,2.021384
102600,12825,9.896504e-5,0.394361,1.4834,34.88,0.0234,2.076824
102700,12837,9.896311e-5,0.375118,1.4552,34.93,0.0236,1.944889
102800,12850,9.896103e-5,0.383909,1.4680,35.10,0.0230,2.015783
102900,12862,9.895909e-5,0.405347,1.4998,35.23,0.0226,2.125293
103000,12875,9.895698e-5,0.379229,1.4612,35.55,0.0218,1.974637
103100,12887,9.8955046e-5,0.382508,1.4660,40.40,0.0252,1.999234
103200,12900,9.895295e-5,0.400318,1.4923,35.35,0.0218,2.102579
103300,12912,9.8951015e-5,0.383513,1.4674,35.31,0.0234,2.001281
103400,12925,9.8948905e-5,0.373011,1.4521,34.59,0.0236,1.937852
103500,12937,9.8946955e-5,0.375244,1.4553,34.57,0.0217,1.945576
103600,12950,9.8944845e-5,0.397062,1.4874,34.52,0.0225,2.076434
103700,12962,9.8942895e-5,0.398113,1.4890,35.22,0.0227,2.077348
103800,12975,9.8940785e-5,0.398057,1.4889,34.89,0.0218,2.064959
103900,12987,9.8938835e-5,0.373958,1.4535,35.50,0.0200,1.930456
104000,13000,9.8936725e-5,0.364325,1.4395,34.90,0.0216,1.878792
104100,13012,9.893476e-5,0.385687,1.4706,42.43,0.0273,2.019667
104200,13025,9.8932636e-5,0.394117,1.4831,35.33,0.0214,2.040625
104300,13037,9.893069e-5,0.376255,1.4568,34.54,0.0228,1.960683
104400,13050,9.892856e-5,0.398663,1.4898,34.81,0.0220,2.076039
104500,13062,9.89266e-5,0.375116,1.4552,35.84,0.0239,1.956610
104600,13075,9.892447e-5,0.382559,1.4660,35.94,0.0216,2.007101
104700,13087,9.892249e-5,0.375244,1.4553,35.97,0.0203,1.949757
104800,13100,9.892037e-5,0.401242,1.4937,35.81,0.0211,2.097315
104900,13112,9.891839e-5,0.379860,1.4621,35.76,0.0217,1.988925
105000,13125,9.891625e-5,0.388274,1.4744,34.39,0.0227,2.036103
105100,13137,9.8914286e-5,0.401555,1.4941,40.26,0.0251,2.082416
105200,13150,9.891215e-5,0.376494,1.4572,34.55,0.0224,1.958230
105300,13162,9.891015e-5,0.391448,1.4791,34.69,0.0226,2.051718
105400,13175,9.8908014e-5,0.392815,1.4811,34.97,0.0223,2.052326
105500,13187,9.8906035e-5,0.377409,1.4585,35.20,0.0221,1.961981
105600,13200,9.890388e-5,0.387950,1.4740,34.84,0.0228,2.032336
105700,13212,9.89019e-5,0.387267,1.4729,36.43,0.0214,2.026174
105800,13225,9.889975e-5,0.377509,1.4586,34.67,0.0221,1.968326
105900,13237,9.8897755e-5,0.387668,1.4735,34.64,0.0226,2.020351
106000,13250,9.88956e-5,0.398585,1.4897,35.56,0.0226,2.083449
106100,13262,9.889361e-5,0.384592,1.4690,39.14,0.0260,2.010877
106200,13275,9.889144e-5,0.392952,1.4813,34.77,0.0219,2.053335
106300,13287,9.8889446e-5,0.394457,1.4836,35.43,0.0218,2.057448
106400,13300,9.888728e-5,0.408166,1.5041,35.01,0.0229,2.139467
106500,13312,9.8885284e-5,0.368697,1.4458,34.55,0.0237,1.934715
106600,13325,9.8883116e-5,0.370661,1.4487,34.61,0.0219,1.919690
106700,13337,9.888111e-5,0.362349,1.4367,34.60,0.0222,1.879994
106800,13350,9.887894e-5,0.384206,1.4684,34.90,0.0233,2.010248
106900,13362,9.887693e-5,0.386176,1.4713,35.88,0.0228,2.036329
107000,13375,9.887475e-5,0.403276,1.4967,34.54,0.0222,2.101990
107100,13387,9.887274e-5,0.380494,1.4630,39.29,0.0252,1.994829
107200,13400,9.887056e-5,0.386869,1.4724,34.02,0.0231,2.034346
107300,13412,9.886855e-5,0.374410,1.4541,34.16,0.0234,1.941079
107400,13425,9.886637e-5,0.390989,1.4784,36.02,0.0218,2.050619
107500,13437,9.8864344e-5,0.393412,1.4820,34.76,0.0225,2.056169
107600,13450,9.886215e-5,0.383502,1.4674,35.12,0.0230,2.004629
107700,13462,9.8860124e-5,0.383177,1.4669,35.22,0.0224,1.989271
107800,13475,9.885793e-5,0.385329,1.4701,34.76,0.0213,2.006368
107900,13487,9.8855904e-5,0.364755,1.4402,34.64,0.0218,1.902149
108000,13500,9.885371e-5,0.379651,1.4618,36.01,0.0230,1.979355
108100,13512,9.8851684e-5,0.383116,1.4668,40.59,0.0256,1.993761
108200,13525,9.884947e-5,0.381166,1.4640,34.57,0.0237,2.003669
108300,13537,9.884745e-5,0.378714,1.4604,35.03,0.0228,1.986132
108400,13550,9.884524e-5,0.390643,1.4779,35.44,0.0220,2.044247
108500,13562,9.88432e-5,0.374786,1.4547,34.70,0.0237,1.952860
108600,13575,9.8841e-5,0.404606,1.4987,34.97,0.0220,2.106260
108700,13587,9.883895e-5,0.398812,1.4901,35.49,0.0231,2.095129
108800,13600,9.883674e-5,0.367635,1.4443,35.39,0.0234,1.907251
108900,13612,9.883469e-5,0.387277,1.4730,36.10,0.0210,2.021304
109000,13625,9.8832475e-5,0.396580,1.4867,35.26,0.0227,2.095307
109100,13637,9.8830424e-5,0.392795,1.4811,39.55,0.0253,2.055451
109200,13650,9.882821e-5,0.386598,1.4720,35.26,0.0222,2.021035
109300,13662,9.882616e-5,0.366036,1.4420,34.60,0.0232,1.913669
109400,13675,9.882393e-5,0.376686,1.4574,35.38,0.0225,1.969999
109500,13687,9.882187e-5,0.373662,1.4530,34.93,0.0220,1.956225
109600,13700,9.881964e-5,0.379838,1.4620,35.42,0.0210,1.980826
109700,13712,9.881759e-5,0.375519,1.4557,34.55,0.0228,1.953024
109800,13725,9.881536e-5,0.370454,1.4484,34.85,0.0239,1.928285
109900,13737,9.8813296e-5,0.382462,1.4659,34.67,0.0231,1.996109
110000,13750,9.8811055e-5,0.392799,1.4811,35.58,0.0220,2.065175
110100,13762,9.880899e-5,0.374089,1.4537,41.05,0.0262,1.944695
110200,13775,9.880673e-5,0.367639,1.4443,34.68,0.0236,1.915710
110300,13787,9.880467e-5,0.393002,1.4814,35.78,0.0222,2.072624
110400,13800,9.8802426e-5,0.379468,1.4615,34.51,0.0238,1.991135
110500,13812,9.880036e-5,0.397560,1.4882,35.35,0.0216,2.064681
110600,13825,9.8798104e-5,0.380467,1.4630,34.72,0.0230,2.002447
110700,13837,9.879602e-5,0.375584,1.4558,35.10,0.0228,1.962010
110800,13850,9.879377e-5,0.375889,1.4563,34.27,0.0233,1.970583
110900,13862,9.879169e-5,0.373240,1.4524,35.13,0.0232,1.950129
111000,13875,9.878943e-5,0.378470,1.4600,35.26,0.0226,1.973717
111100,13887,9.878735e-5,0.389544,1.4763,40.64,0.0255,2.021630
111200,13900,9.8785094e-5,0.373101,1.4522,35.47,0.0226,1.945231
111300,13912,9.8783e-5,0.378569,1.4602,35.43,0.0224,1.975794
111400,13925,9.878073e-5,0.394831,1.4841,34.81,0.0234,2.072060
111500,13937,9.877865e-5,0.389970,1.4769,35.30,0.0222,2.027473
111600,13950,9.877638e-5,0.383740,1.4678,35.74,0.0231,2.008078
111700,13962,9.877427e-5,0.393036,1.4815,34.89,0.0234,2.048215
111800,13975,9.8772e-5,0.367870,1.4447,34.19,0.0227,1.907969
111900,13987,9.87699e-5,0.384268,1.4685,35.51,0.0218,2.016511
112000,14000,9.876762e-5,0.370845,1.4490,34.53,0.0226,1.938901
112100,14012,9.876552e-5,0.375080,1.4551,39.21,0.0251,1.951408
112200,14025,9.876324e-5,0.402051,1.4949,35.21,0.0228,2.112422
112300,14037,9.876113e-5,0.374665,1.4545,35.34,0.0217,1.946743
112400,14050,9.875884e-5,0.382262,1.4656,34.94,0.0217,1.999548
112500,14062,9.875673e-5,0.368154,1.4451,34.53,0.0233,1.931943
112600,14075,9.875445e-5,0.377985,1.4593,34.94,0.0230,1.963934
112700,14087,9.875234e-5,0.379837,1.4620,34.90,0.0228,1.986918
112800,14100,9.875004e-5,0.385835,1.4708,35.13,0.0225,2.022125
112900,14112,9.8747914e-5,0.389896,1.4768,35.16,0.0225,2.037710
113000,14125,9.874563e-5,0.381703,1.4648,34.57,0.0229,1.999100
113100,14137,9.8743505e-5,0.384631,1.4691,39.69,0.0256,2.008905
113200,14150,9.874119e-5,0.386711,1.4721,34.87,0.0227,2.022298
113300,14162,9.873907e-5,0.367065,1.4435,34.71,0.0228,1.911188
113400,14175,9.873677e-5,0.355697,1.4272,34.59,0.0234,1.831486
113500,14187,9.873464e-5,0.385476,1.4703,35.26,0.0231,1.998576
113600,14200,9.873233e-5,0.377730,1.4590,35.26,0.0230,1.974293
113700,14212,9.873019e-5,0.384591,1.4690,34.52,0.0233,2.019689
113800,14225,9.8727876e-5,0.390782,1.4781,35.70,0.0219,2.061877
113900,14237,9.872575e-5,0.386457,1.4718,35.73,0.0220,2.046869
114000,14250,9.872342e-5,0.374345,1.4540,35.06,0.0229,1.960495
114100,14262,9.8721284e-5,0.366012,1.4420,39.11,0.0270,1.899270
114200,14275,9.871897e-5,0.394579,1.4838,34.75,0.0234,2.080981
114300,14287,9.871682e-5,0.373615,1.4530,34.62,0.0225,1.934595
114400,14300,9.87145e-5,0.388912,1.4754,35.61,0.0213,2.021020
114500,14312,9.871235e-5,0.372625,1.4515,35.33,0.0223,1.944604
114600,14325,9.871002e-5,0.384860,1.4694,35.85,0.0209,2.012053
114700,14337,9.870787e-5,0.383972,1.4681,35.40,0.0220,2.011396
114800,14350,9.870554e-5,0.388986,1.4755,35.48,0.0233,2.036984
114900,14362,9.8703385e-5,0.388761,1.4752,35.56,0.0223,2.021997
115000,14375,9.870104e-5,0.372329,1.4511,35.25,0.0224,1.948618
115100,14387,9.869889e-5,0.378952,1.4608,39.56,0.0256,1.973767
115200,14400,9.8696546e-5,0.371604,1.4501,34.54,0.0218,1.948644
115300,14412,9.869438e-5,0.367666,1.4444,34.85,0.0235,1.920773
115400,14425,9.8692035e-5,0.374997,1.4550,34.70,0.0222,1.967929
115500,14437,9.868987e-5,0.372168,1.4509,34.74,0.0224,1.942814
115600,14450,9.8687524e-5,0.368398,1.4454,34.84,0.0237,1.912259
115700,14462,9.8685356e-5,0.370840,1.4490,34.44,0.0235,1.937535
115800,14475,9.8683e-5,0.388558,1.4749,35.84,0.0224,2.058970
115900,14487,9.868083e-5,0.375394,1.4556,35.28,0.0234,1.961823
116000,14500,9.867847e-5,0.382041,1.4653,35.35,0.0220,1.999627
116100,14512,9.867629e-5,0.366623,1.4429,40.51,0.0258,1.915746
116200,14525,9.867393e-5,0.383164,1.4669,35.15,0.0226,1.987269
116300,14537,9.867175e-5,0.378463,1.4600,35.48,0.0213,1.985261
116400,14550,9.866938e-5,0.391489,1.4792,35.20,0.0240,2.066002
116500,14562,9.8667195e-5,0.376509,1.4572,35.50,0.0228,1.966210
116600,14575,9.866482e-5,0.381171,1.4640,35.52,0.0218,1.983264
116700,14587,9.866264e-5,0.379448,1.4615,35.53,0.0218,1.970421
116800,14600,9.866027e-5,0.379903,1.4621,35.93,0.0216,1.969861
116900,14612,9.865807e-5,0.355185,1.4264,34.61,0.0231,1.837399
117000,14625,9.86557e-5,0.367282,1.4438,35.41,0.0221,1.922526
117100,14637,9.86535e-5,0.364658,1.4400,40.06,0.0246,1.899027
117200,14650,9.8651115e-5,0.383082,1.4668,34.31,0.0214,2.002021
117300,14662,9.864892e-5,0.382842,1.4664,35.60,0.0217,2.001258
117400,14675,9.864653e-5,0.381541,1.4645,35.20,0.0248,2.005600
117500,14687,9.8644334e-5,0.382770,1.4663,35.14,0.0228,1.999286
117600,14700,9.864195e-5,0.379541,1.4616,35.34,0.0228,1.983227
117700,14712,9.8639735e-5,0.367184,1.4437,35.33,0.0232,1.926169
117800,14725,9.863735e-5,0.381422,1.4644,35.35,0.0220,1.983667
117900,14737,9.863514e-5,0.372259,1.4510,35.13,0.0220,1.942770
118000,14750,9.8632736e-5,0.370074,1.4478,34.67,0.0227,1.925223
118100,14762,9.8630524e-5,0.387488,1.4733,42.72,0.0254,2.031362
118200,14775,9.862812e-5,0.362772,1.4373,34.50,0.0243,1.884599
118300,14787,9.862591e-5,0.386668,1.4721,34.74,0.0230,2.022112
118400,14800,9.8623495e-5,0.389551,1.4763,35.53,0.0215,2.019759
118500,14812,9.862128e-5,0.374133,1.4537,34.63,0.0220,1.954064
118600,14825,9.861887e-5,0.370736,1.4488,35.77,0.0225,1.926513
118700,14837,9.861664e-5,0.393561,1.4823,35.09,0.0214,2.044718
118800,14850,9.8614226e-5,0.376049,1.4565,35.15,0.0228,1.970705
118900,14862,9.8612e-5,0.355758,1.4273,34.53,0.0238,1.857281
119000,14875,9.8609584e-5,0.396273,1.4863,35.37,0.0232,2.082544
119100,14887,9.860736e-5,0.385503,1.4704,41.90,0.0257,1.985835
119200,14900,9.860493e-5,0.364208,1.4394,34.20,0.0221,1.886164
119300,14912,9.86027e-5,0.372584,1.4515,35.12,0.0231,1.940390
119400,14925,9.860027e-5,0.364420,1.4397,34.37,0.0226,1.882637
119500,14937,9.859803e-5,0.388099,1.4742,35.41,0.0229,2.051711
119600,14950,9.8595614e-5,0.388548,1.4748,35.68,0.0219,2.026605
119700,14962,9.859336e-5,0.387768,1.4737,35.85,0.0213,2.034968
119800,14975,9.859093e-5,0.380286,1.4627,35.48,0.0225,1.991283
119900,14987,9.858867e-5,0.368037,1.4449,35.76,0.0215,1.925280
120000,15000,9.858624e-5,0.379237,1.4612,35.75,0.0222,1.980019
120100,15012,9.858399e-5,0.387527,1.4733,42.37,0.0274,2.028874
120200,15025,9.858156e-5,0.368604,1.4457,34.96,0.0224,1.914909
120300,15037,9.85793e-5,0.377290,1.4583,35.49,0.0230,1.947987
120400,15050,9.857686e-5,0.386483,1.4718,35.09,0.0221,2.027642
120500,15062,9.85746e-5,0.355347,1.4267,34.93,0.0232,1.857394
120600,15075,9.857214e-5,0.389962,1.4769,35.18,0.0225,2.044043
120700,15087,9.8569886e-5,0.388709,1.4751,35.20,0.0224,2.026779
120800,15100,9.856743e-5,0.382301,1.4657,34.52,0.0221,2.002320
120900,15112,9.856517e-5,0.371681,1.4502,33.98,0.0224,1.947516
121000,15125,9.856271e-5,0.364834,1.4403,34.54,0.0240,1.892791
121100,15137,9.856044e-5,0.377922,1.4592,40.02,0.0258,1.981758
121200,15150,9.855798e-5,0.373165,1.4523,35.67,0.0223,1.956467
121300,15162,9.855571e-5,0.395363,1.4849,35.14,0.0219,2.060166
121400,15175,9.855324e-5,0.363006,1.4376,34.86,0.0227,1.904271
121500,15187,9.855097e-5,0.362834,1.4374,34.78,0.0228,1.882266
121600,15200,9.8548495e-5,0.393424,1.4820,35.94,0.0207,2.047398
121700,15212,9.854621e-5,0.387793,1.4737,35.45,0.0213,2.029140
121800,15225,9.854375e-5,0.380417,1.4629,35.05,0.0234,1.971851
121900,15237,9.854145e-5,0.387998,1.4740,34.97,0.0223,2.032271
122000,15250,9.853898e-5,0.358311,1.4309,34.94,0.0217,1.850950
122100,15262,9.853669e-5,0.366561,1.4428,39.62,0.0249,1.909346
122200,15275,9.853422e-5,0.367258,1.4438,35.13,0.0215,1.906167
122300,15287,9.853192e-5,0.358146,1.4307,35.00,0.0224,1.849227
122400,15300,9.852945e-5,0.381279,1.4642,35.69,0.0224,1.993410
122500,15312,9.852715e-5,0.361977,1.4362,34.62,0.0222,1.884628
122600,15325,9.852466e-5,0.362097,1.4363,35.23,0.0220,1.900296
122700,15337,9.852236e-5,0.368965,1.4462,35.41,0.0231,1.915128
122800,15350,9.851987e-5,0.382017,1.4652,34.85,0.0224,2.006118
122900,15362,9.851757e-5,0.377332,1.4584,38.24,0.0245,1.966208
123000,15375,9.851507e-5,0.362448,1.4368,35.07,0.0234,1.892830
123100,15387,9.8512755e-5,0.376255,1.4568,40.34,0.0266,1.978567
123200,15400,9.851025e-5,0.369848,1.4475,34.94,0.0228,1.927630
123300,15412,9.850795e-5,0.362434,1.4368,34.79,0.0232,1.886598
123400,15425,9.850545e-5,0.382743,1.4663,35.31,0.0223,2.004835
123500,15437,9.850314e-5,0.365596,1.4414,34.97,0.0235,1.907572
123600,15450,9.850062e-5,0.381004,1.4638,34.57,0.0216,1.985362
123700,15462,9.8498305e-5,0.372785,1.4518,34.60,0.0233,1.951838
123800,15475,9.84958e-5,0.375832,1.4562,35.34,0.0221,1.985157
123900,15487,9.8493474e-5,0.371151,1.4494,35.18,0.0230,1.932803
124000,15500,9.849096e-5,0.350848,1.4203,34.38,0.0235,1.816694
124100,15512,9.848864e-5,0.379062,1.4609,39.48,0.0251,1.981830
124200,15525,9.8486125e-5,0.375844,1.4562,34.64,0.0233,1.971927
124300,15537,9.84838e-5,0.374970,1.4549,35.28,0.0219,1.956016
124400,15550,9.8481265e-5,0.368914,1.4462,35.62,0.0221,1.917546
124500,15562,9.847894e-5,0.378815,1.4606,34.72,0.0225,1.976525
124600,15575,9.8476405e-5,0.360303,1.4338,34.87,0.0235,1.874097
124700,15587,9.847408e-5,0.377036,1.4580,35.29,0.0229,1.974831
124800,15600,9.8471544e-5,0.362917,1.4375,34.09,0.0227,1.889255
124900,15612,9.84692e-5,0.373780,1.4532,35.65,0.0220,1.960640
125000,15625,9.846667e-5,0.349766,1.4187,34.37,0.0233,1.828930
125100,15637,9.846431e-5,0.365612,1.4414,39.94,0.0254,1.890264
125200,15650,9.846178e-5,0.358366,1.4310,34.78,0.0228,1.862771
125300,15662,9.845944e-5,0.375637,1.4559,34.77,0.0237,1.957231
125400,15675,9.845689e-5,0.367203,1.4437,34.89,0.0233,1.929549
125500,15687,9.845455e-5,0.375017,1.4550,35.22,0.0216,1.956974
125600,15700,9.845199e-5,0.389210,1.4758,35.51,0.0225,2.047302
125700,15712,9.8449644e-5,0.360243,1.4337,35.17,0.0223,1.873102
125800,15725,9.844708e-5,0.366031,1.4420,34.87,0.0218,1.898121
125900,15737,9.8444725e-5,0.375356,1.4555,34.57,0.0224,1.954252
126000,15750,9.844218e-5,0.357272,1.4294,34.53,0.0228,1.855414
126100,15762,9.843981e-5,0.389913,1.4769,40.32,0.0253,2.038693
126200,15775,9.843726e-5,0.369472,1.4470,35.32,0.0211,1.923937
126300,15787,9.843489e-5,0.378419,1.4600,34.93,0.0216,1.981420
126400,15800,9.843233e-5,0.371831,1.4504,35.12,0.0223,1.935734
126500,15812,9.8429955e-5,0.386561,1.4719,35.38,0.0217,2.008135
126600,15825,9.8427394e-5,0.376852,1.4577,35.04,0.0226,1.984396
126700,15837,9.842502e-5,0.372749,1.4517,35.03,0.0239,1.952520
126800,15850,9.8422446e-5,0.366921,1.4433,35.24,0.0227,1.922929
126900,15862,9.8420074e-5,0.362821,1.4374,34.70,0.0224,1.881236
127000,15875,9.84175e-5,0.367000,1.4434,35.32,0.0224,1.924301
127100,15887,9.841511e-5,0.373284,1.4525,42.44,0.0258,1.954304
127200,15900,9.8412536e-5,0.369270,1.4467,34.67,0.0230,1.927333
127300,15912,9.841015e-5,0.371120,1.4494,34.88,0.0225,1.937090
127400,15925,9.8407574e-5,0.353871,1.4246,34.39,0.0250,1.841192
127500,15937,9.840519e-5,0.378849,1.4606,34.88,0.0225,1.977120
127600,15950,9.84026e-5,0.377509,1.4586,36.15,0.0219,1.963965
127700,15962,9.8400196e-5,0.399209,1.4906,35.34,0.0209,2.086048
127800,15975,9.839762e-5,0.364315,1.4395,34.41,0.0220,1.881310
127900,15987,9.839522e-5,0.366361,1.4425,35.42,0.0225,1.895782
128000,16000,9.839263e-5,0.368473,1.4455,34.80,0.0231,1.937545
128100,16012,9.839023e-5,0.367651,1.4443,39.87,0.0267,1.905557
128200,16025,9.838762e-5,0.366295,1.4424,34.56,0.0221,1.896173
128300,16037,9.838522e-5,0.368053,1.4449,34.92,0.0217,1.917205
128400,16050,9.838262e-5,0.373632,1.4530,34.95,0.0220,1.939980
128500,16062,9.838022e-5,0.373687,1.4531,35.38,0.0226,1.942149
128600,16075,9.837761e-5,0.364764,1.4402,34.44,0.0231,1.899293
128700,16087,9.837521e-5,0.366885,1.4432,34.69,0.0229,1.925757
128800,16100,9.837259e-5,0.353548,1.4241,34.50,0.0231,1.844791
128900,16112,9.837019e-5,0.365839,1.4417,34.95,0.0222,1.904120
129000,16125,9.836757e-5,0.351581,1.4213,34.87,0.0232,1.832318
129100,16137,9.8365155e-5,0.379844,1.4621,41.69,0.0261,1.980269
129200,16150,9.8362536e-5,0.369635,1.4472,35.07,0.0230,1.922138
129300,16162,9.8360106e-5,0.350924,1.4204,34.56,0.0232,1.833442
129400,16175,9.835749e-5,0.369315,1.4467,34.94,0.0220,1.915241
129500,16187,9.835507e-5,0.367289,1.4438,35.35,0.0224,1.919203
129600,16200,9.835244e-5,0.377942,1.4593,35.46,0.0223,1.970087
129700,16212,9.835001e-5,0.362559,1.4370,34.75,0.0220,1.891426
129800,16225,9.834739e-5,0.371645,1.4501,34.50,0.0232,1.949623
129900,16237,9.834494e-5,0.366720,1.4430,35.45,0.0223,1.923465
130000,16250,9.834231e-5,0.383428,1.4673,35.08,0.0224,1.990828
130100,16262,9.833988e-5,0.362682,1.4372,40.85,0.0256,1.874264
130200,16275,9.8337245e-5,0.373508,1.4528,35.58,0.0214,1.962489
130300,16287,9.83348e-5,0.376528,1.4572,35.17,0.0229,1.984679
130400,16300,9.8332166e-5,0.369322,1.4468,35.06,0.0222,1.932028
130500,16312,9.832972e-5,0.365496,1.4412,35.39,0.0223,1.920563
130600,16325,9.832707e-5,0.374965,1.4549,36.00,0.0221,1.949968
130700,16337,9.832463e-5,0.349486,1.4183,34.57,0.0231,1.813478
130800,16350,9.832198e-5,0.371651,1.4501,34.78,0.0223,1.932707
130900,16362,9.8319535e-5,0.370156,1.4480,35.23,0.0235,1.936552
131000,16375,9.831687e-5,0.390307,1.4774,35.38,0.0227,2.057425
131100,16387,9.831443e-5,0.378059,1.4594,42.08,0.0254,1.980719
131200,16400,9.8311764e-5,0.360889,1.4346,35.76,0.0212,1.882661
131300,16412,9.8309305e-5,0.356662,1.4286,34.37,0.0210,1.863732
131400,16425,9.830664e-5,0.367931,1.4447,34.06,0.0224,1.941251
131500,16437,9.83042e-5,0.360172,1.4336,34.36,0.0235,1.867749
131600,16450,9.830152e-5,0.362294,1.4366,34.46,0.0230,1.889803
131700,16462,9.829906e-5,0.398487,1.4896,36.21,0.0212,2.098741
131800,16475,9.82964e-5,0.366348,1.4425,34.68,0.0215,1.909143
131900,16487,9.8293924e-5,0.369482,1.4470,35.85,0.0222,1.932861
132000,16500,9.8291246e-5,0.377075,1.4580,34.63,0.0232,1.988404
132100,16512,9.828877e-5,0.378725,1.4604,39.27,0.0242,1.998247
132200,16525,9.8286095e-5,0.370229,1.4481,34.79,0.0223,1.940348
132300,16537,9.828362e-5,0.366504,1.4427,34.42,0.0208,1.890750
132400,16550,9.828094e-5,0.386402,1.4717,35.77,0.0214,2.022013
132500,16562,9.827847e-5,0.372085,1.4508,34.98,0.0215,1.943819
132600,16575,9.827578e-5,0.360669,1.4343,35.72,0.0211,1.881490
132700,16587,9.82733e-5,0.363045,1.4377,34.02,0.0233,1.891182
132800,16600,9.82706e-5,0.360064,1.4334,33.93,0.0221,1.878168
132900,16612,9.826812e-5,0.373021,1.4521,34.86,0.0226,1.966415
133000,16625,9.826543e-5,0.353543,1.4241,34.52,0.0244,1.837242
133100,16637,9.826294e-5,0.381917,1.4651,39.42,0.0251,1.993990
133200,16650,9.8260236e-5,0.350238,1.4194,34.83,0.0229,1.813410
133300,16662,9.825775e-5,0.370058,1.4478,35.32,0.0231,1.924962
133400,16675,9.825504e-5,0.368852,1.4461,34.99,0.0242,1.940579
133500,16687,9.825255e-5,0.355271,1.4266,34.64,0.0227,1.839501
133600,16700,9.8249846e-5,0.375126,1.4552,34.90,0.0225,1.957669
133700,16712,9.824734e-5,0.363308,1.4381,33.87,0.0229,1.894623
133800,16725,9.8244636e-5,0.370123,1.4479,35.85,0.0215,1.945212
133900,16737,9.824213e-5,0.375107,1.4551,35.91,0.0220,1.963047
134000,16750,9.823941e-5,0.356737,1.4287,35.19,0.0225,1.857474
134100,16762,9.823691e-5,0.371657,1.4501,41.17,0.0239,1.940774
134200,16775,9.823419e-5,0.363838,1.4388,34.86,0.0220,1.904582
134300,16787,9.8231685e-5,0.364498,1.4398,34.91,0.0221,1.891521
134400,16800,9.8228964e-5,0.355779,1.4273,34.67,0.0223,1.846060
134500,16812,9.822645e-5,0.362524,1.4370,35.05,0.0220,1.901963
134600,16825,9.8223725e-5,0.382638,1.4661,34.87,0.0227,1.999521
134700,16837,9.822121e-5,0.381612,1.4646,35.75,0.0219,1.992910
134800,16850,9.821847e-5,0.370105,1.4479,35.23,0.0224,1.935551
134900,16862,9.8215954e-5,0.357331,1.4295,35.17,0.0232,1.871280
135000,16875,9.821322e-5,0.376619,1.4573,35.25,0.0215,1.970052
135100,16887,9.821069e-5,0.363395,1.4382,43.63,0.0300,1.890049
135200,16900,9.820795e-5,0.352136,1.4221,35.12,0.0217,1.808129
135300,16912,9.820543e-5,0.366260,1.4423,35.53,0.0222,1.919695
135400,16925,9.820268e-5,0.368687,1.4458,34.73,0.0224,1.919856
135500,16937,9.820015e-5,0.362103,1.4363,35.38,0.0212,1.885469
135600,16950,9.81974e-5,0.370308,1.4482,34.97,0.0217,1.935189
135700,16962,9.819487e-5,0.364762,1.4402,34.87,0.0232,1.896681
135800,16975,9.819212e-5,0.360628,1.4342,34.22,0.0230,1.868944
135900,16987,9.818959e-5,0.379101,1.4610,35.69,0.0226,1.988422
136000,17000,9.818682e-5,0.355398,1.4267,34.35,0.0219,1.850835
136100,17012,9.818429e-5,0.378371,1.4599,41.70,0.0250,1.982291
136200,17025,9.8181525e-5,0.360403,1.4339,34.79,0.0218,1.878124
136300,17037,9.817898e-5,0.363363,1.4382,35.08,0.0212,1.897057
136400,17050,9.817621e-5,0.372339,1.4511,34.83,0.0224,1.938484
136500,17062,9.817367e-5,0.352736,1.4230,34.91,0.0228,1.834722
136600,17075,9.81709e-5,0.347931,1.4161,34.49,0.0221,1.797103
136700,17087,9.8168355e-5,0.361898,1.4361,34.65,0.0209,1.870193
136800,17100,9.8165576e-5,0.367852,1.4446,34.66,0.0221,1.922264
136900,17112,9.8163015e-5,0.372901,1.4519,35.05,0.0214,1.940802
137000,17125,9.816025e-5,0.374031,1.4536,35.00,0.0217,1.971377
137100,17137,9.815769e-5,0.370493,1.4484,38.84,0.0255,1.932690
137200,17150,9.815491e-5,0.377844,1.4591,34.72,0.0224,1.994080
137300,17162,9.815235e-5,0.354346,1.4252,33.87,0.0232,1.835505
137400,17175,9.814957e-5,0.356451,1.4283,34.73,0.0234,1.852065
137500,17187,9.814699e-5,0.355185,1.4264,35.62,0.0223,1.864938
137600,17200,9.814421e-5,0.376112,1.4566,35.83,0.0213,1.973975
137700,17212,9.814164e-5,0.360432,1.4339,34.76,0.0225,1.874840
137800,17225,9.8138844e-5,0.364260,1.4394,34.75,0.0228,1.897474
137900,17237,9.813627e-5,0.347896,1.4161,34.84,0.0225,1.806288
138000,17250,9.813349e-5,0.366579,1.4428,34.77,0.0222,1.918599
138100,17262,9.81309e-5,0.369553,1.4471,39.70,0.0245,1.935919
138200,17275,9.8128105e-5,0.377730,1.4590,35.59,0.0211,1.965100
138300,17287,9.812553e-5,0.378455,1.4600,35.26,0.0222,1.980298
138400,17300,9.812272e-5,0.380031,1.4623,35.10,0.0216,1.983144
138500,17312,9.812013e-5,0.382374,1.4658,35.57,0.0220,2.010038
138600,17325,9.811732e-5,0.374359,1.4541,35.64,0.0228,1.963835
138700,17337,9.8114746e-5,0.366826,1.4431,35.33,0.0225,1.909511
138800,17350,9.811192e-5,0.371226,1.4495,35.41,0.0217,1.936738
138900,17362,9.810933e-5,0.382859,1.4665,35.43,0.0212,1.999510
139000,17375,9.8106524e-5,0.358907,1.4318,35.68,0.0215,1.876758
139100,17387,9.810392e-5,0.349925,1.4190,40.66,0.0261,1.822430
139200,17400,9.810111e-5,0.356067,1.4277,35.50,0.0215,1.865409
139300,17412,9.8098506e-5,0.351291,1.4209,35.64,0.0220,1.822408
139400,17425,9.809568e-5,0.356059,1.4277,34.73,0.0221,1.851873
139500,17437,9.809308e-5,0.357633,1.4299,34.99,0.0239,1.867784
139600,17450,9.8090255e-5,0.378065,1.4595,36.27,0.0210,1.977317
139700,17462,9.808765e-5,0.365594,1.4414,35.97,0.0219,1.935697
139800,17475,9.808483e-5,0.371245,1.4495,35.13,0.0227,1.936595
139900,17487,9.808221e-5,0.379812,1.4620,35.19,0.0220,1.993711
140000,17500,9.8079385e-5,0.365343,1.4410,35.56,0.0233,1.912750
140100,17512,9.8076765e-5,0.366114,1.4421,39.82,0.0262,1.913362
140200,17525,9.807393e-5,0.365499,1.4412,36.09,0.0206,1.894804
140300,17537,9.807131e-5,0.370865,1.4490,34.95,0.0223,1.941226
140400,17550,9.806847e-5,0.371895,1.4505,35.32,0.0204,1.931716
140500,17562,9.806584e-5,0.375776,1.4561,35.42,0.0223,1.973820
140600,17575,9.8063e-5,0.340539,1.4057,34.80,0.0224,1.774517
140700,17587,9.8060365e-5,0.365266,1.4409,34.91,0.0230,1.902467
140800,17600,9.805753e-5,0.375216,1.4553,35.76,0.0208,1.957866
140900,17612,9.8054894e-5,0.380855,1.4635,35.37,0.0209,2.002462
141000,17625,9.805204e-5,0.347247,1.4152,35.01,0.0235,1.801111
141100,17637,9.804941e-5,0.355532,1.4269,40.16,0.0276,1.852218
141200,17650,9.8046556e-5,0.355492,1.4269,35.17,0.0225,1.855924
141300,17662,9.804392e-5,0.367933,1.4447,35.26,0.0216,1.909984
141400,17675,9.8041055e-5,0.357086,1.4292,34.81,0.0232,1.879965
141500,17687,9.803842e-5,0.363335,1.4381,35.05,0.0218,1.897489
141600,17700,9.8035554e-5,0.351771,1.4216,34.52,0.0230,1.835937
141700,17712,9.8032906e-5,0.351979,1.4219,35.06,0.0223,1.833898
141800,17725,9.803004e-5,0.348184,1.4165,35.18,0.0237,1.822789
141900,17737,9.802739e-5,0.361174,1.4350,34.84,0.0227,1.890547
142000,17750,9.8024524e-5,0.387345,1.4731,35.64,0.0211,2.031079
142100,17762,9.802186e-5,0.361352,1.4353,40.19,0.0256,1.894819
142200,17775,9.8018994e-5,0.369161,1.4465,35.35,0.0221,1.938920
142300,17787,9.801633e-5,0.381917,1.4651,35.36,0.0207,2.002891
142400,17800,9.8013465e-5,0.364799,1.4402,35.16,0.0213,1.898032
142500,17812,9.80108e-5,0.356328,1.4281,35.05,0.0231,1.848874
142600,17825,9.800792e-5,0.359509,1.4326,35.19,0.0221,1.874650
142700,17837,9.800526e-5,0.370566,1.4486,35.13,0.0213,1.930109
142800,17850,9.800236e-5,0.363054,1.4377,35.22,0.0226,1.899236
142900,17862,9.79997e-5,0.353064,1.4234,35.19,0.0227,1.824399
143000,17875,9.79968e-5,0.372764,1.4517,34.86,0.0217,1.942457
143100,17887,9.799414e-5,0.376242,1.4568,40.58,0.0263,1.967781
143200,17900,9.7991244e-5,0.373744,1.4532,35.13,0.0235,1.964053
143300,17912,9.7988566e-5,0.370650,1.4487,35.44,0.0223,1.933657
143400,17925,9.798567e-5,0.347255,1.4152,34.33,0.0227,1.824672
143500,17937,9.798299e-5,0.357266,1.4294,35.04,0.0229,1.856630
143600,17950,9.798008e-5,0.353409,1.4239,35.27,0.0237,1.837504
143700,17962,9.7977405e-5,0.375221,1.4553,34.90,0.0227,1.954077
143800,17975,9.797451e-5,0.369700,1.4473,34.74,0.0217,1.934981
143900,17987,9.797182e-5,0.365805,1.4417,35.04,0.0231,1.921628
144000,18000,9.796891e-5,0.337519,1.4015,35.00,0.0230,1.749272
144100,18012,9.7966215e-5,0.362600,1.4371,41.50,0.0278,1.892637
144200,18025,9.7963304e-5,0.372537,1.4514,36.29,0.0199,1.932750
144300,18037,9.796061e-5,0.360654,1.4343,34.97,0.0217,1.869154
144400,18050,9.795769e-5,0.353576,1.4242,34.63,0.0236,1.833352
144500,18062,9.7954995e-5,0.351955,1.4218,34.36,0.0228,1.844794
144600,18075,9.795207e-5,0.365080,1.4406,36.41,0.0216,1.918843
144700,18087,9.794938e-5,0.377407,1.4585,35.59,0.0218,1.978715
144800,18100,9.794645e-5,0.349975,1.4190,35.59,0.0209,1.823019
144900,18112,9.794375e-5,0.353954,1.4247,35.54,0.0227,1.845804
145000,18125,9.794082e-5,0.353823,1.4245,35.20,0.0241,1.842048
145100,18137,9.7938115e-5,0.354895,1.4260,41.28,0.0278,1.857428
145200,18150,9.7935175e-5,0.362906,1.4375,35.84,0.0225,1.893486
145300,18162,9.793247e-5,0.359376,1.4324,35.10,0.0220,1.879750
145400,18175,9.792953e-5,0.380671,1.4633,36.25,0.0215,2.009288
145500,18187,9.792681e-5,0.346344,1.4139,34.98,0.0233,1.804352
145600,18200,9.792387e-5,0.384909,1.4695,35.51,0.0229,2.014955
145700,18212,9.792116e-5,0.356377,1.4281,35.26,0.0224,1.860602
145800,18225,9.791821e-5,0.353029,1.4234,35.50,0.0240,1.860340
145900,18237,9.791549e-5,0.358747,1.4315,36.13,0.0223,1.874051
146000,18250,9.791253e-5,0.355717,1.4272,35.50,0.0218,1.864272
146100,18262,9.790981e-5,0.363034,1.4377,38.91,0.0246,1.897295
146200,18275,9.790686e-5,0.357309,1.4295,35.24,0.0230,1.877568
146300,18287,9.7904136e-5,0.369115,1.4465,35.78,0.0208,1.931269
146400,18300,9.790117e-5,0.355647,1.4271,34.62,0.0220,1.836612
146500,18312,9.7898446e-5,0.354167,1.4250,34.02,0.0233,1.842558
146600,18325,9.789548e-5,0.349882,1.4189,34.63,0.0215,1.811093
146700,18337,9.789274e-5,0.356204,1.4279,34.95,0.0229,1.863727
146800,18350,9.788977e-5,0.360434,1.4340,34.95,0.0206,1.880718
146900,18362,9.788704e-5,0.353317,1.4238,34.78,0.0226,1.860487
147000,18375,9.788407e-5,0.351706,1.4215,34.68,0.0224,1.838594
147100,18387,9.788133e-5,0.360470,1.4340,40.72,0.0251,1.880018
147200,18400,9.787835e-5,0.366399,1.4425,34.50,0.0227,1.925375
147300,18412,9.78756e-5,0.333771,1.3962,34.11,0.0231,1.731485
147400,18425,9.787263e-5,0.373979,1.4535,35.35,0.0226,1.958470
147500,18437,9.786988e-5,0.359017,1.4319,34.94,0.0221,1.874100
147600,18450,9.78669e-5,0.340516,1.4057,34.67,0.0232,1.763127
147700,18462,9.786415e-5,0.358232,1.4308,34.70,0.0222,1.881852
147800,18475,9.7861164e-5,0.344197,1.4109,34.43,0.0218,1.790902
147900,18487,9.7858414e-5,0.355258,1.4265,34.41,0.0236,1.857081
148000,18500,9.7855416e-5,0.355013,1.4262,35.88,0.0213,1.853056
148100,18512,9.785265e-5,0.370029,1.4478,41.86,0.0270,1.941673
148200,18525,9.784967e-5,0.359614,1.4328,35.12,0.0217,1.880378
148300,18537,9.784689e-5,0.360759,1.4344,35.03,0.0223,1.894801
148400,18550,9.7843906e-5,0.353988,1.4247,35.32,0.0223,1.843487
148500,18562,9.784114e-5,0.356994,1.4290,35.09,0.0221,1.879516
148600,18575,9.783813e-5,0.366094,1.4421,35.37,0.0223,1.931892
148700,18587,9.7835364e-5,0.357384,1.4296,35.23,0.0226,1.855098
148800,18600,9.783235e-5,0.338820,1.4033,34.93,0.0223,1.765206
148900,18612,9.782957e-5,0.343511,1.4099,35.31,0.0234,1.791028
149000,18625,9.7826574e-5,0.346280,1.4138,35.15,0.0227,1.808568
149100,18637,9.7823795e-5,0.355567,1.4270,40.75,0.0244,1.856325
149200,18650,9.782078e-5,0.349215,1.4180,34.63,0.0235,1.821055
149300,18662,9.7818e-5,0.340589,1.4058,34.31,0.0222,1.761121
149400,18675,9.781499e-5,0.361114,1.4349,35.80,0.0220,1.881306
149500,18687,9.78122e-5,0.365510,1.4412,34.75,0.0240,1.916796
149600,18700,9.7809185e-5,0.365848,1.4417,34.31,0.0229,1.911119
149700,18712,9.780639e-5,0.358525,1.4312,35.44,0.0206,1.879603
149800,18725,9.7803364e-5,0.351967,1.4219,34.70,0.0226,1.844745
149900,18737,9.780057e-5,0.350869,1.4203,33.23,0.0230,1.821041
150000,18750,9.779754e-5,0.378340,1.4599,34.81,0.0226,1.993534
150100,18762,9.779475e-5,0.364524,1.4398,39.28,0.0257,1.899638
150200,18775,9.779172e-5,0.347761,1.4159,35.02,0.0235,1.828761
150300,18787,9.7788914e-5,0.352325,1.4224,35.57,0.0210,1.827305
150400,18800,9.778589e-5,0.343058,1.4093,35.04,0.0221,1.790199
150500,18812,9.778308e-5,0.353872,1.4246,34.51,0.0217,1.846554
150600,18825,9.778004e-5,0.358296,1.4309,35.15,0.0220,1.856186
150700,18837,9.777723e-5,0.355610,1.4271,35.01,0.0207,1.843554
150800,18850,9.777419e-5,0.355670,1.4271,35.30,0.0225,1.867293
150900,18862,9.777138e-5,0.345770,1.4131,35.17,0.0214,1.802791
151000,18875,9.776832e-5,0.369628,1.4472,35.73,0.0218,1.940840
151100,18887,9.7765515e-5,0.337264,1.4011,40.27,0.0260,1.744609
151200,18900,9.776246e-5,0.349361,1.4182,35.81,0.0211,1.806994
151300,18912,9.7759636e-5,0.346752,1.4145,34.79,0.0240,1.811844
151400,18925,9.775658e-5,0.354215,1.4251,35.58,0.0225,1.838023
151500,18937,9.775376e-5,0.346652,1.4143,35.19,0.0214,1.799808
151600,18950,9.77507e-5,0.336116,1.3995,34.97,0.0222,1.748109
151700,18962,9.774788e-5,0.361852,1.4360,34.83,0.0231,1.877017
151800,18975,9.774482e-5,0.362722,1.4372,35.63,0.0212,1.881665
151900,18987,9.7741984e-5,0.354528,1.4255,35.12,0.0235,1.848617
152000,19000,9.773891e-5,0.359897,1.4332,34.71,0.0229,1.883458
152100,19012,9.773609e-5,0.372112,1.4508,41.72,0.0235,1.916551
152200,19025,9.773302e-5,0.345677,1.4129,34.57,0.0223,1.811056
152300,19037,9.773018e-5,0.352364,1.4224,34.82,0.0224,1.845739
152400,19050,9.772711e-5,0.352331,1.4224,34.95,0.0238,1.834350
152500,19062,9.772426e-5,0.362615,1.4371,34.89,0.0220,1.890229
152600,19075,9.772119e-5,0.378068,1.4595,35.29,0.0224,1.995471
152700,19087,9.771834e-5,0.366423,1.4426,34.68,0.0224,1.918375
152800,19100,9.771527e-5,0.359782,1.4330,34.60,0.0213,1.865565
152900,19112,9.7712415e-5,0.372256,1.4510,35.32,0.0201,1.949356
153000,19125,9.770933e-5,0.350181,1.4193,33.99,0.0223,1.816353
153100,19137,9.770648e-5,0.352432,1.4225,39.62,0.0258,1.846775
153200,19150,9.770339e-5,0.350023,1.4191,34.99,0.0234,1.826302
153300,19162,9.7700526e-5,0.353918,1.4246,34.90,0.0239,1.852331
153400,19175,9.769744e-5,0.363707,1.4387,35.58,0.0216,1.908713
153500,19187,9.7694574e-5,0.350100,1.4192,35.20,0.0228,1.837633
153600,19200,9.769149e-5,0.374438,1.4542,35.84,0.0202,1.946638
153700,19212,9.768862e-5,0.351949,1.4218,35.36,0.0233,1.819063
153800,19225,9.768552e-5,0.367246,1.4438,35.73,0.0210,1.920198
153900,19237,9.7682656e-5,0.364033,1.4391,34.09,0.0235,1.909676
154000,19250,9.767954e-5,0.367588,1.4442,35.91,0.0216,1.924157
154100,19262,9.7676675e-5,0.358170,1.4307,39.57,0.0259,1.876316
154200,19275,9.7673576e-5,0.342498,1.4085,35.09,0.0224,1.783609
154300,19287,9.7670694e-5,0.355779,1.4273,35.67,0.0211,1.859741
154400,19300,9.766758e-5,0.337354,1.4012,34.70,0.0220,1.751677
154500,19312,9.766471e-5,0.344479,1.4113,34.91,0.0230,1.788576
154600,19325,9.7661585e-5,0.349548,1.4184,34.55,0.0231,1.823669
154700,19337,9.765872e-5,0.351869,1.4217,35.30,0.0223,1.835122
154800,19350,9.765559e-5,0.363135,1.4378,34.67,0.0222,1.894861
154900,19362,9.765271e-5,0.342735,1.4088,34.05,0.0211,1.769362
155000,19375,9.764958e-5,0.365772,1.4416,35.12,0.0222,1.912761
155100,19387,9.76467e-5,0.358092,1.4306,40.07,0.0256,1.867761
155200,19400,9.764357e-5,0.358588,1.4313,35.38,0.0233,1.869234
155300,19412,9.764067e-5,0.341404,1.4069,35.48,0.0219,1.776530
155400,19425,9.7637545e-5,0.364137,1.4393,35.23,0.0230,1.911103
155500,19437,9.763465e-5,0.362102,1.4363,35.08,0.0225,1.896757
155600,19450,9.7631506e-5,0.361585,1.4356,34.83,0.0215,1.873545
155700,19462,9.762861e-5,0.356308,1.4280,34.99,0.0234,1.858817
155800,19475,9.762547e-5,0.352156,1.4221,35.32,0.0218,1.834721
155900,19487,9.762257e-5,0.366662,1.4429,35.69,0.0226,1.921236
156000,19500,9.761943e-5,0.340960,1.4063,35.06,0.0220,1.768762
156100,19512,9.761652e-5,0.351149,1.4207,41.63,0.0285,1.846406
156200,19525,9.7613374e-5,0.358057,1.4305,35.60,0.0211,1.867581
156300,19537,9.7610464e-5,0.350665,1.4200,35.53,0.0244,1.831299
156400,19550,9.7607306e-5,0.350760,1.4201,34.70,0.0223,1.828411
156500,19562,9.7604396e-5,0.345773,1.4131,34.45,0.0230,1.810113
156600,19575,9.760124e-5,0.380267,1.4627,35.30,0.0215,1.999537
156700,19587,9.759833e-5,0.353291,1.4237,34.78,0.0226,1.840213
156800,19600,9.759517e-5,0.353204,1.4236,35.69,0.0221,1.852111
156900,19612,9.7592245e-5,0.349935,1.4190,35.59,0.0221,1.822099
157000,19625,9.758909e-5,0.350361,1.4196,35.66,0.0221,1.821226
157100,19637,9.758616e-5,0.351330,1.4210,41.34,0.0275,1.831413
157200,19650,9.758299e-5,0.356115,1.4278,34.33,0.0231,1.853541
157300,19662,9.7580065e-5,0.358838,1.4317,34.95,0.0228,1.868570
157400,19675,9.757689e-5,0.333594,1.3960,35.78,0.0238,1.739887
157500,19687,9.757397e-5,0.350633,1.4200,34.89,0.0217,1.836133
157600,19700,9.7570795e-5,0.339749,1.4046,34.22,0.0226,1.767502
157700,19712,9.7567856e-5,0.349356,1.4182,34.17,0.0222,1.815367
157800,19725,9.756467e-5,0.352797,1.4230,34.81,0.0221,1.845736
157900,19737,9.7561744e-5,0.367015,1.4434,35.48,0.0220,1.932516
158000,19750,9.755856e-5,0.348964,1.4176,34.07,0.0227,1.813247
158100,19762,9.755562e-5,0.350688,1.4200,41.06,0.0282,1.838149
158200,19775,9.755243e-5,0.350634,1.4200,34.72,0.0221,1.821875
158300,19787,9.754948e-5,0.356112,1.4278,34.82,0.0228,1.857134
158400,19800,9.754629e-5,0.346016,1.4134,34.68,0.0217,1.812620
158500,19812,9.754335e-5,0.348644,1.4171,35.55,0.0228,1.816149
158600,19825,9.754015e-5,0.346320,1.4139,34.71,0.0214,1.780522
158700,19837,9.7537195e-5,0.362680,1.4372,36.50,0.0209,1.893190
158800,19850,9.753399e-5,0.351173,1.4207,35.45,0.0219,1.834186
158900,19862,9.753104e-5,0.369085,1.4464,35.37,0.0226,1.926147
159000,19875,9.752784e-5,0.350866,1.4203,35.19,0.0226,1.839449
159100,19887,9.7524884e-5,0.346646,1.4143,40.97,0.0276,1.827520
159200,19900,9.752167e-5,0.371475,1.4499,35.40,0.0222,1.942669
159300,19912,9.7518714e-5,0.349821,1.4188,35.25,0.0213,1.825759
159400,19925,9.75155e-5,0.351190,1.4208,34.22,0.0221,1.833013
159500,19937,9.751253e-5,0.359583,1.4327,35.76,0.0221,1.882369
159600,19950,9.750933e-5,0.354949,1.4261,34.97,0.0215,1.850506
159700,19962,9.7506345e-5,0.367091,1.4435,36.04,0.0232,1.954993
159800,19975,9.750313e-5,0.337952,1.4021,35.34,0.0221,1.765015
159900,19987,9.750016e-5,0.359599,1.4328,35.42,0.0224,1.868657
160000,20000,9.749693e-5,0.364312,1.4395,35.42,0.0231,1.920604
160100,20012,9.749396e-5,0.349525,1.4184,40.37,0.0269,1.836546
160200,20025,9.749073e-5,0.345618,1.4129,35.41,0.0232,1.791455
160300,20037,9.748776e-5,0.349106,1.4178,34.33,0.0230,1.830817
160400,20050,9.748452e-5,0.350933,1.4204,35.29,0.0226,1.832646
160500,20062,9.7481534e-5,0.363269,1.4380,34.74,0.0216,1.894900
160600,20075,9.74783e-5,0.366840,1.4432,35.54,0.0219,1.914811
160700,20087,9.747532e-5,0.364544,1.4399,36.05,0.0230,1.918244
160800,20100,9.747209e-5,0.344548,1.4114,35.04,0.0214,1.791845
160900,20112,9.746909e-5,0.365398,1.4411,35.00,0.0221,1.921374
161000,20125,9.746585e-5,0.355046,1.4262,35.29,0.0218,1.841336
161100,20137,9.7462864e-5,0.348303,1.4167,40.33,0.0275,1.813371
161200,20150,9.7459604e-5,0.375921,1.4563,35.30,0.0225,1.962213
161300,20162,9.745661e-5,0.361550,1.4356,34.84,0.0232,1.888726
161400,20175,9.745336e-5,0.367600,1.4443,35.99,0.0220,1.940337
161500,20187,9.7450364e-5,0.361310,1.4352,35.23,0.0238,1.881970
161600,20200,9.7447104e-5,0.366094,1.4421,35.09,0.0230,1.928632
161700,20212,9.7444106e-5,0.363935,1.4390,35.01,0.0211,1.905991
161800,20225,9.744085e-5,0.366332,1.4424,34.53,0.0234,1.934395
161900,20237,9.7437834e-5,0.364942,1.4404,35.11,0.0220,1.908472
162000,20250,9.7434575e-5,0.351449,1.4211,34.48,0.0235,1.823693
162100,20262,9.743156e-5,0.360322,1.4338,39.96,0.0260,1.892881
162200,20275,9.74283e-5,0.355880,1.4274,34.95,0.0220,1.846735
162300,20287,9.742529e-5,0.360957,1.4347,34.89,0.0242,1.906427
162400,20300,9.742202e-5,0.360118,1.4335,35.05,0.0231,1.887719
162500,20312,9.7419004e-5,0.362860,1.4374,34.67,0.0222,1.887962
162600,20325,9.741573e-5,0.356663,1.4286,34.77,0.0238,1.883209
162700,20337,9.74127e-5,0.362321,1.4367,35.44,0.0228,1.908910
162800,20350,9.7409415e-5,0.351628,1.4214,35.85,0.0210,1.839323
162900,20362,9.74064e-5,0.354304,1.4252,34.90,0.0226,1.847874
163000,20375,9.740311e-5,0.355321,1.4266,35.57,0.0201,1.843504
163100,20387,9.740009e-5,0.355958,1.4275,40.94,0.0253,1.868690
163200,20400,9.73968e-5,0.345958,1.4133,35.54,0.0235,1.809458
163300,20412,9.739376e-5,0.340274,1.4053,34.20,0.0224,1.768821
163400,20425,9.739048e-5,0.330465,1.3916,35.36,0.0218,1.725513
163500,20437,9.738744e-5,0.347995,1.4162,36.25,0.0218,1.809631
163600,20450,9.738415e-5,0.352292,1.4223,35.19,0.0218,1.837250
163700,20462,9.738111e-5,0.350551,1.4198,35.08,0.0213,1.835811
163800,20475,9.737781e-5,0.352123,1.4221,38.07,0.0245,1.844083
163900,20487,9.737477e-5,0.351826,1.4217,35.37,0.0230,1.842525
164000,20500,9.737146e-5,0.370648,1.4487,36.17,0.0220,1.941967
164100,20512,9.736842e-5,0.357062,1.4291,40.44,0.0248,1.872120
164200,20525,9.736512e-5,0.361095,1.4349,35.30,0.0233,1.901933
164300,20537,9.736206e-5,0.364618,1.4400,35.15,0.0213,1.895445
164400,20550,9.735876e-5,0.347193,1.4151,35.03,0.0217,1.800077
164500,20562,9.73557e-5,0.338954,1.4035,34.29,0.0238,1.770298
164600,20575,9.7352386e-5,0.360098,1.4335,35.17,0.0240,1.900684
164700,20587,9.734933e-5,0.345763,1.4131,35.21,0.0224,1.799762
164800,20600,9.734603e-5,0.356715,1.4286,34.51,0.0230,1.869765
164900,20612,9.7342956e-5,0.363359,1.4382,35.33,0.0203,1.877658
165000,20625,9.733964e-5,0.354036,1.4248,34.82,0.0223,1.841507
165100,20637,9.733657e-5,0.345823,1.4132,40.43,0.0263,1.801654
165200,20650,9.733325e-5,0.359751,1.4330,35.09,0.0221,1.884481
165300,20662,9.733018e-5,0.347675,1.4158,35.41,0.0223,1.819617
165400,20675,9.732685e-5,0.351945,1.4218,35.82,0.0207,1.832208
165500,20687,9.732378e-5,0.341757,1.4074,34.57,0.0246,1.775395
165600,20700,9.7320444e-5,0.367517,1.4441,34.42,0.0226,1.903780
165700,20712,9.7317374e-5,0.352057,1.4220,35.14,0.0227,1.844142
165800,20725,9.731404e-5,0.345312,1.4124,35.44,0.0223,1.800631
165900,20737,9.7310956e-5,0.364034,1.4391,35.76,0.0227,1.913750
166000,20750,9.7307624e-5,0.349895,1.4189,35.01,0.0222,1.830698
166100,20762,9.7304524e-5,0.354205,1.4250,40.68,0.0243,1.832476
166200,20775,9.730119e-5,0.363935,1.4390,35.17,0.0225,1.917632
166300,20787,9.729811e-5,0.346449,1.4140,35.15,0.0231,1.805827
166400,20800,9.729476e-5,0.352545,1.4227,35.05,0.0221,1.831711
166500,20812,9.729166e-5,0.340813,1.4061,34.85,0.0228,1.748617
166600,20825,9.728831e-5,0.349322,1.4181,35.37,0.0210,1.805467
166700,20837,9.7285214e-5,0.337669,1.4017,35.19,0.0215,1.754758
166800,20850,9.728187e-5,0.337103,1.4009,35.20,0.0228,1.758919
166900,20862,9.727877e-5,0.361468,1.4354,34.65,0.0220,1.897818
167000,20875,9.7275406e-5,0.336170,1.3996,34.76,0.0226,1.748236
167100,20887,9.727231e-5,0.342582,1.4086,41.44,0.0248,1.771720
167200,20900,9.7268945e-5,0.361277,1.4352,35.86,0.0222,1.887634
167300,20912,9.7265845e-5,0.366060,1.4420,34.01,0.0231,1.912073
167400,20925,9.7262484e-5,0.350636,1.4200,34.93,0.0218,1.820257
167500,20937,9.725937e-5,0.336628,1.4002,34.96,0.0225,1.748037
167600,20950,9.725601e-5,0.353810,1.4245,34.69,0.0212,1.839584
167700,20962,9.7252894e-5,0.344762,1.4117,35.14,0.0221,1.805595
167800,20975,9.724952e-5,0.350695,1.4201,35.17,0.0232,1.855430
167900,20987,9.7246404e-5,0.356476,1.4283,35.46,0.0212,1.859241
168000,21000,9.724303e-5,0.338741,1.4032,35.51,0.0217,1.763971
168100,21012,9.72399e-5,0.325251,1.3844,39.46,0.0261,1.684492
168200,21025,9.723652e-5,0.342149,1.4080,35.37,0.0226,1.783193
168300,21037,9.7233395e-5,0.324971,1.3840,34.25,0.0235,1.693311
168400,21050,9.723002e-5,0.338238,1.4025,35.09,0.0231,1.764527
168500,21062,9.722689e-5,0.344002,1.4106,34.74,0.0229,1.786309
168600,21075,9.72235e-5,0.349665,1.4186,35.60,0.0222,1.833909
168700,21087,9.722037e-5,0.329533,1.3903,35.22,0.0229,1.703969
168800,21100,9.721698e-5,0.343042,1.4092,35.51,0.0232,1.787601
168900,21112,9.721385e-5,0.328365,1.3887,34.23,0.0237,1.708093
169000,21125,9.7210446e-5,0.345387,1.4125,34.74,0.0212,1.794509
169100,21137,9.720732e-5,0.342823,1.4089,43.01,0.0264,1.784626
169200,21150,9.720391e-5,0.364328,1.4395,35.36,0.0222,1.908142
169300,21162,9.720077e-5,0.330918,1.3922,34.91,0.0220,1.715703
169400,21175,9.719738e-5,0.347449,1.4155,34.71,0.0222,1.809756
169500,21187,9.719422e-5,0.344972,1.4119,34.46,0.0232,1.792794
169600,21200,9.7190816e-5,0.369731,1.4473,35.36,0.0204,1.948426
169700,21212,9.718767e-5,0.340651,1.4059,34.63,0.0220,1.775925
169800,21225,9.718427e-5,0.353409,1.4239,35.52,0.0223,1.843775
169900,21237,9.718111e-5,0.345726,1.4130,34.79,0.0231,1.811244
170000,21250,9.717769e-5,0.345728,1.4130,34.87,0.0210,1.797370
170100,21262,9.717453e-5,0.352215,1.4222,40.14,0.0266,1.839595
170200,21275,9.717111e-5,0.346653,1.4143,35.02,0.0219,1.817888
170300,21287,9.7167955e-5,0.350541,1.4198,36.08,0.0229,1.836909
170400,21300,9.7164535e-5,0.350759,1.4201,35.61,0.0223,1.828808
170500,21312,9.716138e-5,0.354925,1.4261,35.79,0.0225,1.854217
170600,21325,9.715794e-5,0.339539,1.4043,34.72,0.0233,1.776885
170700,21337,9.7154785e-5,0.350435,1.4197,35.82,0.0218,1.821654
170800,21350,9.715135e-5,0.346136,1.4136,35.57,0.0243,1.813569
170900,21362,9.714818e-5,0.359762,1.4330,35.41,0.0217,1.877771
171000,21375,9.7144744e-5,0.349593,1.4185,35.86,0.0213,1.829534
171100,21387,9.714157e-5,0.358750,1.4315,41.40,0.0270,1.894542
171200,21400,9.713814e-5,0.343367,1.4097,35.29,0.0225,1.776816
171300,21412,9.7134965e-5,0.341620,1.4072,34.67,0.0235,1.771347
171400,21425,9.713152e-5,0.344716,1.4116,35.74,0.0217,1.804440
171500,21437,9.712833e-5,0.356566,1.4284,35.85,0.0216,1.857509
171600,21450,9.712488e-5,0.360851,1.4345,35.43,0.0223,1.879351
171700,21462,9.712171e-5,0.342220,1.4081,35.18,0.0237,1.786790
171800,21475,9.711826e-5,0.361787,1.4359,34.40,0.0224,1.886565
171900,21487,9.711507e-5,0.340997,1.4063,35.28,0.0228,1.790966
172000,21500,9.711161e-5,0.333770,1.3962,35.19,0.0214,1.716356
172100,21512,9.710842e-5,0.356768,1.4287,40.27,0.0251,1.858382
172200,21525,9.7104974e-5,0.349170,1.4179,35.22,0.0230,1.836008
172300,21537,9.710177e-5,0.362574,1.4370,35.79,0.0230,1.896983
172400,21550,9.709831e-5,0.330498,1.3917,34.95,0.0221,1.705759
172500,21562,9.709512e-5,0.356323,1.4281,35.47,0.0214,1.856844
172600,21575,9.7091644e-5,0.335253,1.3983,34.92,0.0235,1.759061
172700,21587,9.708846e-5,0.348951,1.4176,34.60,0.0229,1.812983
172800,21600,9.708498e-5,0.349163,1.4179,34.83,0.0229,1.817344
172900,21612,9.708178e-5,0.344283,1.4110,35.34,0.0237,1.791674
173000,21625,9.70783e-5,0.335619,1.3988,34.71,0.0231,1.736917
173100,21637,9.70751e-5,0.350353,1.4196,102.60,0.0637,1.835442
173200,21650,9.707162e-5,0.343777,1.4103,35.62,0.0219,1.795290
173300,21662,9.7068405e-5,0.364359,1.4396,35.39,0.0216,1.913515
173400,21675,9.706493e-5,0.358410,1.4311,35.31,0.0226,1.867194
173500,21687,9.706171e-5,0.363559,1.4384,36.08,0.0217,1.897529
173600,21700,9.705822e-5,0.355327,1.4266,35.36,0.0213,1.846317
173700,21712,9.7055e-5,0.336434,1.3999,35.18,0.0220,1.751822
173800,21725,9.7051525e-5,0.367893,1.4447,35.35,0.0228,1.917942
173900,21737,9.7048294e-5,0.341787,1.4075,35.04,0.0224,1.772683
174000,21750,9.70448e-5,0.347746,1.4159,33.97,0.0225,1.812119
174100,21762,9.704157e-5,0.339349,1.4040,40.76,0.0274,1.782731
174200,21775,9.703808e-5,0.356831,1.4288,35.68,0.0213,1.858462
174300,21787,9.703485e-5,0.334599,1.3974,34.75,0.0224,1.727533
174400,21800,9.7031356e-5,0.357466,1.4297,35.69,0.0220,1.865605
174500,21812,9.7028125e-5,0.344680,1.4115,35.12,0.0233,1.792332
174600,21825,9.702462e-5,0.346499,1.4141,35.38,0.0224,1.812014
174700,21837,9.702137e-5,0.347546,1.4156,34.93,0.0224,1.822464
174800,21850,9.7017866e-5,0.352169,1.4221,34.54,0.0226,1.833129
174900,21862,9.7014636e-5,0.359588,1.4327,34.35,0.0237,1.887391
175000,21875,9.7011114e-5,0.364583,1.4399,35.25,0.0229,1.912456
175100,21887,9.700788e-5,0.358154,1.4307,43.35,0.0272,1.878335
175200,21900,9.700436e-5,0.341197,1.4066,35.01,0.0226,1.788705
175300,21912,9.700112e-5,0.351207,1.4208,35.37,0.0218,1.827133
175400,21925,9.6997595e-5,0.357012,1.4291,35.42,0.0216,1.858676
175500,21937,9.699435e-5,0.344597,1.4114,34.27,0.0230,1.794845
175600,21950,9.6990814e-5,0.351492,1.4212,34.85,0.0234,1.845295
175700,21962,9.698757e-5,0.343353,1.4097,35.04,0.0211,1.786509
175800,21975,9.698403e-5,0.352005,1.4219,35.13,0.0216,1.847425
175900,21987,9.698079e-5,0.335884,1.3992,34.54,0.0219,1.742283
176000,22000,9.697725e-5,0.348680,1.4172,35.25,0.0220,1.817273
176100,22012,9.697399e-5,0.352418,1.4225,39.90,0.0258,1.841491
176200,22025,9.6970456e-5,0.340279,1.4053,34.02,0.0231,1.758075
176300,22037,9.69672e-5,0.351983,1.4219,35.42,0.0229,1.839904
176400,22050,9.696366e-5,0.327484,1.3875,34.80,0.0230,1.701450
176500,22062,9.6960386e-5,0.339998,1.4049,35.38,0.0208,1.764324
176600,22075,9.6956835e-5,0.352670,1.4229,35.82,0.0218,1.856694
176700,22087,9.6953576e-5,0.355320,1.4266,35.33,0.0227,1.849604
176800,22100,9.6950025e-5,0.363027,1.4377,35.48,0.0211,1.883428
176900,22112,9.694675e-5,0.341850,1.4075,35.61,0.0231,1.793662
177000,22125,9.69432e-5,0.363694,1.4386,35.21,0.0227,1.917697
177100,22137,9.6939926e-5,0.339174,1.4038,39.31,0.0263,1.773361
177200,22150,9.6936375e-5,0.356383,1.4282,34.75,0.0228,1.877802
177300,22162,9.693309e-5,0.353144,1.4235,35.10,0.0230,1.856692
177400,22175,9.692952e-5,0.347849,1.4160,35.25,0.0218,1.802007
177500,22187,9.692625e-5,0.330438,1.3916,35.42,0.0225,1.733657
177600,22200,9.692268e-5,0.352939,1.4232,35.50,0.0218,1.826206
177700,22212,9.691939e-5,0.339950,1.4049,35.23,0.0226,1.775016
177800,22225,9.691583e-5,0.351237,1.4208,34.71,0.0227,1.837810
177900,22237,9.6912525e-5,0.348482,1.4169,34.98,0.0221,1.812713
178000,22250,9.690896e-5,0.343971,1.4105,35.13,0.0227,1.805618
178100,22262,9.690567e-5,0.350664,1.4200,41.92,0.0252,1.830967
178200,22275,9.690209e-5,0.342355,1.4083,34.75,0.0225,1.780500
178300,22287,9.68988e-5,0.354519,1.4255,35.43,0.0223,1.857098
178400,22300,9.689522e-5,0.355107,1.4263,35.60,0.0214,1.862796
178500,22312,9.689192e-5,0.349542,1.4184,36.12,0.0208,1.831165
178600,22325,9.688834e-5,0.358286,1.4309,34.84,0.0215,1.872963
178700,22337,9.688502e-5,0.337956,1.4021,34.79,0.0233,1.766411
178800,22350,9.688144e-5,0.345574,1.4128,34.23,0.0227,1.814744
178900,22362,9.687814e-5,0.332310,1.3942,34.94,0.0217,1.726122
179000,22375,9.6874544e-5,0.353397,1.4239,35.59,0.0215,1.856234
179100,22387,9.687123e-5,0.368132,1.4450,39.53,0.0258,1.937591
179200,22400,9.686765e-5,0.358565,1.4313,35.28,0.0231,1.883154
179300,22412,9.686433e-5,0.364473,1.4398,35.32,0.0221,1.908811
179400,22425,9.6860735e-5,0.337944,1.4021,34.76,0.0225,1.782007
179500,22437,9.68574e-5,0.343148,1.4094,34.47,0.0220,1.782449
179600,22450,9.685381e-5,0.344184,1.4108,34.73,0.0218,1.799667
179700,22462,9.6850476e-5,0.348282,1.4166,34.29,0.0227,1.820584
179800,22475,9.684688e-5,0.327759,1.3879,34.76,0.0214,1.700931
179900,22487,9.684355e-5,0.359299,1.4323,35.05,0.0228,1.877392
180000,22500,9.683994e-5,0.352796,1.4230,34.96,0.0232,1.840082
180100,22512,9.683661e-5,0.351030,1.4205,39.77,0.0245,1.825589
180200,22525,9.6833e-5,0.334806,1.3977,34.49,0.0216,1.736995
180300,22537,9.6829666e-5,0.341678,1.4073,34.88,0.0220,1.779016
180400,22550,9.682604e-5,0.342450,1.4084,34.75,0.0226,1.789193
180500,22562,9.682271e-5,0.345331,1.4125,35.03,0.0220,1.799225
180600,22575,9.681909e-5,0.343394,1.4097,35.31,0.0215,1.793199
180700,22587,9.681574e-5,0.348139,1.4164,35.23,0.0219,1.819330
180800,22600,9.681213e-5,0.341951,1.4077,35.25,0.0214,1.784393
180900,22612,9.6808784e-5,0.348661,1.4172,34.86,0.0234,1.824745
181000,22625,9.680516e-5,0.340389,1.4055,35.27,0.0228,1.771579
181100,22637,9.6801814e-5,0.339145,1.4037,42.65,0.0285,1.778138
181200,22650,9.6798176e-5,0.347771,1.4159,34.76,0.0242,1.826282
181300,22662,9.679483e-5,0.359324,1.4324,35.84,0.0224,1.894453
181400,22675,9.679119e-5,0.342281,1.4082,35.69,0.0216,1.794661
181500,22687,9.678783e-5,0.339856,1.4047,34.82,0.0219,1.775934
181600,22700,9.678419e-5,0.349373,1.4182,35.57,0.0215,1.828752
181700,22712,9.678083e-5,0.345911,1.4133,35.05,0.0216,1.800955
181800,22725,9.677719e-5,0.346822,1.4146,34.52,0.0230,1.811311
181900,22737,9.677383e-5,0.346551,1.4142,34.94,0.0219,1.801128
182000,22750,9.677019e-5,0.343095,1.4093,35.87,0.0222,1.798540
182100,22762,9.676682e-5,0.337770,1.4018,40.68,0.0260,1.763977
182200,22775,9.6763164e-5,0.341680,1.4073,35.21,0.0213,1.775777
182300,22787,9.67598e-5,0.339147,1.4037,35.71,0.0221,1.771387
182400,22800,9.675615e-5,0.332989,1.3951,35.50,0.0237,1.738105
182500,22812,9.6752774e-5,0.331697,1.3933,34.87,0.0226,1.730653
182600,22825,9.674912e-5,0.337160,1.4010,35.51,0.0225,1.776436
182700,22837,9.6745745e-5,0.339606,1.4044,35.46,0.0220,1.774628
182800,22850,9.674208e-5,0.347545,1.4156,35.78,0.0233,1.821170
182900,22862,9.67387e-5,0.352718,1.4229,35.55,0.0219,1.835835
183000,22875,9.6735035e-5,0.330875,1.3922,34.53,0.0228,1.718222
183100,22887,9.6731645e-5,0.333224,1.3955,38.90,0.0253,1.726898
183200,22900,9.672798e-5,0.350628,1.4200,35.74,0.0218,1.846462
183300,22912,9.67246e-5,0.326347,1.3859,34.25,0.0231,1.708293
183400,22925,9.672092e-5,0.355225,1.4265,34.79,0.0220,1.851199
183500,22937,9.671753e-5,0.342563,1.4086,34.39,0.0235,1.783364
183600,22950,9.671386e-5,0.330226,1.3913,35.42,0.0220,1.719158
183700,22962,9.671046e-5,0.352367,1.4224,35.35,0.0225,1.832164
183800,22975,9.6706775e-5,0.353219,1.4236,35.16,0.0219,1.841450
183900,22987,9.6703385e-5,0.348849,1.4174,35.31,0.0223,1.828513
184000,23000,9.669969e-5,0.331309,1.3928,34.34,0.0242,1.726990
184100,23012,9.66963e-5,0.350757,1.4201,41.16,0.0259,1.836351
184200,23025,9.66926e-5,0.348344,1.4167,34.68,0.0228,1.819360
184300,23037,9.66892e-5,0.351177,1.4207,35.89,0.0213,1.838826
184400,23050,9.6685515e-5,0.341026,1.4064,34.97,0.0217,1.785944
184500,23062,9.668211e-5,0.350724,1.4201,34.53,0.0230,1.846216
184600,23075,9.6678414e-5,0.356646,1.4285,35.55,0.0219,1.868367
184700,23087,9.6674994e-5,0.359868,1.4331,35.94,0.0225,1.888430
184800,23100,9.66713e-5,0.341745,1.4074,34.73,0.0226,1.777253
184900,23112,9.666788e-5,0.332399,1.3943,34.66,0.0227,1.730494
185000,23125,9.666418e-5,0.351854,1.4217,36.17,0.0215,1.838936
185100,23137,9.666076e-5,0.325429,1.3846,40.60,0.0259,1.684839
185200,23150,9.665705e-5,0.347611,1.4157,34.99,0.0228,1.826647
185300,23162,9.665363e-5,0.340232,1.4053,35.16,0.0218,1.776636
185400,23175,9.664992e-5,0.348688,1.4172,35.47,0.0221,1.835720
185500,23187,9.664649e-5,0.343677,1.4101,35.81,0.0220,1.798536
185600,23200,9.6642776e-5,0.349229,1.4180,35.61,0.0218,1.827986
185700,23212,9.663934e-5,0.353935,1.4247,36.40,0.0236,1.847849
185800,23225,9.663563e-5,0.333652,1.3961,35.30,0.0234,1.744556
185900,23237,9.66322e-5,0.354328,1.4252,35.95,0.0223,1.867562
186000,23250,9.662847e-5,0.350160,1.4193,35.06,0.0229,1.834010
186100,23262,9.662504e-5,0.326231,1.3857,39.54,0.0267,1.690962
186200,23275,9.662131e-5,0.361103,1.4349,34.79,0.0224,1.887837
186300,23287,9.661788e-5,0.344393,1.4111,36.01,0.0222,1.803010
186400,23300,9.661414e-5,0.339919,1.4048,35.79,0.0220,1.774035
186500,23312,9.66107e-5,0.351547,1.4213,35.80,0.0221,1.843905
186600,23325,9.6606964e-5,0.334386,1.3971,35.09,0.0226,1.731927
186700,23337,9.6603515e-5,0.343181,1.4094,35.59,0.0228,1.781653
186800,23350,9.6599775e-5,0.344070,1.4107,35.00,0.0222,1.801867
186900,23362,9.6596326e-5,0.336623,1.4002,35.16,0.0237,1.748267
187000,23375,9.659259e-5,0.351194,1.4208,35.79,0.0223,1.842864
187100,23387,9.658914e-5,0.349197,1.4179,51.15,0.0324,1.826491
187200,23400,9.658538e-5,0.335891,1.3992,34.37,0.0220,1.745925
187300,23412,9.6581934e-5,0.336234,1.3997,36.15,0.0229,1.756246
187400,23425,9.6578195e-5,0.348608,1.4171,36.16,0.0212,1.835455
187500,23437,9.657472e-5,0.344644,1.4115,35.75,0.0213,1.785468
187600,23450,9.657096e-5,0.346386,1.4139,35.63,0.0221,1.808519
187700,23462,9.656751e-5,0.332718,1.3948,34.68,0.0226,1.741480
187800,23475,9.6563745e-5,0.347045,1.4149,37.01,0.0230,1.821264
187900,23487,9.656028e-5,0.335631,1.3988,34.99,0.0225,1.757543
188000,23500,9.655653e-5,0.343378,1.4097,34.50,0.0221,1.799343
188100,23512,9.655305e-5,0.331383,1.3929,39.72,0.0241,1.718464
188200,23525,9.654928e-5,0.336815,1.4005,34.90,0.0230,1.759342
188300,23537,9.654582e-5,0.339942,1.4049,34.71,0.0232,1.778000
188400,23550,9.654205e-5,0.360968,1.4347,34.95,0.0216,1.892180
188500,23562,9.653857e-5,0.338851,1.4033,35.97,0.0221,1.777940
188600,23575,9.65348e-5,0.350141,1.4193,35.48,0.0229,1.849427
188700,23587,9.653131e-5,0.358619,1.4314,36.23,0.0236,1.884644
188800,23600,9.652754e-5,0.326377,1.3859,35.26,0.0214,1.695666
188900,23612,9.652405e-5,0.336990,1.4007,35.35,0.0232,1.772520
189000,23625,9.652028e-5,0.352720,1.4229,35.41,0.0234,1.850932
189100,23637,9.6516786e-5,0.352175,1.4222,43.99,0.0275,1.836843
189200,23650,9.6513e-5,0.340234,1.4053,34.55,0.0232,1.774265
189300,23662,9.650951e-5,0.335209,1.3982,35.31,0.0238,1.734805
189400,23675,9.6505726e-5,0.337989,1.4021,35.39,0.0222,1.763524
189500,23687,9.6502234e-5,0.338937,1.4035,34.77,0.0231,1.765842
189600,23700,9.6498436e-5,0.328017,1.3882,35.01,0.0228,1.718226
189700,23712,9.649494e-5,0.327546,1.3876,34.45,0.0230,1.707313
189800,23725,9.6491145e-5,0.333663,1.3961,34.82,0.0225,1.751983
189900,23737,9.648764e-5,0.348141,1.4164,35.39,0.0233,1.824816
190000,23750,9.648384e-5,0.350341,1.4196,35.71,0.0235,1.852619
190100,23762,9.648033e-5,0.348589,1.4171,41.55,0.0262,1.829838
190200,23775,9.6476535e-5,0.339732,1.4046,35.05,0.0221,1.765581
190300,23787,9.647303e-5,0.338448,1.4028,36.34,0.0212,1.752461
190400,23800,9.6469215e-5,0.349097,1.4178,35.97,0.0225,1.830960
190500,23812,9.646571e-5,0.362167,1.4364,36.23,0.0228,1.908838
190600,23825,9.6461896e-5,0.338743,1.4032,35.08,0.0229,1.768137
190700,23837,9.6458374e-5,0.334715,1.3975,35.58,0.0249,1.755943
190800,23850,9.645456e-5,0.337791,1.4018,34.48,0.0211,1.744519
190900,23862,9.645104e-5,0.349991,1.4191,36.05,0.0223,1.822356
191000,23875,9.644723e-5,0.340814,1.4061,35.05,0.0224,1.785996
191100,23887,9.6443706e-5,0.328725,1.3892,39.50,0.0245,1.696333
191200,23900,9.643988e-5,0.335312,1.3984,34.78,0.0222,1.749113
191300,23912,9.643636e-5,0.326644,1.3863,34.67,0.0234,1.708502
191400,23925,9.643253e-5,0.342742,1.4088,34.94,0.0229,1.783979
191500,23937,9.642901e-5,0.339105,1.4037,36.00,0.0218,1.754409
191600,23950,9.642518e-5,0.337623,1.4016,34.45,0.0232,1.756844
191700,23962,9.6421645e-5,0.357578,1.4299,35.83,0.0226,1.866854
191800,23975,9.64178e-5,0.354690,1.4257,36.48,0.0212,1.850920
191900,23987,9.641427e-5,0.329457,1.3902,36.99,0.0235,1.735323
192000,24000,9.641044e-5,0.342154,1.4080,35.48,0.0241,1.790783
192100,24012,9.640689e-5,0.340808,1.4061,41.31,0.0260,1.772924
192200,24025,9.640305e-5,0.340533,1.4057,34.77,0.0230,1.771495
192300,24037,9.639951e-5,0.357775,1.4301,35.03,0.0217,1.869896
192400,24050,9.639567e-5,0.330745,1.3920,35.20,0.0227,1.719709
192500,24062,9.639212e-5,0.343742,1.4102,34.99,0.0220,1.793314
192600,24075,9.638826e-5,0.331433,1.3930,34.61,0.0228,1.721552
192700,24087,9.638471e-5,0.331540,1.3931,35.21,0.0236,1.719900
192800,24100,9.638087e-5,0.332417,1.3943,35.85,0.0233,1.729113
192900,24112,9.637732e-5,0.337009,1.4008,34.66,0.0227,1.754164
193000,24125,9.637345e-5,0.328386,1.3887,34.85,0.0229,1.708341
193100,24137,9.63699e-5,0.330539,1.3917,40.54,0.0258,1.717273
193200,24150,9.636604e-5,0.347425,1.4154,35.64,0.0229,1.809381
193300,24162,9.636248e-5,0.326515,1.3861,35.40,0.0236,1.718079
193400,24175,9.6358606e-5,0.343468,1.4098,34.99,0.0218,1.776840
193500,24187,9.6355056e-5,0.338739,1.4032,35.24,0.0225,1.770258
193600,24200,9.6351185e-5,0.321775,1.3796,34.54,0.0226,1.666021
193700,24212,9.634762e-5,0.360441,1.4340,35.47,0.0219,1.907676
193800,24225,9.634375e-5,0.349379,1.4182,35.10,0.0219,1.826228
193900,24237,9.634017e-5,0.332155,1.3940,35.55,0.0224,1.731866
194000,24250,9.63363e-5,0.344362,1.4111,35.78,0.0237,1.806025
194100,24262,9.633272e-5,0.339204,1.4038,41.21,0.0264,1.780839
194200,24275,9.632885e-5,0.353038,1.4234,36.59,0.0226,1.863293
194300,24287,9.632527e-5,0.347091,1.4149,35.83,0.0226,1.803298
194400,24300,9.632138e-5,0.338302,1.4026,36.31,0.0228,1.782173
194500,24312,9.63178e-5,0.346763,1.4145,36.20,0.0217,1.806595
194600,24325,9.631392e-5,0.325521,1.3848,35.27,0.0228,1.678634
194700,24337,9.631034e-5,0.327321,1.3872,35.75,0.0231,1.699502
194800,24350,9.630644e-5,0.349486,1.4183,35.39,0.0228,1.842103
194900,24362,9.630286e-5,0.338510,1.4029,35.28,0.0237,1.775193
195000,24375,9.629896e-5,0.339420,1.4041,35.95,0.0213,1.772356
195100,24387,9.629536e-5,0.367243,1.4437,41.63,0.0255,1.926771
195200,24400,9.629148e-5,0.343121,1.4093,34.94,0.0223,1.789782
195300,24412,9.628787e-5,0.352965,1.4233,36.02,0.0229,1.847220
195400,24425,9.628397e-5,0.319766,1.3768,34.94,0.0240,1.675238
195500,24437,9.628036e-5,0.337193,1.4010,34.82,0.0218,1.761661
195600,24450,9.627646e-5,0.339011,1.4036,35.73,0.0216,1.765054
195700,24462,9.6272866e-5,0.341862,1.4076,35.03,0.0224,1.764041
195800,24475,9.626895e-5,0.360162,1.4336,35.82,0.0227,1.907906
195900,24487,9.626534e-5,0.328845,1.3894,35.16,0.0242,1.719345
196000,24500,9.626144e-5,0.336441,1.4000,35.85,0.0209,1.765755
196100,24512,9.625782e-5,0.322989,1.3813,40.66,0.0278,1.698415
196200,24525,9.6253905e-5,0.338084,1.4023,34.37,0.0236,1.774738
196300,24537,9.6250296e-5,0.352657,1.4228,35.66,0.0214,1.836288
196400,24550,9.624638e-5,0.339031,1.4036,35.00,0.0231,1.774771
196500,24562,9.624276e-5,0.329947,1.3909,35.17,0.0236,1.719994
196600,24575,9.623883e-5,0.328532,1.3889,35.03,0.0233,1.708948
196700,24587,9.623522e-5,0.334791,1.3976,35.80,0.0220,1.745237
196800,24600,9.623129e-5,0.342355,1.4083,36.03,0.0229,1.785646
196900,24612,9.622767e-5,0.341184,1.4066,35.90,0.0240,1.793081
197000,24625,9.622374e-5,0.353291,1.4237,36.09,0.0231,1.855320
197100,24637,9.62201e-5,0.354426,1.4254,41.09,0.0261,1.853145
197200,24650,9.621617e-5,0.329721,1.3906,34.65,0.0233,1.734105
197300,24662,9.6212534e-5,0.339809,1.4047,35.98,0.0224,1.774760
197400,24675,9.6208605e-5,0.354457,1.4254,35.53,0.0227,1.845374
197500,24687,9.620497e-5,0.338408,1.4027,35.29,0.0236,1.778950
197600,24700,9.620102e-5,0.346732,1.4144,35.36,0.0225,1.804250
197700,24712,9.6197386e-5,0.340223,1.4053,35.33,0.0219,1.768169
197800,24725,9.619344e-5,0.343973,1.4105,35.95,0.0222,1.793818
197900,24737,9.6189804e-5,0.340019,1.4050,35.20,0.0240,1.799484
198000,24750,9.618586e-5,0.338115,1.4023,35.62,0.0225,1.753477
198100,24762,9.618221e-5,0.338033,1.4022,43.98,0.0291,1.755972
198200,24775,9.617825e-5,0.341491,1.4070,35.06,0.0223,1.778727
198300,24787,9.61746e-5,0.341015,1.4064,35.76,0.0230,1.801867
198400,24800,9.6170654e-5,0.346461,1.4141,35.56,0.0232,1.806211
198500,24812,9.6167e-5,0.332121,1.3939,35.27,0.0227,1.741675
198600,24825,9.616304e-5,0.333196,1.3954,35.04,0.0239,1.756386
198700,24837,9.6159376e-5,0.335773,1.3990,35.00,0.0218,1.741279
198800,24850,9.615542e-5,0.342995,1.4092,35.81,0.0234,1.782470
198900,24862,9.6151765e-5,0.343156,1.4094,34.52,0.0217,1.796404
199000,24875,9.614779e-5,0.336093,1.3995,35.38,0.0231,1.765223
199100,24887,9.6144126e-5,0.349474,1.4183,41.33,0.0255,1.833314
199200,24900,9.614015e-5,0.352844,1.4231,35.40,0.0239,1.839020
199300,24912,9.6136486e-5,0.347686,1.4158,35.02,0.0226,1.821826
199400,24925,9.613251e-5,0.337681,1.4017,35.26,0.0226,1.778196
199500,24937,9.6128846e-5,0.346485,1.4141,35.58,0.0224,1.799924
199600,24950,9.612486e-5,0.345967,1.4134,36.27,0.0217,1.807578
199700,24962,9.612119e-5,0.349986,1.4190,35.55,0.0214,1.821229
199800,24975,9.6117205e-5,0.335498,1.3986,35.47,0.0229,1.761583
199900,24987,9.611354e-5,0.343475,1.4098,35.33,0.0217,1.790714
200000,25000,9.6109536e-5,0.344173,1.4108,35.36,0.0223,1.798191
200100,25012,9.610587e-5,0.362083,1.4363,40.78,0.0245,1.885567
200200,25025,9.610188e-5,0.327868,1.3880,36.37,0.0217,1.712514
200300,25037,9.6098185e-5,0.343571,1.4100,35.22,0.0240,1.794796
200400,25050,9.60942e-5,0.343725,1.4102,35.51,0.0226,1.797573
200500,25062,9.6090516e-5,0.343775,1.4103,35.71,0.0220,1.788964
200600,25075,9.6086515e-5,0.348555,1.4170,35.39,0.0233,1.813226
200700,25087,9.608282e-5,0.325246,1.3844,34.76,0.0215,1.677602
200800,25100,9.607882e-5,0.342621,1.4086,34.77,0.0219,1.793927
200900,25112,9.607512e-5,0.338841,1.4033,35.51,0.0220,1.767901
201000,25125,9.607112e-5,0.337286,1.4011,35.28,0.0227,1.764968
201100,25137,9.606742e-5,0.329410,1.3901,41.19,0.0263,1.726274
201200,25150,9.606342e-5,0.333327,1.3956,35.68,0.0211,1.736037
201300,25162,9.605971e-5,0.341409,1.4069,35.06,0.0223,1.785265
201400,25175,9.605571e-5,0.318792,1.3755,34.78,0.0233,1.657334
201500,25187,9.6052e-5,0.358828,1.4316,35.46,0.0222,1.884403
201600,25200,9.604798e-5,0.326531,1.3862,35.34,0.0234,1.705566
201700,25212,9.604427e-5,0.339501,1.4042,35.42,0.0219,1.765236
201800,25225,9.6040254e-5,0.318720,1.3754,34.77,0.0233,1.649411
201900,25237,9.603654e-5,0.327124,1.3870,35.59,0.0231,1.706628
202000,25250,9.603253e-5,0.326325,1.3859,35.28,0.0212,1.692329
202100,25262,9.60288e-5,0.328939,1.3895,40.11,0.0247,1.698671
202200,25275,9.602477e-5,0.339708,1.4045,35.47,0.0220,1.768506
202300,25287,9.602106e-5,0.329333,1.3900,34.82,0.0236,1.724592
202400,25300,9.601703e-5,0.322216,1.3802,34.10,0.0233,1.681660
202500,25312,9.6013304e-5,0.333167,1.3954,35.53,0.0229,1.733346
202600,25325,9.600927e-5,0.338650,1.4031,35.25,0.0229,1.772871
202700,25337,9.600555e-5,0.351800,1.4216,35.86,0.0236,1.845138
202800,25350,9.60015e-5,0.347396,1.4154,36.10,0.0217,1.811436
202900,25362,9.599778e-5,0.334898,1.3978,35.33,0.0217,1.758801
203000,25375,9.599373e-5,0.338196,1.4024,35.60,0.0223,1.760052
203100,25387,9.5990006e-5,0.348722,1.4173,40.96,0.0267,1.816438
203200,25400,9.598596e-5,0.349901,1.4189,35.54,0.0241,1.831259
203300,25412,9.598222e-5,0.344809,1.4117,35.30,0.0231,1.816903
203400,25425,9.597816e-5,0.319669,1.3767,34.17,0.0239,1.656690
203500,25437,9.5974436e-5,0.338460,1.4028,35.80,0.0234,1.754172
203600,25450,9.5970376e-5,0.328508,1.3889,35.45,0.0219,1.708006
203700,25462,9.5966636e-5,0.327612,1.3877,36.00,0.0239,1.714440
203800,25475,9.5962576e-5,0.334201,1.3968,36.01,0.0211,1.738518
203900,25487,9.5958836e-5,0.331949,1.3937,35.66,0.0215,1.732436
204000,25500,9.595476e-5,0.344414,1.4112,35.05,0.0220,1.794937
204100,25512,9.595102e-5,0.349906,1.4189,40.17,0.0248,1.823638
204200,25525,9.594696e-5,0.342190,1.4080,35.95,0.0220,1.776409
204300,25537,9.594321e-5,0.348933,1.4176,35.61,0.0222,1.819009
204400,25550,9.593913e-5,0.326376,1.3859,35.23,0.0239,1.698997
204500,25562,9.593538e-5,0.324425,1.3832,34.88,0.0233,1.696158
204600,25575,9.5931304e-5,0.323419,1.3818,34.53,0.0223,1.687269
204700,25587,9.592755e-5,0.334070,1.3966,38.85,0.0254,1.752819
204800,25600,9.5923475e-5,0.341678,1.4073,36.33,0.0227,1.783801
204900,25612,9.5919706e-5,0.333853,1.3963,35.97,0.0215,1.738390
205000,25625,9.591563e-5,0.348410,1.4168,35.38,0.0229,1.815589
205100,25637,9.591186e-5,0.322383,1.3804,39.80,0.0269,1.671445
205200,25650,9.590777e-5,0.319490,1.3764,34.38,0.0233,1.657339
205300,25662,9.5904004e-5,0.339157,1.4038,35.17,0.0229,1.779667
205400,25675,9.5899915e-5,0.332578,1.3946,35.57,0.0230,1.741696
205500,25687,9.589615e-5,0.320110,1.3773,36.03,0.0240,1.656101
205600,25700,9.589206e-5,0.342541,1.4085,35.78,0.0230,1.790259
205700,25712,9.5888274e-5,0.335166,1.3982,34.33,0.0236,1.741242
205800,25725,9.5884185e-5,0.338631,1.4030,35.40,0.0225,1.752934
205900,25737,9.58804e-5,0.326946,1.3867,34.99,0.0230,1.708885
206000,25750,9.58763e-5,0.352865,1.4231,35.68,0.0216,1.852087
206100,25762,9.5872514e-5,0.353122,1.4235,41.85,0.0246,1.859613
206200,25775,9.586841e-5,0.355935,1.4275,35.58,0.0231,1.862942
206300,25787,9.586463e-5,0.332491,1.3944,35.13,0.0230,1.728632
206400,25800,9.586052e-5,0.329117,1.3897,35.00,0.0232,1.714256
206500,25812,9.5856725e-5,0.312453,1.3668,35.15,0.0234,1.627659
206600,25825,9.585262e-5,0.335431,1.3985,35.50,0.0231,1.747001
206700,25837,9.584882e-5,0.336591,1.4002,35.14,0.0242,1.759426
206800,25850,9.5844705e-5,0.324055,1.3827,34.85,0.0228,1.684920
206900,25862,9.584091e-5,0.345726,1.4130,34.77,0.0236,1.812224
207000,25875,9.5836804e-5,0.328395,1.3887,35.21,0.0235,1.714426
207100,25887,9.583299e-5,0.330771,1.3920,42.16,0.0283,1.718374
207200,25900,9.582887e-5,0.341450,1.4070,35.42,0.0224,1.782169
207300,25912,9.5825075e-5,0.350152,1.4193,34.85,0.0235,1.837278
207400,25925,9.582094e-5,0.327087,1.3869,35.04,0.0234,1.715847
207500,25937,9.5817144e-5,0.337573,1.4015,35.28,0.0221,1.742928
207600,25950,9.581301e-5,0.337640,1.4016,35.31,0.0229,1.765027
207700,25962,9.58092e-5,0.307833,1.3605,34.31,0.0237,1.584179
207800,25975,9.5805066e-5,0.328595,1.3890,34.93,0.0232,1.710968
207900,25987,9.580125e-5,0.328769,1.3893,35.11,0.0234,1.704309
208000,26000,9.579712e-5,0.338995,1.4035,36.15,0.0223,1.756931
208100,26012,9.579329e-5,0.335986,1.3993,39.31,0.0267,1.756071
208200,26025,9.578916e-5,0.326936,1.3867,34.94,0.0228,1.684350
208300,26037,9.578533e-5,0.331068,1.3925,35.77,0.0217,1.728884
208400,26050,9.57812e-5,0.340663,1.4059,36.52,0.0211,1.789239
208500,26062,9.5777374e-5,0.326929,1.3867,35.78,0.0223,1.704138
208600,26075,9.5773226e-5,0.348057,1.4163,35.30,0.0223,1.820891
208700,26087,9.57694e-5,0.317522,1.3737,34.83,0.0232,1.654874
208800,26100,9.576524e-5,0.339999,1.4049,35.96,0.0203,1.779528
208900,26112,9.576141e-5,0.341360,1.4069,35.94,0.0234,1.808536
209000,26125,9.575726e-5,0.351086,1.4206,35.58,0.0235,1.858125
209100,26137,9.575342e-5,0.347031,1.4149,44.88,0.0244,1.822016
209200,26150,9.574926e-5,0.341211,1.4067,35.69,0.0216,1.780183
209300,26162,9.574543e-5,0.338744,1.4032,35.96,0.0213,1.763898
209400,26175,9.574127e-5,0.347956,1.4162,35.39,0.0208,1.824826
209500,26187,9.573743e-5,0.328416,1.3888,35.31,0.0227,1.707134
209600,26200,9.573325e-5,0.345621,1.4129,34.73,0.0224,1.809619
209700,26212,9.572941e-5,0.331796,1.3935,35.58,0.0233,1.732220
209800,26225,9.5725234e-5,0.330196,1.3912,36.49,0.0245,1.735467
209900,26237,9.572139e-5,0.335771,1.3990,35.40,0.0224,1.737718
210000,26250,9.5717216e-5,0.338814,1.4033,35.40,0.0237,1.760458
210100,26262,9.571336e-5,0.366788,1.4431,45.61,0.0286,1.925295
210200,26275,9.570918e-5,0.334857,1.3977,36.36,0.0233,1.762836
210300,26287,9.570533e-5,0.342137,1.4080,36.11,0.0226,1.783381
210400,26300,9.570115e-5,0.332251,1.3941,34.87,0.0227,1.729319
210500,26312,9.5697294e-5,0.336267,1.3997,35.51,0.0227,1.751442
210600,26325,9.56931e-5,0.338663,1.4031,35.36,0.0223,1.774074
210700,26337,9.568925e-5,0.331461,1.3930,35.77,0.0225,1.722465
210800,26350,9.5685056e-5,0.338727,1.4032,35.26,0.0234,1.762922
210900,26362,9.56812e-5,0.346966,1.4148,35.54,0.0233,1.795799
211000,26375,9.5676995e-5,0.333500,1.3958,35.75,0.0232,1.747536
211100,26387,9.567314e-5,0.339776,1.4046,41.49,0.0268,1.766685
211200,26400,9.566893e-5,0.340462,1.4056,35.78,0.0235,1.781012
211300,26412,9.566506e-5,0.352208,1.4222,36.63,0.0236,1.859648
211400,26425,9.566086e-5,0.356791,1.4287,35.76,0.0225,1.871099
211500,26437,9.5656986e-5,0.347793,1.4159,36.16,0.0229,1.831876
211600,26450,9.565278e-5,0.326728,1.3864,35.54,0.0226,1.699384
211700,26462,9.5648895e-5,0.327147,1.3870,35.71,0.0216,1.706504
211800,26475,9.564469e-5,0.358150,1.4307,34.95,0.0214,1.872012
211900,26487,9.5640804e-5,0.332816,1.3949,36.31,0.0243,1.741692
212000,26500,9.56366e-5,0.337396,1.4013,35.59,0.0226,1.761079
212100,26512,9.563271e-5,0.340545,1.4057,42.46,0.0236,1.775074
212200,26525,9.562851e-5,0.315669,1.3712,34.78,0.0237,1.638072
212300,26537,9.562461e-5,0.337208,1.4010,36.71,0.0236,1.768682
212400,26550,9.562039e-5,0.344737,1.4116,35.65,0.0226,1.809303
212500,26562,9.56165e-5,0.320319,1.3776,35.32,0.0226,1.665559
212600,26575,9.561228e-5,0.329268,1.3900,35.11,0.0211,1.703697
212700,26587,9.560838e-5,0.334073,1.3966,35.62,0.0216,1.745877
212800,26600,9.560416e-5,0.322409,1.3804,36.57,0.0215,1.666422
212900,26612,9.560026e-5,0.316960,1.3729,34.69,0.0221,1.640736
213000,26625,9.559603e-5,0.352382,1.4225,35.75,0.0208,1.852207
213100,26637,9.559213e-5,0.329195,1.3898,40.91,0.0262,1.716058
213200,26650,9.558789e-5,0.339103,1.4037,35.68,0.0238,1.784099
213300,26662,9.558398e-5,0.320554,1.3779,35.33,0.0240,1.655980
213400,26675,9.557976e-5,0.328088,1.3883,35.40,0.0230,1.713251
213500,26687,9.557583e-5,0.331888,1.3936,35.46,0.0239,1.722767
213600,26700,9.5571595e-5,0.333405,1.3957,35.86,0.0215,1.731850
213700,26712,9.556768e-5,0.339990,1.4049,35.51,0.0234,1.778421
213800,26725,9.5563446e-5,0.335335,1.3984,35.83,0.0226,1.745127
213900,26737,9.555952e-5,0.333447,1.3958,35.46,0.0213,1.733277
214000,26750,9.555528e-5,0.330892,1.3922,35.57,0.0232,1.718008
214100,26762,9.555135e-5,0.342554,1.4085,42.49,0.0249,1.781207
214200,26775,9.5547104e-5,0.330497,1.3917,36.19,0.0230,1.721045
214300,26787,9.5543175e-5,0.337101,1.4009,36.50,0.0219,1.767900
214400,26800,9.5538926e-5,0.343505,1.4099,35.64,0.0227,1.791249
214500,26812,9.5535e-5,0.347477,1.4155,35.74,0.0220,1.812812
214600,26825,9.553075e-5,0.338219,1.4024,35.15,0.0221,1.777436
214700,26837,9.5526804e-5,0.346046,1.4135,36.10,0.0233,1.827436
214800,26850,9.552254e-5,0.342305,1.4082,35.70,0.0234,1.793400
214900,26862,9.551861e-5,0.326549,1.3862,34.86,0.0235,1.696664
215000,26875,9.551435e-5,0.347279,1.4152,35.91,0.0228,1.813575
215100,26887,9.5510404e-5,0.334331,1.3970,41.59,0.0280,1.751450
215200,26900,9.550614e-5,0.312227,1.3665,34.51,0.0231,1.622652
215300,26912,9.55022e-5,0.332398,1.3943,35.64,0.0225,1.733304
215400,26925,9.549792e-5,0.340350,1.4054,36.56,0.0231,1.770032
215500,26937,9.5493975e-5,0.334103,1.3967,36.08,0.0218,1.749027
215600,26950,9.54897e-5,0.344734,1.4116,37.77,0.0225,1.792782
215700,26962,9.548575e-5,0.331069,1.3925,35.95,0.0236,1.735301
215800,26975,9.5481475e-5,0.337637,1.4016,35.46,0.0224,1.769225
215900,26987,9.547752e-5,0.339553,1.4043,36.11,0.0226,1.787809
216000,27000,9.547324e-5,0.329510,1.3903,35.24,0.0234,1.714221
216100,27012,9.546928e-5,0.332906,1.3950,42.24,0.0260,1.741326
216200,27025,9.5465e-5,0.334153,1.3968,35.50,0.0216,1.745436
216300,27037,9.5461044e-5,0.321751,1.3795,35.43,0.0226,1.669310
216400,27050,9.545675e-5,0.354440,1.4254,36.57,0.0217,1.848198
216500,27062,9.545278e-5,0.336459,1.4000,34.89,0.0237,1.763005
216600,27075,9.5448486e-5,0.331304,1.3928,36.21,0.0221,1.726797
216700,27087,9.544453e-5,0.341287,1.4068,36.20,0.0235,1.793735
216800,27100,9.544022e-5,0.336868,1.4006,34.98,0.0235,1.769139
216900,27112,9.543625e-5,0.331699,1.3933,35.36,0.0230,1.731977
217000,27125,9.5431955e-5,0.330658,1.3919,36.11,0.0226,1.714905
217100,27137,9.542798e-5,0.342612,1.4086,42.50,0.0266,1.805536
217200,27150,9.5423675e-5,0.333943,1.3965,35.65,0.0235,1.739789
217300,27162,9.54197e-5,0.326885,1.3866,36.71,0.0240,1.714440
217400,27175,9.541538e-5,0.335744,1.3990,37.16,0.0226,1.750277
217500,27187,9.541141e-5,0.340775,1.4060,36.07,0.0235,1.789264
217600,27200,9.54071e-5,0.336817,1.4005,35.92,0.0230,1.764284
217700,27212,9.540311e-5,0.338142,1.4023,36.59,0.0227,1.780607
217800,27225,9.539879e-5,0.362772,1.4373,36.48,0.0230,1.907186
217900,27237,9.5394804e-5,0.335918,1.3992,35.37,0.0225,1.760997
218000,27250,9.539048e-5,0.324055,1.3827,35.95,0.0238,1.690146
218100,27262,9.5386495e-5,0.345704,1.4130,41.17,0.0260,1.812802
218200,27275,9.538217e-5,0.326626,1.3863,36.56,0.0220,1.704108
218300,27287,9.5378186e-5,0.319831,1.3769,36.85,0.0246,1.674221
218400,27300,9.537385e-5,0.334512,1.3973,35.25,0.0224,1.741156
218500,27312,9.536985e-5,0.333338,1.3956,36.21,0.0220,1.750314
218600,27325,9.5365525e-5,0.343193,1.4094,35.53,0.0223,1.794700
218700,27337,9.536152e-5,0.343884,1.4104,35.87,0.0226,1.782755
218800,27350,9.535719e-5,0.327954,1.3881,36.40,0.0233,1.711021
218900,27362,9.5353185e-5,0.331547,1.3931,35.45,0.0220,1.727863
219000,27375,9.534885e-5,0.325010,1.3840,34.43,0.0220,1.686690
219100,27387,9.534483e-5,0.350747,1.4201,41.02,0.0264,1.809233
219200,27400,9.5340496e-5,0.345890,1.4132,35.36,0.0224,1.803499
219300,27412,9.5336494e-5,0.329257,1.3899,34.38,0.0226,1.718570
219400,27425,9.533214e-5,0.323055,1.3813,34.92,0.0220,1.684287
219500,27437,9.532813e-5,0.340162,1.4052,35.08,0.0221,1.771920
219600,27450,9.5323776e-5,0.334665,1.3975,35.49,0.0215,1.747250
219700,27462,9.531976e-5,0.334998,1.3979,35.61,0.0246,1.735830
219800,27475,9.531541e-5,0.336760,1.4004,35.31,0.0230,1.750035
219900,27487,9.531139e-5,0.335991,1.3993,35.54,0.0236,1.756894
220000,27500,9.530703e-5,0.325480,1.3847,36.73,0.0218,1.703043
220100,27512,9.5302996e-5,0.339305,1.4040,41.09,0.0263,1.765276
220200,27525,9.5298645e-5,0.311622,1.3656,35.70,0.0251,1.626215
220300,27537,9.5294614e-5,0.345544,1.4128,36.46,0.0226,1.808291
220400,27550,9.529026e-5,0.340591,1.4058,35.68,0.0230,1.771645
220500,27562,9.528622e-5,0.352971,1.4233,36.27,0.0226,1.850209
220600,27575,9.528185e-5,0.350967,1.4204,35.57,0.0219,1.842571
220700,27587,9.527782e-5,0.345467,1.4126,36.07,0.0232,1.821817
220800,27600,9.5273455e-5,0.333398,1.3957,34.84,0.0235,1.737959
220900,27612,9.526941e-5,0.323631,1.3821,35.45,0.0228,1.687870
221000,27625,9.526503e-5,0.338955,1.4035,36.04,0.0215,1.760891
221100,27637,9.5261e-5,0.313725,1.3685,40.72,0.0270,1.630639
221200,27650,9.525662e-5,0.344674,1.4115,36.45,0.0224,1.786036
221300,27662,9.525257e-5,0.335898,1.3992,36.67,0.0224,1.755294
221400,27675,9.524819e-5,0.335154,1.3982,36.27,0.0224,1.751888
221500,27687,9.524415e-5,0.334588,1.3974,36.98,0.0226,1.748369
221600,27700,9.523975e-5,0.347298,1.4152,35.80,0.0221,1.821108
221700,27712,9.523571e-5,0.321276,1.3789,35.76,0.0228,1.667399
221800,27725,9.523131e-5,0.322691,1.3808,36.13,0.0249,1.681973
221900,27737,9.522725e-5,0.328344,1.3887,36.14,0.0206,1.704068
222000,27750,9.522287e-5,0.340365,1.4055,35.86,0.0239,1.779020
222100,27762,9.521881e-5,0.346847,1.4146,40.92,0.0263,1.823393
222200,27775,9.5214404e-5,0.332712,1.3947,36.37,0.0229,1.743309
222300,27787,9.5210344e-5,0.336433,1.3999,36.04,0.0229,1.761632
222400,27800,9.520595e-5,0.338782,1.4032,35.49,0.0226,1.749963
222500,27812,9.520189e-5,0.330508,1.3917,36.24,0.0219,1.713435
222600,27825,9.519748e-5,0.336884,1.4006,37.41,0.0231,1.758448
222700,27837,9.5193405e-5,0.317315,1.3734,35.29,0.0224,1.654576
222800,27850,9.5188996e-5,0.332899,1.3950,34.88,0.0233,1.739333
222900,27862,9.5184936e-5,0.331463,1.3930,35.74,0.0226,1.746394
223000,27875,9.518051e-5,0.332982,1.3951,35.51,0.0225,1.726135
223100,27887,9.517645e-5,0.340444,1.4056,40.63,0.0250,1.755090
223200,27900,9.517203e-5,0.317402,1.3736,36.29,0.0215,1.639781
223300,27912,9.5167954e-5,0.332268,1.3941,35.48,0.0227,1.732908
223400,27925,9.516353e-5,0.333237,1.3955,35.75,0.0237,1.738431
223500,27937,9.5159456e-5,0.334894,1.3978,35.92,0.0231,1.742182
223600,27950,9.515503e-5,0.332732,1.3948,35.52,0.0240,1.728681
223700,27962,9.515094e-5,0.334045,1.3966,35.02,0.0229,1.738911
223800,27975,9.5146504e-5,0.326043,1.3855,35.50,0.0234,1.705632
223900,27987,9.514243e-5,0.340881,1.4062,36.43,0.0236,1.776432
224000,28000,9.513799e-5,0.337563,1.4015,35.19,0.0226,1.773256
224100,28012,9.51339e-5,0.325280,1.3844,41.39,0.0265,1.697235
224200,28025,9.5129464e-5,0.347984,1.4162,36.55,0.0214,1.823982
224300,28037,9.5125375e-5,0.335645,1.3988,35.69,0.0225,1.749337
224400,28050,9.512094e-5,0.327921,1.3881,35.58,0.0223,1.707550
224500,28062,9.511683e-5,0.332771,1.3948,35.83,0.0229,1.733282
224600,28075,9.5112395e-5,0.336009,1.3994,36.55,0.0222,1.760844
224700,28087,9.510829e-5,0.323819,1.3824,35.59,0.0230,1.690515
224800,28100,9.510385e-5,0.345285,1.4124,35.68,0.0236,1.811475
224900,28112,9.509975e-5,0.336008,1.3994,36.52,0.0231,1.747785
225000,28125,9.5095296e-5,0.328662,1.3891,34.99,0.0223,1.717058
225100,28137,9.509118e-5,0.329335,1.3900,39.67,0.0252,1.704548
225200,28150,9.5086725e-5,0.324639,1.3835,35.72,0.0231,1.691891
225300,28162,9.508262e-5,0.320386,1.3777,36.24,0.0222,1.671525
225400,28175,9.507817e-5,0.324427,1.3832,35.83,0.0244,1.694173
225500,28187,9.507405e-5,0.327925,1.3881,36.04,0.0228,1.718105
225600,28200,9.50696e-5,0.350565,1.4199,35.30,0.0239,1.843110
225700,28212,9.5065465e-5,0.335835,1.3991,35.70,0.0227,1.757838
225800,28225,9.506101e-5,0.352592,1.4228,35.98,0.0227,1.864730
225900,28237,9.505688e-5,0.342968,1.4091,36.20,0.0235,1.797256
226000,28250,9.5052426e-5,0.319614,1.3766,36.70,0.0225,1.663800
226100,28262,9.504829e-5,0.327360,1.3873,40.06,0.0254,1.709594
226200,28275,9.5043826e-5,0.329090,1.3897,35.59,0.0217,1.714267
226300,28287,9.503969e-5,0.326634,1.3863,35.31,0.0229,1.712716
226400,28300,9.5035226e-5,0.327699,1.3878,35.18,0.0221,1.703891
226500,28312,9.503109e-5,0.321553,1.3793,34.66,0.0234,1.669198
226600,28325,9.502661e-5,0.335995,1.3993,36.97,0.0224,1.754769
226700,28337,9.502248e-5,0.332203,1.3940,35.15,0.0232,1.731187
226800,28350,9.5018e-5,0.330100,1.3911,35.31,0.0240,1.732999
226900,28362,9.501385e-5,0.317780,1.3741,35.32,0.0229,1.653167
227000,28375,9.500937e-5,0.348585,1.4171,36.02,0.0227,1.821726
227100,28387,9.500522e-5,0.329106,1.3897,44.13,0.0282,1.718327
227200,28400,9.500074e-5,0.327341,1.3873,35.09,0.0225,1.702150
227300,28412,9.499659e-5,0.336548,1.4001,36.23,0.0240,1.755628
227400,28425,9.4992094e-5,0.338151,1.4024,35.52,0.0229,1.778415
227500,28437,9.498795e-5,0.338233,1.4025,36.22,0.0235,1.769229
227600,28450,9.498345e-5,0.327577,1.3876,35.59,0.0225,1.717291
227700,28462,9.49793e-5,0.335880,1.3992,35.00,0.0228,1.750408
227800,28475,9.497479e-5,0.327725,1.3878,34.85,0.0226,1.708744
227900,28487,9.4970645e-5,0.321170,1.3787,34.73,0.0234,1.671115
228000,28500,9.496613e-5,0.324622,1.3835,35.43,0.0223,1.678471
228100,28512,9.4961986e-5,0.321585,1.3793,45.40,0.0295,1.681624
228200,28525,9.4957475e-5,0.325836,1.3852,34.88,0.0228,1.693702
228300,28537,9.495331e-5,0.329624,1.3904,34.79,0.0219,1.708459
228400,28550,9.49488e-5,0.338687,1.4031,35.57,0.0217,1.772137
228500,28562,9.494464e-5,0.310010,1.3634,35.72,0.0228,1.608635
228600,28575,9.4940115e-5,0.342478,1.4084,36.66,0.0226,1.788514
228700,28587,9.493595e-5,0.328058,1.3883,35.15,0.0221,1.710965
228800,28600,9.493143e-5,0.318665,1.3753,35.91,0.0235,1.673836
228900,28612,9.492725e-5,0.330053,1.3910,35.36,0.0217,1.724747
229000,28625,9.492274e-5,0.336082,1.3995,36.06,0.0220,1.767204
229100,28637,9.491856e-5,0.322405,1.3804,40.33,0.0258,1.674479
229200,28650,9.491404e-5,0.327248,1.3871,36.56,0.0233,1.704273
229300,28662,9.490986e-5,0.321101,1.3786,34.72,0.0233,1.674580
229400,28675,9.490532e-5,0.328596,1.3890,35.71,0.0230,1.712877
229500,28687,9.4901145e-5,0.325206,1.3843,35.02,0.0221,1.688065
229600,28700,9.489662e-5,0.315711,1.3712,35.17,0.0237,1.648126
229700,28712,9.489243e-5,0.320068,1.3772,35.86,0.0222,1.670021
229800,28725,9.488789e-5,0.335307,1.3984,35.61,0.0222,1.740311
229900,28737,9.48837e-5,0.344191,1.4108,36.61,0.0221,1.811758
230000,28750,9.487916e-5,0.316953,1.3729,35.73,0.0247,1.647688
230100,28762,9.4874966e-5,0.335493,1.3986,41.36,0.0249,1.758008
230200,28775,9.4870426e-5,0.310703,1.3644,35.10,0.0229,1.614332
230300,28787,9.4866235e-5,0.332216,1.3941,36.33,0.0218,1.728787
230400,28800,9.486168e-5,0.323547,1.3820,35.72,0.0231,1.704001
230500,28812,9.485749e-5,0.315055,1.3703,34.79,0.0233,1.640978
230600,28825,9.4852934e-5,0.342252,1.4081,34.93,0.0223,1.793586
230700,28837,9.484873e-5,0.330213,1.3913,35.18,0.0225,1.719283
230800,28850,9.4844174e-5,0.329253,1.3899,36.45,0.0205,1.720390
230900,28862,9.483997e-5,0.316114,1.3718,35.23,0.0244,1.649430
231000,28875,9.483541e-5,0.326818,1.3865,35.43,0.0234,1.715082
231100,28887,9.483121e-5,0.333021,1.3952,41.10,0.0246,1.733206
231200,28900,9.482664e-5,0.342353,1.4083,34.83,0.0229,1.792354
231300,28912,9.482242e-5,0.318548,1.3751,34.68,0.0236,1.671934
231400,28925,9.4817864e-5,0.323496,1.3820,35.13,0.0220,1.687154
231500,28937,9.4813644e-5,0.332912,1.3950,35.11,0.0236,1.734843
231600,28950,9.4809075e-5,0.321584,1.3793,34.88,0.0239,1.684791
231700,28962,9.4804855e-5,0.314526,1.3696,35.45,0.0231,1.647284
231800,28975,9.4800285e-5,0.324573,1.3834,34.46,0.0229,1.682393
231900,28987,9.4796065e-5,0.331104,1.3925,35.73,0.0226,1.732424
232000,29000,9.479148e-5,0.326219,1.3857,35.48,0.0210,1.695344
232100,29012,9.478726e-5,0.311293,1.3652,63.54,0.0432,1.613169
232200,29025,9.478268e-5,0.312314,1.3666,59.19,0.0371,1.615132
232300,29037,9.477844e-5,0.320146,1.3773,60.82,0.0404,1.679458
232400,29050,9.477387e-5,0.327754,1.3878,61.09,0.0389,1.719737
232500,29062,9.4769624e-5,0.333600,1.3960,58.92,0.0392,1.753963
232600,29075,9.476504e-5,0.335093,1.3981,61.20,0.0362,1.755145
232700,29087,9.4760806e-5,0.346276,1.4138,60.78,0.0396,1.815268
232800,29100,9.475622e-5,0.353411,1.4239,59.52,0.0403,1.858464
232900,29112,9.475197e-5,0.328015,1.3882,60.28,0.0385,1.716393
233000,29125,9.4747375e-5,0.328388,1.3887,52.00,0.0326,1.700414
233100,29137,9.474314e-5,0.340720,1.4060,41.05,0.0257,1.785146
233200,29150,9.473854e-5,0.322264,1.3802,35.39,0.0234,1.681104
233300,29162,9.473429e-5,0.320091,1.3773,36.18,0.0222,1.668277
233400,29175,9.4729694e-5,0.334637,1.3974,36.02,0.0215,1.744071
233500,29187,9.4725445e-5,0.315923,1.3715,35.51,0.0228,1.646649
233600,29200,9.472083e-5,0.313780,1.3686,34.90,0.0237,1.628084
233700,29212,9.471658e-5,0.341128,1.4065,35.10,0.0226,1.796858
233800,29225,9.471197e-5,0.315909,1.3715,35.93,0.0234,1.648221
233900,29237,9.470772e-5,0.322673,1.3808,35.28,0.0237,1.685904
234000,29250,9.470311e-5,0.337001,1.4007,35.27,0.0228,1.772285
234100,29262,9.4698844e-5,0.319978,1.3771,64.89,0.0420,1.660212
234200,29275,9.469423e-5,0.340577,1.4058,60.77,0.0359,1.792134
234300,29287,9.468997e-5,0.322347,1.3804,59.66,0.0388,1.678368
234400,29300,9.468534e-5,0.347144,1.4150,60.11,0.0379,1.839287
234500,29312,9.468109e-5,0.318822,1.3755,54.83,0.0326,1.664156
234600,29325,9.467646e-5,0.327733,1.3878,36.70,0.0224,1.710297
234700,29337,9.4672185e-5,0.325314,1.3845,35.16,0.0220,1.689154
234800,29350,9.466756e-5,0.345113,1.4121,36.15,0.0224,1.799687
234900,29362,9.466328e-5,0.308340,1.3612,35.27,0.0214,1.592234
235000,29375,9.465865e-5,0.340168,1.4052,35.52,0.0225,1.771441
235100,29387,9.465437e-5,0.326951,1.3867,41.05,0.0260,1.693249
235200,29400,9.4649746e-5,0.339848,1.4047,36.41,0.0226,1.780297
235300,29412,9.464547e-5,0.353838,1.4245,36.34,0.0221,1.868114
235400,29425,9.4640825e-5,0.321096,1.3786,35.13,0.0236,1.664652
235500,29437,9.463655e-5,0.325778,1.3851,36.62,0.0227,1.697375
235600,29450,9.4631905e-5,0.317475,1.3737,35.32,0.0215,1.636542
235700,29462,9.462761e-5,0.332122,1.3939,35.86,0.0241,1.724743
235800,29475,9.462297e-5,0.294219,1.3421,35.02,0.0226,1.526006
235900,29487,9.461869e-5,0.330776,1.3920,35.92,0.0229,1.724180
236000,29500,9.4614035e-5,0.323736,1.3823,35.42,0.0233,1.706360
236100,29512,9.460974e-5,0.335474,1.3986,39.72,0.0263,1.748974
236200,29525,9.4605086e-5,0.336372,1.3999,35.90,0.0235,1.748169
236300,29537,9.460079e-5,0.328671,1.3891,35.72,0.0243,1.720093
236400,29550,9.459614e-5,0.332012,1.3938,35.48,0.0231,1.737042
236500,29562,9.459183e-5,0.347473,1.4155,34.99,0.0246,1.828649
236600,29575,9.458717e-5,0.333533,1.3959,36.17,0.0221,1.763286
236700,29587,9.4582865e-5,0.319984,1.3771,35.29,0.0233,1.674399
236800,29600,9.457821e-5,0.319630,1.3766,34.59,0.0236,1.650399
236900,29612,9.45739e-5,0.316976,1.3730,34.66,0.0226,1.659540
237000,29625,9.456923e-5,0.325439,1.3846,34.97,0.0225,1.686832
237100,29637,9.456492e-5,0.337373,1.4013,44.87,0.0277,1.765378
237200,29650,9.456025e-5,0.328323,1.3886,35.48,0.0211,1.699972
237300,29662,9.4555944e-5,0.317294,1.3734,34.82,0.0227,1.658298
237400,29675,9.455126e-5,0.328116,1.3884,35.75,0.0215,1.711948
237500,29687,9.454695e-5,0.316876,1.3728,34.74,0.0224,1.651641
237600,29700,9.454228e-5,0.343755,1.4102,36.86,0.0210,1.808555
237700,29712,9.453794e-5,0.335766,1.3990,35.68,0.0239,1.765847
237800,29725,9.453327e-5,0.319074,1.3759,35.08,0.0232,1.678275
237900,29737,9.452895e-5,0.321348,1.3790,35.11,0.0238,1.674397
238000,29750,9.4524265e-5,0.322562,1.3807,35.91,0.0228,1.683539
238100,29762,9.451994e-5,0.328353,1.3887,40.36,0.0257,1.707652
238200,29775,9.451524e-5,0.317414,1.3736,35.03,0.0232,1.656837
238300,29787,9.451092e-5,0.320217,1.3774,34.98,0.0239,1.686982
238400,29800,9.450622e-5,0.328261,1.3886,35.10,0.0231,1.713112
238500,29812,9.4501884e-5,0.313415,1.3681,35.75,0.0222,1.624957
238600,29825,9.44972e-5,0.323278,1.3816,36.11,0.0232,1.696978
238700,29837,9.449286e-5,0.322122,1.3801,35.34,0.0216,1.679836
238800,29850,9.448816e-5,0.324215,1.3829,35.24,0.0218,1.688614
238900,29862,9.4483825e-5,0.330490,1.3916,36.16,0.0212,1.726543
239000,29875,9.4479125e-5,0.332989,1.3951,35.17,0.0236,1.734803
239100,29887,9.447477e-5,0.322202,1.3802,42.00,0.0269,1.674724
239200,29900,9.447007e-5,0.332892,1.3950,35.25,0.0253,1.749299
239300,29912,9.446572e-5,0.319917,1.3770,35.66,0.0221,1.658807
239400,29925,9.446101e-5,0.336131,1.3995,35.07,0.0225,1.751542
239500,29937,9.445666e-5,0.312356,1.3666,34.67,0.0216,1.620334
239600,29950,9.445194e-5,0.326510,1.3861,35.45,0.0238,1.707722
239700,29962,9.444759e-5,0.315798,1.3714,35.35,0.0215,1.639272
239800,29975,9.4442876e-5,0.317932,1.3743,35.74,0.0229,1.660929
239900,29987,9.4438525e-5,0.333990,1.3965,34.98,0.0234,1.755141
240000,30000,9.4433795e-5,0.323357,1.3818,34.95,0.0233,1.682024
240100,30012,9.4429444e-5,0.322683,1.3808,64.93,0.0427,1.678354
240200,30025,9.4424715e-5,0.317821,1.3741,60.63,0.0365,1.657116
240300,30037,9.442035e-5,0.320440,1.3777,38.16,0.0251,1.672804
240400,30050,9.441562e-5,0.330089,1.3911,35.22,0.0225,1.708537
240500,30062,9.4411254e-5,0.323620,1.3821,35.45,0.0225,1.682639
240600,30075,9.4406525e-5,0.325868,1.3852,35.10,0.0231,1.684235
240700,30087,9.440216e-5,0.342249,1.4081,36.03,0.0236,1.785678
240800,30100,9.439743e-5,0.325188,1.3843,35.92,0.0224,1.693818
240900,30112,9.439305e-5,0.321080,1.3786,34.93,0.0224,1.665040
241000,30125,9.4388306e-5,0.343019,1.4092,36.55,0.0232,1.816676
241100,30137,9.438394e-5,0.316401,1.3722,39.75,0.0267,1.644694
241200,30150,9.43792e-5,0.332991,1.3951,34.53,0.0231,1.737426
241300,30162,9.437482e-5,0.330280,1.3914,35.49,0.0229,1.724444
241400,30175,9.437007e-5,0.347362,1.4153,35.89,0.0237,1.835672
241500,30187,9.436568e-5,0.345046,1.4121,36.05,0.0211,1.794312
241600,30200,9.4360934e-5,0.313893,1.3687,35.81,0.0231,1.641377
241700,30212,9.4356554e-5,0.326438,1.3860,35.65,0.0223,1.714655
241800,30225,9.4351795e-5,0.322388,1.3804,36.48,0.0250,1.686307
241900,30237,9.43474e-5,0.335556,1.3987,40.08,0.0261,1.766343
242000,30250,9.434264e-5,0.323204,1.3815,41.11,0.0266,1.682945
242100,30262,9.433826e-5,0.339073,1.4036,46.51,0.0302,1.775976
242200,30275,9.433349e-5,0.325614,1.3849,41.02,0.0252,1.686078
242300,30287,9.4329094e-5,0.324812,1.3838,40.57,0.0283,1.691016
242400,30300,9.4324336e-5,0.337072,1.4008,40.82,0.0265,1.769952
242500,30312,9.431994e-5,0.330676,1.3919,41.39,0.0264,1.727531
242600,30325,9.431517e-5,0.319594,1.3766,41.79,0.0255,1.657688
242700,30337,9.431077e-5,0.335321,1.3984,41.22,0.0263,1.732585
242800,30350,9.4306e-5,0.332172,1.3940,42.32,0.0265,1.738552
242900,30362,9.430158e-5,0.308235,1.3610,40.57,0.0270,1.609731
243000,30375,9.42968e-5,0.325807,1.3851,40.36,0.0256,1.700585
243100,30387,9.4292394e-5,0.330841,1.3921,45.57,0.0291,1.718515
243200,30400,9.428762e-5,0.331112,1.3925,40.74,0.0271,1.729733
243300,30412,9.428321e-5,0.327694,1.3878,40.49,0.0261,1.712744
243400,30425,9.4278425e-5,0.335205,1.3982,40.99,0.0250,1.734677
243500,30437,9.4274015e-5,0.322544,1.3806,40.74,0.0267,1.672727
243600,30450,9.426923e-5,0.320773,1.3782,41.11,0.0259,1.660069
243700,30462,9.4264804e-5,0.322030,1.3799,39.49,0.0273,1.678849
243800,30475,9.4260016e-5,0.341130,1.4065,42.21,0.0246,1.784247
243900,30487,9.425559e-5,0.340247,1.4053,41.21,0.0264,1.776614
244000,30500,9.4250805e-5,0.329460,1.3902,41.01,0.0265,1.720195
244100,30512,9.424638e-5,0.335979,1.3993,46.60,0.0288,1.761424
244200,30525,9.424158e-5,0.342891,1.4090,41.17,0.0256,1.781067
244300,30537,9.4237155e-5,0.320299,1.3775,42.38,0.0262,1.663901
244400,30550,9.423235e-5,0.316075,1.3717,41.71,0.0271,1.645680
244500,30562,9.4227915e-5,0.334127,1.3967,42.07,0.0260,1.742131
244600,30575,9.422311e-5,0.327789,1.3879,41.30,0.0264,1.705978
244700,30587,9.421869e-5,0.315368,1.3708,40.96,0.0273,1.639041
244800,30600,9.421387e-5,0.318714,1.3754,41.51,0.0276,1.672777
244900,30612,9.4209434e-5,0.333157,1.3954,42.69,0.0257,1.736603
245000,30625,9.420462e-5,0.320411,1.3777,41.23,0.0266,1.678828
245100,30637,9.420018e-5,0.343473,1.4098,46.33,0.0294,1.793685
245200,30650,9.419536e-5,0.339836,1.4047,42.31,0.0256,1.773568
245300,30662,9.4190924e-5,0.332855,1.3949,41.87,0.0277,1.750480
245400,30675,9.418609e-5,0.321388,1.3790,42.11,0.0271,1.683918
245500,30687,9.4181654e-5,0.324569,1.3834,43.35,0.0277,1.695395
245600,30700,9.417682e-5,0.321770,1.3796,41.19,0.0267,1.682293
245700,30712,9.417237e-5,0.311493,1.3655,42.23,0.0276,1.619075
245800,30725,9.416755e-5,0.329775,1.3907,44.19,0.0300,1.711049
245900,30737,9.41631e-5,0.334636,1.3974,41.36,0.0250,1.731951
246000,30750,9.415827e-5,0.325205,1.3843,42.08,0.0269,1.691311
246100,30762,9.415382e-5,0.319527,1.3765,47.73,0.0299,1.645639
246200,30775,9.414897e-5,0.317226,1.3733,41.26,0.0260,1.644997
246300,30787,9.414452e-5,0.326277,1.3858,41.80,0.0278,1.698110
246400,30800,9.413969e-5,0.329219,1.3899,42.30,0.0273,1.711604
246500,30812,9.4135205e-5,0.311499,1.3655,41.38,0.0279,1.610006
246600,30825,9.413037e-5,0.331633,1.3932,42.89,0.0277,1.749582
246700,30837,9.4125906e-5,0.326767,1.3865,42.81,0.0261,1.695232
246800,30850,9.412106e-5,0.311137,1.3650,41.40,0.0282,1.623310
246900,30862,9.411659e-5,0.328429,1.3888,43.16,0.0276,1.719592
247000,30875,9.411175e-5,0.326445,1.3860,43.23,0.0278,1.705077
247100,30887,9.410728e-5,0.327022,1.3868,46.87,0.0305,1.696818
247200,30900,9.410242e-5,0.316963,1.3730,42.14,0.0287,1.651646
247300,30912,9.409794e-5,0.335958,1.3993,46.29,0.0260,1.741432
247400,30925,9.409309e-5,0.337476,1.4014,42.91,0.0256,1.771118
247500,30937,9.408861e-5,0.322348,1.3804,41.79,0.0273,1.685974
247600,30950,9.408375e-5,0.318305,1.3748,42.46,0.0268,1.665962
247700,30962,9.407927e-5,0.316565,1.3724,42.49,0.0269,1.644811
247800,30975,9.407441e-5,0.325775,1.3851,43.40,0.0277,1.693077
247900,30987,9.406991e-5,0.318414,1.3749,41.72,0.0271,1.663190
248000,31000,9.406505e-5,0.320575,1.3779,41.31,0.0281,1.669466
248100,31012,9.406055e-5,0.320546,1.3779,67.83,0.0406,1.673895
248200,31025,9.405569e-5,0.329787,1.3907,64.36,0.0376,1.725365
248300,31037,9.4051196e-5,0.330128,1.3911,60.56,0.0375,1.717794
248400,31050,9.404632e-5,0.334769,1.3976,42.20,0.0266,1.739488
248500,31062,9.4041825e-5,0.342539,1.4085,43.64,0.0257,1.780115
248600,31075,9.403695e-5,0.314508,1.3696,41.69,0.0275,1.630811
248700,31087,9.403245e-5,0.333274,1.3955,42.78,0.0270,1.749709
248800,31100,9.4027564e-5,0.329787,1.3907,42.73,0.0281,1.727251
248900,31112,9.402307e-5,0.331274,1.3927,43.70,0.0267,1.729995
249000,31125,9.401818e-5,0.322368,1.3804,42.19,0.0267,1.683875
249100,31137,9.401368e-5,0.319644,1.3766,47.26,0.0286,1.673718
249200,31150,9.400879e-5,0.322038,1.3799,43.32,0.0286,1.691856
249300,31162,9.400428e-5,0.322168,1.3801,41.74,0.0261,1.678050
249400,31175,9.399939e-5,0.331625,1.3932,42.14,0.0274,1.742491
249500,31187,9.3994866e-5,0.314816,1.3700,42.47,0.0284,1.634758
249600,31200,9.398998e-5,0.314521,1.3696,42.86,0.0278,1.649621
249700,31212,9.3985465e-5,0.326810,1.3865,42.33,0.0270,1.704811
249800,31225,9.398056e-5,0.322291,1.3803,42.33,0.0267,1.683025
249900,31237,9.397605e-5,0.311754,1.3658,41.72,0.0277,1.615447
250000,31250,9.3971146e-5,0.325019,1.3841,43.39,0.0272,1.708417
250100,31262,9.396662e-5,0.319039,1.3758,46.88,0.0293,1.661684
250200,31275,9.396172e-5,0.325836,1.3852,41.76,0.0284,1.683858
250300,31287,9.395719e-5,0.324402,1.3832,41.80,0.0265,1.698014
250400,31300,9.395229e-5,0.331219,1.3927,41.59,0.0261,1.730385
250500,31312,9.394775e-5,0.331537,1.3931,41.65,0.0278,1.732256
250600,31325,9.394284e-5,0.326647,1.3863,41.95,0.0254,1.690239
250700,31337,9.39383e-5,0.331669,1.3933,43.25,0.0262,1.745258
250800,31350,9.39334e-5,0.320265,1.3775,39.23,0.0236,1.673328
250900,31362,9.392886e-5,0.336207,1.3996,36.23,0.0228,1.765836
251000,31375,9.392394e-5,0.337552,1.4015,35.68,0.0235,1.768387
251100,31387,9.3919385e-5,0.321113,1.3787,39.78,0.0249,1.672562
251200,31400,9.391447e-5,0.326638,1.3863,35.52,0.0221,1.702742
251300,31412,9.390993e-5,0.341168,1.4066,35.77,0.0216,1.785865
251400,31425,9.390501e-5,0.317227,1.3733,35.16,0.0226,1.653320
251500,31437,9.390045e-5,0.327551,1.3876,34.47,0.0225,1.704875
251600,31450,9.3895535e-5,0.321794,1.3796,34.67,0.0219,1.678692
251700,31462,9.389098e-5,0.312364,1.3667,35.27,0.0236,1.626960
251800,31475,9.388605e-5,0.329251,1.3899,35.25,0.0228,1.716311
251900,31487,9.388149e-5,0.315807,1.3714,35.41,0.0224,1.639993
252000,31500,9.387656e-5,0.328201,1.3885,35.35,0.0228,1.711584
252100,31512,9.3872004e-5,0.323513,1.3820,40.41,0.0266,1.693043
252200,31525,9.386706e-5,0.316685,1.3726,34.51,0.0233,1.647162
252300,31537,9.38625e-5,0.332823,1.3949,35.96,0.0240,1.745565
252400,31550,9.3857554e-5,0.331655,1.3933,36.90,0.0235,1.734310
252500,31562,9.3852985e-5,0.336599,1.4002,35.86,0.0240,1.757805
252600,31575,9.384804e-5,0.327978,1.3882,36.22,0.0225,1.714598
252700,31587,9.384347e-5,0.308070,1.3608,35.51,0.0235,1.589312
252800,31600,9.383852e-5,0.325360,1.3845,35.24,0.0229,1.703975
252900,31612,9.383395e-5,0.310455,1.3640,35.97,0.0231,1.621671
253000,31625,9.3829e-5,0.317025,1.3730,35.97,0.0225,1.653147
253100,31637,9.3824434e-5,0.326928,1.3867,39.95,0.0256,1.710122
253200,31650,9.381947e-5,0.324018,1.3827,36.30,0.0241,1.688352
253300,31662,9.38149e-5,0.329646,1.3905,35.64,0.0220,1.714067
253400,31675,9.380994e-5,0.341504,1.4071,35.45,0.0225,1.788211
253500,31687,9.3805356e-5,0.314968,1.3702,34.37,0.0218,1.630425
253600,31700,9.3800394e-5,0.324140,1.3828,35.30,0.0240,1.699419
253700,31712,9.379581e-5,0.294385,1.3423,33.52,0.0237,1.524609
253800,31725,9.379083e-5,0.322566,1.3807,36.03,0.0233,1.688151
253900,31737,9.378625e-5,0.328794,1.3893,35.87,0.0222,1.718392
254000,31750,9.378129e-5,0.321542,1.3793,34.06,0.0237,1.672157
254100,31762,9.377669e-5,0.333445,1.3958,41.37,0.0255,1.745537
254200,31775,9.377171e-5,0.317053,1.3731,35.44,0.0227,1.654191
254300,31787,9.376713e-5,0.323244,1.3816,35.28,0.0222,1.686065
254400,31800,9.376215e-5,0.335225,1.3983,35.33,0.0224,1.755632
254500,31812,9.375755e-5,0.312770,1.3672,35.20,0.0235,1.639055
254600,31825,9.375256e-5,0.319504,1.3764,35.50,0.0231,1.679399
254700,31837,9.374796e-5,0.322698,1.3808,36.77,0.0240,1.688734
254800,31850,9.374299e-5,0.316855,1.3728,35.55,0.0243,1.657672
254900,31862,9.373839e-5,0.324798,1.3838,35.26,0.0226,1.695306
255000,31875,9.37334e-5,0.307840,1.3605,35.74,0.0232,1.606171
255100,31887,9.3728784e-5,0.337775,1.4018,41.71,0.0243,1.760662
255200,31900,9.372379e-5,0.335530,1.3987,35.94,0.0212,1.768713
255300,31912,9.371918e-5,0.330298,1.3914,35.18,0.0236,1.731333
255400,31925,9.371419e-5,0.310259,1.3638,35.37,0.0235,1.629277
255500,31937,9.3709576e-5,0.327704,1.3878,35.27,0.0228,1.722633
255600,31950,9.3704584e-5,0.327048,1.3869,35.81,0.0213,1.698037
255700,31962,9.369997e-5,0.306901,1.3592,35.38,0.0234,1.593644
255800,31975,9.369495e-5,0.302902,1.3538,35.07,0.0235,1.568027
255900,31987,9.369034e-5,0.318249,1.3747,36.18,0.0233,1.649312
256000,32000,9.368533e-5,0.347151,1.4150,36.43,0.0227,1.840170
256100,32012,9.3680705e-5,0.316525,1.3724,39.91,0.0268,1.655388
256200,32025,9.36757e-5,0.331440,1.3930,35.84,0.0229,1.737084
256300,32037,9.367107e-5,0.324835,1.3838,35.18,0.0228,1.690840
256400,32050,9.3666065e-5,0.331221,1.3927,37.17,0.0233,1.731997
256500,32062,9.366142e-5,0.331812,1.3935,36.49,0.0238,1.741569
256600,32075,9.365642e-5,0.333451,1.3958,35.66,0.0231,1.728842
256700,32087,9.3651775e-5,0.333272,1.3955,35.93,0.0217,1.745713
256800,32100,9.3646755e-5,0.323075,1.3814,35.55,0.0232,1.696959
256900,32112,9.364213e-5,0.320293,1.3775,35.62,0.0227,1.674584
257000,32125,9.363711e-5,0.331359,1.3929,35.72,0.0234,1.744435
257100,32137,9.3632465e-5,0.302997,1.3539,39.82,0.0276,1.571513
257200,32150,9.362743e-5,0.331543,1.3931,35.56,0.0234,1.752156
257300,32162,9.362279e-5,0.316766,1.3727,35.79,0.0239,1.652662
257400,32175,9.361775e-5,0.327911,1.3881,35.88,0.0218,1.713655
257500,32187,9.361311e-5,0.312595,1.3670,35.16,0.0222,1.623174
257600,32200,9.3608076e-5,0.331631,1.3932,35.54,0.0231,1.733632
257700,32212,9.3603434e-5,0.316282,1.3720,35.58,0.0226,1.657754
257800,32225,9.35984e-5,0.322600,1.3807,35.84,0.0230,1.681775
257900,32237,9.359374e-5,0.312620,1.3670,35.82,0.0228,1.625752
258000,32250,9.358871e-5,0.325894,1.3853,35.56,0.0230,1.710882
258100,32262,9.358405e-5,0.327259,1.3872,40.99,0.0266,1.713582
258200,32275,9.3579e-5,0.316693,1.3726,36.19,0.0219,1.642481
258300,32287,9.3574345e-5,0.315890,1.3715,35.57,0.0225,1.646416
258400,32300,9.3569295e-5,0.308541,1.3614,35.64,0.0231,1.602015
258500,32312,9.3564624e-5,0.321716,1.3795,35.85,0.0234,1.685836
258600,32325,9.3559574e-5,0.318308,1.3748,34.93,0.0237,1.663487
258700,32337,9.35549e-5,0.317101,1.3731,34.55,0.0235,1.647250
258800,32350,9.3549854e-5,0.329095,1.3897,36.05,0.0218,1.722358
258900,32362,9.35452e-5,0.311932,1.3661,34.64,0.0229,1.627045
259000,32375,9.354013e-5,0.321010,1.3785,35.96,0.0220,1.672519
259100,32387,9.353546e-5,0.312559,1.3669,39.25,0.0245,1.618631
259200,32400,9.35304e-5,0.327867,1.3880,35.37,0.0229,1.711852
259300,32412,9.352573e-5,0.315075,1.3704,34.38,0.0241,1.644244
259400,32425,9.352065e-5,0.302127,1.3527,35.16,0.0222,1.558460
259500,32437,9.351598e-5,0.316006,1.3716,35.67,0.0219,1.645666
259600,32450,9.351091e-5,0.315810,1.3714,35.32,0.0227,1.643818
259700,32462,9.350623e-5,0.330365,1.3915,36.32,0.0213,1.734091
259800,32475,9.350115e-5,0.327617,1.3877,36.58,0.0229,1.713057
259900,32487,9.349648e-5,0.327530,1.3875,35.30,0.0243,1.721654
260000,32500,9.34914e-5,0.311381,1.3653,35.10,0.0240,1.615129
260100,32512,9.348671e-5,0.330400,1.3915,39.20,0.0258,1.717324
260200,32525,9.348162e-5,0.326565,1.3862,36.01,0.0238,1.719637
260300,32537,9.3476934e-5,0.318966,1.3757,35.31,0.0225,1.659361
260400,32550,9.347184e-5,0.320610,1.3780,36.02,0.0215,1.669007
260500,32562,9.3467155e-5,0.313158,1.3677,37.77,0.0222,1.630677
260600,32575,9.346206e-5,0.317700,1.3740,37.47,0.0240,1.660714
260700,32587,9.345736e-5,0.320655,1.3780,38.01,0.0246,1.664227
260800,32600,9.345228e-5,0.309128,1.3622,37.59,0.0234,1.598432
260900,32612,9.344758e-5,0.319404,1.3763,38.05,0.0252,1.672702
261000,32625,9.344249e-5,0.320156,1.3773,37.69,0.0250,1.666770
261100,32637,9.343779e-5,0.313535,1.3683,42.68,0.0253,1.633904
261200,32650,9.343268e-5,0.326690,1.3864,39.58,0.0230,1.691520
261300,32662,9.342798e-5,0.330319,1.3914,36.75,0.0220,1.721865
261400,32675,9.3422874e-5,0.327743,1.3878,37.82,0.0231,1.712910
261500,32687,9.341816e-5,0.321972,1.3798,41.43,0.0268,1.677889
261600,32700,9.3413066e-5,0.310264,1.3638,41.01,0.0258,1.610298
261700,32712,9.340834e-5,0.321296,1.3789,39.56,0.0255,1.686684
261800,32725,9.340324e-5,0.331573,1.3932,39.61,0.0247,1.729654
261900,32737,9.339853e-5,0.325486,1.3847,88.23,0.0572,1.704292
262000,32750,9.3393406e-5,0.321967,1.3798,38.18,0.0241,1.670521
262100,32762,9.338869e-5,0.323594,1.3821,46.50,0.0305,1.689919
262200,32775,9.338357e-5,0.304949,1.3566,35.46,0.0236,1.574478
262300,32787,9.3378854e-5,0.313754,1.3686,36.22,0.0219,1.624587
262400,32800,9.337373e-5,0.323547,1.3820,35.59,0.0233,1.691662
262500,32812,9.3369e-5,0.317989,1.3744,36.33,0.0226,1.669309
262600,32825,9.336388e-5,0.324343,1.3831,35.70,0.0217,1.689850
262700,32837,9.335915e-5,0.326338,1.3859,35.50,0.0238,1.704556
262800,32850,9.335403e-5,0.313574,1.3683,36.46,0.0208,1.634288
262900,32862,9.33493e-5,0.321440,1.3791,35.58,0.0223,1.665135
263000,32875,9.334416e-5,0.319982,1.3771,36.36,0.0227,1.678078
263100,32887,9.333943e-5,0.322971,1.3812,42.01,0.0284,1.665269
263200,32900,9.3334296e-5,0.309686,1.3630,35.14,0.0232,1.622264
263300,32912,9.332955e-5,0.329409,1.3901,36.32,0.0220,1.713873
263400,32925,9.3324416e-5,0.304745,1.3563,36.05,0.0240,1.585926
263500,32937,9.3319686e-5,0.322894,1.3811,35.60,0.0227,1.686362
263600,32950,9.3314535e-5,0.321297,1.3789,35.96,0.0226,1.684527
263700,32962,9.330979e-5,0.322505,1.3806,35.29,0.0221,1.674432
263800,32975,9.3304654e-5,0.329050,1.3896,35.47,0.0216,1.714952
263900,32987,9.3299896e-5,0.329438,1.3902,35.87,0.0221,1.724585
264000,33000,9.329476e-5,0.316944,1.3729,35.51,0.0218,1.645852
264100,33012,9.329e-5,0.338528,1.4029,42.07,0.0255,1.760513
264200,33025,9.328485e-5,0.304109,1.3554,34.74,0.0228,1.583321
264300,33037,9.328009e-5,0.312132,1.3663,35.05,0.0215,1.629356
264400,33050,9.327494e-5,0.321254,1.3789,35.57,0.0234,1.681414
264500,33062,9.327018e-5,0.311616,1.3656,35.99,0.0238,1.620114
264600,33075,9.326503e-5,0.317380,1.3735,35.37,0.0220,1.645186
264700,33087,9.326027e-5,0.307778,1.3604,36.32,0.0225,1.597970
264800,33100,9.3255105e-5,0.322535,1.3806,35.62,0.0219,1.673360
264900,33112,9.3250346e-5,0.316951,1.3729,35.59,0.0243,1.659797
265000,33125,9.3245166e-5,0.341189,1.4066,35.97,0.0228,1.795578
265100,33137,9.324041e-5,0.299500,1.3492,39.97,0.0274,1.558284
265200,33150,9.323523e-5,0.324653,1.3836,36.13,0.0230,1.709139
265300,33162,9.3230454e-5,0.322624,1.3807,36.24,0.0243,1.684475
265400,33175,9.322529e-5,0.316541,1.3724,35.45,0.0216,1.648474
265500,33187,9.3220515e-5,0.333683,1.3961,36.25,0.0220,1.752731
265600,33200,9.321535e-5,0.321615,1.3794,35.58,0.0241,1.671673
265700,33212,9.321056e-5,0.313007,1.3675,35.85,0.0233,1.627036
265800,33225,9.320538e-5,0.325754,1.3851,36.31,0.0226,1.699494
265900,33237,9.320061e-5,0.328850,1.3894,36.33,0.0219,1.723362
266000,33250,9.319543e-5,0.323398,1.3818,35.68,0.0237,1.678653
266100,33262,9.319064e-5,0.333450,1.3958,42.96,0.0263,1.742401
266200,33275,9.318546e-5,0.333790,1.3963,36.44,0.0214,1.739684
266300,33287,9.318067e-5,0.322368,1.3804,35.94,0.0226,1.678888
266400,33300,9.317548e-5,0.319936,1.3770,35.83,0.0213,1.664977
266500,33312,9.317069e-5,0.306102,1.3581,35.26,0.0230,1.580415
266600,33325,9.3165494e-5,0.324033,1.3827,35.52,0.0226,1.685140
266700,33337,9.316071e-5,0.318482,1.3750,35.57,0.0235,1.673472
266800,33350,9.315551e-5,0.324765,1.3837,35.46,0.0229,1.705905
266900,33362,9.315071e-5,0.314370,1.3694,34.52,0.0232,1.633371
267000,33375,9.3145514e-5,0.314452,1.3695,35.76,0.0217,1.630262
267100,33387,9.314071e-5,0.339804,1.4047,41.40,0.0261,1.795772
267200,33400,9.31355e-5,0.304777,1.3563,34.58,0.0230,1.564447
267300,33412,9.31307e-5,0.320913,1.3784,35.58,0.0221,1.679813
267400,33425,9.312549e-5,0.316858,1.3728,35.57,0.0218,1.642121
267500,33437,9.312069e-5,0.337549,1.4015,34.65,0.0208,1.757600
267600,33450,9.311548e-5,0.318492,1.3751,34.80,0.0229,1.659187
267700,33462,9.311066e-5,0.343569,1.4100,36.58,0.0228,1.815782
267800,33475,9.310545e-5,0.315756,1.3713,36.22,0.0246,1.654373
267900,33487,9.3100636e-5,0.315636,1.3711,35.48,0.0233,1.642914
268000,33500,9.309543e-5,0.321615,1.3794,35.44,0.0238,1.678397
268100,33512,9.309061e-5,0.313114,1.3677,40.57,0.0274,1.623070
268200,33525,9.3085386e-5,0.330130,1.3911,36.26,0.0224,1.722455
268300,33537,9.308057e-5,0.323612,1.3821,34.84,0.0230,1.690706
268400,33550,9.3075345e-5,0.311988,1.3661,35.46,0.0235,1.642000
268500,33562,9.307053e-5,0.320163,1.3774,35.53,0.0227,1.673787
268600,33575,9.306529e-5,0.319710,1.3767,35.63,0.0229,1.658034
268700,33587,9.306047e-5,0.313355,1.3680,35.76,0.0223,1.623561
268800,33600,9.3055234e-5,0.315215,1.3706,35.04,0.0229,1.651277
268900,33612,9.30504e-5,0.331656,1.3933,35.54,0.0235,1.722979
269000,33625,9.304518e-5,0.330099,1.3911,35.60,0.0225,1.719104
269100,33637,9.304035e-5,0.330071,1.3911,42.83,0.0258,1.735718
269200,33650,9.303511e-5,0.325630,1.3849,35.82,0.0214,1.683388
269300,33662,9.303026e-5,0.299346,1.3490,35.97,0.0235,1.554293
269400,33675,9.3025024e-5,0.318388,1.3749,35.50,0.0229,1.666165
269500,33687,9.302018e-5,0.323445,1.3819,36.19,0.0223,1.691595
269600,33700,9.301494e-5,0.329742,1.3906,37.42,0.0232,1.724741
269700,33712,9.3010094e-5,0.324250,1.3830,37.06,0.0257,1.705413
269800,33725,9.3004855e-5,0.321166,1.3787,37.09,0.0232,1.677261
269900,33737,9.300001e-5,0.319008,1.3758,37.83,0.0230,1.658692
270000,33750,9.299476e-5,0.318751,1.3754,37.05,0.0236,1.663384
270100,33762,9.298991e-5,0.332302,1.3942,43.06,0.0258,1.739926
270200,33775,9.298466e-5,0.312059,1.3662,36.21,0.0244,1.636851
270300,33787,9.29798e-5,0.317267,1.3734,38.30,0.0233,1.655770
270400,33800,9.2974544e-5,0.324636,1.3835,37.25,0.0227,1.693922
270500,33812,9.296968e-5,0.318841,1.3755,38.53,0.0221,1.666927
270600,33825,9.296443e-5,0.314672,1.3698,40.17,0.0267,1.645376
270700,33837,9.295957e-5,0.311701,1.3657,40.62,0.0266,1.623672
270800,33850,9.29543e-5,0.320537,1.3779,71.92,0.0462,1.680610
270900,33862,9.294944e-5,0.322303,1.3803,36.96,0.0239,1.670554
271000,33875,9.2944174e-5,0.309556,1.3628,35.39,0.0229,1.600052
271100,33887,9.293931e-5,0.322360,1.3804,46.31,0.0302,1.683446
271200,33900,9.293403e-5,0.317245,1.3733,35.19,0.0233,1.658028
271300,33912,9.292917e-5,0.312008,1.3662,35.99,0.0239,1.625493
271400,33925,9.292389e-5,0.336091,1.3995,35.96,0.0216,1.773507
271500,33937,9.291903e-5,0.308469,1.3613,36.60,0.0232,1.612468
271600,33950,9.2913746e-5,0.328315,1.3886,37.14,0.0211,1.702328
271700,33962,9.290887e-5,0.307065,1.3594,35.49,0.0226,1.600232
271800,33975,9.290359e-5,0.319384,1.3763,35.19,0.0234,1.661114
271900,33987,9.2898714e-5,0.306701,1.3589,35.74,0.0229,1.600546
272000,34000,9.289342e-5,0.330407,1.3915,36.97,0.0218,1.724844
272100,34012,9.288854e-5,0.319209,1.3760,42.91,0.0269,1.672050
272200,34025,9.288326e-5,0.306903,1.3592,35.78,0.0243,1.593751
272300,34037,9.287837e-5,0.317571,1.3738,35.80,0.0237,1.679127
272400,34050,9.287307e-5,0.312796,1.3672,36.20,0.0228,1.627093
272500,34062,9.2868184e-5,0.327362,1.3873,35.71,0.0226,1.721671
272600,34075,9.286289e-5,0.320412,1.3777,36.28,0.0235,1.656300
272700,34087,9.2858e-5,0.326868,1.3866,35.93,0.0235,1.702903
272800,34100,9.28527e-5,0.328757,1.3892,35.43,0.0230,1.717105
272900,34112,9.284781e-5,0.309867,1.3632,36.26,0.0241,1.618786
273000,34125,9.28425e-5,0.323207,1.3816,35.94,0.0225,1.699880
273100,34137,9.283761e-5,0.327587,1.3876,42.81,0.0276,1.707466
273200,34150,9.28323e-5,0.336528,1.4001,36.73,0.0223,1.759789
273300,34162,9.282741e-5,0.323461,1.3819,36.30,0.0225,1.698930
273400,34175,9.28221e-5,0.313948,1.3688,34.50,0.0242,1.635749
273500,34187,9.2817194e-5,0.332125,1.3939,36.69,0.0239,1.727521
273600,34200,9.281187e-5,0.314214,1.3692,36.49,0.0229,1.643463
273700,34212,9.2806964e-5,0.318708,1.3754,35.84,0.0227,1.653734
273800,34225,9.280165e-5,0.315639,1.3711,100.51,0.0653,1.648435
273900,34237,9.279675e-5,0.312502,1.3668,40.29,0.0261,1.639363
274000,34250,9.279142e-5,0.320064,1.3772,38.06,0.0252,1.681342
274100,34262,9.2786504e-5,0.321224,1.3788,41.78,0.0261,1.687347
274200,34275,9.278119e-5,0.320182,1.3774,35.80,0.0237,1.681901
274300,34287,9.2776274e-5,0.303109,1.3541,34.88,0.0238,1.562378
274400,34300,9.277095e-5,0.324683,1.3836,36.87,0.0236,1.712046
274500,34312,9.276603e-5,0.302053,1.3526,35.28,0.0216,1.573013
274600,34325,9.27607e-5,0.322044,1.3799,35.53,0.0221,1.681756
274700,34337,9.275577e-5,0.325691,1.3850,35.98,0.0230,1.690764
274800,34350,9.2750444e-5,0.310702,1.3644,35.38,0.0236,1.621764
274900,34362,9.274551e-5,0.315428,1.3708,35.28,0.0231,1.647723
275000,34375,9.274017e-5,0.342905,1.4090,35.64,0.0227,1.791739
275100,34387,9.273525e-5,0.334256,1.3969,42.72,0.0264,1.760803
275200,34400,9.272991e-5,0.323536,1.3820,35.59,0.0227,1.689031
275300,34412,9.272498e-5,0.330467,1.3916,36.05,0.0229,1.731525
275400,34425,9.271962e-5,0.324868,1.3838,38.54,0.0239,1.692542
275500,34437,9.271469e-5,0.310514,1.3641,39.16,0.0248,1.618963
275600,34450,9.270935e-5,0.324308,1.3831,36.11,0.0240,1.691537
275700,34462,9.27044e-5,0.322558,1.3807,35.97,0.0230,1.682982
275800,34475,9.269906e-5,0.328918,1.3895,36.08,0.0212,1.716498
275900,34487,9.2694114e-5,0.313185,1.3678,35.64,0.0233,1.622061
276000,34500,9.268876e-5,0.324122,1.3828,35.19,0.0232,1.690194
276100,34512,9.268381e-5,0.303573,1.3547,40.70,0.0261,1.575715
276200,34525,9.2678456e-5,0.325828,1.3852,34.56,0.0230,1.698195
276300,34537,9.267351e-5,0.318087,1.3745,36.03,0.0222,1.660871
276400,34550,9.266815e-5,0.300505,1.3505,35.05,0.0244,1.581416
276500,34562,9.2663206e-5,0.316245,1.3720,36.30,0.0234,1.665119
276600,34575,9.2657836e-5,0.323725,1.3823,35.94,0.0225,1.677256
276700,34587,9.265289e-5,0.306274,1.3584,35.91,0.0224,1.598646
276800,34600,9.264752e-5,0.315224,1.3706,37.03,0.0238,1.649181
276900,34612,9.264256e-5,0.341416,1.4069,36.19,0.0220,1.786324
277000,34625,9.263719e-5,0.324448,1.3833,35.74,0.0228,1.698887
277100,34637,9.2632225e-5,0.337073,1.4008,40.33,0.0246,1.770929
277200,34650,9.262684e-5,0.310415,1.3640,35.42,0.0223,1.626740
277300,34662,9.262189e-5,0.321049,1.3786,35.81,0.0247,1.683337
277400,34675,9.261651e-5,0.310952,1.3647,36.19,0.0226,1.628747
277500,34687,9.2611546e-5,0.302230,1.3529,35.51,0.0230,1.576070
277600,34700,9.260616e-5,0.319218,1.3761,35.28,0.0241,1.670998
277700,34712,9.2601185e-5,0.316213,1.3719,36.08,0.0230,1.649937
277800,34725,9.25958e-5,0.306564,1.3587,35.01,0.0236,1.604321
277900,34737,9.2590824e-5,0.315506,1.3710,35.71,0.0234,1.654860
278000,34750,9.258544e-5,0.330992,1.3923,36.55,0.0224,1.740750
278100,34762,9.258046e-5,0.328459,1.3888,42.25,0.0254,1.720659
278200,34775,9.2575065e-5,0.313427,1.3681,35.25,0.0232,1.627836
278300,34787,9.257009e-5,0.324145,1.3828,35.54,0.0234,1.709250
278400,34800,9.256469e-5,0.325172,1.3843,36.12,0.0241,1.692322
278500,34812,9.255971e-5,0.316223,1.3719,35.59,0.0227,1.652565
278600,34825,9.255431e-5,0.319201,1.3760,36.29,0.0217,1.662235
278700,34837,9.254932e-5,0.314106,1.3690,35.33,0.0236,1.648697
278800,34850,9.254392e-5,0.319932,1.3770,36.74,0.0235,1.677714
278900,34862,9.253893e-5,0.310798,1.3645,37.41,0.0243,1.611876
279000,34875,9.253353e-5,0.331042,1.3924,36.39,0.0220,1.741326
279100,34887,9.252854e-5,0.316136,1.3718,42.12,0.0267,1.645076
279200,34900,9.252313e-5,0.332541,1.3945,35.99,0.0227,1.741193
279300,34912,9.251812e-5,0.326536,1.3862,35.89,0.0250,1.720757
279400,34925,9.2512724e-5,0.301766,1.3522,35.79,0.0238,1.556911
279500,34937,9.250772e-5,0.309711,1.3630,36.21,0.0226,1.609964
279600,34950,9.2502305e-5,0.312447,1.3668,35.34,0.0232,1.640919
279700,34962,9.24973e-5,0.325607,1.3849,35.73,0.0221,1.700316
279800,34975,9.2491886e-5,0.313117,1.3677,36.17,0.0224,1.642156
279900,34987,9.248688e-5,0.332982,1.3951,36.33,0.0225,1.733076
280000,35000,9.248145e-5,0.319564,1.3765,36.20,0.0241,1.680168
280100,35012,9.2476446e-5,0.327813,1.3879,41.71,0.0275,1.717397
280200,35025,9.247102e-5,0.333715,1.3961,36.40,0.0227,1.739433
280300,35037,9.246601e-5,0.314865,1.3701,35.26,0.0222,1.641880
280400,35050,9.2460585e-5,0.324713,1.3836,36.92,0.0241,1.707440
280500,35062,9.2455564e-5,0.321912,1.3798,36.48,0.0226,1.683213
280600,35075,9.245014e-5,0.300737,1.3509,35.59,0.0234,1.569877
280700,35087,9.2445116e-5,0.324475,1.3833,35.77,0.0236,1.698949
280800,35100,9.243967e-5,0.311955,1.3661,35.02,0.0228,1.618972
280900,35112,9.243465e-5,0.314379,1.3694,35.85,0.0235,1.639565
281000,35125,9.2429225e-5,0.326478,1.3861,35.59,0.0240,1.709893
281100,35137,9.2424205e-5,0.316293,1.3720,41.20,0.0278,1.656590
281200,35150,9.241875e-5,0.310609,1.3643,37.14,0.0255,1.639688
281300,35162,9.241373e-5,0.309147,1.3623,34.92,0.0240,1.613420
281400,35175,9.240827e-5,0.326479,1.3861,36.83,0.0212,1.702393
281500,35187,9.240325e-5,0.324251,1.3830,35.90,0.0214,1.687456
281600,35200,9.239779e-5,0.326035,1.3855,35.98,0.0218,1.685414
281700,35212,9.239276e-5,0.325033,1.3841,37.34,0.0232,1.714312
281800,35225,9.2387316e-5,0.304046,1.3553,35.33,0.0233,1.575678
281900,35237,9.2382266e-5,0.314031,1.3689,37.34,0.0232,1.624631
282000,35250,9.2376824e-5,0.321619,1.3794,35.74,0.0227,1.676410
282100,35262,9.2371774e-5,0.322395,1.3804,40.16,0.0260,1.686648
282200,35275,9.236632e-5,0.299429,1.3491,35.06,0.0241,1.544532
282300,35287,9.236127e-5,0.300289,1.3502,35.46,0.0244,1.577053
282400,35300,9.235581e-5,0.316477,1.3723,36.32,0.0232,1.656950
282500,35312,9.235076e-5,0.325449,1.3847,36.04,0.0217,1.698493
282600,35325,9.2345304e-5,0.312999,1.3675,35.71,0.0225,1.617769
282700,35337,9.234024e-5,0.321425,1.3791,34.65,0.0216,1.677308
282800,35350,9.233477e-5,0.315733,1.3713,35.34,0.0218,1.633942
282900,35362,9.232972e-5,0.313978,1.3689,34.78,0.0226,1.643135
283000,35375,9.232425e-5,0.307857,1.3605,35.96,0.0220,1.606531
283100,35387,9.23192e-5,0.338709,1.4031,41.30,0.0258,1.771736
283200,35400,9.231371e-5,0.321243,1.3788,35.28,0.0226,1.676903
283300,35412,9.230866e-5,0.301610,1.3520,35.15,0.0223,1.551618
283400,35425,9.230318e-5,0.326792,1.3865,35.79,0.0226,1.691178
283500,35437,9.229811e-5,0.323663,1.3822,35.71,0.0216,1.688469
283600,35450,9.229263e-5,0.315697,1.3712,35.47,0.0237,1.637433
283700,35462,9.228756e-5,0.320801,1.3782,34.85,0.0216,1.671909
283800,35475,9.228208e-5,0.306690,1.3589,34.85,0.0224,1.590801
283900,35487,9.227701e-5,0.307682,1.3603,34.68,0.0237,1.594599
284000,35500,9.227151e-5,0.313280,1.3679,35.87,0.0227,1.623037
284100,35512,9.226645e-5,0.313253,1.3679,40.60,0.0280,1.627922
284200,35525,9.226095e-5,0.303724,1.3549,35.25,0.0226,1.587869
284300,35537,9.225588e-5,0.317513,1.3737,35.42,0.0218,1.662820
284400,35550,9.225038e-5,0.299359,1.3490,34.71,0.0234,1.566795
284500,35562,9.2245304e-5,0.312185,1.3664,35.20,0.0235,1.626548
284600,35575,9.22398e-5,0.311420,1.3654,35.89,0.0214,1.616313
284700,35587,9.2234724e-5,0.303698,1.3549,35.40,0.0227,1.582036
284800,35600,9.2229224e-5,0.328780,1.3893,35.70,0.0229,1.721803
284900,35612,9.222413e-5,0.312353,1.3666,35.86,0.0235,1.625993
285000,35625,9.221863e-5,0.314184,1.3691,34.91,0.0230,1.621688
285100,35637,9.221354e-5,0.320567,1.3779,40.84,0.0259,1.671789
285200,35650,9.220802e-5,0.322592,1.3807,36.70,0.0233,1.689865
285300,35662,9.220294e-5,0.318692,1.3753,35.83,0.0232,1.664221
285400,35675,9.219743e-5,0.327319,1.3872,35.89,0.0229,1.720201
285500,35687,9.219232e-5,0.319887,1.3770,35.49,0.0235,1.669498
285600,35700,9.2186805e-5,0.315179,1.3705,35.80,0.0222,1.640226
285700,35712,9.218171e-5,0.292610,1.3399,35.42,0.0230,1.526744
285800,35725,9.21762e-5,0.297644,1.3467,35.66,0.0216,1.550222
285900,35737,9.217109e-5,0.322552,1.3806,35.51,0.0229,1.687111
286000,35750,9.2165574e-5,0.318627,1.3752,35.50,0.0214,1.650974
286100,35762,9.2160466e-5,0.306954,1.3593,40.59,0.0256,1.601192
286200,35775,9.2154936e-5,0.323168,1.3815,35.49,0.0240,1.675769
286300,35787,9.214983e-5,0.319118,1.3759,35.36,0.0225,1.657703
286400,35800,9.21443e-5,0.322244,1.3802,35.94,0.0227,1.692835
286500,35812,9.213919e-5,0.329120,1.3897,35.60,0.0228,1.723524
286600,35825,9.213366e-5,0.312348,1.3666,35.36,0.0222,1.628687
286700,35837,9.212854e-5,0.315959,1.3716,36.30,0.0220,1.660966
286800,35850,9.212301e-5,0.324704,1.3836,41.69,0.0275,1.685569
286900,35862,9.211789e-5,0.333057,1.3952,35.46,0.0223,1.742579
287000,35875,9.211234e-5,0.327978,1.3882,36.69,0.0237,1.731743
287100,35887,9.2107235e-5,0.337730,1.4018,41.24,0.0253,1.758861
287200,35900,9.210169e-5,0.323363,1.3818,35.54,0.0231,1.681432
287300,35912,9.209657e-5,0.320908,1.3784,36.64,0.0232,1.668292
287400,35925,9.209101e-5,0.316969,1.3730,36.30,0.0237,1.663760
287500,35937,9.208589e-5,0.305939,1.3579,35.59,0.0230,1.591977
287600,35950,9.208034e-5,0.318335,1.3748,36.64,0.0230,1.642641
287700,35962,9.2075206e-5,0.331867,1.3936,34.83,0.0228,1.741972
287800,35975,9.206965e-5,0.301210,1.3515,35.75,0.0229,1.565175
287900,35987,9.2064525e-5,0.334060,1.3966,35.95,0.0230,1.743911
288000,36000,9.205897e-5,0.306937,1.3593,37.20,0.0235,1.615388
288100,36012,9.205383e-5,0.323760,1.3823,41.02,0.0264,1.693854
288200,36025,9.204827e-5,0.313522,1.3682,35.83,0.0234,1.632288
288300,36037,9.2043134e-5,0.322431,1.3805,36.30,0.0218,1.682765
288400,36050,9.2037575e-5,0.310291,1.3638,35.96,0.0229,1.619868
288500,36062,9.2032424e-5,0.312677,1.3671,36.70,0.0236,1.640061
288600,36075,9.2026865e-5,0.325647,1.3849,36.66,0.0238,1.706199
288700,36087,9.202171e-5,0.331736,1.3934,36.71,0.0231,1.734434
288800,36100,9.2016155e-5,0.328672,1.3891,36.67,0.0240,1.724623
288900,36112,9.2011e-5,0.313241,1.3679,36.03,0.0219,1.635222
289000,36125,9.2005415e-5,0.324430,1.3832,36.20,0.0240,1.689885
289100,36137,9.2000264e-5,0.317129,1.3732,42.28,0.0274,1.674033
289200,36150,9.199469e-5,0.325511,1.3847,36.10,0.0230,1.699332
289300,36162,9.198954e-5,0.328763,1.3892,35.58,0.0228,1.720937
289400,36175,9.1983966e-5,0.303152,1.3541,35.53,0.0218,1.577237
289500,36187,9.19788e-5,0.313087,1.3676,36.03,0.0235,1.626312
289600,36200,9.197321e-5,0.305594,1.3574,35.88,0.0233,1.586342
289700,36212,9.196806e-5,0.318858,1.3756,35.72,0.0225,1.671078
289800,36225,9.196247e-5,0.310469,1.3641,35.37,0.0230,1.640148
289900,36237,9.195731e-5,0.319373,1.3763,35.42,0.0221,1.662690
290000,36250,9.1951704e-5,0.329386,1.3901,35.76,0.0236,1.735194
290100,36262,9.194655e-5,0.307129,1.3595,47.98,0.0309,1.599013
290200,36275,9.194095e-5,0.314762,1.3699,35.76,0.0247,1.651765
290300,36287,9.1935784e-5,0.322652,1.3808,36.80,0.0226,1.691607
290400,36300,9.193018e-5,0.325155,1.3842,35.95,0.0236,1.703638
290500,36312,9.1925016e-5,0.321994,1.3799,35.70,0.0233,1.685352
290600,36325,9.191941e-5,0.316090,1.3718,35.24,0.0238,1.658786
290700,36337,9.191423e-5,0.310282,1.3638,36.71,0.0238,1.619601
290800,36350,9.190863e-5,0.314587,1.3697,35.47,0.0230,1.652030
290900,36362,9.190345e-5,0.307206,1.3596,35.71,0.0236,1.602704
291000,36375,9.189785e-5,0.322151,1.3801,35.87,0.0220,1.681340
291100,36387,9.189267e-5,0.301652,1.3521,42.67,0.0267,1.579458
291200,36400,9.188705e-5,0.319999,1.3771,37.09,0.0221,1.684363
291300,36412,9.188187e-5,0.314125,1.3691,35.08,0.0227,1.631426
291400,36425,9.187625e-5,0.313275,1.3679,34.93,0.0233,1.633951
291500,36437,9.187107e-5,0.299203,1.3488,36.16,0.0236,1.561165
291600,36450,9.186544e-5,0.320102,1.3773,37.67,0.0236,1.665827
291700,36462,9.186026e-5,0.315267,1.3706,36.27,0.0227,1.641835
291800,36475,9.185464e-5,0.323055,1.3813,36.31,0.0226,1.695226
291900,36487,9.184945e-5,0.310107,1.3636,35.78,0.0227,1.616933
292000,36500,9.1843816e-5,0.318176,1.3746,35.62,0.0219,1.652714
292100,36512,9.183862e-5,0.324062,1.3827,41.00,0.0263,1.682157
292200,36525,9.183299e-5,0.309240,1.3624,35.12,0.0231,1.610815
292300,36537,9.1827795e-5,0.318840,1.3755,35.59,0.0246,1.665728
292400,36550,9.182215e-5,0.333263,1.3955,35.71,0.0213,1.742914
292500,36562,9.181695e-5,0.308300,1.3611,35.73,0.0229,1.609083
292600,36575,9.181132e-5,0.316904,1.3729,36.07,0.0219,1.658077
292700,36587,9.180611e-5,0.325708,1.3850,36.76,0.0218,1.696625
292800,36600,9.180048e-5,0.313528,1.3682,35.12,0.0227,1.630595
292900,36612,9.179526e-5,0.320066,1.3772,35.54,0.0214,1.679797
293000,36625,9.1789625e-5,0.316766,1.3727,37.97,0.0247,1.648155
293100,36637,9.1784415e-5,0.316941,1.3729,45.74,0.0273,1.636628
293200,36650,9.177877e-5,0.304309,1.3557,39.66,0.0264,1.584129
293300,36662,9.1773545e-5,0.315302,1.3707,39.56,0.0266,1.647259
293400,36675,9.17679e-5,0.309235,1.3624,38.53,0.0246,1.607666
293500,36687,9.1762675e-5,0.312798,1.3672,39.49,0.0260,1.629665
293600,36700,9.175703e-5,0.331943,1.3937,39.93,0.0261,1.748004
293700,36712,9.1751805e-5,0.322751,1.3809,39.91,0.0266,1.694316
293800,36725,9.174616e-5,0.324533,1.3834,39.83,0.0259,1.699078
293900,36737,9.174092e-5,0.303049,1.3540,39.30,0.0260,1.576721
294000,36750,9.173527e-5,0.313350,1.3680,39.61,0.0245,1.635526
294100,36762,9.173005e-5,0.297572,1.3466,45.89,0.0306,1.544962
294200,36775,9.1724374e-5,0.319373,1.3763,38.97,0.0259,1.662830
294300,36787,9.171915e-5,0.307940,1.3606,39.90,0.0250,1.581338
294400,36800,9.1713475e-5,0.301172,1.3514,40.28,0.0244,1.573034
294500,36812,9.170825e-5,0.323999,1.3826,39.92,0.0252,1.709431
294600,36825,9.1702575e-5,0.324132,1.3828,39.29,0.0261,1.686585
294700,36837,9.169734e-5,0.315745,1.3713,39.85,0.0253,1.653921
294800,36850,9.169166e-5,0.311252,1.3651,39.90,0.0262,1.627544
294900,36862,9.168642e-5,0.323128,1.3814,40.80,0.0279,1.689205
295000,36875,9.168075e-5,0.314815,1.3700,40.81,0.0277,1.656088
295100,36887,9.167551e-5,0.310019,1.3635,47.01,0.0302,1.618177
295200,36900,9.166983e-5,0.309525,1.3628,41.40,0.0260,1.605595
295300,36912,9.166458e-5,0.301965,1.3525,41.29,0.0281,1.569270
295400,36925,9.1658905e-5,0.314297,1.3693,40.46,0.0272,1.634366
295500,36937,9.165365e-5,0.301673,1.3521,40.22,0.0271,1.562205
295600,36950,9.164796e-5,0.318133,1.3746,41.06,0.0272,1.664026
295700,36962,9.164271e-5,0.317701,1.3740,40.76,0.0274,1.662553
295800,36975,9.163702e-5,0.317423,1.3736,40.19,0.0271,1.673944
295900,36987,9.1631766e-5,0.322235,1.3802,40.59,0.0261,1.681316
296000,37000,9.1626076e-5,0.311381,1.3653,39.97,0.0266,1.612008
296100,37012,9.162082e-5,0.320984,1.3785,45.41,0.0280,1.681262
296200,37025,9.161512e-5,0.325189,1.3843,42.66,0.0274,1.705035
296300,37037,9.1609865e-5,0.305301,1.3570,39.63,0.0268,1.594493
296400,37050,9.160416e-5,0.306635,1.3588,38.94,0.0269,1.612513
296500,37062,9.159889e-5,0.315606,1.3711,40.74,0.0267,1.637977
296600,37075,9.15932e-5,0.311854,1.3660,40.06,0.0265,1.628077
296700,37087,9.1587935e-5,0.318041,1.3744,41.54,0.0244,1.655723
296800,37100,9.158222e-5,0.313434,1.3681,39.11,0.0252,1.636989
296900,37112,9.157695e-5,0.310223,1.3637,39.83,0.0242,1.612239
297000,37125,9.157123e-5,0.320368,1.3776,39.52,0.0262,1.665506
297100,37137,9.156596e-5,0.326917,1.3867,45.50,0.0302,1.716740
297200,37150,9.156024e-5,0.314350,1.3694,39.88,0.0245,1.628741
297300,37162,9.1554975e-5,0.312217,1.3665,40.56,0.0250,1.624825
297400,37175,9.154926e-5,0.328894,1.3894,40.52,0.0259,1.724790
297500,37187,9.154399e-5,0.308622,1.3615,38.99,0.0251,1.600206
297600,37200,9.1538255e-5,0.322923,1.3812,40.40,0.0260,1.705738
297700,37212,9.153297e-5,0.315724,1.3713,39.89,0.0247,1.644888
297800,37225,9.1527254e-5,0.307297,1.3597,40.75,0.0256,1.606618
297900,37237,9.152197e-5,0.316141,1.3718,40.29,0.0236,1.637633
298000,37250,9.151624e-5,0.317843,1.3742,39.35,0.0258,1.658387
298100,37262,9.1510956e-5,0.301354,1.3517,44.90,0.0278,1.565702
298200,37275,9.150522e-5,0.315964,1.3716,39.53,0.0253,1.637202
298300,37287,9.1499925e-5,0.322968,1.3812,40.40,0.0251,1.686551
298400,37300,9.149419e-5,0.313320,1.3680,40.45,0.0252,1.617255
298500,37312,9.1488895e-5,0.300183,1.3501,39.77,0.0251,1.567563
298600,37325,9.148316e-5,0.307813,1.3604,39.40,0.0248,1.605143
298700,37337,9.1477865e-5,0.319287,1.3761,39.02,0.0251,1.661702
298800,37350,9.147213e-5,0.324063,1.3827,38.94,0.0250,1.691735
298900,37362,9.146682e-5,0.312078,1.3663,40.75,0.0264,1.636371
299000,37375,9.146109e-5,0.315458,1.3709,40.28,0.0266,1.650082
299100,37387,9.1455775e-5,0.309169,1.3623,47.86,0.0309,1.604398
299200,37400,9.145003e-5,0.317220,1.3733,39.90,0.0261,1.655886
299300,37412,9.144473e-5,0.310076,1.3635,41.25,0.0255,1.613480
299400,37425,9.143897e-5,0.295676,1.3440,40.40,0.0271,1.539174
299500,37437,9.143367e-5,0.304632,1.3561,39.70,0.0279,1.583660
299600,37450,9.142791e-5,0.311742,1.3658,40.47,0.0271,1.644126
299700,37462,9.14226e-5,0.317460,1.3736,41.25,0.0261,1.652536
299800,37475,9.1416834e-5,0.303321,1.3543,39.58,0.0268,1.572077
299900,37487,9.141152e-5,0.308609,1.3615,41.21,0.0247,1.606619
300000,37500,9.140576e-5,0.296438,1.3451,39.71,0.0263,1.538370
300100,37512,9.140045e-5,0.304984,1.3566,44.51,0.0312,1.589661
300200,37525,9.1394686e-5,0.312385,1.3667,40.28,0.0277,1.638281
300300,37537,9.138936e-5,0.322567,1.3807,42.86,0.0263,1.703214
300400,37550,9.13836e-5,0.323729,1.3823,41.95,0.0274,1.675211
300500,37562,9.137827e-5,0.325660,1.3849,40.68,0.0267,1.702620
300600,37575,9.1372494e-5,0.317079,1.3731,40.87,0.0260,1.660424
300700,37587,9.136717e-5,0.325173,1.3843,41.82,0.0253,1.706714
300800,37600,9.1361406e-5,0.327251,1.3871,40.34,0.0258,1.721894
300900,37612,9.1356065e-5,0.328070,1.3883,41.69,0.0251,1.712765
301000,37625,9.135029e-5,0.308926,1.3620,39.77,0.0263,1.617970
301100,37637,9.134495e-5,0.320575,1.3779,67.68,0.0407,1.671726
301200,37650,9.133917e-5,0.293319,1.3409,60.26,0.0396,1.513924
301300,37662,9.1333844e-5,0.301370,1.3517,61.93,0.0402,1.569260
301400,37675,9.132805e-5,0.311176,1.3650,62.14,0.0401,1.624531
301500,37687,9.132271e-5,0.298428,1.3477,60.96,0.0404,1.546483
301600,37700,9.1316935e-5,0.316549,1.3724,61.79,0.0397,1.655259
301700,37712,9.131158e-5,0.316530,1.3724,54.78,0.0364,1.650033
301800,37725,9.130579e-5,0.313704,1.3685,40.43,0.0257,1.648593
301900,37737,9.130045e-5,0.318416,1.3749,41.91,0.0252,1.655932
302000,37750,9.1294656e-5,0.323752,1.3823,41.33,0.0265,1.699054
302100,37762,9.12893e-5,0.326376,1.3859,48.31,0.0290,1.706058
302200,37775,9.128351e-5,0.309055,1.3621,39.69,0.0268,1.608560
302300,37787,9.1278154e-5,0.306347,1.3585,37.27,0.0255,1.609043
302400,37800,9.127235e-5,0.326473,1.3861,35.23,0.0225,1.705436
302500,37812,9.126699e-5,0.322670,1.3808,35.62,0.0233,1.686960
302600,37825,9.126119e-5,0.313893,1.3687,35.36,0.0232,1.638299
302700,37837,9.125583e-5,0.307154,1.3595,35.25,0.0223,1.595422
302800,37850,9.1250025e-5,0.312441,1.3668,36.01,0.0225,1.641391
302900,37862,9.124467e-5,0.297587,1.3466,35.14,0.0237,1.548620
303000,37875,9.123885e-5,0.296687,1.3454,36.02,0.0238,1.558833
