step,batch,lr,loss,perplexity,ms_per_step,s_per_norm_seq,word_loss
100,12,8e-6,5.921405,372.9353,356.21,0.2307,30.791084
200,25,1.6666667e-5,5.059306,157.4812,46.85,0.0287,26.159578
300,37,2.4666666e-5,4.273162,71.7482,36.50,0.0236,22.057337
400,50,3.3333334e-5,3.622862,37.4446,37.80,0.0235,18.833595
500,62,4.1333333e-5,3.150643,23.3511,37.95,0.0246,16.388151
600,75,5e-5,2.759904,15.7983,45.90,0.0289,14.381509
700,87,5.7999998e-5,2.471830,11.8441,41.55,0.0254,12.820232
800,100,6.666667e-5,2.243235,9.4238,37.16,0.0232,11.752502
900,112,7.466666e-5,2.044214,7.7231,36.72,0.0228,10.563937
1000,125,8.333333e-5,1.925845,6.8609,37.23,0.0252,10.082332
1100,137,9.1333335e-5,1.810467,6.1133,41.21,0.0242,9.416732
1200,150,9.999986e-5,1.679347,5.3621,35.74,0.0230,8.646313
1300,162,9.999983e-5,1.577976,4.8451,36.59,0.0239,8.197716
1400,175,9.99998e-5,1.508974,4.5221,36.66,0.0236,7.801599
1500,187,9.999979e-5,1.442355,4.2306,39.89,0.0262,7.514180
1600,200,9.999974e-5,1.442803,4.2325,36.10,0.0237,7.590793
1700,212,9.9999714e-5,1.358795,3.8915,36.18,0.0222,7.055146
1800,225,9.9999685e-5,1.341829,3.8260,38.09,0.0220,6.992457
1900,237,9.999964e-5,1.292462,3.6417,36.49,0.0233,6.760094
2000,250,9.99996e-5,1.257988,3.5183,36.73,0.0229,6.555295
2100,262,9.999957e-5,1.236884,3.4449,42.80,0.0269,6.482306
2200,275,9.9999525e-5,1.210228,3.3542,37.26,0.0213,6.288661
2300,287,9.999948e-5,1.157414,3.1817,36.22,0.0242,6.021091
2400,300,9.999944e-5,1.167613,3.2143,36.97,0.0241,6.101107
2500,312,9.999939e-5,1.111037,3.0375,36.97,0.0222,5.748344
2600,325,9.9999335e-5,1.096974,2.9951,37.04,0.0233,5.703116
2700,337,9.999928e-5,1.111848,3.0400,36.71,0.0232,5.872995
2800,350,9.999923e-5,1.083862,2.9561,36.61,0.0229,5.622659
2900,362,9.9999175e-5,1.054354,2.8701,36.39,0.0236,5.489338
3000,375,9.999912e-5,1.013001,2.7539,36.00,0.0242,5.216635
3100,387,9.999906e-5,1.025419,2.7883,41.51,0.0271,5.349123
3200,400,9.9998986e-5,1.029880,2.8007,36.11,0.0235,5.389562
3300,412,9.999893e-5,0.999612,2.7172,36.88,0.0221,5.193024
3400,425,9.999887e-5,1.009644,2.7446,36.32,0.0231,5.244567
3500,437,9.99988e-5,0.978258,2.6598,35.97,0.0243,5.125818
3600,450,9.9998724e-5,0.971331,2.6415,36.75,0.0229,5.061528
3700,462,9.999865e-5,0.969706,2.6372,37.31,0.0212,5.006423
3800,475,9.999858e-5,0.938394,2.5559,36.31,0.0229,4.917516
3900,487,9.9998506e-5,0.950793,2.5878,36.91,0.0230,4.939365
4000,500,9.999842e-5,0.939007,2.5574,37.28,0.0221,4.880858
4100,512,9.9998346e-5,0.911882,2.4890,41.05,0.0256,4.730093
4200,525,9.999826e-5,0.924029,2.5194,36.81,0.0231,4.791840
4300,537,9.999817e-5,0.897647,2.4538,36.17,0.0230,4.666144
4400,550,9.99981e-5,0.918441,2.5054,36.62,0.0222,4.826793
4500,562,9.999801e-5,0.868684,2.3838,36.21,0.0241,4.509974
4600,575,9.999791e-5,0.907069,2.4771,37.48,0.0230,4.758372
4700,587,9.999782e-5,0.871488,2.3905,37.06,0.0228,4.514612
4800,600,9.999772e-5,0.876660,2.4029,38.25,0.0241,4.609970
4900,612,9.999763e-5,0.863974,2.3726,36.22,0.0230,4.531876
5000,625,9.999753e-5,0.864919,2.3748,35.90,0.0249,4.502868
5100,637,9.999744e-5,0.878715,2.4078,41.29,0.0259,4.610047
5200,650,9.999733e-5,0.903224,2.4675,36.57,0.0225,4.714054
5300,662,9.999724e-5,0.822286,2.2757,35.69,0.0244,4.254821
5400,675,9.999712e-5,0.873684,2.3957,38.23,0.0223,4.553946
5500,687,9.999702e-5,0.854132,2.3493,36.68,0.0244,4.480924
5600,700,9.9996905e-5,0.834091,2.3027,37.31,0.0244,4.354882
5700,712,9.99968e-5,0.848712,2.3366,37.57,0.0219,4.431930
5800,725,9.999669e-5,0.829063,2.2912,36.82,0.0233,4.354110
5900,737,9.999657e-5,0.823608,2.2787,36.63,0.0245,4.274148
6000,750,9.9996454e-5,0.812675,2.2539,36.58,0.0226,4.226896
6100,762,9.999634e-5,0.787259,2.1974,40.48,0.0265,4.089441
6200,775,9.999621e-5,0.812356,2.2532,36.26,0.0239,4.226532
6300,787,9.999609e-5,0.811877,2.2521,36.53,0.0227,4.259854
6400,800,9.999596e-5,0.778635,2.1785,36.73,0.0234,4.063463
6500,812,9.999584e-5,0.811669,2.2517,36.68,0.0226,4.245726
6600,825,9.99957e-5,0.809458,2.2467,36.27,0.0222,4.237252
6700,837,9.999558e-5,0.787444,2.1978,36.40,0.0225,4.087992
6800,850,9.9995435e-5,0.774757,2.1701,36.25,0.0241,4.047360
6900,862,9.9995304e-5,0.793596,2.2113,36.59,0.0239,4.171225
7000,875,9.999516e-5,0.809206,2.2461,37.48,0.0220,4.220433
7100,887,9.999503e-5,0.800086,2.2257,65.00,0.0410,4.199016
7200,900,9.999488e-5,0.794663,2.2137,62.29,0.0366,4.130754
7300,912,9.999474e-5,0.773045,2.1664,62.10,0.0397,4.046503
7400,925,9.999459e-5,0.766787,2.1528,60.72,0.0395,4.033656
7500,937,9.999446e-5,0.756696,2.1312,40.75,0.0262,3.915197
7600,950,9.99943e-5,0.762846,2.1444,37.96,0.0234,3.956131
7700,962,9.9994155e-5,0.762759,2.1442,37.59,0.0237,4.014734
7800,975,9.9993995e-5,0.757149,2.1322,37.39,0.0228,3.963756
7900,987,9.999385e-5,0.752515,2.1223,38.16,0.0217,3.903235
8000,1000,9.9993675e-5,0.739902,2.0957,36.79,0.0237,3.861476
8100,1012,9.999353e-5,0.750136,2.1173,41.52,0.0264,3.936816
8200,1025,9.999337e-5,0.758730,2.1356,37.16,0.0229,3.982618
8300,1037,9.999321e-5,0.736145,2.0879,36.57,0.0227,3.838740
8400,1050,9.9993034e-5,0.737624,2.0910,37.08,0.0230,3.846625
8500,1062,9.9992874e-5,0.724366,2.0634,37.44,0.0234,3.779364
8600,1075,9.99927e-5,0.732271,2.0798,37.54,0.0237,3.857855
8700,1087,9.999254e-5,0.718844,2.0521,37.33,0.0242,3.759926
8800,1100,9.9992365e-5,0.719561,2.0535,38.05,0.0230,3.744924
8900,1112,9.999219e-5,0.724791,2.0643,38.11,0.0234,3.759943
9000,1125,9.9992e-5,0.717399,2.0491,38.62,0.0246,3.757020
9100,1137,9.999184e-5,0.710321,2.0346,41.15,0.0259,3.693158
9200,1150,9.999165e-5,0.707063,2.0280,38.36,0.0232,3.678005
9300,1162,9.999148e-5,0.733071,2.0815,37.55,0.0230,3.834956
9400,1175,9.999127e-5,0.705920,2.0257,36.53,0.0232,3.675635
9500,1187,9.99911e-5,0.709437,2.0328,37.08,0.0240,3.706596
9600,1200,9.999091e-5,0.713071,2.0402,36.65,0.0246,3.724148
9700,1212,9.999072e-5,0.699533,2.0128,37.33,0.0247,3.639689
9800,1225,9.999052e-5,0.713034,2.0402,37.02,0.0235,3.750044
9900,1237,9.999033e-5,0.702479,2.0188,37.43,0.0228,3.688744
10000,1250,9.9990124e-5,0.707626,2.0292,38.34,0.0217,3.725156
10100,1262,9.9989935e-5,0.702136,2.0181,40.64,0.0270,3.649289
10200,1275,9.998973e-5,0.705879,2.0256,37.98,0.0237,3.675033
10300,1287,9.998954e-5,0.694705,2.0031,37.00,0.0232,3.637969
10400,1300,9.9989324e-5,0.689744,1.9932,36.96,0.0241,3.591164
10500,1312,9.9989134e-5,0.698497,2.0107,36.55,0.0235,3.640668
10600,1325,9.9988916e-5,0.693396,2.0005,36.67,0.0234,3.587700
10700,1337,9.998871e-5,0.665691,1.9458,36.23,0.0234,3.433513
10800,1350,9.9988494e-5,0.726143,2.0671,37.28,0.0242,3.791705
10900,1362,9.998829e-5,0.692156,1.9980,35.78,0.0241,3.629168
11000,1375,9.998806e-5,0.684527,1.9828,36.02,0.0239,3.579409
11100,1387,9.9987854e-5,0.664159,1.9429,41.11,0.0273,3.469840
11200,1400,9.998762e-5,0.688799,1.9913,37.64,0.0222,3.589745
11300,1412,9.99874e-5,0.658698,1.9323,36.45,0.0227,3.433539
11400,1425,9.998717e-5,0.658637,1.9322,37.25,0.0224,3.422551
11500,1437,9.998695e-5,0.670214,1.9547,37.08,0.0249,3.508715
11600,1450,9.998672e-5,0.692302,1.9983,36.49,0.0241,3.616038
11700,1462,9.99865e-5,0.651717,1.9188,37.61,0.0242,3.380558
11800,1475,9.998625e-5,0.658378,1.9317,36.73,0.0246,3.452434
11900,1487,9.9986035e-5,0.662513,1.9397,36.27,0.0239,3.455687
12000,1500,9.998579e-5,0.667293,1.9490,36.93,0.0234,3.486212
12100,1512,9.9985555e-5,0.634575,1.8862,41.10,0.0260,3.259345
12200,1525,9.998531e-5,0.641875,1.9000,36.94,0.0239,3.356838
12300,1537,9.9985074e-5,0.669555,1.9534,38.24,0.0232,3.497249
12400,1550,9.998483e-5,0.674956,1.9639,37.26,0.0245,3.555498
12500,1562,9.9984594e-5,0.676513,1.9670,37.79,0.0243,3.537986
12600,1575,9.998433e-5,0.626860,1.8717,36.89,0.0241,3.270834
12700,1587,9.9984085e-5,0.648849,1.9133,37.33,0.0241,3.383048
12800,1600,9.998384e-5,0.662209,1.9391,38.24,0.0240,3.452191
12900,1612,9.998359e-5,0.651088,1.9176,36.57,0.0238,3.397730
13000,1625,9.998333e-5,0.643957,1.9040,37.22,0.0239,3.356244
13100,1637,9.998308e-5,0.644973,1.9059,40.82,0.0257,3.323500
13200,1650,9.9982804e-5,0.644587,1.9052,36.49,0.0239,3.350044
13300,1662,9.998256e-5,0.661785,1.9382,37.00,0.0239,3.465535
13400,1675,9.998228e-5,0.663759,1.9421,36.60,0.0237,3.469257
13500,1687,9.998202e-5,0.633313,1.8838,37.78,0.0236,3.282023
13600,1700,9.998176e-5,0.637232,1.8912,36.90,0.0248,3.332264
13700,1712,9.9981495e-5,0.655872,1.9268,37.39,0.0233,3.395321
13800,1725,9.9981204e-5,0.654026,1.9233,36.06,0.0229,3.394834
13900,1737,9.998094e-5,0.655991,1.9271,37.42,0.0254,3.456460
14000,1750,9.998065e-5,0.668148,1.9506,37.29,0.0229,3.482750
14100,1762,9.998039e-5,0.627923,1.8737,41.54,0.0255,3.265545
14200,1775,9.99801e-5,0.647606,1.9110,37.24,0.0224,3.360448
14300,1787,9.9979836e-5,0.628709,1.8752,37.38,0.0224,3.265460
14400,1800,9.997953e-5,0.618187,1.8556,37.23,0.0232,3.236788
14500,1812,9.997927e-5,0.616500,1.8524,36.29,0.0253,3.234387
14600,1825,9.997896e-5,0.609568,1.8396,36.03,0.0235,3.134098
14700,1837,9.9978686e-5,0.632952,1.8832,36.80,0.0255,3.327677
14800,1850,9.997838e-5,0.624182,1.8667,36.38,0.0238,3.256631
14900,1862,9.9978104e-5,0.637484,1.8917,38.73,0.0230,3.322598
15000,1875,9.99778e-5,0.640294,1.8970,39.88,0.0244,3.333428
15100,1887,9.997751e-5,0.641104,1.8986,40.25,0.0269,3.370151
15200,1900,9.99772e-5,0.612395,1.8448,36.82,0.0240,3.165090
15300,1912,9.997691e-5,0.616788,1.8530,36.75,0.0229,3.185330
15400,1925,9.997659e-5,0.619353,1.8577,36.98,0.0229,3.235197
15500,1937,9.99763e-5,0.631358,1.8802,37.36,0.0229,3.296125
15600,1950,9.997598e-5,0.634445,1.8860,38.81,0.0231,3.326743
15700,1962,9.997569e-5,0.611834,1.8438,36.41,0.0247,3.190000
15800,1975,9.997537e-5,0.592501,1.8085,36.76,0.0229,3.074792
15900,1987,9.997506e-5,0.630369,1.8783,37.35,0.0229,3.293422
16000,2000,9.997473e-5,0.610533,1.8414,37.83,0.0240,3.196472
16100,2012,9.997444e-5,0.621009,1.8608,41.92,0.0274,3.257834
16200,2025,9.99741e-5,0.614162,1.8481,36.55,0.0234,3.187279
16300,2037,9.99738e-5,0.625021,1.8683,37.23,0.0229,3.244493
16400,2050,9.997346e-5,0.601276,1.8244,36.52,0.0236,3.122955
16500,2062,9.997314e-5,0.605323,1.8318,37.38,0.0238,3.149653
16600,2075,9.997281e-5,0.609060,1.8387,36.95,0.0239,3.170365
16700,2087,9.997249e-5,0.626435,1.8709,37.62,0.0226,3.291485
16800,2100,9.997215e-5,0.578161,1.7828,36.59,0.0247,3.001058
16900,2112,9.997183e-5,0.600665,1.8233,37.61,0.0245,3.124316
17000,2125,9.997148e-5,0.610893,1.8421,36.62,0.0223,3.185659
17100,2137,9.997116e-5,0.583184,1.7917,39.91,0.0268,3.016885
17200,2150,9.997081e-5,0.595304,1.8136,36.04,0.0234,3.100196
17300,2162,9.997048e-5,0.597883,1.8183,36.81,0.0232,3.103949
17400,2175,9.9970115e-5,0.611558,1.8433,36.83,0.0249,3.193320
17500,2187,9.9969795e-5,0.600468,1.8230,37.18,0.0243,3.133294
17600,2200,9.996943e-5,0.615585,1.8507,37.00,0.0235,3.216517
17700,2212,9.99691e-5,0.618170,1.8555,36.85,0.0236,3.242818
17800,2225,9.996873e-5,0.598453,1.8193,37.11,0.0238,3.114165
17900,2237,9.99684e-5,0.599904,1.8219,37.22,0.0256,3.141041
18000,2250,9.9968034e-5,0.602830,1.8273,37.78,0.0235,3.141822
18100,2262,9.9967685e-5,0.596620,1.8160,39.86,0.0268,3.095657
18200,2275,9.996731e-5,0.600945,1.8238,37.23,0.0222,3.127522
18300,2287,9.996697e-5,0.595460,1.8139,36.75,0.0239,3.106913
18400,2300,9.996659e-5,0.598840,1.8200,37.06,0.0233,3.120198
18500,2312,9.9966244e-5,0.573853,1.7751,36.54,0.0240,2.980795
18600,2325,9.9965866e-5,0.586487,1.7977,36.19,0.0229,3.072870
18700,2337,9.99655e-5,0.569984,1.7682,36.08,0.0234,2.961228
18800,2350,9.9965124e-5,0.580058,1.7861,37.09,0.0236,3.004655
18900,2362,9.9964775e-5,0.581690,1.7891,36.31,0.0251,3.029030
19000,2375,9.996438e-5,0.593893,1.8110,37.29,0.0219,3.090968
19100,2387,9.996402e-5,0.594607,1.8123,41.11,0.0255,3.104417
19200,2400,9.9963625e-5,0.579569,1.7853,37.16,0.0240,3.021523
19300,2412,9.996326e-5,0.584678,1.7944,35.99,0.0241,3.032063
19400,2425,9.9962854e-5,0.600708,1.8234,37.94,0.0232,3.116942
19500,2437,9.996249e-5,0.604014,1.8294,37.80,0.0242,3.184696
19600,2450,9.99621e-5,0.602073,1.8259,37.49,0.0230,3.158736
19700,2462,9.996172e-5,0.574261,1.7758,36.89,0.0241,2.976858
19800,2475,9.996131e-5,0.575178,1.7774,37.10,0.0245,3.000322
19900,2487,9.996093e-5,0.570931,1.7699,37.10,0.0238,2.996105
20000,2500,9.9960525e-5,0.573252,1.7740,37.27,0.0238,2.975899
20100,2512,9.996015e-5,0.569341,1.7671,40.58,0.0263,2.940711
20200,2525,9.995974e-5,0.573191,1.7739,37.31,0.0235,2.980720
20300,2537,9.995935e-5,0.562722,1.7554,37.63,0.0247,2.921958
20400,2550,9.9958925e-5,0.584790,1.7946,37.66,0.0243,3.065013
20500,2562,9.9958546e-5,0.576304,1.7794,36.99,0.0233,2.994443
20600,2575,9.9958124e-5,0.561482,1.7533,36.74,0.0234,2.928526
20700,2587,9.995773e-5,0.575672,1.7783,36.66,0.0232,3.002667
20800,2600,9.995731e-5,0.575792,1.7785,36.96,0.0244,3.010558
20900,2612,9.995692e-5,0.601250,1.8244,37.29,0.0232,3.139571
21000,2625,9.995648e-5,0.585304,1.7955,36.62,0.0229,3.069525
21100,2637,9.995609e-5,0.560509,1.7516,40.19,0.0274,2.926007
21200,2650,9.995565e-5,0.566649,1.7624,36.12,0.0230,2.940206
21300,2662,9.995526e-5,0.568729,1.7660,38.03,0.0242,2.975977
21400,2675,9.995481e-5,0.569006,1.7665,36.86,0.0225,2.963923
21500,2687,9.99544e-5,0.568324,1.7653,35.53,0.0238,2.950387
21600,2700,9.995396e-5,0.556889,1.7452,36.30,0.0236,2.894858
21700,2712,9.9953555e-5,0.580492,1.7869,37.92,0.0232,3.059624
21800,2725,9.9953104e-5,0.582023,1.7897,35.34,0.0242,3.037310
21900,2737,9.99527e-5,0.577617,1.7818,36.29,0.0233,3.005514
22000,2750,9.9952245e-5,0.559986,1.7506,36.99,0.0231,2.914128
22100,2762,9.995182e-5,0.583939,1.7931,39.81,0.0263,3.040127
22200,2775,9.995137e-5,0.561444,1.7532,36.45,0.0252,2.971636
22300,2787,9.995095e-5,0.566166,1.7615,36.54,0.0235,2.946388
22400,2800,9.9950485e-5,0.555469,1.7428,36.69,0.0254,2.894653
22500,2812,9.995006e-5,0.572438,1.7726,37.05,0.0229,2.975982
22600,2825,9.99496e-5,0.552315,1.7373,37.45,0.0247,2.883776
22700,2837,9.9949175e-5,0.568431,1.7655,37.43,0.0231,2.974457
22800,2850,9.994871e-5,0.557748,1.7467,37.37,0.0229,2.893288
22900,2862,9.994827e-5,0.562284,1.7547,36.55,0.0243,2.935294
23000,2875,9.994781e-5,0.547738,1.7293,36.32,0.0241,2.845916
23100,2887,9.994737e-5,0.562799,1.7556,41.84,0.0256,2.952215
23200,2900,9.994689e-5,0.569555,1.7675,36.30,0.0245,2.988202
23300,2912,9.9946454e-5,0.576017,1.7789,36.88,0.0237,3.009993
23400,2925,9.994597e-5,0.559056,1.7490,37.53,0.0237,2.907448
23500,2937,9.994552e-5,0.529753,1.6985,37.13,0.0228,2.744872
23600,2950,9.994504e-5,0.554845,1.7417,37.44,0.0237,2.897990
23700,2962,9.994459e-5,0.558650,1.7483,37.30,0.0233,2.932092
23800,2975,9.994411e-5,0.566725,1.7625,38.32,0.0230,2.961610
23900,2987,9.994366e-5,0.569283,1.7670,38.20,0.0232,2.979126
24000,3000,9.9943165e-5,0.573001,1.7736,37.27,0.0228,2.972780
24100,3012,9.9942714e-5,0.548090,1.7299,64.73,0.0427,2.846662
24200,3025,9.994222e-5,0.555699,1.7432,61.65,0.0395,2.892043
24300,3037,9.994175e-5,0.559226,1.7493,46.17,0.0305,2.905384
24400,3050,9.994126e-5,0.543500,1.7220,36.45,0.0232,2.811479
24500,3062,9.994079e-5,0.563739,1.7572,37.00,0.0240,2.964758
24600,3075,9.9940284e-5,0.550916,1.7348,36.93,0.0226,2.874064
24700,3087,9.993982e-5,0.559922,1.7505,36.71,0.0241,2.935233
24800,3100,9.993931e-5,0.550728,1.7345,36.34,0.0251,2.866796
24900,3112,9.993884e-5,0.564480,1.7585,37.22,0.0225,2.932733
25000,3125,9.9938334e-5,0.538391,1.7132,35.47,0.0239,2.811641
25100,3137,9.993785e-5,0.547129,1.7283,40.32,0.0264,2.844569
25200,3150,9.9937344e-5,0.542658,1.7206,36.31,0.0245,2.827354
25300,3162,9.9936864e-5,0.533626,1.7051,36.59,0.0248,2.774311
25400,3175,9.993634e-5,0.557920,1.7470,37.40,0.0237,2.919037
25500,3187,9.993586e-5,0.555270,1.7424,38.07,0.0248,2.897291
25600,3200,9.9935336e-5,0.541902,1.7193,37.42,0.0238,2.826208
25700,3212,9.9934856e-5,0.560162,1.7510,37.26,0.0229,2.936236
25800,3225,9.993432e-5,0.540240,1.7164,36.59,0.0226,2.811352
25900,3237,9.993384e-5,0.537150,1.7111,36.39,0.0236,2.768484
26000,3250,9.99333e-5,0.556227,1.7441,36.46,0.0223,2.911315
26100,3262,9.9932804e-5,0.533675,1.7052,40.75,0.0278,2.784238
26200,3275,9.9932266e-5,0.563947,1.7576,37.19,0.0231,2.931838
26300,3287,9.993177e-5,0.546044,1.7264,36.53,0.0245,2.864276
26400,3300,9.993123e-5,0.553459,1.7393,36.89,0.0221,2.884372
26500,3312,9.993074e-5,0.548697,1.7310,36.56,0.0226,2.862924
26600,3325,9.9930185e-5,0.540611,1.7171,36.91,0.0234,2.802479
26700,3337,9.992969e-5,0.559828,1.7504,37.95,0.0227,2.943715
26800,3350,9.992914e-5,0.538125,1.7128,36.49,0.0244,2.813300
26900,3362,9.992863e-5,0.541150,1.7180,36.22,0.0235,2.823643
27000,3375,9.9928075e-5,0.532102,1.7025,36.02,0.0235,2.785842
27100,3387,9.9927565e-5,0.545987,1.7263,40.63,0.0270,2.854843
27200,3400,9.9927e-5,0.554708,1.7414,38.47,0.0235,2.906974
27300,3412,9.992649e-5,0.536286,1.7096,36.50,0.0242,2.819797
27400,3425,9.992592e-5,0.546910,1.7279,36.87,0.0235,2.849924
27500,3437,9.99254e-5,0.520170,1.6823,36.51,0.0233,2.691351
27600,3450,9.9924844e-5,0.521649,1.6848,36.50,0.0252,2.717324
27700,3462,9.992432e-5,0.525470,1.6913,36.02,0.0232,2.720992
27800,3475,9.992375e-5,0.543907,1.7227,36.62,0.0246,2.838355
27900,3487,9.9923214e-5,0.516422,1.6760,36.52,0.0231,2.676497
28000,3500,9.992265e-5,0.525597,1.6915,37.33,0.0248,2.746177
28100,3512,9.992211e-5,0.540220,1.7164,41.38,0.0258,2.840575
28200,3525,9.992154e-5,0.552863,1.7382,36.77,0.0233,2.893041
28300,3537,9.9921e-5,0.531475,1.7014,37.33,0.0246,2.804778
28400,3550,9.992042e-5,0.531738,1.7019,36.59,0.0227,2.761436
28500,3562,9.991988e-5,0.540391,1.7167,37.52,0.0226,2.827157
28600,3575,9.99193e-5,0.524832,1.6902,37.59,0.0237,2.733706
28700,3587,9.991875e-5,0.532843,1.7038,36.65,0.0234,2.735774
28800,3600,9.9918165e-5,0.516759,1.6766,36.27,0.0229,2.688054
28900,3612,9.991761e-5,0.546957,1.7280,36.80,0.0231,2.868819
29000,3625,9.991703e-5,0.536625,1.7102,37.44,0.0242,2.792212
29100,3637,9.991648e-5,0.531596,1.7016,40.88,0.0257,2.796767
29200,3650,9.991588e-5,0.521751,1.6850,37.27,0.0234,2.727144
29300,3662,9.991531e-5,0.542093,1.7196,36.88,0.0240,2.833590
29400,3675,9.9914716e-5,0.534426,1.7065,36.80,0.0232,2.793458
29500,3687,9.991416e-5,0.510207,1.6656,36.56,0.0234,2.647917
29600,3700,9.991355e-5,0.523066,1.6872,36.92,0.0230,2.726720
29700,3712,9.9912984e-5,0.524637,1.6898,36.26,0.0237,2.731863
29800,3725,9.991239e-5,0.526129,1.6924,36.83,0.0234,2.723404
29900,3737,9.991182e-5,0.511018,1.6670,36.74,0.0247,2.645079
30000,3750,9.991121e-5,0.506021,1.6587,37.25,0.0248,2.623498
30100,3762,9.991064e-5,0.513916,1.6718,40.40,0.0259,2.655828
30200,3775,9.9910016e-5,0.530953,1.7006,36.49,0.0246,2.766438
30300,3787,9.990945e-5,0.522132,1.6856,36.66,0.0236,2.729874
30400,3800,9.990882e-5,0.509275,1.6641,36.65,0.0237,2.653992
30500,3812,9.9908255e-5,0.513348,1.6709,36.98,0.0243,2.671697
30600,3825,9.9907615e-5,0.551633,1.7361,37.45,0.0230,2.901460
30700,3837,9.990703e-5,0.527668,1.6950,36.79,0.0224,2.766193
30800,3850,9.990641e-5,0.501692,1.6515,36.08,0.0245,2.600084
30900,3862,9.9905825e-5,0.523507,1.6879,37.81,0.0207,2.728072
31000,3875,9.9905184e-5,0.521052,1.6838,36.23,0.0230,2.713103
31100,3887,9.99046e-5,0.515776,1.6749,39.49,0.0258,2.705258
31200,3900,9.990396e-5,0.523328,1.6876,36.75,0.0234,2.731435
31300,3912,9.9903365e-5,0.514091,1.6721,37.17,0.0249,2.672107
31400,3925,9.9902725e-5,0.510954,1.6669,36.82,0.0250,2.646736
31500,3937,9.990213e-5,0.516731,1.6765,37.30,0.0240,2.710409
31600,3950,9.990149e-5,0.506941,1.6602,36.82,0.0233,2.639596
31700,3962,9.990088e-5,0.500178,1.6490,37.04,0.0241,2.598314
31800,3975,9.990024e-5,0.533408,1.7047,37.70,0.0238,2.795620
31900,3987,9.9899626e-5,0.504993,1.6570,36.34,0.0251,2.643637
32000,4000,9.989897e-5,0.531761,1.7019,37.22,0.0227,2.757451
32100,4012,9.989836e-5,0.527163,1.6941,40.14,0.0256,2.746960
32200,4025,9.9897705e-5,0.517469,1.6778,36.19,0.0232,2.702856
32300,4037,9.989709e-5,0.505409,1.6577,36.42,0.0225,2.637353
32400,4050,9.989644e-5,0.507327,1.6608,36.64,0.0218,2.636791
32500,4062,9.989581e-5,0.513159,1.6706,37.32,0.0240,2.681319
32600,4075,9.9895144e-5,0.510250,1.6657,37.86,0.0228,2.660565
32700,4087,9.989453e-5,0.510523,1.6662,37.87,0.0230,2.663146
32800,4100,9.989386e-5,0.531591,1.7016,37.56,0.0234,2.771633
32900,4112,9.989324e-5,0.502700,1.6532,36.21,0.0246,2.611972
33000,4125,9.989257e-5,0.512051,1.6687,36.99,0.0244,2.663665
33100,4137,9.989194e-5,0.510797,1.6666,40.77,0.0275,2.666942
33200,4150,9.989126e-5,0.510727,1.6665,36.80,0.0232,2.655137
33300,4162,9.989063e-5,0.491518,1.6348,37.51,0.0245,2.561766
33400,4175,9.988995e-5,0.523122,1.6873,36.54,0.0239,2.753345
33500,4187,9.988931e-5,0.506689,1.6598,37.99,0.0229,2.635436
33600,4200,9.9888624e-5,0.499871,1.6485,36.20,0.0234,2.605012
33700,4212,9.9887984e-5,0.517692,1.6781,37.62,0.0233,2.715779
33800,4225,9.98873e-5,0.504221,1.6557,37.56,0.0226,2.618561
33900,4237,9.9886645e-5,0.489933,1.6322,36.98,0.0247,2.554590
34000,4250,9.988595e-5,0.532081,1.7025,37.12,0.0230,2.790246
34100,4262,9.988531e-5,0.502156,1.6523,41.53,0.0257,2.625068
34200,4275,9.988461e-5,0.494887,1.6403,37.52,0.0218,2.586958
34300,4287,9.988397e-5,0.523304,1.6876,37.28,0.0230,2.744852
34400,4300,9.9883255e-5,0.509618,1.6647,37.32,0.0248,2.641208
34500,4312,9.98826e-5,0.499107,1.6473,36.88,0.0236,2.596908
34600,4325,9.98819e-5,0.493548,1.6381,37.35,0.0241,2.574624
34700,4337,9.988125e-5,0.498217,1.6458,36.29,0.0243,2.581187
34800,4350,9.988053e-5,0.501034,1.6504,36.68,0.0243,2.610958
34900,4362,9.9879864e-5,0.503812,1.6550,36.68,0.0243,2.624281
35000,4375,9.987915e-5,0.505702,1.6581,37.52,0.0220,2.631285
35100,4387,9.987848e-5,0.511888,1.6684,46.23,0.0300,2.671753
35200,4400,9.987777e-5,0.501006,1.6504,36.61,0.0236,2.624448
35300,4412,9.98771e-5,0.506563,1.6596,37.47,0.0235,2.642243
35400,4425,9.987637e-5,0.519346,1.6809,36.60,0.0240,2.717522
35500,4437,9.98757e-5,0.509591,1.6646,37.64,0.0223,2.656642
35600,4450,9.9874975e-5,0.497014,1.6438,37.03,0.0239,2.595394
35700,4462,9.9874305e-5,0.490730,1.6335,37.27,0.0233,2.542184
35800,4475,9.987356e-5,0.506824,1.6600,36.50,0.0237,2.651738
35900,4487,9.987288e-5,0.509710,1.6648,36.50,0.0230,2.666569
36000,4500,9.987215e-5,0.500449,1.6495,36.12,0.0229,2.620249
36100,4512,9.987147e-5,0.507897,1.6618,39.17,0.0260,2.643578
36200,4525,9.9870726e-5,0.493440,1.6379,36.56,0.0249,2.581043
36300,4537,9.987004e-5,0.499751,1.6483,37.98,0.0228,2.615034
36400,4550,9.98693e-5,0.479350,1.6150,35.98,0.0249,2.507182
36500,4562,9.98686e-5,0.509470,1.6644,36.83,0.0228,2.682733
36600,4575,9.986786e-5,0.512185,1.6689,37.07,0.0229,2.691087
36700,4587,9.986716e-5,0.491908,1.6354,38.03,0.0231,2.534298
36800,4600,9.98664e-5,0.519845,1.6818,36.14,0.0231,2.726805
36900,4612,9.9865705e-5,0.493451,1.6380,36.10,0.0250,2.600408
37000,4625,9.986496e-5,0.495279,1.6410,36.29,0.0221,2.585272
37100,4637,9.986425e-5,0.499325,1.6476,39.67,0.0251,2.606919
37200,4650,9.986349e-5,0.500321,1.6493,36.79,0.0238,2.644727
37300,4662,9.986278e-5,0.504248,1.6557,36.32,0.0234,2.633643
37400,4675,9.986202e-5,0.483519,1.6218,36.00,0.0238,2.499014
37500,4687,9.986131e-5,0.496633,1.6432,36.48,0.0235,2.581933
37600,4700,9.986054e-5,0.503602,1.6547,36.60,0.0242,2.624903
37700,4712,9.9859826e-5,0.486950,1.6273,36.47,0.0238,2.532271
37800,4725,9.9859055e-5,0.499108,1.6473,36.99,0.0243,2.625190
37900,4737,9.985834e-5,0.500818,1.6501,37.34,0.0239,2.593242
38000,4750,9.9857556e-5,0.499703,1.6482,36.80,0.0241,2.619192
38100,4762,9.985683e-5,0.487194,1.6277,40.09,0.0270,2.549375
38200,4775,9.985606e-5,0.493080,1.6374,35.77,0.0240,2.558654
38300,4787,9.985533e-5,0.477469,1.6120,36.93,0.0235,2.502991
38400,4800,9.9854544e-5,0.490383,1.6329,37.32,0.0228,2.559733
38500,4812,9.9853816e-5,0.504372,1.6559,37.25,0.0241,2.660699
38600,4825,9.985303e-5,0.501527,1.6512,36.91,0.0236,2.626321
38700,4837,9.98523e-5,0.497851,1.6452,37.41,0.0216,2.588195
38800,4850,9.98515e-5,0.480336,1.6166,37.27,0.0228,2.497746
38900,4862,9.985076e-5,0.496090,1.6423,36.25,0.0238,2.572298
39000,4875,9.9849975e-5,0.496427,1.6428,36.71,0.0233,2.588725
39100,4887,9.984923e-5,0.502175,1.6523,55.83,0.0358,2.637195
39200,4900,9.984842e-5,0.484000,1.6226,35.75,0.0241,2.521193
39300,4912,9.984769e-5,0.487094,1.6276,36.07,0.0238,2.530141
39400,4925,9.9846875e-5,0.482410,1.6200,35.86,0.0233,2.524156
39500,4937,9.984613e-5,0.498818,1.6468,36.43,0.0250,2.582836
39600,4950,9.984532e-5,0.503969,1.6553,36.82,0.0235,2.634482
39700,4962,9.984456e-5,0.493603,1.6382,35.87,0.0237,2.581661
39800,4975,9.984376e-5,0.519521,1.6812,36.32,0.0226,2.725375
39900,4987,9.984299e-5,0.494107,1.6390,37.57,0.0234,2.596383
40000,5000,9.9842175e-5,0.506327,1.6592,36.87,0.0220,2.637906
40100,5012,9.984142e-5,0.481184,1.6180,40.35,0.0261,2.504642
40200,5025,9.98406e-5,0.495826,1.6419,36.22,0.0244,2.592114
40300,5037,9.983983e-5,0.492828,1.6369,36.11,0.0221,2.568410
40400,5050,9.9839e-5,0.490548,1.6332,36.49,0.0243,2.580443
40500,5062,9.9838246e-5,0.481539,1.6186,36.18,0.0209,2.506024
40600,5075,9.9837416e-5,0.501760,1.6516,37.07,0.0222,2.627342
40700,5087,9.9836645e-5,0.472033,1.6033,35.59,0.0239,2.442838
40800,5100,9.98358e-5,0.497559,1.6447,36.68,0.0221,2.617457
40900,5112,9.983503e-5,0.499334,1.6476,36.32,0.0236,2.602230
41000,5125,9.98342e-5,0.465391,1.5926,40.66,0.0272,2.428157
41100,5137,9.9833414e-5,0.492038,1.6356,43.54,0.0264,2.573336
41200,5150,9.983257e-5,0.470134,1.6002,35.10,0.0235,2.444928
41300,5162,9.98318e-5,0.475805,1.6093,37.22,0.0243,2.472130
41400,5175,9.983094e-5,0.499590,1.6480,37.09,0.0225,2.621110
41500,5187,9.983017e-5,0.509129,1.6638,36.73,0.0245,2.676085
41600,5200,9.982931e-5,0.469939,1.5999,35.95,0.0239,2.449784
41700,5212,9.9828525e-5,0.490181,1.6326,36.84,0.0240,2.570498
41800,5225,9.982767e-5,0.484468,1.6233,37.04,0.0224,2.519527
41900,5237,9.9826866e-5,0.486545,1.6267,37.60,0.0231,2.535221
42000,5250,9.982601e-5,0.482479,1.6201,36.50,0.0232,2.520818
42100,5262,9.982522e-5,0.497450,1.6445,40.38,0.0259,2.605111
42200,5275,9.982435e-5,0.490735,1.6335,36.46,0.0230,2.574034
42300,5287,9.982355e-5,0.502934,1.6536,38.08,0.0217,2.624273
42400,5300,9.982269e-5,0.457945,1.5808,36.65,0.0229,2.380694
42500,5312,9.9821875e-5,0.477101,1.6114,35.87,0.0244,2.494595
42600,5325,9.9821016e-5,0.465256,1.5924,36.02,0.0248,2.412097
42700,5337,9.98202e-5,0.474228,1.6068,35.52,0.0240,2.466728
42800,5350,9.981933e-5,0.488985,1.6307,36.58,0.0219,2.539103
42900,5362,9.981851e-5,0.467081,1.5953,36.40,0.0230,2.421808
43000,5375,9.9817626e-5,0.497985,1.6454,37.98,0.0216,2.609292
43100,5387,9.981681e-5,0.482653,1.6204,65.23,0.0415,2.525351
43200,5400,9.981594e-5,0.485638,1.6252,49.22,0.0305,2.551326
43300,5412,9.981512e-5,0.497935,1.6453,36.46,0.0229,2.598306
43400,5425,9.9814235e-5,0.477793,1.6125,37.10,0.0222,2.495822
43500,5437,9.9813406e-5,0.475319,1.6085,36.70,0.0255,2.480556
43600,5450,9.981252e-5,0.476392,1.6103,37.32,0.0233,2.462241
43700,5462,9.981169e-5,0.467447,1.5959,37.07,0.0229,2.420412
43800,5475,9.9810786e-5,0.475616,1.6090,36.36,0.0234,2.494652
43900,5487,9.980996e-5,0.461509,1.5865,36.39,0.0231,2.398140
44000,5500,9.9809055e-5,0.477523,1.6121,36.18,0.0240,2.506662
44100,5512,9.9808225e-5,0.483518,1.6218,39.70,0.0254,2.508682
44200,5525,9.980732e-5,0.473908,1.6063,36.49,0.0227,2.475317
44300,5537,9.980648e-5,0.468966,1.5983,35.90,0.0229,2.445096
44400,5550,9.980558e-5,0.471376,1.6022,35.59,0.0235,2.444984
44500,5562,9.980473e-5,0.461610,1.5866,35.99,0.0241,2.393342
44600,5575,9.980383e-5,0.471855,1.6030,36.32,0.0246,2.476111
44700,5587,9.980297e-5,0.461665,1.5867,35.65,0.0237,2.394228
44800,5600,9.9802055e-5,0.480114,1.6163,35.87,0.0228,2.516916
44900,5612,9.980121e-5,0.476424,1.6103,36.48,0.0227,2.471323
45000,5625,9.9800294e-5,0.485221,1.6245,37.38,0.0235,2.525088
45100,5637,9.9799436e-5,0.471090,1.6017,40.15,0.0254,2.467959
45200,5650,9.979852e-5,0.459524,1.5833,36.57,0.0241,2.380600
45300,5662,9.979766e-5,0.486896,1.6273,35.83,0.0234,2.535529
45400,5675,9.979673e-5,0.487250,1.6278,35.85,0.0230,2.541126
45500,5687,9.979587e-5,0.474079,1.6065,36.58,0.0231,2.470101
45600,5700,9.9794925e-5,0.464816,1.5917,36.29,0.0239,2.417776
45700,5712,9.9794066e-5,0.464733,1.5916,36.59,0.0228,2.422961
45800,5725,9.9793135e-5,0.467944,1.5967,36.63,0.0224,2.450389
45900,5737,9.979226e-5,0.473400,1.6054,36.61,0.0236,2.486397
46000,5750,9.979133e-5,0.474143,1.6066,36.68,0.0227,2.451513
46100,5762,9.979046e-5,0.476887,1.6111,40.79,0.0254,2.494521
46200,5775,9.97895e-5,0.479338,1.6150,37.20,0.0240,2.508192
46300,5787,9.978864e-5,0.466241,1.5940,36.57,0.0235,2.426117
46400,5800,9.978768e-5,0.474169,1.6067,37.03,0.0230,2.462615
46500,5812,9.9786805e-5,0.488731,1.6302,36.16,0.0231,2.554418
46600,5825,9.9785844e-5,0.464101,1.5906,36.20,0.0224,2.413918
46700,5837,9.978496e-5,0.487047,1.6275,37.30,0.0230,2.553319
46800,5850,9.978401e-5,0.483651,1.6220,37.61,0.0208,2.507061
46900,5862,9.978312e-5,0.480911,1.6175,36.45,0.0223,2.489377
47000,5875,9.978216e-5,0.464537,1.5913,35.65,0.0232,2.400072
47100,5887,9.978126e-5,0.478032,1.6129,40.89,0.0249,2.497139
47200,5900,9.97803e-5,0.447198,1.5639,35.25,0.0240,2.320279
47300,5912,9.977941e-5,0.481934,1.6192,35.98,0.0233,2.521763
47400,5925,9.977844e-5,0.465593,1.5930,35.19,0.0246,2.434414
47500,5937,9.9777535e-5,0.468420,1.5975,35.98,0.0232,2.447525
47600,5950,9.977656e-5,0.482552,1.6202,36.13,0.0227,2.516265
47700,5962,9.977566e-5,0.463949,1.5903,36.24,0.0229,2.405451
47800,5975,9.977468e-5,0.473088,1.6049,36.75,0.0238,2.474632
47900,5987,9.977378e-5,0.480781,1.6173,37.37,0.0256,2.523491
48000,6000,9.977279e-5,0.472173,1.6035,35.67,0.0237,2.458839
48100,6012,9.977189e-5,0.475002,1.6080,41.05,0.0250,2.456388
48200,6025,9.97709e-5,0.472501,1.6040,36.28,0.0233,2.452847
48300,6037,9.976998e-5,0.473200,1.6051,36.10,0.0239,2.479745
48400,6050,9.976899e-5,0.465104,1.5922,36.80,0.0219,2.416689
48500,6062,9.9768076e-5,0.455425,1.5768,36.13,0.0243,2.385869
48600,6075,9.976709e-5,0.464397,1.5911,37.06,0.0227,2.421695
48700,6087,9.976617e-5,0.466894,1.5950,36.94,0.0226,2.437237
48800,6100,9.9765166e-5,0.478595,1.6138,36.21,0.0228,2.491050
48900,6112,9.976425e-5,0.470484,1.6008,36.26,0.0242,2.465817
49000,6125,9.976323e-5,0.471103,1.6018,36.06,0.0238,2.467357
49100,6137,9.9762314e-5,0.467098,1.5954,40.34,0.0263,2.418335
49200,6150,9.976131e-5,0.466224,1.5940,36.41,0.0219,2.441302
49300,6162,9.976038e-5,0.459467,1.5832,35.31,0.0233,2.407372
49400,6175,9.975936e-5,0.475815,1.6093,36.43,0.0229,2.496285
49500,6187,9.975843e-5,0.448119,1.5654,35.06,0.0245,2.339397
49600,6200,9.975741e-5,0.464668,1.5915,36.64,0.0230,2.415832
49700,6212,9.975648e-5,0.472207,1.6035,36.94,0.0238,2.460234
49800,6225,9.975546e-5,0.471884,1.6030,36.82,0.0214,2.470331
49900,6237,9.9754514e-5,0.472408,1.6039,35.98,0.0242,2.481557
50000,6250,9.975348e-5,0.457341,1.5799,35.78,0.0244,2.391024
50100,6262,9.9752535e-5,0.470728,1.6012,39.96,0.0253,2.476554
50200,6275,9.9751516e-5,0.466891,1.5950,36.55,0.0233,2.436622
50300,6287,9.9750556e-5,0.465688,1.5931,36.45,0.0234,2.447570
50400,6300,9.974954e-5,0.468640,1.5978,36.24,0.0232,2.452082
50500,6312,9.974858e-5,0.455701,1.5773,35.95,0.0233,2.371829
50600,6325,9.974754e-5,0.474515,1.6072,36.14,0.0239,2.477859
50700,6337,9.974658e-5,0.469529,1.5992,37.10,0.0233,2.438328
50800,6350,9.974555e-5,0.480507,1.6169,37.35,0.0236,2.526165
50900,6362,9.9744575e-5,0.467754,1.5964,36.94,0.0234,2.439815
51000,6375,9.974354e-5,0.479538,1.6153,36.46,0.0225,2.507830
51100,6387,9.974257e-5,0.462453,1.5880,40.35,0.0253,2.392632
51200,6400,9.974152e-5,0.466892,1.5950,36.00,0.0241,2.448226
51300,6412,9.974056e-5,0.467917,1.5967,36.86,0.0224,2.425489
51400,6425,9.973951e-5,0.475915,1.6095,36.69,0.0232,2.494415
51500,6437,9.973852e-5,0.446112,1.5622,36.32,0.0233,2.327368
51600,6450,9.9737474e-5,0.468569,1.5977,37.00,0.0228,2.460848
51700,6462,9.97365e-5,0.453036,1.5731,36.69,0.0232,2.369947
51800,6475,9.973544e-5,0.453528,1.5739,36.49,0.0234,2.382916
51900,6487,9.973445e-5,0.451987,1.5714,36.18,0.0242,2.361946
52000,6500,9.9733385e-5,0.448393,1.5658,37.30,0.0239,2.341437
52100,6512,9.973241e-5,0.462730,1.5884,40.87,0.0257,2.403561
52200,6525,9.973135e-5,0.441373,1.5548,35.89,0.0232,2.281743
52300,6537,9.973036e-5,0.466865,1.5950,35.86,0.0220,2.423898
52400,6550,9.972928e-5,0.442509,1.5566,35.55,0.0239,2.314853
52500,6562,9.972828e-5,0.483774,1.6222,37.45,0.0230,2.536813
52600,6575,9.9727215e-5,0.460892,1.5855,37.70,0.0239,2.394784
52700,6587,9.972621e-5,0.466795,1.5949,38.46,0.0235,2.444942
52800,6600,9.972513e-5,0.449285,1.5672,36.44,0.0235,2.344676
52900,6612,9.972413e-5,0.448220,1.5655,36.36,0.0233,2.328134
53000,6625,9.972305e-5,0.478457,1.6136,37.95,0.0217,2.502959
53100,6637,9.972205e-5,0.468634,1.5978,41.17,0.0262,2.462751
53200,6650,9.972096e-5,0.453016,1.5730,36.69,0.0234,2.368224
53300,6662,9.971995e-5,0.459973,1.5840,36.64,0.0223,2.396767
53400,6675,9.971886e-5,0.452488,1.5722,37.04,0.0231,2.358692
53500,6687,9.971784e-5,0.459836,1.5838,38.02,0.0226,2.401766
53600,6700,9.971675e-5,0.456653,1.5788,36.85,0.0230,2.386765
53700,6712,9.971573e-5,0.466454,1.5943,36.79,0.0229,2.457746
53800,6725,9.971464e-5,0.460045,1.5841,36.55,0.0227,2.411165
53900,6737,9.971362e-5,0.446486,1.5628,36.17,0.0227,2.311003
54000,6750,9.971252e-5,0.443418,1.5580,36.92,0.0237,2.313761
54100,6762,9.97115e-5,0.466783,1.5949,40.61,0.0249,2.464947
54200,6775,9.971038e-5,0.474623,1.6074,36.50,0.0234,2.477196
54300,6787,9.970936e-5,0.460485,1.5848,36.02,0.0229,2.408919
54400,6800,9.970824e-5,0.455861,1.5775,35.94,0.0239,2.372944
54500,6812,9.9707206e-5,0.455571,1.5771,36.35,0.0230,2.380508
54600,6825,9.97061e-5,0.451916,1.5713,35.81,0.0227,2.365594
54700,6837,9.970507e-5,0.481162,1.6180,35.45,0.0230,2.539192
54800,6850,9.9703946e-5,0.449877,1.5681,35.41,0.0227,2.334773
54900,6862,9.97029e-5,0.471738,1.6028,36.14,0.0224,2.462203
55000,6875,9.970178e-5,0.462382,1.5879,35.96,0.0227,2.410801
55100,6887,9.970073e-5,0.440900,1.5541,40.45,0.0269,2.289569
55200,6900,9.969961e-5,0.436725,1.5476,36.40,0.0241,2.266850
55300,6912,9.969856e-5,0.454929,1.5761,35.10,0.0224,2.367339
55400,6925,9.969743e-5,0.448749,1.5664,36.03,0.0230,2.327193
55500,6937,9.969638e-5,0.471481,1.6024,36.36,0.0240,2.470497
55600,6950,9.9695244e-5,0.459457,1.5832,36.29,0.0234,2.394374
55700,6962,9.969418e-5,0.455830,1.5775,36.25,0.0220,2.356154
55800,6975,9.969305e-5,0.447430,1.5643,36.12,0.0236,2.337616
55900,6987,9.9691984e-5,0.442829,1.5571,36.66,0.0237,2.314296
56000,7000,9.969085e-5,0.451640,1.5709,36.94,0.0231,2.352730
56100,7012,9.968979e-5,0.427639,1.5336,59.22,0.0384,2.196633
56200,7025,9.968864e-5,0.452586,1.5724,37.53,0.0236,2.382789
56300,7037,9.9687575e-5,0.451591,1.5708,37.42,0.0229,2.363780
56400,7050,9.9686426e-5,0.444334,1.5595,37.37,0.0241,2.315547
56500,7062,9.968535e-5,0.437233,1.5484,36.34,0.0234,2.270016
56600,7075,9.96842e-5,0.447823,1.5649,37.15,0.0241,2.324092
56700,7087,9.968312e-5,0.448482,1.5659,37.42,0.0246,2.349062
56800,7100,9.968196e-5,0.458308,1.5814,37.00,0.0234,2.392721
56900,7112,9.968088e-5,0.439015,1.5512,36.47,0.0242,2.272390
57000,7125,9.967972e-5,0.458839,1.5822,37.40,0.0227,2.402571
57100,7137,9.967864e-5,0.439531,1.5520,39.88,0.0252,2.292335
57200,7150,9.9677476e-5,0.443376,1.5580,36.59,0.0231,2.308639
57300,7162,9.9676385e-5,0.451555,1.5708,36.12,0.0235,2.367801
57400,7175,9.9675206e-5,0.451328,1.5704,37.70,0.0240,2.360903
57500,7187,9.967413e-5,0.454836,1.5759,37.21,0.0228,2.364820
57600,7200,9.967295e-5,0.446182,1.5623,36.73,0.0234,2.329509
57700,7212,9.967186e-5,0.445959,1.5620,36.44,0.0231,2.319480
57800,7225,9.967068e-5,0.444281,1.5594,36.24,0.0230,2.316890
57900,7237,9.966959e-5,0.427110,1.5328,36.97,0.0252,2.214456
58000,7250,9.9668396e-5,0.451672,1.5709,36.68,0.0220,2.347348
58100,7262,9.9667304e-5,0.452318,1.5720,40.32,0.0243,2.362699
58200,7275,9.966611e-5,0.451004,1.5699,37.47,0.0244,2.340267
58300,7287,9.9665005e-5,0.470901,1.6014,38.06,0.0225,2.463466
58400,7300,9.966381e-5,0.441338,1.5548,35.84,0.0235,2.286939
58500,7312,9.9662706e-5,0.429034,1.5358,36.12,0.0241,2.235828
58600,7325,9.966151e-5,0.443786,1.5586,36.07,0.0237,2.306558
58700,7337,9.966041e-5,0.455726,1.5773,35.97,0.0234,2.376982
58800,7350,9.96592e-5,0.447788,1.5648,36.26,0.0225,2.331938
58900,7362,9.965808e-5,0.434348,1.5440,36.36,0.0225,2.258937
59000,7375,9.965687e-5,0.433082,1.5420,36.42,0.0232,2.254390
59100,7387,9.9655765e-5,0.453552,1.5739,39.95,0.0257,2.373640
59200,7400,9.965454e-5,0.444914,1.5604,36.59,0.0226,2.313376
59300,7412,9.965342e-5,0.457158,1.5796,37.05,0.0227,2.396171
59400,7425,9.9652214e-5,0.432175,1.5406,36.07,0.0228,2.231913
59500,7437,9.965109e-5,0.450845,1.5696,36.90,0.0231,2.355150
59600,7450,9.964987e-5,0.448415,1.5658,36.76,0.0236,2.347749
59700,7462,9.964875e-5,0.461961,1.5872,36.86,0.0234,2.417884
59800,7475,9.964753e-5,0.444470,1.5597,36.27,0.0229,2.312139
59900,7487,9.964639e-5,0.458554,1.5818,36.95,0.0235,2.400645
60000,7500,9.964517e-5,0.450583,1.5692,37.04,0.0238,2.356733
60100,7512,9.9644036e-5,0.446097,1.5622,43.73,0.0267,2.324131
60200,7525,9.96428e-5,0.436717,1.5476,36.08,0.0246,2.264989
60300,7537,9.9641664e-5,0.442236,1.5562,36.44,0.0232,2.303144
60400,7550,9.964043e-5,0.454124,1.5748,37.18,0.0239,2.368938
60500,7562,9.963928e-5,0.435766,1.5461,37.08,0.0236,2.274961
60600,7575,9.963804e-5,0.452713,1.5726,35.66,0.0233,2.367194
60700,7587,9.963689e-5,0.445150,1.5607,36.46,0.0223,2.325680
60800,7600,9.9635654e-5,0.454596,1.5755,36.18,0.0230,2.392940
60900,7612,9.9634504e-5,0.457971,1.5809,35.78,0.0229,2.410448
61000,7625,9.963325e-5,0.447155,1.5639,36.81,0.0222,2.323706
61100,7637,9.96321e-5,0.445599,1.5614,39.81,0.0267,2.341013
61200,7650,9.963084e-5,0.450860,1.5697,36.99,0.0235,2.351638
61300,7662,9.962969e-5,0.449835,1.5681,37.02,0.0250,2.362011
61400,7675,9.9628436e-5,0.431241,1.5392,36.37,0.0236,2.241724
61500,7687,9.962727e-5,0.435993,1.5465,35.98,0.0227,2.263103
61600,7700,9.962602e-5,0.429888,1.5371,36.04,0.0230,2.222068
61700,7712,9.962484e-5,0.433080,1.5420,36.13,0.0250,2.260875
61800,7725,9.9623576e-5,0.453495,1.5738,37.03,0.0231,2.377883
61900,7737,9.962241e-5,0.444011,1.5589,37.58,0.0230,2.311305
62000,7750,9.9621146e-5,0.461523,1.5865,38.11,0.0228,2.421201
62100,7762,9.961998e-5,0.460154,1.5843,41.83,0.0254,2.410155
62200,7775,9.96187e-5,0.425807,1.5308,35.86,0.0240,2.196343
62300,7787,9.961752e-5,0.458995,1.5825,37.74,0.0242,2.410346
62400,7800,9.9616256e-5,0.446387,1.5627,36.41,0.0226,2.333560
62500,7812,9.961508e-5,0.427716,1.5338,37.27,0.0233,2.246825
62600,7825,9.96138e-5,0.434408,1.5440,36.19,0.0223,2.256984
62700,7837,9.9612604e-5,0.452478,1.5722,36.80,0.0237,2.353608
62800,7850,9.961132e-5,0.435165,1.5452,36.32,0.0225,2.246320
62900,7862,9.961013e-5,0.444344,1.5595,35.74,0.0228,2.299598
63000,7875,9.960885e-5,0.444410,1.5596,36.61,0.0223,2.305762
63100,7887,9.9607656e-5,0.449211,1.5671,42.96,0.0274,2.344086
63200,7900,9.960636e-5,0.432440,1.5410,36.69,0.0232,2.275390
63300,7912,9.960517e-5,0.427787,1.5339,36.77,0.0243,2.214179
63400,7925,9.960387e-5,0.451856,1.5712,37.61,0.0221,2.345842
63500,7937,9.9602665e-5,0.428134,1.5344,37.50,0.0248,2.244069
63600,7950,9.960137e-5,0.428657,1.5352,36.18,0.0246,2.217949
63700,7962,9.9600176e-5,0.428660,1.5352,36.43,0.0232,2.216372
63800,7975,9.959887e-5,0.442481,1.5566,36.14,0.0235,2.300726
63900,7987,9.959766e-5,0.443571,1.5583,36.52,0.0230,2.312019
64000,8000,9.959635e-5,0.468327,1.5973,36.61,0.0239,2.474418
64100,8012,9.959514e-5,0.456323,1.5783,42.28,0.0265,2.395011
64200,8025,9.959382e-5,0.443930,1.5588,37.46,0.0209,2.318835
64300,8037,9.959261e-5,0.441979,1.5558,36.41,0.0219,2.304872
64400,8050,9.95913e-5,0.441767,1.5555,37.19,0.0229,2.308680
64500,8062,9.959008e-5,0.447164,1.5639,37.03,0.0235,2.327801
64600,8075,9.958875e-5,0.430532,1.5381,36.26,0.0240,2.246555
64700,8087,9.958753e-5,0.451033,1.5699,36.65,0.0211,2.346611
64800,8100,9.958621e-5,0.420737,1.5231,36.74,0.0231,2.180988
64900,8112,9.9584984e-5,0.428054,1.5343,35.45,0.0243,2.235047
65000,8125,9.958366e-5,0.453753,1.5742,35.90,0.0226,2.366436
65100,8137,9.958242e-5,0.440901,1.5541,41.44,0.0250,2.299451
65200,8150,9.95811e-5,0.453112,1.5732,35.77,0.0235,2.354222
65300,8162,9.957986e-5,0.425911,1.5310,37.13,0.0225,2.213498
65400,8175,9.957852e-5,0.456554,1.5786,36.04,0.0232,2.413777
65500,8187,9.9577286e-5,0.440422,1.5534,36.60,0.0226,2.287394
65600,8200,9.957595e-5,0.445986,1.5620,37.36,0.0215,2.318750
65700,8212,9.957471e-5,0.426062,1.5312,35.90,0.0235,2.241624
65800,8225,9.957336e-5,0.427206,1.5330,36.47,0.0235,2.219907
65900,8237,9.957212e-5,0.458300,1.5814,36.66,0.0234,2.396111
66000,8250,9.957077e-5,0.422203,1.5253,35.72,0.0223,2.205712
66100,8262,9.9569515e-5,0.430512,1.5380,39.33,0.0270,2.240659
66200,8275,9.956816e-5,0.431742,1.5399,36.56,0.0249,2.267610
66300,8287,9.956691e-5,0.426894,1.5325,36.52,0.0231,2.221856
66400,8300,9.956556e-5,0.443049,1.5574,36.06,0.0237,2.313406
66500,8312,9.9564306e-5,0.435675,1.5460,36.86,0.0230,2.286639
66600,8325,9.956294e-5,0.445385,1.5611,35.86,0.0252,2.340859
66700,8337,9.956169e-5,0.452748,1.5726,36.62,0.0236,2.383460
66800,8350,9.956032e-5,0.445588,1.5614,37.94,0.0212,2.326563
66900,8362,9.955905e-5,0.426209,1.5314,36.33,0.0237,2.209615
67000,8375,9.9557685e-5,0.432993,1.5419,36.54,0.0238,2.275882
67100,8387,9.955642e-5,0.430083,1.5374,41.85,0.0249,2.241921
67200,8400,9.955505e-5,0.434283,1.5439,37.63,0.0245,2.275005
67300,8412,9.955377e-5,0.438259,1.5500,36.85,0.0227,2.306392
67400,8425,9.955239e-5,0.450332,1.5688,36.75,0.0226,2.366835
67500,8437,9.955112e-5,0.443314,1.5579,36.55,0.0229,2.317410
67600,8450,9.954974e-5,0.465943,1.5935,38.06,0.0224,2.432238
67700,8462,9.954846e-5,0.462059,1.5873,37.52,0.0233,2.434234
67800,8475,9.954708e-5,0.437078,1.5482,36.84,0.0227,2.282635
67900,8487,9.9545796e-5,0.432397,1.5409,36.35,0.0227,2.243721
68000,8500,9.95444e-5,0.441216,1.5546,39.59,0.0239,2.312955
68100,8512,9.954312e-5,0.422340,1.5255,45.11,0.0292,2.198503
68200,8525,9.954172e-5,0.437980,1.5496,42.26,0.0263,2.286304
68300,8537,9.9540426e-5,0.436896,1.5479,42.72,0.0276,2.282870
68400,8550,9.9539044e-5,0.435191,1.5453,43.38,0.0282,2.271568
68500,8562,9.9537734e-5,0.445204,1.5608,42.49,0.0262,2.349781
68600,8575,9.953634e-5,0.424450,1.5287,41.73,0.0294,2.210976
68700,8587,9.953504e-5,0.422293,1.5255,41.87,0.0274,2.189856
68800,8600,9.9533645e-5,0.435820,1.5462,40.63,0.0263,2.270349
68900,8612,9.9532335e-5,0.435947,1.5464,35.99,0.0224,2.261757
69000,8625,9.9530924e-5,0.430714,1.5384,36.67,0.0242,2.256496
69100,8637,9.952963e-5,0.431886,1.5402,40.99,0.0261,2.244641
69200,8650,9.952822e-5,0.434458,1.5441,37.20,0.0237,2.264549
69300,8662,9.952691e-5,0.419061,1.5205,36.11,0.0232,2.187256
69400,8675,9.952548e-5,0.437472,1.5488,36.78,0.0232,2.283712
69500,8687,9.952417e-5,0.418497,1.5197,35.64,0.0247,2.195758
69600,8700,9.9522746e-5,0.438303,1.5501,37.04,0.0254,2.303478
69700,8712,9.9521436e-5,0.425267,1.5300,36.87,0.0246,2.219628
69800,8725,9.952001e-5,0.447316,1.5641,37.01,0.0247,2.367597
69900,8737,9.9518686e-5,0.433094,1.5420,36.10,0.0236,2.258658
70000,8750,9.951726e-5,0.425679,1.5306,36.40,0.0227,2.231750
70100,8762,9.9515935e-5,0.436247,1.5469,41.23,0.0254,2.264306
70200,8775,9.9514495e-5,0.433574,1.5428,37.20,0.0229,2.265443
70300,8787,9.951317e-5,0.421861,1.5248,35.70,0.0230,2.208496
70400,8800,9.951173e-5,0.438502,1.5504,35.78,0.0233,2.290089
70500,8812,9.9510406e-5,0.431012,1.5388,36.10,0.0238,2.246313
70600,8825,9.9508965e-5,0.435541,1.5458,35.94,0.0226,2.268096
70700,8837,9.9507626e-5,0.439875,1.5525,36.17,0.0233,2.307984
70800,8850,9.9506186e-5,0.428025,1.5342,35.95,0.0237,2.230392
70900,8862,9.950485e-5,0.439754,1.5523,36.45,0.0246,2.291192
71000,8875,9.950339e-5,0.424397,1.5287,36.44,0.0229,2.218482
71100,8887,9.950205e-5,0.466895,1.5950,41.27,0.0239,2.438246
71200,8900,9.95006e-5,0.425029,1.5296,36.31,0.0233,2.194422
71300,8912,9.9499244e-5,0.426911,1.5325,37.09,0.0229,2.213716
71400,8925,9.949779e-5,0.444396,1.5595,36.29,0.0244,2.336278
71500,8937,9.949645e-5,0.440631,1.5537,37.26,0.0231,2.323128
71600,8950,9.949498e-5,0.455147,1.5764,36.12,0.0224,2.396141
71700,8962,9.949363e-5,0.415083,1.5145,37.39,0.0225,2.153930
71800,8975,9.949216e-5,0.421422,1.5241,36.49,0.0236,2.195706
71900,8987,9.9490804e-5,0.429392,1.5363,36.22,0.0220,2.214061
72000,9000,9.9489334e-5,0.416595,1.5168,36.03,0.0235,2.171666
72100,9012,9.948797e-5,0.420938,1.5234,39.32,0.0249,2.179234
72200,9025,9.94865e-5,0.440712,1.5538,36.35,0.0220,2.300667
72300,9037,9.948513e-5,0.428609,1.5351,36.14,0.0238,2.244700
72400,9050,9.948366e-5,0.415332,1.5149,34.96,0.0237,2.164454
72500,9062,9.948228e-5,0.418516,1.5197,36.23,0.0245,2.180029
72600,9075,9.948081e-5,0.432812,1.5416,36.24,0.0239,2.253600
72700,9087,9.9479425e-5,0.436603,1.5474,36.89,0.0229,2.290471
72800,9100,9.947794e-5,0.439978,1.5527,36.60,0.0229,2.294873
72900,9112,9.947656e-5,0.430636,1.5382,36.36,0.0223,2.248262
73000,9125,9.947507e-5,0.439953,1.5526,36.49,0.0232,2.304317
73100,9137,9.947369e-5,0.452169,1.5717,41.26,0.0240,2.372852
73200,9150,9.947219e-5,0.415681,1.5154,36.59,0.0227,2.165483
73300,9162,9.9470824e-5,0.431572,1.5397,36.10,0.0240,2.257493
73400,9175,9.946931e-5,0.429629,1.5367,36.81,0.0239,2.246469
73500,9187,9.946793e-5,0.419515,1.5212,36.83,0.0232,2.190993
73600,9200,9.946643e-5,0.439011,1.5512,36.96,0.0229,2.303514
73700,9212,9.946503e-5,0.428334,1.5347,37.16,0.0225,2.243102
73800,9225,9.9463534e-5,0.430192,1.5376,36.41,0.0223,2.234282
73900,9237,9.946214e-5,0.453180,1.5733,36.52,0.0231,2.375695
74000,9250,9.946062e-5,0.416223,1.5162,36.78,0.0241,2.176992
74100,9262,9.945923e-5,0.412037,1.5099,39.79,0.0257,2.152446
74200,9275,9.945771e-5,0.422793,1.5262,35.86,0.0240,2.186814
74300,9287,9.94563e-5,0.402790,1.4960,36.20,0.0224,2.097301
74400,9300,9.945479e-5,0.415297,1.5148,36.59,0.0243,2.157379
74500,9312,9.945338e-5,0.416862,1.5172,37.51,0.0232,2.173270
74600,9325,9.945186e-5,0.431601,1.5397,37.89,0.0232,2.259554
74700,9337,9.945045e-5,0.423385,1.5271,37.45,0.0225,2.197181
74800,9350,9.9448924e-5,0.430540,1.5381,37.69,0.0233,2.241647
74900,9362,9.944751e-5,0.422550,1.5258,36.37,0.0223,2.200011
75000,9375,9.944597e-5,0.431568,1.5397,37.46,0.0212,2.247157
75100,9387,9.944456e-5,0.416876,1.5172,40.72,0.0260,2.148664
75200,9400,9.944303e-5,0.436941,1.5480,36.45,0.0218,2.287795
75300,9412,9.9441604e-5,0.411024,1.5084,36.10,0.0241,2.139820
75400,9425,9.944006e-5,0.413141,1.5116,36.30,0.0236,2.146777
75500,9437,9.9438636e-5,0.416814,1.5171,35.72,0.0245,2.178144
75600,9450,9.943709e-5,0.432836,1.5416,36.57,0.0226,2.272591
75700,9462,9.943567e-5,0.452549,1.5723,36.80,0.0221,2.372983
75800,9475,9.9434124e-5,0.438994,1.5511,36.50,0.0235,2.292819
75900,9487,9.9432684e-5,0.424016,1.5281,36.55,0.0232,2.230738
76000,9500,9.943114e-5,0.431320,1.5393,37.37,0.0220,2.259352
76100,9512,9.94297e-5,0.430081,1.5374,40.27,0.0240,2.228254
76200,9525,9.942814e-5,0.434091,1.5436,37.11,0.0224,2.260468
76300,9537,9.94267e-5,0.428892,1.5356,36.77,0.0222,2.241659
76400,9550,9.9425146e-5,0.414288,1.5133,36.08,0.0229,2.160953
76500,9562,9.9423705e-5,0.426936,1.5326,37.61,0.0241,2.245697
76600,9575,9.9422134e-5,0.419713,1.5215,37.36,0.0230,2.190214
76700,9587,9.942069e-5,0.413319,1.5118,36.35,0.0235,2.153891
76800,9600,9.941912e-5,0.418145,1.5191,36.20,0.0217,2.168921
76900,9612,9.9417666e-5,0.420015,1.5220,36.86,0.0236,2.194628
77000,9625,9.9416095e-5,0.424093,1.5282,36.32,0.0239,2.209427
77100,9637,9.941464e-5,0.407890,1.5036,41.27,0.0259,2.130896
77200,9650,9.941307e-5,0.435067,1.5451,36.98,0.0228,2.284901
77300,9662,9.941161e-5,0.428361,1.5347,36.14,0.0244,2.240152
77400,9675,9.941003e-5,0.438565,1.5505,36.92,0.0226,2.294506
77500,9687,9.940857e-5,0.423444,1.5272,36.90,0.0228,2.225359
77600,9700,9.9406985e-5,0.432081,1.5405,36.49,0.0226,2.258013
77700,9712,9.9405515e-5,0.439289,1.5516,37.24,0.0232,2.310865
77800,9725,9.940393e-5,0.433153,1.5421,37.25,0.0223,2.256542
77900,9737,9.940246e-5,0.396734,1.4870,35.81,0.0237,2.069611
78000,9750,9.940087e-5,0.412739,1.5110,36.93,0.0221,2.146661
78100,9762,9.939939e-5,0.424669,1.5291,40.60,0.0262,2.222110
78200,9775,9.93978e-5,0.415374,1.5149,35.80,0.0226,2.153066
78300,9787,9.939632e-5,0.423933,1.5280,36.10,0.0232,2.211726
78400,9800,9.939472e-5,0.421767,1.5247,35.22,0.0229,2.190978
78500,9812,9.939325e-5,0.418093,1.5191,36.30,0.0227,2.169400
78600,9825,9.939163e-5,0.414946,1.5143,36.09,0.0254,2.165701
78700,9837,9.939015e-5,0.411914,1.5097,35.66,0.0231,2.155406
78800,9850,9.938855e-5,0.420346,1.5225,37.09,0.0237,2.189772
78900,9862,9.938706e-5,0.407109,1.5025,36.41,0.0236,2.114233
79000,9875,9.938545e-5,0.429984,1.5372,37.38,0.0231,2.251554
79100,9887,9.938395e-5,0.432125,1.5405,43.36,0.0265,2.262707
79200,9900,9.9382334e-5,0.418934,1.5203,36.30,0.0237,2.181609
79300,9912,9.9380835e-5,0.416984,1.5174,36.25,0.0224,2.176053
79400,9925,9.937922e-5,0.424059,1.5282,36.70,0.0220,2.202163
79500,9937,9.937772e-5,0.416846,1.5172,36.23,0.0225,2.179771
79600,9950,9.937609e-5,0.421645,1.5245,36.56,0.0231,2.204433
79700,9962,9.937459e-5,0.409936,1.5067,36.94,0.0232,2.128819
79800,9975,9.937296e-5,0.423192,1.5268,37.05,0.0224,2.215068
79900,9987,9.9371464e-5,0.411200,1.5086,36.06,0.0228,2.136812
80000,10000,9.936982e-5,0.403504,1.4971,35.77,0.0231,2.100646
80100,10012,9.936832e-5,0.419805,1.5217,40.42,0.0257,2.204574
80200,10025,9.9366676e-5,0.407138,1.5025,36.49,0.0235,2.120427
80300,10037,9.936516e-5,0.425979,1.5311,37.18,0.0210,2.221087
80400,10050,9.936352e-5,0.427698,1.5337,36.17,0.0234,2.243736
80500,10062,9.9362005e-5,0.421082,1.5236,36.40,0.0224,2.185723
80600,10075,9.936036e-5,0.404009,1.4978,37.06,0.0228,2.081601
80700,10087,9.935883e-5,0.400550,1.4926,36.69,0.0229,2.071332
80800,10100,9.935719e-5,0.419036,1.5205,37.57,0.0226,2.193890
80900,10112,9.935566e-5,0.418817,1.5202,37.26,0.0242,2.196121
81000,10125,9.9354e-5,0.421283,1.5239,37.31,0.0243,2.206361
81100,10137,9.935247e-5,0.425462,1.5303,41.03,0.0260,2.232574
81200,10150,9.9350815e-5,0.413328,1.5118,38.18,0.0233,2.149195
81300,10162,9.934929e-5,0.424183,1.5283,35.84,0.0232,2.214335
81400,10175,9.934763e-5,0.427693,1.5337,36.09,0.0232,2.235278
81500,10187,9.9346085e-5,0.469387,1.5990,36.11,0.0228,2.530305
81600,10200,9.934443e-5,0.420599,1.5229,35.86,0.0236,2.205593
81700,10212,9.9342884e-5,0.433592,1.5428,40.37,0.0247,2.273826
81800,10225,9.9341225e-5,0.408145,1.5040,35.72,0.0233,2.122922
81900,10237,9.933967e-5,0.416483,1.5166,36.13,0.0238,2.173859
82000,10250,9.9337994e-5,0.423682,1.5276,36.34,0.0240,2.207524
82100,10262,9.933645e-5,0.423104,1.5267,42.05,0.0278,2.215087
82200,10275,9.9334764e-5,0.413299,1.5118,36.76,0.0236,2.153819
82300,10287,9.933322e-5,0.435504,1.5457,37.09,0.0231,2.271654
82400,10300,9.933155e-5,0.420887,1.5233,36.33,0.0222,2.202070
82500,10312,9.932999e-5,0.408862,1.5051,36.26,0.0228,2.126771
82600,10325,9.93283e-5,0.419840,1.5217,35.82,0.0224,2.178902
82700,10337,9.9326746e-5,0.423542,1.5274,36.91,0.0229,2.229127
82800,10350,9.932504e-5,0.411526,1.5091,36.77,0.0227,2.153738
82900,10362,9.9323486e-5,0.399964,1.4918,36.38,0.0225,2.060590
83000,10375,9.93218e-5,0.417079,1.5175,35.90,0.0240,2.175807
83100,10387,9.932023e-5,0.395512,1.4851,42.64,0.0281,2.052639
83200,10400,9.9318524e-5,0.419536,1.5213,36.53,0.0241,2.216041
83300,10412,9.931697e-5,0.429852,1.5370,36.27,0.0228,2.262635
83400,10425,9.931525e-5,0.414422,1.5135,36.97,0.0228,2.171814
83500,10437,9.931369e-5,0.394334,1.4834,36.09,0.0253,2.062254
83600,10450,9.9311976e-5,0.431117,1.5390,35.67,0.0234,2.269050
83700,10462,9.9310404e-5,0.416680,1.5169,36.47,0.0232,2.192488
83800,10475,9.930869e-5,0.392900,1.4813,35.93,0.0246,2.045011
83900,10487,9.9307115e-5,0.406667,1.5018,36.04,0.0241,2.117188
84000,10500,9.93054e-5,0.423583,1.5274,37.25,0.0233,2.209992
84100,10512,9.930381e-5,0.397843,1.4886,40.21,0.0266,2.078619
84200,10525,9.9302095e-5,0.410533,1.5076,36.40,0.0242,2.150134
84300,10537,9.930051e-5,0.420939,1.5234,35.94,0.0222,2.195480
84400,10550,9.929879e-5,0.407470,1.5030,35.95,0.0227,2.118560
84500,10562,9.929719e-5,0.413581,1.5122,36.57,0.0240,2.173325
84600,10575,9.929546e-5,0.411428,1.5090,37.16,0.0223,2.137938
84700,10587,9.929387e-5,0.415926,1.5158,36.28,0.0239,2.183365
84800,10600,9.929213e-5,0.424236,1.5284,35.91,0.0240,2.226470
84900,10612,9.929054e-5,0.411187,1.5086,36.06,0.0228,2.143821
85000,10625,9.928881e-5,0.399767,1.4915,35.73,0.0241,2.079989
85100,10637,9.9287194e-5,0.402652,1.4958,40.30,0.0262,2.114138
85200,10650,9.928546e-5,0.411133,1.5085,36.42,0.0235,2.155236
85300,10662,9.928385e-5,0.412341,1.5103,36.10,0.0221,2.154368
85400,10675,9.9282115e-5,0.411523,1.5091,36.20,0.0230,2.132623
85500,10687,9.92805e-5,0.425531,1.5304,35.96,0.0238,2.223120
85600,10700,9.927875e-5,0.410640,1.5078,36.07,0.0242,2.161504
85700,10712,9.927714e-5,0.407727,1.5034,36.76,0.0232,2.128005
85800,10725,9.927539e-5,0.411452,1.5090,36.88,0.0237,2.156343
85900,10737,9.927378e-5,0.436647,1.5475,37.11,0.0241,2.318459
86000,10750,9.9272016e-5,0.409177,1.5056,35.96,0.0237,2.130530
86100,10762,9.92704e-5,0.410154,1.5070,64.08,0.0408,2.137395
86200,10775,9.926864e-5,0.427053,1.5327,60.43,0.0396,2.223988
86300,10787,9.926701e-5,0.400810,1.4930,60.82,0.0395,2.096045
86400,10800,9.926525e-5,0.415298,1.5148,61.42,0.0361,2.161407
86500,10812,9.926362e-5,0.398937,1.4902,59.99,0.0377,2.072462
86600,10825,9.926186e-5,0.398464,1.4895,60.53,0.0378,2.070110
86700,10837,9.9260214e-5,0.400192,1.4921,60.01,0.0406,2.083985
86800,10850,9.925844e-5,0.401914,1.4947,60.26,0.0398,2.102437
86900,10862,9.925681e-5,0.412899,1.5112,60.27,0.0390,2.142547
87000,10875,9.9255034e-5,0.429920,1.5371,61.51,0.0390,2.259184
87100,10887,9.925339e-5,0.403056,1.4964,42.11,0.0245,2.082170
87200,10900,9.9251614e-5,0.396230,1.4862,37.52,0.0238,2.058068
87300,10912,9.924997e-5,0.416334,1.5164,37.46,0.0219,2.186132
87400,10925,9.9248195e-5,0.425174,1.5299,37.00,0.0225,2.231042
87500,10937,9.9246536e-5,0.413938,1.5128,37.03,0.0229,2.143854
87600,10950,9.924476e-5,0.401288,1.4937,36.81,0.0225,2.073929
87700,10962,9.92431e-5,0.409420,1.5059,36.18,0.0226,2.138397
87800,10975,9.924131e-5,0.434472,1.5441,36.67,0.0230,2.284141
87900,10987,9.923965e-5,0.413640,1.5123,36.54,0.0245,2.174878
88000,11000,9.923786e-5,0.396838,1.4871,35.97,0.0242,2.059577
88100,11012,9.9236204e-5,0.405628,1.5002,40.12,0.0274,2.118263
88200,11025,9.92344e-5,0.408062,1.5039,36.59,0.0227,2.115337
88300,11037,9.923274e-5,0.394353,1.4834,35.85,0.0235,2.062317
88400,11050,9.9230936e-5,0.420546,1.5228,38.63,0.0231,2.196392
88500,11062,9.922926e-5,0.414321,1.5133,36.89,0.0218,2.162135
88600,11075,9.922746e-5,0.416177,1.5162,36.71,0.0235,2.178798
88700,11087,9.92258e-5,0.424208,1.5284,37.50,0.0228,2.231370
88800,11100,9.922398e-5,0.396614,1.4868,36.37,0.0227,2.062607
88900,11112,9.922231e-5,0.411190,1.5086,36.97,0.0218,2.139912
89000,11125,9.922049e-5,0.407783,1.5035,35.68,0.0235,2.134559
89100,11137,9.9218814e-5,0.418130,1.5191,40.21,0.0258,2.187649
89200,11150,9.9216995e-5,0.407169,1.5026,37.15,0.0225,2.119342
89300,11162,9.921532e-5,0.402404,1.4954,36.48,0.0245,2.095723
89400,11175,9.921349e-5,0.397207,1.4877,35.97,0.0228,2.052077
89500,11187,9.92118e-5,0.423026,1.5266,36.47,0.0231,2.197634
89600,11200,9.920997e-5,0.401984,1.4948,36.89,0.0233,2.104852
89700,11212,9.920829e-5,0.398465,1.4895,35.79,0.0229,2.057357
89800,11225,9.920646e-5,0.408646,1.5048,36.89,0.0233,2.116740
89900,11237,9.920476e-5,0.419453,1.5211,36.59,0.0231,2.197720
90000,11250,9.920292e-5,0.394432,1.4835,36.49,0.0250,2.059002
90100,11262,9.9201236e-5,0.424049,1.5281,42.62,0.0267,2.194476
90200,11275,9.919939e-5,0.402868,1.4961,36.00,0.0231,2.109627
90300,11287,9.9197685e-5,0.397966,1.4888,36.42,0.0225,2.075421
90400,11300,9.919585e-5,0.417822,1.5187,36.41,0.0230,2.180654
90500,11312,9.919415e-5,0.415073,1.5145,35.37,0.0235,2.162282
90600,11325,9.91923e-5,0.404557,1.4986,37.14,0.0227,2.109496
90700,11337,9.919058e-5,0.386131,1.4713,35.87,0.0240,2.004376
90800,11350,9.9188735e-5,0.423567,1.5274,37.19,0.0221,2.212166
90900,11362,9.918702e-5,0.431391,1.5394,36.80,0.0230,2.286978
91000,11375,9.918517e-5,0.436688,1.5476,36.79,0.0223,2.298437
91100,11387,9.918345e-5,0.409991,1.5068,40.38,0.0274,2.142168
91200,11400,9.918159e-5,0.398019,1.4889,35.99,0.0237,2.084145
91300,11412,9.917987e-5,0.408980,1.5053,35.79,0.0242,2.131464
91400,11425,9.917801e-5,0.409563,1.5062,36.27,0.0225,2.138277
91500,11437,9.917629e-5,0.409259,1.5057,37.03,0.0224,2.125191
91600,11450,9.917442e-5,0.396884,1.4872,35.37,0.0235,2.062092
91700,11462,9.91727e-5,0.400612,1.4927,36.76,0.0232,2.101738
91800,11475,9.917082e-5,0.412157,1.5101,36.82,0.0244,2.183252
91900,11487,9.916909e-5,0.381452,1.4644,35.68,0.0239,1.980505
92000,11500,9.916721e-5,0.407218,1.5026,37.01,0.0244,2.126150
92100,11512,9.916548e-5,0.401373,1.4939,40.92,0.0263,2.094240
92200,11525,9.9163604e-5,0.408491,1.5045,37.49,0.0232,2.134126
92300,11537,9.916186e-5,0.389304,1.4760,35.38,0.0239,2.040241
92400,11550,9.915998e-5,0.398071,1.4890,36.38,0.0237,2.052840
92500,11562,9.915825e-5,0.412775,1.5110,36.45,0.0250,2.140674
92600,11575,9.915636e-5,0.403111,1.4965,37.17,0.0225,2.094163
92700,11587,9.915461e-5,0.396025,1.4859,36.73,0.0238,2.065622
92800,11600,9.915272e-5,0.388450,1.4747,36.92,0.0238,2.021376
92900,11612,9.915097e-5,0.420973,1.5234,36.26,0.0240,2.212154
93000,11625,9.914908e-5,0.415451,1.5151,36.09,0.0242,2.183022
93100,11637,9.914732e-5,0.414192,1.5131,39.72,0.0264,2.163934
93200,11650,9.914543e-5,0.417349,1.5179,37.27,0.0225,2.179251
93300,11662,9.914367e-5,0.404271,1.4982,37.42,0.0219,2.112056
93400,11675,9.914176e-5,0.413270,1.5118,36.81,0.0231,2.156419
93500,11687,9.914e-5,0.390861,1.4783,36.53,0.0225,2.030863
93600,11700,9.9138095e-5,0.404322,1.4983,36.39,0.0227,2.095360
93700,11712,9.9136334e-5,0.399295,1.4908,35.86,0.0240,2.072023
93800,11725,9.913441e-5,0.404676,1.4988,36.79,0.0223,2.109797
93900,11737,9.913265e-5,0.396640,1.4868,35.17,0.0238,2.075025
94000,11750,9.913073e-5,0.415684,1.5154,36.55,0.0230,2.176205
94100,11762,9.912897e-5,0.399389,1.4909,40.94,0.0259,2.074981
94200,11775,9.912705e-5,0.400693,1.4929,35.72,0.0240,2.104152
94300,11787,9.9125275e-5,0.401442,1.4940,36.17,0.0227,2.087431
94400,11800,9.9123354e-5,0.388677,1.4750,35.52,0.0220,2.017833
94500,11812,9.9121564e-5,0.412682,1.5109,36.47,0.0228,2.156217
94600,11825,9.911964e-5,0.397657,1.4883,36.14,0.0242,2.062316
94700,11837,9.911785e-5,0.376523,1.4572,35.40,0.0259,1.962667
94800,11850,9.911592e-5,0.414689,1.5139,36.76,0.0226,2.155888
94900,11862,9.911414e-5,0.409809,1.5065,36.33,0.0234,2.143324
95000,11875,9.911221e-5,0.408386,1.5044,36.16,0.0241,2.141976
95100,11887,9.911042e-5,0.413241,1.5117,42.45,0.0278,2.150951
95200,11900,9.910848e-5,0.411692,1.5094,36.47,0.0231,2.147465
95300,11912,9.910668e-5,0.407976,1.5038,36.51,0.0237,2.143281
95400,11925,9.910473e-5,0.404733,1.4989,36.75,0.0240,2.122451
95500,11937,9.910294e-5,0.409760,1.5065,37.07,0.0228,2.146422
95600,11950,9.910099e-5,0.431945,1.5402,36.97,0.0233,2.267260
95700,11962,9.90992e-5,0.384321,1.4686,37.21,0.0238,2.003331
95800,11975,9.909723e-5,0.393642,1.4824,35.67,0.0244,2.062968
95900,11987,9.909543e-5,0.404039,1.4979,35.99,0.0239,2.119539
96000,12000,9.909348e-5,0.405874,1.5006,36.16,0.0228,2.123832
96100,12012,9.9091674e-5,0.401628,1.4943,42.92,0.0289,2.086826
96200,12025,9.908971e-5,0.406385,1.5014,36.63,0.0230,2.141742
96300,12037,9.9087905e-5,0.392317,1.4804,35.63,0.0232,2.034615
96400,12050,9.908594e-5,0.412522,1.5106,35.47,0.0240,2.168193
96500,12062,9.908412e-5,0.389387,1.4761,35.76,0.0232,2.033470
96600,12075,9.908214e-5,0.397444,1.4880,36.52,0.0227,2.062555
96700,12087,9.9080324e-5,0.400607,1.4927,36.85,0.0231,2.097332
96800,12100,9.907836e-5,0.420941,1.5234,37.19,0.0207,2.186773
96900,12112,9.907654e-5,0.395154,1.4846,36.02,0.0221,2.053854
97000,12125,9.907456e-5,0.419198,1.5207,35.80,0.0234,2.182585
97100,12137,9.907273e-5,0.388424,1.4747,40.58,0.0268,2.010106
97200,12150,9.907075e-5,0.416942,1.5173,37.01,0.0222,2.173715
97300,12162,9.9068915e-5,0.409592,1.5062,36.88,0.0218,2.133507
97400,12175,9.9066936e-5,0.444176,1.5592,38.03,0.0223,2.330569
97500,12187,9.90651e-5,0.380058,1.4624,36.51,0.0235,1.966222
97600,12200,9.906312e-5,0.393988,1.4829,36.16,0.0246,2.079926
97700,12212,9.9061275e-5,0.384966,1.4696,34.98,0.0236,2.001495
97800,12225,9.905928e-5,0.401403,1.4939,36.27,0.0223,2.094823
97900,12237,9.905743e-5,0.415141,1.5146,36.60,0.0223,2.171102
98000,12250,9.905544e-5,0.384479,1.4688,36.23,0.0234,1.997445
98100,12262,9.905361e-5,0.383814,1.4679,39.92,0.0265,1.997749
98200,12275,9.90516e-5,0.406987,1.5023,37.16,0.0218,2.126201
98300,12287,9.904975e-5,0.391232,1.4788,35.70,0.0235,2.040823
98400,12300,9.904774e-5,0.399789,1.4915,36.72,0.0227,2.076501
98500,12312,9.9045894e-5,0.401729,1.4944,35.64,0.0237,2.086622
98600,12325,9.9043886e-5,0.381027,1.4638,35.69,0.0244,1.984684
98700,12337,9.904204e-5,0.405883,1.5006,36.87,0.0226,2.101435
98800,12350,9.9040015e-5,0.423825,1.5278,36.49,0.0219,2.232768
98900,12362,9.903817e-5,0.397586,1.4882,35.67,0.0217,2.085098
99000,12375,9.9036144e-5,0.416619,1.5168,36.11,0.0228,2.174177
99100,12387,9.903428e-5,0.389866,1.4768,42.64,0.0246,2.019471
99200,12400,9.903226e-5,0.396847,1.4871,36.49,0.0238,2.095086
99300,12412,9.9030396e-5,0.399563,1.4912,35.78,0.0235,2.095220
99400,12425,9.902836e-5,0.418042,1.5190,37.86,0.0224,2.202368
99500,12437,9.9026496e-5,0.398928,1.4902,35.57,0.0230,2.080056
99600,12450,9.902446e-5,0.398132,1.4890,36.04,0.0241,2.074888
99700,12462,9.9022596e-5,0.378273,1.4598,36.40,0.0235,1.963841
99800,12475,9.902056e-5,0.397650,1.4883,36.75,0.0232,2.069601
99900,12487,9.901868e-5,0.390310,1.4774,36.69,0.0241,2.043528
100000,12500,9.9016645e-5,0.404999,1.4993,36.24,0.0234,2.125879
100100,12512,9.901477e-5,0.384406,1.4687,39.79,0.0267,2.006233
100200,12525,9.901273e-5,0.380603,1.4632,36.07,0.0240,1.985636
100300,12537,9.901084e-5,0.398142,1.4891,35.93,0.0235,2.068519
100400,12550,9.900879e-5,0.415266,1.5148,36.48,0.0231,2.193582
100500,12562,9.9006895e-5,0.393404,1.4820,35.53,0.0247,2.062505
100600,12575,9.900484e-5,0.407725,1.5034,36.04,0.0229,2.147714
100700,12587,9.9002966e-5,0.397802,1.4885,36.27,0.0222,2.063255
100800,12600,9.90009e-5,0.396578,1.4867,36.45,0.0230,2.088006
100900,12612,9.899901e-5,0.379699,1.4618,36.12,0.0240,1.980794
101000,12625,9.8996956e-5,0.403523,1.4971,36.04,0.0247,2.117960
101100,12637,9.899505e-5,0.415454,1.5151,42.12,0.0259,2.188966
101200,12650,9.8993e-5,0.408192,1.5041,36.98,0.0225,2.123347
101300,12662,9.899108e-5,0.403325,1.4968,36.86,0.0241,2.115485
101400,12675,9.8989025e-5,0.403771,1.4975,37.16,0.0230,2.094452
101500,12687,9.898712e-5,0.412114,1.5100,36.89,0.0228,2.166499
101600,12700,9.898504e-5,0.398047,1.4889,36.61,0.0232,2.063872
101700,12712,9.898313e-5,0.389310,1.4760,35.96,0.0242,2.022118
101800,12725,9.8981065e-5,0.390281,1.4774,36.55,0.0227,2.028086
101900,12737,9.8979144e-5,0.402253,1.4952,36.73,0.0236,2.105204
102000,12750,9.897706e-5,0.393733,1.4825,35.26,0.0246,2.048343
102100,12762,9.897516e-5,0.408821,1.5050,40.93,0.0278,2.155571
102200,12775,9.8973076e-5,0.409788,1.5065,36.08,0.0237,2.135399
102300,12787,9.897114e-5,0.422131,1.5252,36.65,0.0226,2.216567
102400,12800,9.896906e-5,0.395895,1.4857,36.77,0.0248,2.102225
102500,12812,9.896714e-5,0.400797,1.4930,36.22,0.0240,2.073632
102600,12825,9.896504e-5,0.404790,1.4990,36.03,0.0241,2.130974
102700,12837,9.896311e-5,0.385652,1.4706,36.17,0.0244,1.999838
102800,12850,9.896103e-5,0.391967,1.4799,36.33,0.0238,2.057093
102900,12862,9.895909e-5,0.417659,1.5184,36.50,0.0235,2.189600
103000,12875,9.895698e-5,0.387817,1.4738,37.13,0.0228,2.019667
103100,12887,9.8955046e-5,0.392220,1.4803,40.28,0.0252,2.049870
103200,12900,9.895295e-5,0.410811,1.5080,36.82,0.0227,2.157166
103300,12912,9.8951015e-5,0.392859,1.4812,36.21,0.0240,2.049697
103400,12925,9.8948905e-5,0.380497,1.4630,35.60,0.0243,1.977009
103500,12937,9.8946955e-5,0.386289,1.4715,35.69,0.0224,2.002746
103600,12950,9.8944845e-5,0.409515,1.5061,35.53,0.0232,2.142094
103700,12962,9.8942895e-5,0.409401,1.5059,36.50,0.0235,2.135825
103800,12975,9.8940785e-5,0.407733,1.5034,36.31,0.0227,2.114834
103900,12987,9.8938835e-5,0.384649,1.4691,36.97,0.0208,1.985101
104000,13000,9.8936725e-5,0.373738,1.4532,36.15,0.0224,1.927711
104100,13012,9.893476e-5,0.395045,1.4845,40.27,0.0259,2.069131
104200,13025,9.8932636e-5,0.405404,1.4999,36.72,0.0223,2.098596
104300,13037,9.893069e-5,0.387010,1.4726,36.03,0.0238,2.016454
104400,13050,9.892856e-5,0.409304,1.5058,36.28,0.0229,2.131870
104500,13062,9.89266e-5,0.384259,1.4685,36.98,0.0246,2.004232
104600,13075,9.892447e-5,0.392132,1.4801,37.55,0.0226,2.056760
104700,13087,9.892249e-5,0.384232,1.4685,37.01,0.0208,1.996736
104800,13100,9.892037e-5,0.411016,1.5083,37.05,0.0219,2.148061
104900,13112,9.891839e-5,0.389685,1.4765,36.84,0.0223,2.040157
105000,13125,9.891625e-5,0.398357,1.4894,35.68,0.0236,2.088403
105100,13137,9.8914286e-5,0.410629,1.5078,40.37,0.0252,2.129017
105200,13150,9.891215e-5,0.386645,1.4720,35.55,0.0231,2.011242
105300,13162,9.891015e-5,0.401271,1.4937,35.95,0.0234,2.102515
105400,13175,9.8908014e-5,0.404469,1.4985,36.23,0.0231,2.113451
105500,13187,9.8906035e-5,0.388458,1.4747,36.54,0.0230,2.019519
105600,13200,9.890388e-5,0.398468,1.4895,36.33,0.0238,2.087733
105700,13212,9.89019e-5,0.397399,1.4879,37.93,0.0223,2.079125
105800,13225,9.889975e-5,0.388702,1.4751,36.24,0.0231,2.025329
105900,13237,9.8897755e-5,0.397587,1.4882,36.26,0.0236,2.071790
106000,13250,9.88956e-5,0.408875,1.5051,37.35,0.0237,2.136876
106100,13262,9.889361e-5,0.396250,1.4862,39.43,0.0262,2.072762
106200,13275,9.889144e-5,0.404453,1.4985,36.33,0.0228,2.113038
106300,13287,9.8889446e-5,0.406000,1.5008,37.18,0.0229,2.117412
106400,13300,9.888728e-5,0.414634,1.5138,36.68,0.0239,2.173158
106500,13312,9.8885284e-5,0.380422,1.4629,36.10,0.0247,1.996481
106600,13325,9.8883116e-5,0.380709,1.4633,36.35,0.0231,1.971382
106700,13337,9.888111e-5,0.370642,1.4487,35.77,0.0230,1.923197
106800,13350,9.887894e-5,0.395858,1.4857,36.15,0.0241,2.070729
106900,13362,9.887693e-5,0.397844,1.4886,36.99,0.0235,2.097660
107000,13375,9.887475e-5,0.416529,1.5167,35.93,0.0231,2.171297
107100,13387,9.887274e-5,0.391764,1.4796,40.67,0.0261,2.054329
107200,13400,9.887056e-5,0.398818,1.4901,34.64,0.0236,2.097343
107300,13412,9.886855e-5,0.387433,1.4732,34.79,0.0238,2.008277
107400,13425,9.886637e-5,0.402995,1.4963,37.30,0.0226,2.113895
107500,13437,9.8864344e-5,0.402524,1.4956,35.97,0.0233,2.103643
107600,13450,9.886215e-5,0.392375,1.4805,36.20,0.0237,2.050059
107700,13462,9.8860124e-5,0.394253,1.4833,36.43,0.0232,2.046136
107800,13475,9.885793e-5,0.397408,1.4880,36.02,0.0221,2.068272
107900,13487,9.8855904e-5,0.376947,1.4578,35.70,0.0224,1.965771
108000,13500,9.885371e-5,0.390817,1.4782,37.19,0.0238,2.037287
108100,13512,9.8851684e-5,0.392289,1.4804,40.35,0.0255,2.041331
108200,13525,9.884947e-5,0.394567,1.4837,36.22,0.0248,2.073571
108300,13537,9.884745e-5,0.392522,1.4807,36.41,0.0237,2.058836
108400,13550,9.884524e-5,0.401852,1.4946,36.99,0.0230,2.102303
108500,13562,9.88432e-5,0.385222,1.4699,36.16,0.0247,2.007008
108600,13575,9.8841e-5,0.414796,1.5141,36.15,0.0228,2.159258
108700,13587,9.883895e-5,0.411102,1.5085,36.68,0.0239,2.160010
108800,13600,9.883674e-5,0.380472,1.4630,36.72,0.0243,1.973795
108900,13612,9.883469e-5,0.398085,1.4890,37.89,0.0221,2.077743
109000,13625,9.8832475e-5,0.409534,1.5061,36.61,0.0236,2.163368
109100,13637,9.8830424e-5,0.404590,1.4987,42.03,0.0269,2.117046
109200,13650,9.882821e-5,0.394245,1.4833,37.01,0.0233,2.061093
109300,13662,9.882616e-5,0.374096,1.4537,35.82,0.0240,1.956216
109400,13675,9.882393e-5,0.389534,1.4763,36.76,0.0234,2.037041
109500,13687,9.882187e-5,0.387362,1.4731,36.46,0.0230,2.027427
109600,13700,9.881964e-5,0.387563,1.4734,37.04,0.0219,2.020874
109700,13712,9.881759e-5,0.383961,1.4681,36.10,0.0238,1.996728
109800,13725,9.881536e-5,0.379684,1.4618,36.21,0.0248,1.976077
109900,13737,9.8813296e-5,0.393603,1.4823,36.37,0.0242,2.054500
110000,13750,9.8811055e-5,0.402824,1.4960,37.01,0.0229,2.117267
110100,13762,9.880899e-5,0.385747,1.4707,40.26,0.0257,2.004305
110200,13775,9.880673e-5,0.377177,1.4582,36.49,0.0248,1.965692
110300,13787,9.880467e-5,0.402038,1.4949,36.97,0.0229,2.119731
110400,13800,9.8802426e-5,0.390623,1.4779,35.93,0.0248,2.049922
110500,13812,9.880036e-5,0.408735,1.5049,36.97,0.0226,2.122286
110600,13825,9.8798104e-5,0.390276,1.4774,36.21,0.0240,2.053654
110700,13837,9.879602e-5,0.384625,1.4691,36.34,0.0236,2.009445
110800,13850,9.879377e-5,0.382723,1.4663,35.66,0.0243,2.006666
110900,13862,9.879169e-5,0.381024,1.4638,36.54,0.0241,1.990385
111000,13875,9.878943e-5,0.391641,1.4794,37.23,0.0239,2.041859
111100,13887,9.878735e-5,0.398401,1.4894,40.91,0.0257,2.067552
111200,13900,9.8785094e-5,0.383251,1.4670,36.93,0.0235,1.997130
111300,13912,9.8783e-5,0.389184,1.4758,36.34,0.0230,2.030676
111400,13925,9.878073e-5,0.407536,1.5031,35.80,0.0241,2.138065
111500,13937,9.877865e-5,0.400908,1.4932,36.26,0.0228,2.084076
111600,13950,9.877638e-5,0.397337,1.4879,36.58,0.0236,2.078511
111700,13962,9.877427e-5,0.404193,1.4981,35.56,0.0239,2.105502
111800,13975,9.8772e-5,0.379046,1.4609,35.62,0.0237,1.965091
111900,13987,9.87699e-5,0.395139,1.4846,36.90,0.0227,2.073358
112000,14000,9.876762e-5,0.380241,1.4626,35.64,0.0233,1.988240
112100,14012,9.876552e-5,0.384279,1.4686,49.20,0.0315,1.999322
112200,14025,9.876324e-5,0.412280,1.5103,36.33,0.0235,2.165428
112300,14037,9.876113e-5,0.386467,1.4718,36.50,0.0224,2.008608
112400,14050,9.875884e-5,0.391705,1.4795,36.06,0.0224,2.048402
112500,14062,9.875673e-5,0.378067,1.4595,35.93,0.0242,1.982776
112600,14075,9.875445e-5,0.386321,1.4716,36.44,0.0240,2.007246
112700,14087,9.875234e-5,0.387814,1.4738,36.47,0.0238,2.028660
112800,14100,9.875004e-5,0.396682,1.4869,36.76,0.0236,2.079110
112900,14112,9.8747914e-5,0.400329,1.4923,36.92,0.0237,2.091193
113000,14125,9.874563e-5,0.395775,1.4855,36.06,0.0239,2.072569
113100,14137,9.8743505e-5,0.398036,1.4889,39.99,0.0258,2.078983
113200,14150,9.874119e-5,0.396118,1.4860,36.05,0.0235,2.070424
113300,14162,9.873907e-5,0.379060,1.4609,36.05,0.0236,1.973916
113400,14175,9.873677e-5,0.367861,1.4446,35.93,0.0243,1.894101
113500,14187,9.873464e-5,0.395573,1.4852,36.56,0.0239,2.050233
113600,14200,9.873233e-5,0.386585,1.4719,36.62,0.0238,2.020477
113700,14212,9.873019e-5,0.394885,1.4842,35.80,0.0242,2.073807
113800,14225,9.8727876e-5,0.402497,1.4956,37.67,0.0231,2.123220
113900,14237,9.872575e-5,0.394906,1.4842,37.03,0.0228,2.091395
114000,14250,9.872342e-5,0.385849,1.4709,36.22,0.0237,2.019910
114100,14262,9.8721284e-5,0.377586,1.4588,41.43,0.0286,1.959104
114200,14275,9.871897e-5,0.403538,1.4971,35.51,0.0239,2.127802
114300,14287,9.871682e-5,0.383710,1.4677,35.60,0.0232,1.986496
114400,14300,9.87145e-5,0.399549,1.4912,37.30,0.0223,2.075976
114500,14312,9.871235e-5,0.381999,1.4652,36.24,0.0229,1.993749
114600,14325,9.871002e-5,0.396052,1.4859,36.81,0.0214,2.070633
114700,14337,9.870787e-5,0.394436,1.4835,36.32,0.0226,2.066076
114800,14350,9.870554e-5,0.400580,1.4927,36.27,0.0238,2.098220
114900,14362,9.8703385e-5,0.396533,1.4867,36.33,0.0227,2.062421
115000,14375,9.870104e-5,0.385242,1.4700,35.93,0.0228,2.015295
115100,14387,9.869889e-5,0.388620,1.4749,40.07,0.0259,2.023899
115200,14400,9.8696546e-5,0.381628,1.4647,36.10,0.0228,2.001073
115300,14412,9.869438e-5,0.376012,1.4565,36.41,0.0245,1.963931
115400,14425,9.8692035e-5,0.384836,1.4694,36.12,0.0231,2.018768
115500,14437,9.868987e-5,0.381587,1.4646,35.91,0.0231,1.990893
115600,14450,9.8687524e-5,0.378543,1.4602,36.21,0.0247,1.964502
115700,14462,9.8685356e-5,0.382906,1.4665,35.56,0.0242,2.000929
115800,14475,9.8683e-5,0.396925,1.4872,37.40,0.0234,2.103406
115900,14487,9.868083e-5,0.386132,1.4713,37.27,0.0247,2.017292
116000,14500,9.867847e-5,0.395054,1.4845,37.24,0.0232,2.067141
116100,14512,9.867629e-5,0.376171,1.4567,39.94,0.0255,1.965399
116200,14525,9.867393e-5,0.393409,1.4820,35.69,0.0229,2.039833
116300,14537,9.867175e-5,0.385828,1.4708,36.30,0.0218,2.023766
116400,14550,9.866938e-5,0.402664,1.4958,35.98,0.0246,2.124845
116500,14562,9.8667195e-5,0.387030,1.4726,36.77,0.0236,2.021739
116600,14575,9.866482e-5,0.393862,1.4827,36.35,0.0223,2.049080
116700,14587,9.866264e-5,0.391034,1.4785,36.47,0.0224,2.030372
116800,14600,9.866027e-5,0.391686,1.4795,36.67,0.0220,2.031185
116900,14612,9.865807e-5,0.365016,1.4405,35.27,0.0236,1.887993
117000,14625,9.86557e-5,0.378727,1.4604,36.68,0.0228,1.981958
117100,14637,9.86535e-5,0.372033,1.4507,41.91,0.0258,1.937075
117200,14650,9.8651115e-5,0.394764,1.4840,35.61,0.0222,2.062347
117300,14662,9.864892e-5,0.393361,1.4820,37.29,0.0227,2.055761
117400,14675,9.864653e-5,0.391316,1.4789,36.53,0.0257,2.056418
117500,14687,9.8644334e-5,0.396129,1.4861,36.18,0.0235,2.068931
117600,14700,9.864195e-5,0.389600,1.4764,36.24,0.0234,2.035696
117700,14712,9.8639735e-5,0.377158,1.4581,36.35,0.0239,1.978038
117800,14725,9.863735e-5,0.392408,1.4805,36.44,0.0227,2.040967
117900,14737,9.863514e-5,0.380919,1.4636,36.02,0.0225,1.987625
118000,14750,9.8632736e-5,0.380451,1.4629,35.51,0.0233,1.979551
118100,14762,9.8630524e-5,0.396339,1.4864,41.13,0.0244,2.077448
118200,14775,9.862812e-5,0.376293,1.4569,35.09,0.0248,1.954611
118300,14787,9.862591e-5,0.398518,1.4896,35.45,0.0234,2.083407
118400,14800,9.8623495e-5,0.403211,1.4966,36.25,0.0219,2.089929
118500,14812,9.862128e-5,0.385793,1.4708,35.12,0.0223,2.015128
118600,14825,9.861887e-5,0.381837,1.4650,36.45,0.0230,1.984269
118700,14837,9.861664e-5,0.402074,1.4949,35.80,0.0218,2.088794
118800,14850,9.8614226e-5,0.387212,1.4729,36.05,0.0234,2.028819
118900,14862,9.8612e-5,0.363781,1.4388,35.36,0.0244,1.898638
119000,14875,9.8609584e-5,0.406090,1.5009,36.17,0.0237,2.133304
119100,14887,9.860736e-5,0.391418,1.4791,40.13,0.0246,2.016219
119200,14900,9.860493e-5,0.371320,1.4496,35.53,0.0230,1.922596
119300,14912,9.86027e-5,0.383641,1.4676,36.17,0.0238,1.997506
119400,14925,9.860027e-5,0.375498,1.4557,35.23,0.0232,1.939783
119500,14937,9.859803e-5,0.398983,1.4903,36.64,0.0237,2.108951
119600,14950,9.8595614e-5,0.396721,1.4869,36.66,0.0225,2.068724
119700,14962,9.859336e-5,0.401152,1.4935,37.26,0.0221,2.104677
119800,14975,9.859093e-5,0.389996,1.4770,36.32,0.0230,2.041425
119900,14987,9.858867e-5,0.378250,1.4597,36.50,0.0220,1.978468
120000,15000,9.858624e-5,0.387648,1.4735,36.57,0.0227,2.023112
120100,15012,9.858399e-5,0.397288,1.4878,40.04,0.0259,2.079947
120200,15025,9.858156e-5,0.380534,1.4631,35.63,0.0228,1.977314
120300,15037,9.85793e-5,0.388248,1.4744,36.32,0.0236,2.004450
120400,15050,9.857686e-5,0.398142,1.4891,36.36,0.0229,2.088164
120500,15062,9.85746e-5,0.366769,1.4431,36.91,0.0245,1.917188
120600,15075,9.857214e-5,0.402246,1.4952,37.60,0.0240,2.107881
120700,15087,9.8569886e-5,0.400824,1.4931,37.91,0.0241,2.089603
120800,15100,9.856743e-5,0.393079,1.4815,35.84,0.0229,2.057544
120900,15112,9.856517e-5,0.382860,1.4665,35.02,0.0231,2.005843
121000,15125,9.856271e-5,0.377341,1.4584,36.95,0.0256,1.957751
121100,15137,9.856044e-5,0.385371,1.4702,41.69,0.0269,2.020123
121200,15150,9.855798e-5,0.384379,1.4687,37.40,0.0234,2.015029
121300,15162,9.855571e-5,0.405881,1.5006,37.53,0.0234,2.114990
121400,15175,9.855324e-5,0.372990,1.4521,35.97,0.0235,1.956375
121500,15187,9.855097e-5,0.373246,1.4524,35.75,0.0235,1.935961
121600,15200,9.8548495e-5,0.399952,1.4918,37.32,0.0215,2.080847
121700,15212,9.854621e-5,0.396897,1.4872,37.19,0.0223,2.076436
121800,15225,9.854375e-5,0.392221,1.4803,36.85,0.0246,2.033181
121900,15237,9.854145e-5,0.398380,1.4894,36.46,0.0233,2.086268
122000,15250,9.853898e-5,0.368600,1.4457,36.51,0.0227,1.903918
122100,15262,9.853669e-5,0.376246,1.4568,40.43,0.0254,1.959234
122200,15275,9.853422e-5,0.377109,1.4581,36.80,0.0225,1.956862
122300,15287,9.853192e-5,0.367983,1.4448,36.58,0.0234,1.899858
122400,15300,9.852945e-5,0.391096,1.4786,37.04,0.0233,2.044468
122500,15312,9.852715e-5,0.375547,1.4558,36.65,0.0235,1.955349
122600,15325,9.852466e-5,0.374124,1.4537,36.84,0.0230,1.962788
122700,15337,9.852236e-5,0.380635,1.4632,36.56,0.0239,1.975865
122800,15350,9.851987e-5,0.391805,1.4796,36.65,0.0235,2.058008
122900,15362,9.851757e-5,0.389230,1.4758,41.31,0.0265,2.027895
123000,15375,9.851507e-5,0.370414,1.4483,36.71,0.0245,1.933730
123100,15387,9.8512755e-5,0.385083,1.4697,40.65,0.0268,2.024911
123200,15400,9.851025e-5,0.381877,1.4650,36.30,0.0237,1.990784
123300,15412,9.850795e-5,0.373472,1.4528,36.50,0.0243,1.944209
123400,15425,9.850545e-5,0.394587,1.4838,37.36,0.0236,2.066200
123500,15437,9.850314e-5,0.376100,1.4566,37.35,0.0251,1.962006
123600,15450,9.850062e-5,0.394369,1.4834,35.97,0.0225,2.054470
123700,15462,9.8498305e-5,0.381824,1.4650,35.79,0.0241,1.998582
123800,15475,9.84958e-5,0.386489,1.4718,37.04,0.0231,2.041266
123900,15487,9.8493474e-5,0.383796,1.4678,36.64,0.0240,1.998354
124000,15500,9.849096e-5,0.362305,1.4366,36.18,0.0247,1.875779
124100,15512,9.848864e-5,0.390079,1.4771,40.21,0.0255,2.039214
124200,15525,9.8486125e-5,0.387589,1.4734,36.08,0.0242,2.033946
124300,15537,9.84838e-5,0.383607,1.4676,36.52,0.0227,2.001029
124400,15550,9.8481265e-5,0.379483,1.4615,37.07,0.0230,1.972492
124500,15562,9.847894e-5,0.390596,1.4779,36.11,0.0234,2.037534
124600,15575,9.8476405e-5,0.369297,1.4467,36.69,0.0247,1.920611
124700,15587,9.847408e-5,0.388676,1.4750,37.07,0.0240,2.035597
124800,15600,9.8471544e-5,0.375672,1.4560,35.53,0.0237,1.955374
124900,15612,9.84692e-5,0.388338,1.4745,37.20,0.0230,2.037070
125000,15625,9.846667e-5,0.361554,1.4356,36.17,0.0245,1.890469
125100,15637,9.846431e-5,0.374705,1.4546,39.88,0.0254,1.937155
125200,15650,9.846178e-5,0.366743,1.4430,36.45,0.0239,1.905827
125300,15662,9.845944e-5,0.385600,1.4705,36.67,0.0250,2.008631
125400,15675,9.845689e-5,0.378863,1.4606,36.83,0.0246,1.990677
125500,15687,9.845455e-5,0.388663,1.4750,36.87,0.0226,2.028080
125600,15700,9.845199e-5,0.401553,1.4941,37.14,0.0235,2.112115
125700,15712,9.8449644e-5,0.369242,1.4466,36.97,0.0234,1.919574
125800,15725,9.844708e-5,0.376944,1.4578,36.68,0.0230,1.954424
125900,15737,9.8444725e-5,0.384447,1.4688,36.45,0.0236,2.000985
126000,15750,9.844218e-5,0.367702,1.4444,36.53,0.0242,1.909880
126100,15762,9.843981e-5,0.398500,1.4896,45.39,0.0285,2.083612
126200,15775,9.843726e-5,0.375990,1.4564,37.30,0.0223,1.957288
126300,15787,9.843489e-5,0.386947,1.4725,36.18,0.0224,2.024698
126400,15800,9.843233e-5,0.382809,1.4664,36.76,0.0234,1.992486
126500,15812,9.8429955e-5,0.397605,1.4883,37.08,0.0228,2.065173
126600,15825,9.8427394e-5,0.388587,1.4749,36.20,0.0233,2.046175
126700,15837,9.842502e-5,0.380404,1.4629,36.75,0.0251,1.992916
126800,15850,9.8422446e-5,0.375548,1.4558,37.13,0.0239,1.967707
126900,15862,9.8420074e-5,0.374427,1.4542,37.31,0.0241,1.941818
127000,15875,9.84175e-5,0.378031,1.4594,37.38,0.0237,1.982130
127100,15887,9.841511e-5,0.385003,1.4696,41.68,0.0253,2.015188
127200,15900,9.8412536e-5,0.378496,1.4601,36.32,0.0241,1.975058
127300,15912,9.841015e-5,0.384096,1.4683,37.25,0.0240,2.004914
127400,15925,9.8407574e-5,0.367239,1.4437,35.23,0.0256,1.910414
127500,15937,9.840519e-5,0.391059,1.4785,36.46,0.0235,2.040636
127600,15950,9.84026e-5,0.386906,1.4724,37.15,0.0225,2.012596
127700,15962,9.8400196e-5,0.410728,1.5079,37.41,0.0221,2.146622
127800,15975,9.839762e-5,0.376070,1.4565,35.82,0.0229,1.942339
127900,15987,9.839522e-5,0.379342,1.4613,36.49,0.0232,1.962999
128000,16000,9.839263e-5,0.379980,1.4623,36.13,0.0240,1.998387
128100,16012,9.839023e-5,0.377761,1.4590,41.19,0.0276,1.957733
128200,16025,9.838762e-5,0.378171,1.4596,36.63,0.0234,1.957160
128300,16037,9.838522e-5,0.377487,1.4586,36.03,0.0224,1.965847
128400,16050,9.838262e-5,0.384210,1.4685,35.92,0.0227,1.994793
128500,16062,9.838022e-5,0.384151,1.4684,37.25,0.0238,1.996051
128600,16075,9.837761e-5,0.374809,1.4547,35.53,0.0239,1.951457
128700,16087,9.837521e-5,0.378020,1.4594,35.85,0.0236,1.983976
128800,16100,9.837259e-5,0.364881,1.4403,36.14,0.0242,1.903924
128900,16112,9.837019e-5,0.379509,1.4616,36.53,0.0232,1.975908
129000,16125,9.836757e-5,0.361849,1.4360,36.16,0.0240,1.886018
129100,16137,9.8365155e-5,0.391017,1.4785,41.39,0.0259,2.038495
129200,16150,9.8362536e-5,0.381684,1.4647,36.56,0.0240,1.985013
129300,16162,9.8360106e-5,0.363203,1.4379,36.00,0.0242,1.897767
129400,16175,9.835749e-5,0.380282,1.4627,36.33,0.0229,1.972483
129500,16187,9.835507e-5,0.379530,1.4616,37.52,0.0238,1.982402
129600,16200,9.835244e-5,0.387398,1.4731,36.82,0.0232,2.019177
129700,16212,9.835001e-5,0.373061,1.4522,35.77,0.0227,1.946211
129800,16225,9.834739e-5,0.383213,1.4670,36.27,0.0244,2.010583
129900,16237,9.834494e-5,0.376545,1.4572,36.54,0.0230,1.974541
130000,16250,9.834231e-5,0.394346,1.4834,36.43,0.0233,2.047196
130100,16262,9.833988e-5,0.373527,1.4529,43.98,0.0276,1.930191
130200,16275,9.8337245e-5,0.384036,1.4682,36.41,0.0219,2.017959
130300,16287,9.83348e-5,0.386252,1.4715,36.80,0.0239,2.035879
130400,16300,9.8332166e-5,0.378503,1.4601,36.41,0.0230,1.979604
130500,16312,9.832972e-5,0.376925,1.4578,36.63,0.0231,1.980421
130600,16325,9.832707e-5,0.385082,1.4697,38.01,0.0233,2.001870
130700,16337,9.832463e-5,0.361145,1.4350,35.62,0.0238,1.874460
130800,16350,9.832198e-5,0.382559,1.4660,35.87,0.0230,1.989019
130900,16362,9.8319535e-5,0.380136,1.4625,36.74,0.0245,1.989180
131000,16375,9.831687e-5,0.399364,1.4909,36.10,0.0232,2.104847
131100,16387,9.831443e-5,0.387963,1.4740,41.41,0.0250,2.032772
131200,16400,9.8311764e-5,0.372889,1.4519,36.94,0.0219,1.945300
131300,16412,9.8309305e-5,0.367339,1.4439,35.73,0.0219,1.919449
131400,16425,9.830664e-5,0.378492,1.4601,35.72,0.0235,1.996694
131500,16437,9.83042e-5,0.370237,1.4481,35.85,0.0245,1.919500
131600,16450,9.830152e-5,0.370269,1.4481,35.76,0.0239,1.931333
131700,16462,9.829906e-5,0.409032,1.5054,37.53,0.0220,2.154137
131800,16475,9.82964e-5,0.377610,1.4588,36.13,0.0224,1.967493
131900,16487,9.8293924e-5,0.380067,1.4624,37.93,0.0235,1.988743
132000,16500,9.8291246e-5,0.388411,1.4746,36.39,0.0243,2.047541
132100,16512,9.828877e-5,0.389059,1.4756,40.58,0.0250,2.052691
132200,16525,9.8286095e-5,0.380816,1.4635,36.23,0.0232,1.995344
132300,16537,9.828362e-5,0.380761,1.4634,35.79,0.0216,1.964367
132400,16550,9.828094e-5,0.397550,1.4882,37.12,0.0222,2.079962
132500,16562,9.827847e-5,0.383470,1.4674,36.55,0.0225,2.002809
132600,16575,9.827578e-5,0.369655,1.4472,37.44,0.0221,1.928230
132700,16587,9.82733e-5,0.372131,1.4508,35.50,0.0243,1.938617
132800,16600,9.82706e-5,0.371348,1.4497,35.39,0.0231,1.936879
132900,16612,9.826812e-5,0.383420,1.4673,36.16,0.0235,2.021621
133000,16625,9.826543e-5,0.365375,1.4411,35.54,0.0251,1.899032
133100,16637,9.826294e-5,0.391728,1.4795,40.46,0.0257,2.045043
133200,16650,9.8260236e-5,0.360671,1.4343,35.81,0.0236,1.867193
133300,16662,9.825775e-5,0.379370,1.4614,36.80,0.0240,1.973282
133400,16675,9.825504e-5,0.379710,1.4619,36.55,0.0253,1.997424
133500,16687,9.825255e-5,0.364362,1.4396,35.55,0.0233,1.886535
133600,16700,9.8249846e-5,0.385243,1.4700,36.19,0.0233,2.010061
133700,16712,9.824734e-5,0.376012,1.4565,35.69,0.0241,1.960897
133800,16725,9.8244636e-5,0.382780,1.4664,37.38,0.0224,2.011772
133900,16737,9.824213e-5,0.386108,1.4712,38.02,0.0233,2.020309
134000,16750,9.823941e-5,0.365715,1.4415,37.23,0.0238,1.903674
134100,16762,9.823691e-5,0.380863,1.4635,41.32,0.0240,1.987750
134200,16775,9.823419e-5,0.375167,1.4552,36.66,0.0231,1.963825
134300,16787,9.8231685e-5,0.377621,1.4588,36.02,0.0228,1.959556
134400,16800,9.8228964e-5,0.365335,1.4410,36.75,0.0236,1.895522
134500,16812,9.822645e-5,0.370870,1.4490,36.45,0.0229,1.945156
134600,16825,9.8223725e-5,0.392589,1.4808,36.64,0.0239,2.051211
134700,16837,9.822121e-5,0.391676,1.4795,36.68,0.0225,2.045710
134800,16850,9.821847e-5,0.380894,1.4636,36.81,0.0234,1.992169
134900,16862,9.8215954e-5,0.367200,1.4437,36.33,0.0239,1.922740
135000,16875,9.821322e-5,0.386667,1.4721,36.36,0.0222,2.022893
135100,16887,9.821069e-5,0.374045,1.4536,39.54,0.0272,1.945922
135200,16900,9.820795e-5,0.362065,1.4363,36.35,0.0225,1.859175
135300,16912,9.820543e-5,0.375461,1.4557,36.90,0.0230,1.967242
135400,16925,9.820268e-5,0.378548,1.4602,36.57,0.0236,1.971117
135500,16937,9.820015e-5,0.373759,1.4532,37.84,0.0227,1.945774
135600,16950,9.81974e-5,0.377427,1.4585,37.01,0.0230,1.972801
135700,16962,9.819487e-5,0.374212,1.4538,37.31,0.0248,1.945842
135800,16975,9.819212e-5,0.369611,1.4472,36.80,0.0247,1.914916
135900,16987,9.818959e-5,0.392386,1.4805,37.49,0.0238,2.057710
136000,17000,9.818682e-5,0.367781,1.4445,35.35,0.0225,1.915227
136100,17012,9.818429e-5,0.389532,1.4763,44.83,0.0269,2.041055
136200,17025,9.8181525e-5,0.371206,1.4495,36.32,0.0228,1.933995
136300,17037,9.817898e-5,0.374838,1.4548,36.40,0.0220,1.958009
136400,17050,9.817621e-5,0.383178,1.4669,36.40,0.0234,1.994949
136500,17062,9.817367e-5,0.361941,1.4361,37.08,0.0242,1.882920
136600,17075,9.81709e-5,0.358289,1.4309,36.29,0.0233,1.850505
136700,17087,9.8168355e-5,0.374183,1.4538,36.32,0.0219,1.934004
136800,17100,9.8165576e-5,0.379421,1.4614,35.89,0.0229,1.982756
136900,17112,9.8163015e-5,0.382487,1.4659,37.38,0.0228,1.990466
137000,17125,9.816025e-5,0.385218,1.4699,36.85,0.0228,2.029715
137100,17137,9.815769e-5,0.379549,1.4616,40.26,0.0265,1.979674
137200,17150,9.815491e-5,0.388067,1.4741,36.09,0.0233,2.047060
137300,17162,9.815235e-5,0.364097,1.4392,35.19,0.0241,1.885838
137400,17175,9.814957e-5,0.367139,1.4436,36.17,0.0244,1.907429
137500,17187,9.814699e-5,0.367579,1.4442,37.31,0.0233,1.929338
137600,17200,9.814421e-5,0.389811,1.4767,37.32,0.0222,2.045225
137700,17212,9.814164e-5,0.375485,1.4557,36.80,0.0239,1.953016
137800,17225,9.8138844e-5,0.373518,1.4528,35.80,0.0234,1.944784
137900,17237,9.813627e-5,0.356117,1.4278,36.72,0.0237,1.848942
138000,17250,9.813349e-5,0.376327,1.4569,36.94,0.0236,1.969671
138100,17262,9.81309e-5,0.376521,1.4572,40.71,0.0252,1.972259
138200,17275,9.8128105e-5,0.388873,1.4753,36.75,0.0218,2.022939
138300,17287,9.812553e-5,0.387402,1.4731,37.29,0.0235,2.027599
138400,17300,9.812272e-5,0.389894,1.4768,37.82,0.0233,2.033423
138500,17312,9.812013e-5,0.390540,1.4778,37.30,0.0231,2.052903
138600,17325,9.811732e-5,0.386446,1.4717,37.32,0.0238,2.027328
138700,17337,9.8114746e-5,0.375997,1.4564,36.78,0.0235,1.956710
138800,17350,9.811192e-5,0.382497,1.4659,36.71,0.0225,1.995208
138900,17362,9.810933e-5,0.397256,1.4877,36.82,0.0220,2.074176
139000,17375,9.8106524e-5,0.368943,1.4462,37.11,0.0223,1.929207
139100,17387,9.810392e-5,0.361736,1.4358,39.54,0.0254,1.884037
139200,17400,9.810111e-5,0.365018,1.4405,36.57,0.0221,1.912403
139300,17412,9.8098506e-5,0.362768,1.4373,37.06,0.0229,1.881851
139400,17425,9.809568e-5,0.365601,1.4414,35.81,0.0228,1.901516
139500,17437,9.809308e-5,0.367224,1.4437,36.28,0.0247,1.917551
139600,17450,9.8090255e-5,0.388092,1.4742,37.13,0.0215,2.030080
139700,17462,9.808765e-5,0.376866,1.4577,37.34,0.0227,1.995102
139800,17475,9.808483e-5,0.381850,1.4650,36.13,0.0234,1.991886
139900,17487,9.808221e-5,0.389717,1.4766,36.65,0.0230,2.044859
140000,17500,9.8079385e-5,0.376370,1.4570,37.69,0.0247,1.970375
140100,17512,9.8076765e-5,0.378564,1.4602,40.65,0.0267,1.977489
140200,17525,9.807393e-5,0.376545,1.4572,37.54,0.0215,1.951577
140300,17537,9.807131e-5,0.382479,1.4659,36.42,0.0232,2.002311
140400,17550,9.806847e-5,0.383619,1.4676,36.56,0.0211,1.992259
140500,17562,9.806584e-5,0.384881,1.4694,37.06,0.0234,2.021898
140600,17575,9.8063e-5,0.349860,1.4189,36.06,0.0232,1.822963
140700,17587,9.8060365e-5,0.378753,1.4605,36.88,0.0243,1.972541
140800,17600,9.805753e-5,0.386121,1.4713,37.84,0.0220,2.014220
140900,17612,9.8054894e-5,0.389965,1.4769,36.83,0.0217,2.049563
141000,17625,9.805204e-5,0.357737,1.4301,37.00,0.0248,1.855575
141100,17637,9.804941e-5,0.364160,1.4393,64.80,0.0446,1.897365
141200,17650,9.8046556e-5,0.367101,1.4435,60.72,0.0388,1.916399
141300,17662,9.804392e-5,0.379050,1.4609,60.28,0.0370,1.967747
141400,17675,9.8041055e-5,0.367000,1.4434,59.71,0.0399,1.932287
141500,17687,9.803842e-5,0.371655,1.4501,60.12,0.0374,1.940612
141600,17700,9.8035554e-5,0.364426,1.4397,59.16,0.0394,1.901908
141700,17712,9.8032906e-5,0.362697,1.4372,60.54,0.0385,1.889617
141800,17725,9.803004e-5,0.358948,1.4318,40.68,0.0274,1.878498
141900,17737,9.802739e-5,0.372126,1.4508,36.16,0.0236,1.948062
142000,17750,9.8024524e-5,0.397639,1.4883,37.72,0.0223,2.085472
142100,17762,9.802186e-5,0.370878,1.4490,40.89,0.0260,1.944638
142200,17775,9.8018994e-5,0.380254,1.4627,37.40,0.0233,1.997119
142300,17787,9.801633e-5,0.394780,1.4841,36.93,0.0216,2.069726
142400,17800,9.8013465e-5,0.375541,1.4558,37.25,0.0226,1.953699
142500,17812,9.80108e-5,0.366460,1.4426,36.40,0.0240,1.901214
142600,17825,9.800792e-5,0.370136,1.4479,36.90,0.0232,1.930395
142700,17837,9.800526e-5,0.378787,1.4605,36.48,0.0221,1.972700
142800,17850,9.800236e-5,0.374491,1.4543,36.20,0.0233,1.959118
142900,17862,9.79997e-5,0.363980,1.4390,36.52,0.0235,1.879930
143000,17875,9.79968e-5,0.382959,1.4666,36.23,0.0226,1.995479
143100,17887,9.799414e-5,0.386279,1.4715,39.47,0.0256,2.019619
143200,17900,9.7991244e-5,0.388610,1.4749,36.48,0.0244,2.042008
143300,17912,9.7988566e-5,0.380284,1.4627,36.88,0.0232,1.984012
143400,17925,9.798567e-5,0.359579,1.4327,35.60,0.0236,1.888333
143500,17937,9.798299e-5,0.365310,1.4410,36.14,0.0236,1.898172
143600,17950,9.798008e-5,0.363990,1.4391,36.63,0.0247,1.892085
143700,17962,9.7977405e-5,0.383330,1.4672,36.54,0.0238,1.995682
143800,17975,9.797451e-5,0.378339,1.4599,36.74,0.0230,1.979877
143900,17987,9.797182e-5,0.373118,1.4523,36.31,0.0239,1.959707
144000,18000,9.796891e-5,0.347048,1.4149,35.94,0.0236,1.797904
144100,18012,9.7966215e-5,0.372879,1.4519,41.03,0.0275,1.945724
144200,18025,9.7963304e-5,0.383057,1.4668,37.35,0.0205,1.987565
144300,18037,9.796061e-5,0.370374,1.4483,36.51,0.0227,1.919500
144400,18050,9.795769e-5,0.364316,1.4395,35.66,0.0243,1.889116
144500,18062,9.7954995e-5,0.363587,1.4385,35.50,0.0235,1.906128
144600,18075,9.795207e-5,0.375363,1.4555,37.54,0.0223,1.972511
144700,18087,9.794938e-5,0.389166,1.4758,36.91,0.0226,2.039901
144800,18100,9.794645e-5,0.358989,1.4319,36.72,0.0216,1.869697
144900,18112,9.794375e-5,0.365969,1.4419,36.73,0.0235,1.908253
145000,18125,9.794082e-5,0.361558,1.4356,36.19,0.0248,1.882154
145100,18137,9.7938115e-5,0.366045,1.4420,40.56,0.0273,1.915792
145200,18150,9.7935175e-5,0.374562,1.4544,37.30,0.0234,1.954659
145300,18162,9.793247e-5,0.370354,1.4482,35.82,0.0225,1.937022
145400,18175,9.792953e-5,0.390114,1.4771,37.39,0.0222,2.059134
145500,18187,9.792681e-5,0.356592,1.4285,36.36,0.0242,1.858029
145600,18200,9.792387e-5,0.395598,1.4853,36.57,0.0236,2.071373
145700,18212,9.792116e-5,0.364621,1.4400,37.34,0.0237,1.903067
145800,18225,9.791821e-5,0.362230,1.4365,36.52,0.0247,1.908413
145900,18237,9.791549e-5,0.370568,1.4486,37.07,0.0229,1.935286
146000,18250,9.791253e-5,0.364532,1.4398,36.60,0.0225,1.909937
146100,18262,9.790981e-5,0.373128,1.4523,39.55,0.0250,1.949491
146200,18275,9.790686e-5,0.366947,1.4433,36.62,0.0239,1.928018
146300,18287,9.7904136e-5,0.378117,1.4595,36.93,0.0215,1.977996
146400,18300,9.790117e-5,0.365425,1.4411,36.72,0.0234,1.886690
146500,18312,9.7898446e-5,0.366186,1.4422,35.17,0.0241,1.904959
146600,18325,9.789548e-5,0.359983,1.4333,36.08,0.0224,1.863039
146700,18337,9.789274e-5,0.363975,1.4390,36.28,0.0238,1.904703
146800,18350,9.788977e-5,0.371371,1.4497,36.77,0.0217,1.937658
146900,18362,9.788704e-5,0.362927,1.4375,36.04,0.0234,1.911164
147000,18375,9.788407e-5,0.360391,1.4339,35.96,0.0232,1.883747
147100,18387,9.788133e-5,0.371745,1.4503,40.06,0.0247,1.938831
147200,18400,9.787835e-5,0.374188,1.4538,35.46,0.0233,1.965212
147300,18412,9.78756e-5,0.343176,1.4094,35.44,0.0240,1.780084
147400,18425,9.787263e-5,0.385814,1.4708,36.53,0.0233,2.020804
147500,18437,9.786988e-5,0.366876,1.4432,35.91,0.0227,1.915151
147600,18450,9.78669e-5,0.351872,1.4217,35.46,0.0238,1.821653
147700,18462,9.786415e-5,0.369594,1.4471,35.50,0.0228,1.941287
147800,18475,9.7861164e-5,0.355092,1.4263,36.43,0.0230,1.847369
147900,18487,9.7858414e-5,0.366894,1.4432,35.57,0.0244,1.917224
148000,18500,9.7855416e-5,0.366396,1.4425,36.98,0.0219,1.912442
148100,18512,9.785265e-5,0.380143,1.4625,41.08,0.0264,1.994910
148200,18525,9.784967e-5,0.369116,1.4465,36.35,0.0224,1.929993
148300,18537,9.784689e-5,0.373061,1.4522,36.40,0.0232,1.960046
148400,18550,9.7843906e-5,0.364144,1.4393,36.63,0.0231,1.896051
148500,18562,9.784114e-5,0.368739,1.4459,36.74,0.0231,1.940787
148600,18575,9.783813e-5,0.377154,1.4581,36.51,0.0231,1.989671
148700,18587,9.7835364e-5,0.371529,1.4499,36.51,0.0234,1.928958
148800,18600,9.783235e-5,0.345922,1.4133,35.91,0.0229,1.801746
148900,18612,9.782957e-5,0.353626,1.4242,36.36,0.0241,1.843521
149000,18625,9.7826574e-5,0.357533,1.4298,35.64,0.0230,1.867574
149100,18637,9.7823795e-5,0.367354,1.4439,40.52,0.0242,1.917466
149200,18650,9.782078e-5,0.358744,1.4315,35.85,0.0243,1.871109
149300,18662,9.7818e-5,0.349699,1.4186,35.06,0.0227,1.807919
149400,18675,9.781499e-5,0.373292,1.4525,36.62,0.0225,1.944938
149500,18687,9.78122e-5,0.378311,1.4598,35.94,0.0248,1.983780
149600,18700,9.7809185e-5,0.376572,1.4573,35.59,0.0237,1.966303
149700,18712,9.780639e-5,0.368444,1.4455,36.60,0.0213,1.932046
149800,18725,9.7803364e-5,0.364275,1.4395,35.43,0.0231,1.909184
149900,18737,9.780057e-5,0.362793,1.4373,33.99,0.0235,1.883242
150000,18750,9.779754e-5,0.390918,1.4783,36.02,0.0234,2.059454
150100,18762,9.779475e-5,0.376161,1.4567,39.84,0.0261,1.960758
150200,18775,9.779172e-5,0.360148,1.4335,36.04,0.0241,1.894469
150300,18787,9.7788914e-5,0.364789,1.4402,36.74,0.0217,1.891809
150400,18800,9.778589e-5,0.355671,1.4271,36.11,0.0227,1.855642
150500,18812,9.778308e-5,0.365732,1.4416,39.88,0.0251,1.908316
150600,18825,9.778004e-5,0.367562,1.4442,45.80,0.0287,1.903646
150700,18837,9.777723e-5,0.368927,1.4462,36.22,0.0214,1.912386
150800,18850,9.777419e-5,0.364613,1.4400,36.58,0.0233,1.914785
150900,18862,9.777138e-5,0.353570,1.4241,36.80,0.0224,1.842984
151000,18875,9.776832e-5,0.381806,1.4649,37.41,0.0229,2.004298
151100,18887,9.7765515e-5,0.352871,1.4231,41.03,0.0265,1.824727
151200,18900,9.776246e-5,0.363206,1.4379,36.74,0.0217,1.878102
151300,18912,9.7759636e-5,0.358745,1.4315,36.24,0.0250,1.875161
151400,18925,9.775658e-5,0.362982,1.4376,36.63,0.0231,1.883382
151500,18937,9.775376e-5,0.357837,1.4302,36.59,0.0222,1.857453
151600,18950,9.77507e-5,0.347517,1.4155,36.02,0.0229,1.806437
151700,18962,9.774788e-5,0.370500,1.4485,35.67,0.0236,1.921879
151800,18975,9.774482e-5,0.374748,1.4546,36.53,0.0218,1.944395
151900,18987,9.7741984e-5,0.365474,1.4412,36.00,0.0241,1.905766
152000,19000,9.773891e-5,0.368363,1.4454,35.49,0.0235,1.927883
152100,19012,9.773609e-5,0.382264,1.4656,40.66,0.0229,1.968436
152200,19025,9.773302e-5,0.356925,1.4289,35.80,0.0231,1.869770
152300,19037,9.773018e-5,0.361617,1.4356,35.92,0.0231,1.893932
152400,19050,9.772711e-5,0.363098,1.4378,35.91,0.0245,1.890049
152500,19062,9.772426e-5,0.375173,1.4552,36.02,0.0227,1.955317
152600,19075,9.772119e-5,0.388745,1.4751,36.34,0.0231,2.051917
152700,19087,9.771834e-5,0.377534,1.4587,35.85,0.0231,1.975787
152800,19100,9.771527e-5,0.370036,1.4478,35.72,0.0220,1.918893
152900,19112,9.7712415e-5,0.382165,1.4655,36.51,0.0208,2.000915
153000,19125,9.770933e-5,0.360246,1.4337,34.96,0.0230,1.868220
153100,19137,9.770648e-5,0.360929,1.4347,39.55,0.0258,1.891066
153200,19150,9.770339e-5,0.359734,1.4329,36.06,0.0241,1.877162
153300,19162,9.7700526e-5,0.365991,1.4419,35.83,0.0246,1.915573
153400,19175,9.769744e-5,0.376374,1.4570,36.41,0.0221,1.976195
153500,19187,9.7694574e-5,0.361163,1.4350,36.24,0.0235,1.895447
153600,19200,9.769149e-5,0.385025,1.4697,37.04,0.0209,2.001871
153700,19212,9.768862e-5,0.363576,1.4385,36.07,0.0238,1.879209
153800,19225,9.768552e-5,0.373029,1.4521,36.64,0.0215,1.950875
153900,19237,9.7682656e-5,0.374422,1.4542,34.76,0.0239,1.964264
154000,19250,9.767954e-5,0.376839,1.4577,36.50,0.0220,1.972448
154100,19262,9.7676675e-5,0.370421,1.4483,39.06,0.0256,1.940644
154200,19275,9.7673576e-5,0.353613,1.4242,36.94,0.0236,1.841406
154300,19287,9.7670694e-5,0.366730,1.4430,36.89,0.0218,1.916353
154400,19300,9.766758e-5,0.348813,1.4174,36.20,0.0229,1.811100
154500,19312,9.766471e-5,0.355800,1.4273,35.91,0.0236,1.847317
154600,19325,9.7661585e-5,0.357814,1.4302,35.50,0.0238,1.866344
154700,19337,9.765872e-5,0.363507,1.4384,36.25,0.0229,1.895961
154800,19350,9.765559e-5,0.372560,1.4514,35.43,0.0227,1.943774
154900,19362,9.765271e-5,0.355158,1.4264,35.59,0.0221,1.833208
155000,19375,9.764958e-5,0.378848,1.4606,36.68,0.0232,1.980680
155100,19387,9.76467e-5,0.368229,1.4452,40.36,0.0258,1.920880
155200,19400,9.764357e-5,0.368079,1.4450,35.98,0.0237,1.918207
155300,19412,9.764067e-5,0.350962,1.4204,37.31,0.0230,1.825983
155400,19425,9.7637545e-5,0.372396,1.4512,35.90,0.0234,1.954939
155500,19437,9.763465e-5,0.373427,1.4527,35.64,0.0229,1.955696
155600,19450,9.7631506e-5,0.370117,1.4479,36.77,0.0227,1.917691
155700,19462,9.762861e-5,0.369435,1.4469,36.03,0.0241,1.927855
155800,19475,9.762547e-5,0.360774,1.4344,35.95,0.0222,1.879829
155900,19487,9.762257e-5,0.377128,1.4581,36.22,0.0230,1.976223
156000,19500,9.761943e-5,0.352429,1.4225,36.12,0.0227,1.828236
156100,19512,9.761652e-5,0.362405,1.4368,64.02,0.0438,1.905167
156200,19525,9.7613374e-5,0.368377,1.4454,60.82,0.0361,1.920409
156300,19537,9.7610464e-5,0.361016,1.4348,59.84,0.0411,1.885153
156400,19550,9.7607306e-5,0.361778,1.4359,35.79,0.0230,1.885733
156500,19562,9.7604396e-5,0.356588,1.4284,35.69,0.0238,1.866547
156600,19575,9.760124e-5,0.391200,1.4788,36.32,0.0221,2.057071
156700,19587,9.759833e-5,0.362497,1.4369,35.63,0.0232,1.888026
156800,19600,9.759517e-5,0.363926,1.4390,36.25,0.0225,1.908144
156900,19612,9.7592245e-5,0.361331,1.4352,36.70,0.0228,1.881537
157000,19625,9.758909e-5,0.362431,1.4368,36.82,0.0229,1.884067
157100,19637,9.758616e-5,0.365289,1.4409,40.59,0.0270,1.904360
157200,19650,9.758299e-5,0.366606,1.4428,35.61,0.0239,1.907818
157300,19662,9.7580065e-5,0.372208,1.4509,36.44,0.0238,1.937640
157400,19675,9.757689e-5,0.344099,1.4107,37.27,0.0248,1.794752
157500,19687,9.757397e-5,0.361369,1.4353,36.74,0.0229,1.892031
157600,19700,9.7570795e-5,0.350990,1.4205,35.38,0.0234,1.825784
157700,19712,9.7567856e-5,0.360466,1.4340,35.48,0.0231,1.873630
157800,19725,9.756467e-5,0.361261,1.4351,35.91,0.0228,1.888921
157900,19737,9.7561744e-5,0.375425,1.4556,36.76,0.0228,1.977302
158000,19750,9.755856e-5,0.359688,1.4329,35.28,0.0235,1.868638
158100,19762,9.755562e-5,0.359643,1.4328,60.52,0.0415,1.883816
158200,19775,9.755243e-5,0.361749,1.4358,35.81,0.0228,1.879493
158300,19787,9.754948e-5,0.365826,1.4417,36.00,0.0236,1.908023
158400,19800,9.754629e-5,0.356015,1.4276,35.67,0.0223,1.865039
158500,19812,9.754335e-5,0.357392,1.4296,36.99,0.0238,1.861432
158600,19825,9.754015e-5,0.356474,1.4283,35.81,0.0221,1.832717
158700,19837,9.7537195e-5,0.375882,1.4563,37.57,0.0215,1.962015
158800,19850,9.753399e-5,0.361428,1.4354,36.98,0.0228,1.887552
158900,19862,9.753104e-5,0.380769,1.4634,36.25,0.0232,1.986624
159000,19875,9.752784e-5,0.360303,1.4338,36.38,0.0233,1.888561
159100,19887,9.7524884e-5,0.356876,1.4289,39.56,0.0266,1.881121
159200,19900,9.752167e-5,0.383956,1.4681,36.21,0.0227,2.007120
159300,19912,9.7518714e-5,0.356744,1.4287,36.23,0.0219,1.861511
159400,19925,9.75155e-5,0.361633,1.4357,35.29,0.0228,1.887177
159500,19937,9.751253e-5,0.372657,1.4516,37.22,0.0230,1.950500
159600,19950,9.750933e-5,0.366593,1.4428,36.13,0.0223,1.910757
159700,19962,9.7506345e-5,0.378475,1.4601,37.12,0.0239,2.015465
159800,19975,9.750313e-5,0.349528,1.4184,36.23,0.0227,1.825114
159900,19987,9.750016e-5,0.368605,1.4457,36.29,0.0230,1.915753
160000,20000,9.749693e-5,0.374771,1.4547,36.22,0.0236,1.975759
160100,20012,9.749396e-5,0.360197,1.4336,39.95,0.0266,1.892532
160200,20025,9.749073e-5,0.357259,1.4294,36.50,0.0239,1.851761
160300,20037,9.748776e-5,0.360482,1.4340,35.18,0.0235,1.890292
160400,20050,9.748452e-5,0.362189,1.4365,36.37,0.0233,1.890552
160500,20062,9.7481534e-5,0.372765,1.4517,36.04,0.0224,1.944703
160600,20075,9.74783e-5,0.379605,1.4617,36.86,0.0228,1.980042
160700,20087,9.747532e-5,0.373709,1.4531,37.03,0.0236,1.966686
160800,20100,9.747209e-5,0.356862,1.4288,36.18,0.0221,1.855008
160900,20112,9.746909e-5,0.373295,1.4525,36.46,0.0230,1.962665
161000,20125,9.746585e-5,0.363681,1.4386,36.45,0.0226,1.886351
161100,20137,9.7462864e-5,0.359248,1.4323,40.42,0.0276,1.870347
161200,20150,9.7459604e-5,0.387951,1.4740,36.05,0.0229,2.025359
161300,20162,9.745661e-5,0.371391,1.4497,35.55,0.0237,1.940023
161400,20175,9.745336e-5,0.379754,1.4619,36.79,0.0224,2.004915
161500,20187,9.7450364e-5,0.373736,1.4532,36.01,0.0243,1.947073
161600,20200,9.7447104e-5,0.375443,1.4556,36.22,0.0237,1.976857
161700,20212,9.7444106e-5,0.375697,1.4560,36.51,0.0220,1.967532
161800,20225,9.744085e-5,0.376363,1.4570,35.76,0.0242,1.987056
161900,20237,9.7437834e-5,0.377376,1.4585,36.32,0.0227,1.973316
162000,20250,9.7434575e-5,0.362121,1.4364,35.36,0.0241,1.879370
162100,20262,9.743156e-5,0.369759,1.4474,69.56,0.0453,1.941866
162200,20275,9.74283e-5,0.366036,1.4420,55.45,0.0349,1.898045
162300,20287,9.742529e-5,0.371948,1.4506,35.64,0.0247,1.963768
162400,20300,9.742202e-5,0.371666,1.4501,35.72,0.0236,1.947992
162500,20312,9.7419004e-5,0.372635,1.4516,35.50,0.0228,1.938409
162600,20325,9.741573e-5,0.364984,1.4405,35.26,0.0241,1.927317
162700,20337,9.74127e-5,0.373108,1.4522,36.47,0.0234,1.966018
162800,20350,9.7409415e-5,0.364280,1.4395,36.54,0.0214,1.905647
162900,20362,9.74064e-5,0.365605,1.4414,35.86,0.0233,1.907238
163000,20375,9.740311e-5,0.364024,1.4391,36.61,0.0207,1.888407
163100,20387,9.740009e-5,0.367432,1.4440,39.99,0.0247,1.928225
163200,20400,9.73968e-5,0.356476,1.4283,36.46,0.0241,1.864112
163300,20412,9.739376e-5,0.349367,1.4182,35.23,0.0231,1.815194
163400,20425,9.739048e-5,0.340737,1.4060,36.60,0.0226,1.778794
163500,20437,9.738744e-5,0.357918,1.4303,37.21,0.0224,1.861129
163600,20450,9.738415e-5,0.362382,1.4367,36.38,0.0226,1.889347
163700,20462,9.738111e-5,0.359056,1.4320,35.90,0.0218,1.880076
163800,20475,9.737781e-5,0.365676,1.4415,41.04,0.0264,1.914900
163900,20487,9.737477e-5,0.363139,1.4378,36.45,0.0237,1.902215
164000,20500,9.737146e-5,0.379418,1.4614,37.06,0.0226,1.987413
164100,20512,9.736842e-5,0.368177,1.4451,40.74,0.0250,1.930344
164200,20525,9.736512e-5,0.371300,1.4496,36.31,0.0239,1.955650
164300,20537,9.736206e-5,0.374255,1.4539,37.09,0.0225,1.945530
164400,20550,9.735876e-5,0.358793,1.4316,36.36,0.0226,1.859886
164500,20562,9.73557e-5,0.349435,1.4183,35.55,0.0247,1.824698
164600,20575,9.7352386e-5,0.370682,1.4487,36.30,0.0247,1.956245
164700,20587,9.734933e-5,0.357706,1.4300,36.56,0.0233,1.861576
164800,20600,9.734603e-5,0.366986,1.4434,35.98,0.0240,1.922716
164900,20612,9.7342956e-5,0.374422,1.4542,36.80,0.0211,1.934398
165000,20625,9.733964e-5,0.363512,1.4384,36.82,0.0235,1.890004
165100,20637,9.733657e-5,0.356528,1.4284,39.99,0.0261,1.856824
165200,20650,9.733325e-5,0.369292,1.4467,36.48,0.0229,1.934055
165300,20662,9.733018e-5,0.357101,1.4292,36.49,0.0230,1.869162
165400,20675,9.732685e-5,0.360475,1.4340,37.02,0.0214,1.876607
165500,20687,9.732378e-5,0.353355,1.4238,35.78,0.0254,1.835436
165600,20700,9.7320444e-5,0.377177,1.4582,35.67,0.0235,1.953385
165700,20712,9.7317374e-5,0.362271,1.4366,35.87,0.0231,1.897022
165800,20725,9.731404e-5,0.355901,1.4275,36.48,0.0230,1.855320
165900,20737,9.7310956e-5,0.376031,1.4565,36.51,0.0231,1.976355
166000,20750,9.7307624e-5,0.361374,1.4353,36.08,0.0229,1.890648
166100,20762,9.7304524e-5,0.364084,1.4392,44.32,0.0264,1.883679
166200,20775,9.730119e-5,0.373248,1.4524,36.25,0.0231,1.966447
166300,20787,9.729811e-5,0.355513,1.4269,36.39,0.0239,1.853100
166400,20800,9.729476e-5,0.364166,1.4393,36.08,0.0227,1.891732
166500,20812,9.729166e-5,0.351466,1.4211,35.96,0.0235,1.802996
166600,20825,9.728831e-5,0.359058,1.4320,36.52,0.0217,1.855449
166700,20837,9.7285214e-5,0.348703,1.4172,36.22,0.0221,1.811925
166800,20850,9.728187e-5,0.348356,1.4167,36.43,0.0236,1.817234
166900,20862,9.727877e-5,0.373659,1.4530,36.11,0.0229,1.961049
167000,20875,9.7275406e-5,0.345898,1.4133,36.50,0.0238,1.798242
167100,20887,9.727231e-5,0.351403,1.4211,44.64,0.0267,1.816891
167200,20900,9.7268945e-5,0.371560,1.4500,36.66,0.0227,1.941108
167300,20912,9.7265845e-5,0.373292,1.4525,35.35,0.0240,1.949273
167400,20925,9.7262484e-5,0.359024,1.4319,36.25,0.0226,1.863947
167500,20937,9.725937e-5,0.347266,1.4152,36.03,0.0232,1.803338
167600,20950,9.725601e-5,0.365040,1.4406,35.76,0.0219,1.897821
167700,20962,9.7252894e-5,0.353407,1.4239,36.29,0.0228,1.850799
167800,20975,9.724952e-5,0.362758,1.4373,36.97,0.0244,1.919348
167900,20987,9.7246404e-5,0.370786,1.4489,36.75,0.0219,1.933794
168000,21000,9.724303e-5,0.350064,1.4192,36.89,0.0226,1.822951
168100,21012,9.72399e-5,0.333280,1.3955,41.64,0.0275,1.726157
168200,21025,9.723652e-5,0.354013,1.4248,36.21,0.0232,1.844308
168300,21037,9.7233395e-5,0.337342,1.4012,35.16,0.0241,1.757819
168400,21050,9.723002e-5,0.349636,1.4186,35.62,0.0234,1.823833
168500,21062,9.722689e-5,0.354622,1.4256,35.87,0.0237,1.841455
168600,21075,9.72235e-5,0.359186,1.4322,36.95,0.0231,1.883370
168700,21087,9.722037e-5,0.339836,1.4047,36.44,0.0237,1.756983
168800,21100,9.721698e-5,0.351881,1.4217,36.64,0.0239,1.832742
168900,21112,9.721385e-5,0.339237,1.4039,35.36,0.0245,1.764899
169000,21125,9.7210446e-5,0.355791,1.4273,36.02,0.0219,1.848144
169100,21137,9.720732e-5,0.353850,1.4245,40.43,0.0248,1.841967
169200,21150,9.720391e-5,0.374500,1.4543,37.07,0.0232,1.961207
169300,21162,9.720077e-5,0.339848,1.4047,36.05,0.0227,1.761459
169400,21175,9.719738e-5,0.356907,1.4289,35.98,0.0230,1.859460
169500,21187,9.719422e-5,0.355452,1.4268,35.42,0.0239,1.847262
169600,21200,9.7190816e-5,0.379974,1.4622,36.38,0.0210,2.001994
169700,21212,9.718767e-5,0.351772,1.4216,35.76,0.0227,1.833581
169800,21225,9.718427e-5,0.364322,1.4395,36.97,0.0232,1.899949
169900,21237,9.718111e-5,0.356490,1.4283,36.10,0.0240,1.867181
170000,21250,9.717769e-5,0.356800,1.4287,36.09,0.0217,1.854516
170100,21262,9.717453e-5,0.361884,1.4360,39.93,0.0264,1.890124
170200,21275,9.717111e-5,0.357872,1.4303,36.28,0.0227,1.876609
170300,21287,9.7167955e-5,0.362686,1.4372,37.13,0.0235,1.900068
170400,21300,9.7164535e-5,0.364086,1.4392,36.40,0.0228,1.898762
170500,21312,9.716138e-5,0.365344,1.4410,36.68,0.0231,1.908690
170600,21325,9.715794e-5,0.349356,1.4182,35.50,0.0238,1.828355
170700,21337,9.7154785e-5,0.359481,1.4326,36.69,0.0223,1.868301
170800,21350,9.715135e-5,0.357895,1.4303,36.01,0.0246,1.874960
170900,21362,9.714818e-5,0.371246,1.4495,36.36,0.0223,1.937186
171000,21375,9.7144744e-5,0.361963,1.4361,37.51,0.0223,1.894091
171100,21387,9.714157e-5,0.367832,1.4446,40.57,0.0265,1.942463
171200,21400,9.713814e-5,0.354383,1.4253,36.57,0.0233,1.833618
171300,21412,9.7134965e-5,0.352087,1.4220,35.35,0.0239,1.824753
171400,21425,9.713152e-5,0.355619,1.4271,36.54,0.0222,1.860637
171500,21437,9.712833e-5,0.365651,1.4415,36.62,0.0221,1.904567
171600,21450,9.712488e-5,0.370287,1.4482,36.26,0.0228,1.928533
171700,21462,9.712171e-5,0.351058,1.4206,36.11,0.0243,1.832952
171800,21475,9.711826e-5,0.371010,1.4492,35.54,0.0231,1.934028
171900,21487,9.711507e-5,0.351683,1.4215,36.33,0.0235,1.845950
172000,21500,9.711161e-5,0.345671,1.4129,37.14,0.0226,1.777571
172100,21512,9.710842e-5,0.370139,1.4479,41.58,0.0259,1.927945
172200,21525,9.7104974e-5,0.359647,1.4328,36.91,0.0241,1.891402
172300,21537,9.710177e-5,0.374641,1.4545,37.16,0.0239,1.959503
172400,21550,9.709831e-5,0.339152,1.4038,36.27,0.0229,1.750223
172500,21562,9.709512e-5,0.367319,1.4439,36.53,0.0221,1.913708
172600,21575,9.7091644e-5,0.344974,1.4120,36.36,0.0244,1.809795
172700,21587,9.708846e-5,0.360684,1.4343,35.94,0.0238,1.874257
172800,21600,9.708498e-5,0.359669,1.4329,35.92,0.0236,1.871365
172900,21612,9.708178e-5,0.354382,1.4253,37.05,0.0248,1.844497
173000,21625,9.70783e-5,0.346495,1.4141,35.87,0.0238,1.793107
173100,21637,9.70751e-5,0.359332,1.4324,110.22,0.0685,1.882069
173200,21650,9.707162e-5,0.352969,1.4233,36.42,0.0224,1.842733
173300,21662,9.7068405e-5,0.375528,1.4558,37.15,0.0227,1.972954
173400,21675,9.706493e-5,0.368698,1.4459,36.41,0.0234,1.920558
173500,21687,9.706171e-5,0.372026,1.4507,37.14,0.0224,1.941201
173600,21700,9.705822e-5,0.366540,1.4427,36.85,0.0222,1.904218
173700,21712,9.7055e-5,0.347069,1.4149,36.66,0.0229,1.806751
173800,21725,9.7051525e-5,0.378287,1.4598,36.75,0.0237,1.971957
173900,21737,9.7048294e-5,0.352690,1.4229,36.40,0.0232,1.828847
174000,21750,9.70448e-5,0.358764,1.4316,37.32,0.0247,1.869307
174100,21762,9.704157e-5,0.346619,1.4143,40.17,0.0270,1.820763
174200,21775,9.703808e-5,0.367212,1.4437,38.07,0.0228,1.912214
174300,21787,9.703485e-5,0.345035,1.4120,36.43,0.0235,1.781224
174400,21800,9.7031356e-5,0.367421,1.4440,37.10,0.0229,1.916974
174500,21812,9.7028125e-5,0.356785,1.4287,37.42,0.0248,1.855493
174600,21825,9.702462e-5,0.359213,1.4322,36.45,0.0231,1.878200
174700,21837,9.702137e-5,0.357018,1.4291,36.39,0.0233,1.871628
174800,21850,9.7017866e-5,0.360890,1.4346,35.77,0.0234,1.878545
174900,21862,9.7014636e-5,0.370722,1.4488,35.48,0.0244,1.945473
175000,21875,9.7011114e-5,0.374916,1.4549,36.61,0.0237,1.966522
175100,21887,9.700788e-5,0.368073,1.4449,40.10,0.0252,1.929331
175200,21900,9.700436e-5,0.351717,1.4215,36.25,0.0234,1.843690
175300,21912,9.700112e-5,0.363362,1.4382,36.40,0.0224,1.890401
175400,21925,9.6997595e-5,0.367853,1.4446,36.33,0.0221,1.915344
175500,21937,9.699435e-5,0.357674,1.4300,35.60,0.0239,1.862766
175600,21950,9.6990814e-5,0.363025,1.4377,35.83,0.0241,1.906058
175700,21962,9.698757e-5,0.356384,1.4282,36.16,0.0218,1.853898
175800,21975,9.698403e-5,0.362631,1.4371,36.77,0.0226,1.903440
175900,21987,9.698079e-5,0.345468,1.4127,35.85,0.0227,1.791503
176000,22000,9.697725e-5,0.357011,1.4291,36.77,0.0230,1.860611
176100,22012,9.697399e-5,0.363292,1.4381,39.53,0.0256,1.898365
176200,22025,9.6970456e-5,0.351375,1.4210,34.87,0.0237,1.815851
176300,22037,9.69672e-5,0.362918,1.4375,36.96,0.0239,1.897045
176400,22050,9.696366e-5,0.337246,1.4011,35.77,0.0237,1.752143
176500,22062,9.6960386e-5,0.352135,1.4221,35.96,0.0211,1.826801
176600,22075,9.6956835e-5,0.362899,1.4375,36.84,0.0224,1.910525
176700,22087,9.6953576e-5,0.366850,1.4432,36.76,0.0237,1.909000
176800,22100,9.6950025e-5,0.376206,1.4567,36.44,0.0216,1.951721
176900,22112,9.694675e-5,0.352636,1.4228,36.71,0.0238,1.850585
177000,22125,9.69432e-5,0.374737,1.4546,36.20,0.0233,1.975268
177100,22137,9.6939926e-5,0.348433,1.4168,47.01,0.0314,1.822046
177200,22150,9.6936375e-5,0.366033,1.4420,36.42,0.0239,1.927939
177300,22162,9.693309e-5,0.361942,1.4361,36.95,0.0242,1.902950
177400,22175,9.692952e-5,0.356959,1.4290,37.33,0.0231,1.849043
177500,22187,9.692625e-5,0.338157,1.4024,37.52,0.0239,1.773736
177600,22200,9.692268e-5,0.364048,1.4391,37.60,0.0231,1.883801
177700,22212,9.691939e-5,0.350709,1.4201,36.36,0.0233,1.831507
177800,22225,9.691583e-5,0.359802,1.4330,35.94,0.0235,1.882857
177900,22237,9.6912525e-5,0.361341,1.4353,36.41,0.0230,1.879844
178000,22250,9.690896e-5,0.352502,1.4226,36.91,0.0238,1.850171
178100,22262,9.690567e-5,0.359071,1.4320,41.47,0.0249,1.874828
178200,22275,9.690209e-5,0.351729,1.4215,36.50,0.0237,1.828850
178300,22287,9.68988e-5,0.363232,1.4380,36.72,0.0231,1.902624
178400,22300,9.689522e-5,0.364271,1.4395,37.76,0.0227,1.910210
178500,22312,9.689192e-5,0.360670,1.4343,37.85,0.0217,1.888452
178600,22325,9.688834e-5,0.366370,1.4425,36.19,0.0223,1.914616
178700,22337,9.688502e-5,0.348997,1.4176,36.24,0.0243,1.824863
178800,22350,9.688144e-5,0.356713,1.4286,35.64,0.0237,1.872826
178900,22362,9.687814e-5,0.341177,1.4066,36.28,0.0225,1.771612
179000,22375,9.6874544e-5,0.367451,1.4440,36.86,0.0222,1.929346
179100,22387,9.687123e-5,0.379866,1.4621,50.07,0.0327,1.999012
179200,22400,9.686765e-5,0.368163,1.4451,41.35,0.0270,1.933573
179300,22412,9.686433e-5,0.374429,1.4542,37.28,0.0234,1.960443
179400,22425,9.6860735e-5,0.348990,1.4176,35.68,0.0231,1.840027
179500,22437,9.68574e-5,0.354029,1.4248,36.60,0.0234,1.839126
179600,22450,9.685381e-5,0.355070,1.4263,36.86,0.0232,1.856800
179700,22462,9.6850476e-5,0.357350,1.4295,35.40,0.0235,1.867612
179800,22475,9.684688e-5,0.336607,1.4002,37.66,0.0232,1.747034
179900,22487,9.684355e-5,0.370274,1.4481,37.38,0.0244,1.935055
180000,22500,9.683994e-5,0.363146,1.4378,37.30,0.0248,1.893819
180100,22512,9.683661e-5,0.362706,1.4372,40.77,0.0251,1.885689
180200,22525,9.6833e-5,0.344301,1.4110,35.97,0.0225,1.785630
180300,22537,9.6829666e-5,0.355237,1.4265,36.17,0.0228,1.849882
180400,22550,9.682604e-5,0.355108,1.4263,35.89,0.0233,1.855440
180500,22562,9.682271e-5,0.356846,1.4288,36.15,0.0227,1.859360
180600,22575,9.681909e-5,0.355199,1.4265,36.76,0.0224,1.854344
180700,22587,9.681574e-5,0.361625,1.4357,36.29,0.0226,1.889270
180800,22600,9.681213e-5,0.352569,1.4227,36.32,0.0221,1.839864
180900,22612,9.6808784e-5,0.359931,1.4332,36.17,0.0242,1.884206
181000,22625,9.680516e-5,0.352859,1.4231,36.63,0.0237,1.836041
181100,22637,9.6801814e-5,0.350832,1.4202,40.74,0.0272,1.839274
181200,22650,9.6798176e-5,0.359311,1.4323,35.63,0.0248,1.886921
181300,22662,9.679483e-5,0.370578,1.4486,36.71,0.0229,1.953665
181400,22675,9.679119e-5,0.352861,1.4231,36.41,0.0220,1.849639
181500,22687,9.678783e-5,0.349470,1.4183,35.45,0.0223,1.825925
181600,22700,9.678419e-5,0.361281,1.4352,36.79,0.0222,1.890940
181700,22712,9.678083e-5,0.356018,1.4276,36.23,0.0223,1.853586
181800,22725,9.677719e-5,0.355919,1.4275,35.90,0.0240,1.859045
181900,22737,9.677383e-5,0.357348,1.4295,35.96,0.0225,1.857619
182000,22750,9.677019e-5,0.352553,1.4227,37.78,0.0234,1.847728
182100,22762,9.676682e-5,0.349936,1.4190,41.94,0.0268,1.827126
182200,22775,9.6763164e-5,0.351133,1.4207,36.92,0.0223,1.825101
182300,22787,9.67598e-5,0.348369,1.4168,38.14,0.0236,1.818718
182400,22800,9.675615e-5,0.342669,1.4087,37.77,0.0252,1.789100
182500,22812,9.6752774e-5,0.342283,1.4082,35.29,0.0229,1.785493
182600,22825,9.674912e-5,0.346920,1.4147,36.15,0.0229,1.827764
182700,22837,9.6745745e-5,0.350930,1.4204,36.84,0.0229,1.833623
182800,22850,9.674208e-5,0.359685,1.4329,36.59,0.0238,1.884577
182900,22862,9.67387e-5,0.361124,1.4349,36.26,0.0223,1.879365
183000,22875,9.6735035e-5,0.341666,1.4073,35.95,0.0237,1.773344
183100,22887,9.6731645e-5,0.342635,1.4087,39.27,0.0255,1.775422
183200,22900,9.672798e-5,0.362972,1.4376,36.95,0.0225,1.911029
183300,22912,9.67246e-5,0.334215,1.3968,35.38,0.0239,1.749115
183400,22925,9.672092e-5,0.367908,1.4447,36.15,0.0228,1.917166
183500,22937,9.671753e-5,0.351046,1.4206,35.56,0.0243,1.827262
183600,22950,9.671386e-5,0.342379,1.4083,36.96,0.0230,1.782284
183700,22962,9.671046e-5,0.362361,1.4367,36.66,0.0234,1.883940
183800,22975,9.6706775e-5,0.362904,1.4375,36.03,0.0224,1.891699
183900,22987,9.6703385e-5,0.357000,1.4290,37.10,0.0235,1.870900
184000,23000,9.669969e-5,0.341420,1.4069,35.61,0.0251,1.779201
184100,23012,9.66963e-5,0.363079,1.4377,41.48,0.0261,1.900713
184200,23025,9.66926e-5,0.358627,1.4314,35.74,0.0235,1.873116
184300,23037,9.66892e-5,0.362308,1.4366,37.55,0.0223,1.897185
184400,23050,9.6685515e-5,0.352534,1.4227,35.93,0.0223,1.845971
184500,23062,9.668211e-5,0.361124,1.4349,35.31,0.0235,1.899799
184600,23075,9.6678414e-5,0.365755,1.4416,36.39,0.0224,1.916277
184700,23087,9.6674994e-5,0.373008,1.4521,36.67,0.0230,1.956713
184800,23100,9.66713e-5,0.352880,1.4232,35.55,0.0232,1.834797
184900,23112,9.666788e-5,0.342159,1.4080,35.88,0.0235,1.781555
185000,23125,9.666418e-5,0.362472,1.4369,36.84,0.0219,1.893415
185100,23137,9.666076e-5,0.336625,1.4002,39.57,0.0253,1.742580
185200,23150,9.665705e-5,0.357338,1.4295,35.64,0.0232,1.877404
185300,23162,9.665363e-5,0.349865,1.4189,36.36,0.0225,1.826955
185400,23175,9.664992e-5,0.357164,1.4293,36.18,0.0226,1.880256
185500,23187,9.664649e-5,0.354893,1.4260,36.83,0.0226,1.856957
185600,23200,9.6642776e-5,0.359464,1.4326,36.98,0.0227,1.881283
185700,23212,9.663934e-5,0.364595,1.4399,37.60,0.0244,1.903122
185800,23225,9.663563e-5,0.345182,1.4122,36.06,0.0239,1.804437
185900,23237,9.66322e-5,0.364533,1.4398,36.28,0.0225,1.920853
186000,23250,9.662847e-5,0.360400,1.4339,36.25,0.0237,1.887905
186100,23262,9.662504e-5,0.336039,1.3994,42.04,0.0284,1.742364
186200,23275,9.662131e-5,0.371246,1.4495,35.91,0.0231,1.939670
186300,23287,9.661788e-5,0.353827,1.4245,36.73,0.0226,1.852418
186400,23300,9.661414e-5,0.351014,1.4205,36.61,0.0225,1.831346
186500,23312,9.66107e-5,0.360409,1.4339,37.39,0.0230,1.889987
186600,23325,9.6606964e-5,0.344967,1.4119,35.32,0.0227,1.786372
186700,23337,9.6603515e-5,0.354350,1.4253,35.87,0.0230,1.839833
186800,23350,9.6599775e-5,0.352546,1.4227,35.98,0.0228,1.846528
186900,23362,9.6596326e-5,0.346954,1.4148,35.93,0.0242,1.801559
187000,23375,9.659259e-5,0.359506,1.4326,36.37,0.0227,1.886300
187100,23387,9.658914e-5,0.360304,1.4338,39.25,0.0249,1.883761
187200,23400,9.658538e-5,0.347173,1.4151,35.91,0.0230,1.804422
187300,23412,9.6581934e-5,0.346602,1.4143,36.49,0.0231,1.809915
187400,23425,9.6578195e-5,0.358230,1.4308,37.23,0.0218,1.885911
187500,23437,9.657472e-5,0.355509,1.4269,38.29,0.0228,1.841130
187600,23450,9.657096e-5,0.355206,1.4265,41.90,0.0259,1.854681
187700,23462,9.656751e-5,0.342024,1.4078,40.15,0.0262,1.790074
187800,23475,9.6563745e-5,0.357242,1.4294,43.92,0.0273,1.874685
187900,23487,9.656028e-5,0.345000,1.4120,42.49,0.0273,1.806215
188000,23500,9.655653e-5,0.355119,1.4264,42.91,0.0274,1.860701
188100,23512,9.655305e-5,0.343266,1.4095,48.64,0.0296,1.779642
188200,23525,9.654928e-5,0.346500,1.4141,41.38,0.0273,1.809770
188300,23537,9.654582e-5,0.350838,1.4203,42.13,0.0281,1.834492
188400,23550,9.654205e-5,0.371273,1.4496,43.37,0.0269,1.945617
188500,23562,9.653857e-5,0.350474,1.4197,44.78,0.0276,1.838742
188600,23575,9.65348e-5,0.361573,1.4356,42.51,0.0274,1.909628
188700,23587,9.653131e-5,0.368200,1.4451,42.46,0.0277,1.934968
188800,23600,9.652754e-5,0.335669,1.3989,43.35,0.0263,1.743730
188900,23612,9.652405e-5,0.347155,1.4150,44.11,0.0289,1.825609
189000,23625,9.652028e-5,0.364370,1.4396,43.24,0.0286,1.911871
189100,23637,9.6516786e-5,0.364310,1.4395,67.56,0.0422,1.900173
189200,23650,9.6513e-5,0.352606,1.4228,62.20,0.0419,1.838265
189300,23662,9.650951e-5,0.346812,1.4146,63.83,0.0430,1.794169
189400,23675,9.6505726e-5,0.349728,1.4187,64.15,0.0403,1.825029
189500,23687,9.6502234e-5,0.349726,1.4187,62.73,0.0417,1.821819
189600,23700,9.6498436e-5,0.337621,1.4016,63.43,0.0414,1.768292
189700,23712,9.649494e-5,0.339700,1.4045,62.51,0.0417,1.770048
189800,23725,9.6491145e-5,0.343311,1.4096,63.11,0.0408,1.802285
189900,23737,9.648764e-5,0.359109,1.4321,63.94,0.0422,1.882029
190000,23750,9.648384e-5,0.360888,1.4346,64.15,0.0422,1.908152
190100,23762,9.648033e-5,0.360184,1.4336,47.96,0.0302,1.889879
190200,23775,9.6476535e-5,0.352327,1.4224,42.55,0.0268,1.831084
190300,23787,9.647303e-5,0.348693,1.4172,44.45,0.0259,1.805524
190400,23800,9.6469215e-5,0.362804,1.4374,44.26,0.0277,1.902790
190500,23812,9.646571e-5,0.373916,1.4534,44.39,0.0280,1.970503
190600,23825,9.6461896e-5,0.351897,1.4218,43.38,0.0283,1.836270
190700,23837,9.6458374e-5,0.345383,1.4125,42.60,0.0299,1.811705
190800,23850,9.645456e-5,0.346934,1.4147,42.95,0.0262,1.791886
190900,23862,9.645104e-5,0.361031,1.4348,45.01,0.0278,1.879309
191000,23875,9.644723e-5,0.351061,1.4206,43.54,0.0278,1.839217
191100,23887,9.6443706e-5,0.339239,1.4039,47.25,0.0293,1.750302
191200,23900,9.643988e-5,0.346376,1.4139,42.16,0.0269,1.806146
191300,23912,9.643636e-5,0.336779,1.4004,42.03,0.0283,1.760751
191400,23925,9.643253e-5,0.354188,1.4250,43.24,0.0284,1.843301
191500,23937,9.642901e-5,0.352049,1.4220,44.08,0.0267,1.821306
191600,23950,9.642518e-5,0.347125,1.4150,41.62,0.0281,1.806423
191700,23962,9.6421645e-5,0.368493,1.4456,43.95,0.0278,1.924224
191800,23975,9.64178e-5,0.365656,1.4415,44.72,0.0260,1.907960
191900,23987,9.641427e-5,0.339556,1.4043,44.63,0.0283,1.788431
192000,24000,9.641044e-5,0.352013,1.4219,43.51,0.0295,1.842594
192100,24012,9.640689e-5,0.350225,1.4194,48.44,0.0305,1.822088
192200,24025,9.640305e-5,0.349533,1.4184,43.50,0.0288,1.818212
192300,24037,9.639951e-5,0.369843,1.4475,42.74,0.0265,1.933116
192400,24050,9.639567e-5,0.341741,1.4074,41.88,0.0270,1.776977
192500,24062,9.639212e-5,0.355456,1.4268,43.62,0.0275,1.854730
192600,24075,9.638826e-5,0.341792,1.4075,42.42,0.0280,1.775566
192700,24087,9.638471e-5,0.338682,1.4031,42.83,0.0288,1.757225
192800,24100,9.638087e-5,0.342210,1.4081,43.38,0.0282,1.779443
192900,24112,9.637732e-5,0.346463,1.4141,43.35,0.0284,1.803013
193000,24125,9.637345e-5,0.337776,1.4018,45.45,0.0299,1.757616
193100,24137,9.63699e-5,0.341684,1.4073,48.62,0.0310,1.774641
193200,24150,9.636604e-5,0.358937,1.4318,43.47,0.0280,1.868736
193300,24162,9.636248e-5,0.336056,1.3994,45.51,0.0303,1.768295
193400,24175,9.6358606e-5,0.355923,1.4275,43.25,0.0270,1.840604
193500,24187,9.6355056e-5,0.348150,1.4164,44.46,0.0284,1.819183
193600,24200,9.6351185e-5,0.329778,1.3907,43.81,0.0286,1.707252
193700,24212,9.634762e-5,0.368706,1.4459,44.84,0.0276,1.950208
193800,24225,9.634375e-5,0.359472,1.4326,45.19,0.0282,1.879236
193900,24237,9.634017e-5,0.340506,1.4057,45.68,0.0288,1.775371
194000,24250,9.63363e-5,0.354724,1.4258,44.84,0.0297,1.860454
194100,24262,9.633272e-5,0.348450,1.4169,48.85,0.0313,1.829578
194200,24275,9.632885e-5,0.363474,1.4383,46.50,0.0287,1.917991
194300,24287,9.632527e-5,0.358003,1.4305,43.66,0.0275,1.859985
194400,24300,9.632138e-5,0.348813,1.4174,43.94,0.0276,1.836994
194500,24312,9.63178e-5,0.357630,1.4299,44.08,0.0264,1.862726
194600,24325,9.631392e-5,0.335263,1.3983,42.25,0.0273,1.729331
194700,24337,9.631034e-5,0.340595,1.4058,43.15,0.0279,1.767756
194800,24350,9.630644e-5,0.361140,1.4350,43.72,0.0282,1.903133
194900,24362,9.630286e-5,0.351163,1.4207,42.92,0.0288,1.840860
195000,24375,9.629896e-5,0.352303,1.4223,43.82,0.0260,1.839488
195100,24387,9.629536e-5,0.377491,1.4586,48.95,0.0299,1.980204
195200,24400,9.629148e-5,0.352928,1.4232,43.02,0.0274,1.840919
195300,24412,9.628787e-5,0.362705,1.4372,44.14,0.0281,1.897689
195400,24425,9.628397e-5,0.328704,1.3892,42.47,0.0291,1.721807
195500,24437,9.628036e-5,0.347039,1.4149,43.29,0.0271,1.812617
195600,24450,9.627646e-5,0.349386,1.4182,45.21,0.0273,1.818209
195700,24462,9.6272866e-5,0.351539,1.4213,43.33,0.0277,1.813666
195800,24475,9.626895e-5,0.369423,1.4469,44.14,0.0280,1.956406
195900,24487,9.626534e-5,0.340454,1.4056,43.16,0.0298,1.780226
196000,24500,9.626144e-5,0.347313,1.4153,44.36,0.0258,1.822585
196100,24512,9.625782e-5,0.335338,1.3984,46.17,0.0316,1.763023
196200,24525,9.6253905e-5,0.348283,1.4166,42.37,0.0291,1.828695
196300,24537,9.6250296e-5,0.363709,1.4387,44.24,0.0266,1.892951
196400,24550,9.624638e-5,0.349337,1.4181,43.87,0.0289,1.828039
196500,24562,9.624276e-5,0.341635,1.4072,43.73,0.0294,1.780445
196600,24575,9.623883e-5,0.337937,1.4021,43.13,0.0287,1.757222
196700,24587,9.623522e-5,0.345134,1.4122,43.67,0.0268,1.799118
196800,24600,9.623129e-5,0.352883,1.4232,44.27,0.0281,1.840278
196900,24612,9.622767e-5,0.355324,1.4266,43.85,0.0294,1.867214
197000,24625,9.622374e-5,0.361736,1.4358,43.61,0.0280,1.899941
197100,24637,9.62201e-5,0.367034,1.4434,46.90,0.0298,1.918120
197200,24650,9.621617e-5,0.342901,1.4090,41.55,0.0279,1.802503
197300,24662,9.6212534e-5,0.349099,1.4178,42.37,0.0264,1.823408
197400,24675,9.6208605e-5,0.366196,1.4422,44.33,0.0283,1.906346
197500,24687,9.620497e-5,0.348230,1.4166,42.65,0.0285,1.830119
197600,24700,9.620102e-5,0.357885,1.4303,43.36,0.0276,1.862325
197700,24712,9.6197386e-5,0.351142,1.4207,42.74,0.0265,1.823700
197800,24725,9.619344e-5,0.355117,1.4263,44.35,0.0274,1.851281
197900,24737,9.6189804e-5,0.352470,1.4226,42.55,0.0290,1.865019
198000,24750,9.618586e-5,0.351722,1.4215,43.99,0.0277,1.823703
198100,24762,9.618221e-5,0.347393,1.4154,47.67,0.0315,1.803875
198200,24775,9.617825e-5,0.352655,1.4228,43.01,0.0274,1.835844
198300,24787,9.61746e-5,0.352538,1.4227,43.38,0.0279,1.862255
198400,24800,9.6170654e-5,0.356468,1.4283,46.35,0.0302,1.858382
198500,24812,9.6167e-5,0.341273,1.4067,44.54,0.0287,1.789438
198600,24825,9.616304e-5,0.342256,1.4081,43.94,0.0299,1.804171
198700,24837,9.6159376e-5,0.347516,1.4155,44.69,0.0278,1.802409
198800,24850,9.615542e-5,0.351814,1.4216,43.52,0.0284,1.828481
198900,24862,9.6151765e-5,0.352254,1.4223,43.27,0.0272,1.843491
199000,24875,9.614779e-5,0.347071,1.4149,44.89,0.0293,1.822833
199100,24887,9.6144126e-5,0.359393,1.4325,49.01,0.0302,1.885090
199200,24900,9.614015e-5,0.365083,1.4406,44.67,0.0302,1.902549
199300,24912,9.6136486e-5,0.358817,1.4316,45.37,0.0293,1.879713
199400,24925,9.613251e-5,0.346250,1.4138,43.86,0.0281,1.823601
199500,24937,9.6128846e-5,0.357043,1.4291,45.02,0.0284,1.854293
199600,24950,9.612486e-5,0.358517,1.4312,44.58,0.0267,1.872754
199700,24962,9.612119e-5,0.363054,1.4377,44.59,0.0268,1.889166
199800,24975,9.6117205e-5,0.344253,1.4109,44.35,0.0286,1.807719
199900,24987,9.611354e-5,0.353594,1.4242,43.87,0.0270,1.843089
200000,25000,9.6109536e-5,0.353435,1.4240,45.02,0.0284,1.846343
200100,25012,9.610587e-5,0.372647,1.4516,48.16,0.0290,1.940843
200200,25025,9.610188e-5,0.339674,1.4045,46.48,0.0278,1.774579
200300,25037,9.6098185e-5,0.353768,1.4244,44.58,0.0304,1.848162
200400,25050,9.60942e-5,0.356919,1.4289,44.89,0.0286,1.866355
200500,25062,9.6090516e-5,0.354356,1.4253,44.56,0.0275,1.843475
200600,25075,9.6086515e-5,0.359140,1.4321,43.60,0.0287,1.867979
200700,25087,9.608282e-5,0.336156,1.3996,43.24,0.0268,1.733221
200800,25100,9.607882e-5,0.351563,1.4213,43.04,0.0271,1.840698
200900,25112,9.607512e-5,0.348682,1.4172,43.49,0.0269,1.819058
201000,25125,9.607112e-5,0.348368,1.4168,43.32,0.0278,1.822909
201100,25137,9.606742e-5,0.339327,1.4040,48.78,0.0311,1.777861
201200,25150,9.606342e-5,0.344218,1.4109,44.18,0.0262,1.792812
201300,25162,9.605971e-5,0.352482,1.4226,42.57,0.0271,1.843337
201400,25175,9.605571e-5,0.325027,1.3841,42.89,0.0288,1.689584
201500,25187,9.6052e-5,0.370230,1.4481,43.18,0.0270,1.943687
201600,25200,9.604798e-5,0.336901,1.4006,42.59,0.0282,1.759379
201700,25212,9.604427e-5,0.349586,1.4185,44.72,0.0276,1.817463
201800,25225,9.6040254e-5,0.328239,1.3885,42.43,0.0284,1.698151
201900,25237,9.603654e-5,0.337940,1.4021,43.57,0.0283,1.763107
202000,25250,9.603253e-5,0.336935,1.4006,43.01,0.0259,1.747054
202100,25262,9.60288e-5,0.339761,1.4046,47.10,0.0290,1.754999
202200,25275,9.602477e-5,0.351515,1.4212,43.23,0.0269,1.829401
202300,25287,9.602106e-5,0.339686,1.4045,43.23,0.0292,1.778817
202400,25300,9.601703e-5,0.331209,1.3927,42.12,0.0288,1.728223
202500,25312,9.6013304e-5,0.342186,1.4080,42.96,0.0277,1.780057
202600,25325,9.600927e-5,0.348810,1.4174,42.42,0.0276,1.825840
202700,25337,9.600555e-5,0.361484,1.4355,42.88,0.0282,1.895392
202800,25350,9.60015e-5,0.358224,1.4308,43.93,0.0264,1.868205
202900,25362,9.599778e-5,0.345234,1.4123,43.49,0.0267,1.812949
203000,25375,9.599373e-5,0.345462,1.4126,43.70,0.0273,1.797788
203100,25387,9.5990006e-5,0.359783,1.4330,47.06,0.0306,1.873918
203200,25400,9.598596e-5,0.362571,1.4370,43.32,0.0293,1.897429
203300,25412,9.598222e-5,0.357185,1.4293,44.65,0.0292,1.881504
203400,25425,9.597816e-5,0.331243,1.3927,42.32,0.0296,1.716920
203500,25437,9.5974436e-5,0.349179,1.4179,43.03,0.0281,1.809121
203600,25450,9.5970376e-5,0.338688,1.4031,44.88,0.0277,1.760495
203700,25462,9.5966636e-5,0.337667,1.4017,43.52,0.0289,1.767553
203800,25475,9.5962576e-5,0.343608,1.4100,44.07,0.0258,1.788053
203900,25487,9.5958836e-5,0.339793,1.4047,43.45,0.0262,1.773501
204000,25500,9.595476e-5,0.353372,1.4239,42.72,0.0268,1.841290
204100,25512,9.595102e-5,0.359346,1.4324,46.92,0.0290,1.872730
204200,25525,9.594696e-5,0.351491,1.4212,43.50,0.0266,1.824086
204300,25537,9.594321e-5,0.361353,1.4353,42.96,0.0268,1.883555
204400,25550,9.593913e-5,0.337551,1.4015,42.92,0.0291,1.756902
204500,25562,9.593538e-5,0.335235,1.3983,42.63,0.0285,1.752958
204600,25575,9.5931304e-5,0.334146,1.3967,42.83,0.0277,1.743047
204700,25587,9.592755e-5,0.342495,1.4085,47.76,0.0312,1.796947
204800,25600,9.5923475e-5,0.351014,1.4205,44.09,0.0276,1.832314
204900,25612,9.5919706e-5,0.344113,1.4107,44.07,0.0264,1.791630
205000,25625,9.591563e-5,0.356150,1.4278,43.02,0.0279,1.855833
205100,25637,9.591186e-5,0.331197,1.3926,48.55,0.0328,1.716598
205200,25650,9.590777e-5,0.330937,1.3923,43.35,0.0293,1.716110
205300,25662,9.5904004e-5,0.349160,1.4179,43.22,0.0282,1.831863
205400,25675,9.5899915e-5,0.344163,1.4108,43.65,0.0282,1.802667
205500,25687,9.589615e-5,0.329477,1.3902,43.31,0.0289,1.704300
205600,25700,9.589206e-5,0.354266,1.4251,43.82,0.0281,1.851151
205700,25712,9.5888274e-5,0.345523,1.4127,41.85,0.0287,1.794953
205800,25725,9.5884185e-5,0.349273,1.4180,42.91,0.0273,1.807704
205900,25737,9.58804e-5,0.339498,1.4042,43.12,0.0283,1.774363
206000,25750,9.58763e-5,0.363136,1.4378,43.94,0.0266,1.905371
206100,25762,9.5872514e-5,0.363500,1.4384,50.97,0.0300,1.913378
206200,25775,9.586841e-5,0.364957,1.4405,43.45,0.0282,1.909154
206300,25787,9.586463e-5,0.344741,1.4116,41.84,0.0274,1.792447
206400,25800,9.586052e-5,0.338897,1.4034,42.73,0.0283,1.765439
206500,25812,9.5856725e-5,0.322075,1.3800,42.96,0.0287,1.677587
206600,25825,9.585262e-5,0.345422,1.4126,43.92,0.0285,1.799099
206700,25837,9.584882e-5,0.346697,1.4144,43.85,0.0302,1.812551
206800,25850,9.5844705e-5,0.334635,1.3974,43.22,0.0282,1.739606
206900,25862,9.584091e-5,0.355424,1.4268,43.51,0.0295,1.863201
207000,25875,9.5836804e-5,0.339604,1.4044,43.23,0.0289,1.772555
207100,25887,9.583299e-5,0.340470,1.4056,47.80,0.0320,1.768727
207200,25900,9.582887e-5,0.352158,1.4221,43.42,0.0274,1.837252
207300,25912,9.5825075e-5,0.361428,1.4354,43.24,0.0291,1.896182
207400,25925,9.582094e-5,0.335865,1.3991,42.20,0.0282,1.761283
207500,25937,9.5817144e-5,0.348696,1.4172,43.64,0.0273,1.799678
207600,25950,9.581301e-5,0.348162,1.4165,42.39,0.0275,1.820102
207700,25962,9.58092e-5,0.315657,1.3712,42.52,0.0293,1.623593
207800,25975,9.5805066e-5,0.340080,1.4051,43.72,0.0290,1.770427
207900,25987,9.580125e-5,0.340988,1.4063,45.50,0.0303,1.767504
208000,26000,9.579712e-5,0.346658,1.4143,45.98,0.0284,1.796588
208100,26012,9.579329e-5,0.346283,1.4138,46.80,0.0318,1.809586
208200,26025,9.578916e-5,0.337856,1.4019,44.14,0.0288,1.740469
208300,26037,9.578533e-5,0.343123,1.4093,45.80,0.0277,1.791104
208400,26050,9.57812e-5,0.351641,1.4214,47.18,0.0272,1.846247
208500,26062,9.5777374e-5,0.337976,1.4021,46.15,0.0288,1.761963
208600,26075,9.5773226e-5,0.356097,1.4277,44.76,0.0283,1.862284
208700,26087,9.57694e-5,0.326759,1.3865,43.49,0.0290,1.702399
208800,26100,9.576524e-5,0.352009,1.4219,44.19,0.0250,1.842667
208900,26112,9.576141e-5,0.352739,1.4230,43.63,0.0285,1.868512
209000,26125,9.575726e-5,0.363355,1.4381,42.57,0.0281,1.922204
209100,26137,9.575342e-5,0.359205,1.4322,50.40,0.0274,1.885726
209200,26150,9.574926e-5,0.352262,1.4223,43.78,0.0264,1.837815
209300,26162,9.574543e-5,0.350173,1.4193,43.86,0.0259,1.823409
209400,26175,9.574127e-5,0.358732,1.4315,44.15,0.0260,1.881214
209500,26187,9.573743e-5,0.339747,1.4046,43.23,0.0278,1.765865
209600,26200,9.573325e-5,0.357471,1.4297,42.43,0.0274,1.870720
209700,26212,9.572941e-5,0.341891,1.4076,43.39,0.0284,1.784561
209800,26225,9.5725234e-5,0.342822,1.4089,43.37,0.0292,1.801366
209900,26237,9.572139e-5,0.346826,1.4146,43.45,0.0275,1.794535
210000,26250,9.5717216e-5,0.348206,1.4165,43.08,0.0288,1.809587
210100,26262,9.571336e-5,0.377408,1.4585,47.72,0.0300,1.980501
210200,26275,9.570918e-5,0.345234,1.4123,43.64,0.0280,1.817054
210300,26287,9.570533e-5,0.350618,1.4199,43.91,0.0275,1.827174
210400,26300,9.570115e-5,0.341217,1.4067,44.44,0.0289,1.775589
210500,26312,9.5697294e-5,0.346904,1.4147,45.60,0.0291,1.806648
210600,26325,9.56931e-5,0.348821,1.4174,44.62,0.0281,1.827290
210700,26337,9.568925e-5,0.344761,1.4117,44.45,0.0280,1.791216
210800,26350,9.5685056e-5,0.349374,1.4182,42.88,0.0285,1.817765
210900,26362,9.56812e-5,0.360532,1.4341,42.96,0.0281,1.865730
211000,26375,9.5676995e-5,0.342317,1.4082,42.91,0.0279,1.792931
211100,26387,9.567314e-5,0.350091,1.4192,47.65,0.0308,1.820370
211200,26400,9.566893e-5,0.350798,1.4202,43.29,0.0284,1.834673
211300,26412,9.566506e-5,0.361649,1.4357,44.19,0.0285,1.909082
211400,26425,9.566086e-5,0.368629,1.4458,43.97,0.0277,1.932501
211500,26437,9.5656986e-5,0.360802,1.4345,43.94,0.0278,1.900202
211600,26450,9.565278e-5,0.334714,1.3975,42.85,0.0272,1.740923
211700,26462,9.5648895e-5,0.336746,1.4004,43.82,0.0265,1.756634
211800,26475,9.564469e-5,0.367305,1.4438,43.52,0.0267,1.919903
211900,26487,9.5640804e-5,0.345048,1.4121,43.62,0.0291,1.805145
212000,26500,9.56366e-5,0.348442,1.4169,44.17,0.0281,1.818288
212100,26512,9.563271e-5,0.350589,1.4199,49.24,0.0274,1.826993
212200,26525,9.562851e-5,0.326818,1.3865,42.29,0.0289,1.696070
212300,26537,9.562461e-5,0.348958,1.4176,43.45,0.0280,1.830448
212400,26550,9.562039e-5,0.353420,1.4239,45.54,0.0288,1.854687
212500,26562,9.56165e-5,0.329643,1.3905,45.01,0.0288,1.714031
212600,26575,9.561228e-5,0.338334,1.4026,44.83,0.0270,1.750343
212700,26587,9.560838e-5,0.344303,1.4110,44.25,0.0269,1.798881
212800,26600,9.560416e-5,0.332048,1.3938,45.11,0.0265,1.715859
212900,26612,9.560026e-5,0.327682,1.3877,44.22,0.0281,1.695966
213000,26625,9.559603e-5,0.362110,1.4364,44.91,0.0262,1.903403
213100,26637,9.559213e-5,0.339250,1.4039,46.90,0.0301,1.767900
213200,26650,9.558789e-5,0.350112,1.4192,43.56,0.0291,1.841831
213300,26662,9.558398e-5,0.328749,1.3892,42.57,0.0289,1.698115
213400,26675,9.557976e-5,0.340700,1.4059,42.56,0.0276,1.778654
213500,26687,9.557583e-5,0.341846,1.4075,42.72,0.0288,1.773967
213600,26700,9.5571595e-5,0.342104,1.4079,44.86,0.0269,1.776918
213700,26712,9.556768e-5,0.351439,1.4211,43.43,0.0287,1.837755
213800,26725,9.5563446e-5,0.347360,1.4153,42.91,0.0270,1.807377
213900,26737,9.555952e-5,0.344763,1.4117,44.24,0.0265,1.792071
214000,26750,9.555528e-5,0.341769,1.4074,44.19,0.0288,1.774314
214100,26762,9.555135e-5,0.352528,1.4227,49.79,0.0292,1.832774
214200,26775,9.5547104e-5,0.343213,1.4095,43.89,0.0279,1.787172
214300,26787,9.5543175e-5,0.349136,1.4178,45.56,0.0273,1.830590
214400,26800,9.5538926e-5,0.354690,1.4257,43.26,0.0275,1.849345
214500,26812,9.5535e-5,0.358967,1.4318,43.46,0.0267,1.872526
214600,26825,9.553075e-5,0.349137,1.4178,43.44,0.0273,1.834838
214700,26837,9.5526804e-5,0.356990,1.4290,43.98,0.0284,1.884788
214800,26850,9.552254e-5,0.352236,1.4222,42.36,0.0278,1.845544
214900,26862,9.551861e-5,0.334549,1.3973,41.76,0.0281,1.737712
215000,26875,9.551435e-5,0.360332,1.4338,43.60,0.0277,1.881967
215100,26887,9.5510404e-5,0.345112,1.4121,46.55,0.0313,1.807356
215200,26900,9.550614e-5,0.320191,1.3774,43.03,0.0288,1.663618
215300,26912,9.55022e-5,0.341750,1.4074,43.46,0.0274,1.781897
215400,26925,9.549792e-5,0.350282,1.4195,43.49,0.0275,1.822228
215500,26937,9.5493975e-5,0.344589,1.4114,44.26,0.0268,1.803966
215600,26950,9.54897e-5,0.354405,1.4253,44.18,0.0263,1.843175
215700,26962,9.548575e-5,0.340889,1.4062,42.79,0.0281,1.786766
215800,26975,9.5481475e-5,0.349419,1.4182,42.61,0.0269,1.830936
215900,26987,9.547752e-5,0.352057,1.4220,42.90,0.0269,1.853389
216000,27000,9.547324e-5,0.341945,1.4077,42.54,0.0282,1.779104
216100,27012,9.546928e-5,0.345209,1.4123,46.87,0.0288,1.805564
216200,27025,9.5465e-5,0.344048,1.4106,43.41,0.0264,1.797033
216300,27037,9.5461044e-5,0.332651,1.3947,42.96,0.0274,1.725272
216400,27050,9.545675e-5,0.365107,1.4407,44.68,0.0265,1.903094
216500,27062,9.545278e-5,0.344331,1.4110,42.33,0.0288,1.803496
216600,27075,9.5448486e-5,0.341845,1.4075,43.45,0.0265,1.781723
216700,27087,9.544453e-5,0.351901,1.4218,42.78,0.0277,1.849028
216800,27100,9.544022e-5,0.346658,1.4143,42.49,0.0286,1.820596
216900,27112,9.543625e-5,0.341211,1.4066,42.97,0.0279,1.781073
217000,27125,9.5431955e-5,0.340405,1.4055,43.12,0.0270,1.765377
217100,27137,9.542798e-5,0.354449,1.4254,47.55,0.0298,1.867742
217200,27150,9.5423675e-5,0.343388,1.4097,43.46,0.0287,1.788644
217300,27162,9.54197e-5,0.338765,1.4032,44.51,0.0291,1.776656
217400,27175,9.541538e-5,0.346117,1.4136,44.59,0.0271,1.804416
217500,27187,9.541141e-5,0.351208,1.4208,43.12,0.0281,1.844135
217600,27200,9.54071e-5,0.345244,1.4123,43.23,0.0276,1.808770
217700,27212,9.540311e-5,0.349881,1.4189,43.71,0.0271,1.841868
217800,27225,9.539879e-5,0.372579,1.4515,44.40,0.0280,1.958138
217900,27237,9.5394804e-5,0.345916,1.4133,42.49,0.0271,1.812983
218000,27250,9.539048e-5,0.333828,1.3963,41.74,0.0277,1.740931
218100,27262,9.5386495e-5,0.356907,1.4289,48.19,0.0305,1.871547
218200,27275,9.538217e-5,0.337757,1.4018,43.75,0.0264,1.762420
218300,27287,9.5378186e-5,0.330647,1.3919,43.04,0.0287,1.731048
218400,27300,9.537385e-5,0.345586,1.4128,43.10,0.0274,1.798798
218500,27312,9.536985e-5,0.344901,1.4118,43.65,0.0265,1.810858
218600,27325,9.5365525e-5,0.355441,1.4268,43.27,0.0271,1.858811
218700,27337,9.536152e-5,0.353592,1.4242,43.56,0.0275,1.833374
218800,27350,9.535719e-5,0.340312,1.4054,43.60,0.0279,1.775514
218900,27362,9.5353185e-5,0.342301,1.4082,44.01,0.0273,1.783468
219000,27375,9.534885e-5,0.333520,1.3959,43.47,0.0278,1.730283
219100,27387,9.534483e-5,0.361882,1.4360,46.99,0.0302,1.867010
219200,27400,9.5340496e-5,0.357161,1.4293,43.85,0.0278,1.861979
219300,27412,9.5336494e-5,0.341063,1.4064,42.65,0.0280,1.779469
219400,27425,9.533214e-5,0.334540,1.3973,43.11,0.0272,1.744077
219500,27437,9.532813e-5,0.349363,1.4182,43.04,0.0272,1.820019
219600,27450,9.5323776e-5,0.344418,1.4112,43.89,0.0265,1.797752
219700,27462,9.531976e-5,0.343668,1.4101,42.25,0.0292,1.780433
219800,27475,9.531541e-5,0.344231,1.4109,43.30,0.0282,1.788325
219900,27487,9.531139e-5,0.346003,1.4134,42.03,0.0279,1.808766
220000,27500,9.530703e-5,0.336886,1.4006,45.37,0.0269,1.762564
220100,27512,9.5302996e-5,0.350571,1.4199,47.22,0.0303,1.823568
220200,27525,9.5298645e-5,0.322481,1.3805,42.38,0.0298,1.682907
220300,27537,9.5294614e-5,0.354306,1.4252,44.21,0.0274,1.854426
220400,27550,9.529026e-5,0.350052,1.4191,42.98,0.0277,1.821239
220500,27562,9.528622e-5,0.362472,1.4369,44.24,0.0276,1.899592
220600,27575,9.528185e-5,0.360459,1.4340,43.12,0.0266,1.890884
220700,27587,9.527782e-5,0.354237,1.4251,43.30,0.0279,1.867586
220800,27600,9.5273455e-5,0.343578,1.4100,43.29,0.0292,1.790979
220900,27612,9.526941e-5,0.334457,1.3972,43.33,0.0279,1.744457
221000,27625,9.526503e-5,0.349648,1.4186,44.21,0.0263,1.816124
221100,27637,9.5261e-5,0.323369,1.3818,48.51,0.0322,1.680619
221200,27650,9.525662e-5,0.354544,1.4255,43.39,0.0267,1.837333
221300,27662,9.525257e-5,0.347187,1.4151,44.35,0.0271,1.814064
221400,27675,9.524819e-5,0.343871,1.4104,44.20,0.0273,1.797231
221500,27687,9.524415e-5,0.345292,1.4124,44.67,0.0273,1.804160
221600,27700,9.523975e-5,0.359260,1.4323,43.90,0.0271,1.883562
221700,27712,9.523571e-5,0.333457,1.3958,43.68,0.0279,1.730808
221800,27725,9.523131e-5,0.332446,1.3944,43.41,0.0299,1.732594
221900,27737,9.522725e-5,0.340370,1.4055,44.13,0.0251,1.766498
222000,27750,9.522287e-5,0.350166,1.4193,43.57,0.0291,1.829678
222100,27762,9.521881e-5,0.357712,1.4301,48.09,0.0309,1.879757
222200,27775,9.5214404e-5,0.343498,1.4099,43.90,0.0276,1.799649
222300,27787,9.5210344e-5,0.349228,1.4180,42.19,0.0268,1.829229
222400,27800,9.520595e-5,0.351424,1.4211,42.93,0.0274,1.815345
222500,27812,9.520189e-5,0.342207,1.4081,43.91,0.0265,1.774306
222600,27825,9.519748e-5,0.346427,1.4140,44.16,0.0272,1.807967
222700,27837,9.5193405e-5,0.328204,1.3885,43.50,0.0276,1.710614
222800,27850,9.5188996e-5,0.341870,1.4076,42.53,0.0285,1.786268
222900,27862,9.5184936e-5,0.341532,1.4071,43.19,0.0273,1.798560
223000,27875,9.518051e-5,0.341172,1.4066,43.31,0.0274,1.768043
223100,27887,9.517645e-5,0.350726,1.4201,47.55,0.0293,1.808226
223200,27900,9.517203e-5,0.329566,1.3904,43.75,0.0259,1.702704
223300,27912,9.5167954e-5,0.344979,1.4120,42.45,0.0272,1.798901
223400,27925,9.516353e-5,0.343524,1.4099,43.13,0.0286,1.791413
223500,27937,9.5159456e-5,0.346563,1.4142,43.10,0.0278,1.802472
223600,27950,9.515503e-5,0.343630,1.4101,43.33,0.0293,1.784860
223700,27962,9.515094e-5,0.345215,1.4123,42.14,0.0276,1.796855
223800,27975,9.5146504e-5,0.336564,1.4001,42.63,0.0281,1.760722
223900,27987,9.514243e-5,0.351529,1.4212,43.80,0.0284,1.831926
224000,28000,9.513799e-5,0.349486,1.4183,43.04,0.0276,1.836032
224100,28012,9.51339e-5,0.336530,1.4001,46.28,0.0296,1.755241
224200,28025,9.5129464e-5,0.359013,1.4319,44.41,0.0259,1.881873
224300,28037,9.5125375e-5,0.347151,1.4150,43.90,0.0277,1.809579
224400,28050,9.512094e-5,0.338136,1.4023,42.79,0.0268,1.760895
224500,28062,9.511683e-5,0.344563,1.4114,42.91,0.0275,1.794871
224600,28075,9.5112395e-5,0.347760,1.4159,44.09,0.0268,1.822056
224700,28087,9.510829e-5,0.335343,1.3984,43.65,0.0282,1.750924
224800,28100,9.510385e-5,0.356708,1.4286,42.94,0.0284,1.872267
224900,28112,9.509975e-5,0.344308,1.4110,43.44,0.0275,1.790803
225000,28125,9.5095296e-5,0.337908,1.4020,41.76,0.0266,1.765220
225100,28137,9.509118e-5,0.339773,1.4046,47.18,0.0299,1.757722
225200,28150,9.5086725e-5,0.336083,1.3995,42.83,0.0277,1.751189
225300,28162,9.508262e-5,0.331169,1.3926,43.60,0.0267,1.727722
225400,28175,9.507817e-5,0.334702,1.3975,41.71,0.0284,1.746934
225500,28187,9.507405e-5,0.337899,1.4020,42.68,0.0270,1.770807
225600,28200,9.50696e-5,0.360949,1.4347,42.27,0.0287,1.897215
225700,28212,9.5065465e-5,0.344966,1.4119,43.58,0.0278,1.805648
225800,28225,9.506101e-5,0.362624,1.4371,43.09,0.0272,1.918032
225900,28237,9.505688e-5,0.355382,1.4267,43.53,0.0283,1.861901
226000,28250,9.5052426e-5,0.331797,1.3935,42.92,0.0264,1.727161
226100,28262,9.504829e-5,0.338326,1.4026,46.61,0.0296,1.767209
226200,28275,9.5043826e-5,0.339103,1.4037,44.17,0.0269,1.766463
226300,28287,9.503969e-5,0.338056,1.4022,43.17,0.0279,1.772435
226400,28300,9.5035226e-5,0.339110,1.4037,42.48,0.0267,1.763717
226500,28312,9.503109e-5,0.330505,1.3917,42.38,0.0286,1.715705
226600,28325,9.502661e-5,0.344969,1.4119,42.78,0.0260,1.801150
226700,28337,9.502248e-5,0.340222,1.4053,42.43,0.0280,1.772469
226800,28350,9.5018e-5,0.341637,1.4072,42.60,0.0290,1.794120
226900,28362,9.501385e-5,0.326226,1.3857,42.96,0.0279,1.696543
227000,28375,9.500937e-5,0.359495,1.4326,43.62,0.0275,1.878554
227100,28387,9.500522e-5,0.340788,1.4061,46.71,0.0298,1.779349
227200,28400,9.500074e-5,0.340069,1.4050,42.71,0.0273,1.767971
227300,28412,9.499659e-5,0.348187,1.4165,43.73,0.0289,1.815576
227400,28425,9.4992094e-5,0.345424,1.4126,42.60,0.0274,1.816552
227500,28437,9.498795e-5,0.347915,1.4161,43.72,0.0283,1.819621
227600,28450,9.498345e-5,0.338796,1.4033,42.28,0.0268,1.775773
227700,28462,9.49793e-5,0.345862,1.4132,42.87,0.0279,1.801969
227800,28475,9.497479e-5,0.339563,1.4043,42.84,0.0278,1.770783
227900,28487,9.4970645e-5,0.327945,1.3881,42.17,0.0285,1.706042
228000,28500,9.496613e-5,0.336116,1.3995,43.00,0.0271,1.737757
228100,28512,9.4961986e-5,0.331072,1.3925,46.79,0.0305,1.730937
228200,28525,9.4957475e-5,0.336197,1.3996,42.49,0.0278,1.747011
228300,28537,9.495331e-5,0.341148,1.4066,43.42,0.0274,1.767727
228400,28550,9.49488e-5,0.352179,1.4222,43.47,0.0265,1.842249
228500,28562,9.494464e-5,0.320374,1.3776,43.33,0.0277,1.662142
228600,28575,9.4940115e-5,0.353722,1.4244,44.55,0.0275,1.846886
228700,28587,9.493595e-5,0.340118,1.4051,41.96,0.0264,1.773392
228800,28600,9.493143e-5,0.328837,1.3894,43.43,0.0285,1.726964
228900,28612,9.492725e-5,0.340214,1.4052,43.58,0.0268,1.777355
229000,28625,9.492274e-5,0.345371,1.4125,44.15,0.0270,1.816126
229100,28637,9.491856e-5,0.332279,1.3941,47.61,0.0305,1.725655
229200,28650,9.491404e-5,0.338394,1.4027,43.70,0.0279,1.762435
229300,28662,9.490986e-5,0.329378,1.3901,42.01,0.0282,1.717593
229400,28675,9.490532e-5,0.338948,1.4035,43.07,0.0277,1.766767
229500,28687,9.4901145e-5,0.334433,1.3971,42.87,0.0270,1.735878
229600,28700,9.489662e-5,0.327356,1.3873,42.78,0.0289,1.708151
229700,28712,9.489243e-5,0.329909,1.3908,43.41,0.0268,1.720970
229800,28725,9.488789e-5,0.344891,1.4118,42.30,0.0264,1.790220
229900,28737,9.48837e-5,0.355031,1.4262,44.93,0.0271,1.868932
230000,28750,9.487916e-5,0.325497,1.3847,42.09,0.0290,1.692098
230100,28762,9.4874966e-5,0.347757,1.4159,47.79,0.0288,1.821740
230200,28775,9.4870426e-5,0.321627,1.3794,43.14,0.0281,1.671118
230300,28787,9.4866235e-5,0.342811,1.4089,44.23,0.0265,1.784171
230400,28800,9.486168e-5,0.334165,1.3968,43.43,0.0281,1.760186
230500,28812,9.485749e-5,0.326511,1.3861,42.22,0.0282,1.699987
230600,28825,9.4852934e-5,0.353067,1.4234,42.47,0.0271,1.849366
230700,28837,9.484873e-5,0.341049,1.4064,43.11,0.0276,1.775715
230800,28850,9.4844174e-5,0.338660,1.4031,44.76,0.0251,1.769632
230900,28862,9.483997e-5,0.325826,1.3852,42.44,0.0293,1.699761
231000,28875,9.483541e-5,0.337267,1.4011,43.00,0.0284,1.769531
231100,28887,9.483121e-5,0.341241,1.4067,47.28,0.0283,1.775538
231200,28900,9.482664e-5,0.355194,1.4265,42.37,0.0279,1.859520
231300,28912,9.482242e-5,0.327840,1.3880,42.45,0.0289,1.720800
231400,28925,9.4817864e-5,0.332859,1.3950,42.90,0.0268,1.736157
231500,28937,9.4813644e-5,0.344087,1.4107,42.23,0.0284,1.792639
231600,28950,9.4809075e-5,0.333008,1.3952,42.62,0.0292,1.744503
231700,28962,9.4804855e-5,0.326306,1.3858,43.21,0.0282,1.709289
231800,28975,9.4800285e-5,0.335363,1.3984,42.28,0.0281,1.738426
231900,28987,9.4796065e-5,0.341558,1.4071,43.03,0.0273,1.786672
232000,29000,9.479148e-5,0.335896,1.3992,43.90,0.0260,1.745170
232100,29012,9.478726e-5,0.320826,1.3783,46.04,0.0313,1.662162
232200,29025,9.478268e-5,0.323972,1.3826,43.64,0.0273,1.675835
232300,29037,9.477844e-5,0.329239,1.3899,43.18,0.0287,1.726680
232400,29050,9.477387e-5,0.339752,1.4046,43.47,0.0277,1.782616
232500,29062,9.4769624e-5,0.343314,1.4096,42.21,0.0281,1.804482
232600,29075,9.476504e-5,0.348125,1.4164,44.14,0.0261,1.823391
232700,29087,9.4760806e-5,0.356973,1.4290,44.05,0.0287,1.871263
232800,29100,9.475622e-5,0.361929,1.4361,42.67,0.0289,1.902519
232900,29112,9.475197e-5,0.340136,1.4051,43.75,0.0280,1.778993
233000,29125,9.4747375e-5,0.337268,1.4011,42.67,0.0268,1.746343
233100,29137,9.474314e-5,0.350737,1.4201,47.43,0.0297,1.837779
233200,29150,9.473854e-5,0.334945,1.3979,43.04,0.0284,1.747203
233300,29162,9.473429e-5,0.332638,1.3946,43.37,0.0266,1.732977
233400,29175,9.4729694e-5,0.345334,1.4125,45.05,0.0269,1.799243
233500,29187,9.4725445e-5,0.327468,1.3875,43.02,0.0276,1.707246
233600,29200,9.472083e-5,0.322475,1.3805,42.85,0.0291,1.673287
233700,29212,9.471658e-5,0.350933,1.4204,43.13,0.0277,1.848256
233800,29225,9.471197e-5,0.327122,1.3870,43.69,0.0284,1.706854
233900,29237,9.470772e-5,0.331793,1.3935,42.93,0.0288,1.733521
234000,29250,9.470311e-5,0.346208,1.4137,43.21,0.0279,1.820762
234100,29262,9.4698844e-5,0.330918,1.3922,46.09,0.0298,1.716866
234200,29275,9.469423e-5,0.351947,1.4218,43.92,0.0260,1.852030
234300,29287,9.468997e-5,0.333779,1.3962,42.94,0.0279,1.737768
234400,29300,9.468534e-5,0.357647,1.4300,43.05,0.0272,1.894413
234500,29312,9.468109e-5,0.330623,1.3918,44.46,0.0265,1.724928
234600,29325,9.467646e-5,0.336489,1.4000,43.98,0.0268,1.755695
234700,29337,9.4672185e-5,0.334258,1.3969,42.65,0.0266,1.735655
234800,29350,9.466756e-5,0.356749,1.4287,43.82,0.0271,1.860083
234900,29362,9.466328e-5,0.321581,1.3793,43.64,0.0264,1.660285
235000,29375,9.465865e-5,0.349109,1.4178,43.63,0.0277,1.818052
235100,29387,9.465437e-5,0.338467,1.4028,46.16,0.0292,1.752317
235200,29400,9.4649746e-5,0.349739,1.4187,44.52,0.0276,1.831915
235300,29412,9.464547e-5,0.364760,1.4402,44.14,0.0268,1.925449
235400,29425,9.4640825e-5,0.329154,1.3898,42.56,0.0286,1.706044
235500,29437,9.463655e-5,0.335552,1.3987,43.68,0.0271,1.747852
235600,29450,9.4631905e-5,0.325837,1.3852,43.70,0.0266,1.679190
235700,29462,9.462761e-5,0.342248,1.4081,43.41,0.0292,1.777377
235800,29475,9.462297e-5,0.302631,1.3534,43.07,0.0279,1.569323
235900,29487,9.461869e-5,0.342732,1.4088,43.88,0.0280,1.786677
236000,29500,9.4614035e-5,0.334655,1.3975,42.76,0.0281,1.763529
236100,29512,9.460974e-5,0.344156,1.4108,46.79,0.0309,1.793931
236200,29525,9.4605086e-5,0.345633,1.4129,42.59,0.0279,1.796261
236300,29537,9.460079e-5,0.336724,1.4004,43.90,0.0299,1.761822
236400,29550,9.459614e-5,0.342111,1.4079,43.36,0.0283,1.790147
236500,29562,9.459183e-5,0.359827,1.4331,43.00,0.0302,1.893675
236600,29575,9.458717e-5,0.343263,1.4095,44.19,0.0270,1.814266
236700,29587,9.4582865e-5,0.330579,1.3918,42.32,0.0279,1.729162
236800,29600,9.457821e-5,0.330130,1.3911,42.23,0.0288,1.704996
236900,29612,9.45739e-5,0.328349,1.3887,43.16,0.0282,1.718997
237000,29625,9.456923e-5,0.335902,1.3992,43.45,0.0280,1.741144
237100,29637,9.456492e-5,0.346489,1.4141,48.50,0.0299,1.812639
237200,29650,9.456025e-5,0.341381,1.4069,44.23,0.0263,1.766849
237300,29662,9.4555944e-5,0.326870,1.3866,42.37,0.0277,1.707888
237400,29675,9.455126e-5,0.338731,1.4032,44.92,0.0270,1.767305
237500,29687,9.454695e-5,0.328711,1.3892,44.17,0.0285,1.712756
237600,29700,9.454228e-5,0.351940,1.4218,45.11,0.0257,1.851161
237700,29712,9.453794e-5,0.346225,1.4137,42.63,0.0286,1.820968
237800,29725,9.453327e-5,0.328466,1.3888,42.95,0.0285,1.727719
237900,29737,9.452895e-5,0.332955,1.3951,42.63,0.0289,1.734671
238000,29750,9.4524265e-5,0.334605,1.3974,43.95,0.0280,1.746655
238100,29762,9.451994e-5,0.337812,1.4019,46.81,0.0298,1.756545
238200,29775,9.451524e-5,0.327614,1.3877,42.59,0.0283,1.710113
238300,29787,9.451092e-5,0.329733,1.3906,41.41,0.0283,1.736759
238400,29800,9.450622e-5,0.338307,1.4026,42.87,0.0282,1.765366
238500,29812,9.4501884e-5,0.324020,1.3827,43.84,0.0273,1.679240
238600,29825,9.44972e-5,0.334526,1.3973,43.07,0.0277,1.755667
238700,29837,9.449286e-5,0.334115,1.3967,43.85,0.0268,1.741668
238800,29850,9.448816e-5,0.334819,1.3977,42.82,0.0265,1.744194
238900,29862,9.4483825e-5,0.343078,1.4093,44.41,0.0261,1.792084
239000,29875,9.4479125e-5,0.341667,1.4073,43.13,0.0290,1.779499
239100,29887,9.447477e-5,0.334016,1.3966,47.90,0.0307,1.735875
239200,29900,9.447007e-5,0.344855,1.4118,42.31,0.0304,1.811388
239300,29912,9.446572e-5,0.327877,1.3880,43.39,0.0269,1.699869
239400,29925,9.446101e-5,0.344364,1.4111,42.20,0.0271,1.794455
239500,29937,9.445666e-5,0.323940,1.3826,43.01,0.0267,1.680274
239600,29950,9.445194e-5,0.336868,1.4006,43.49,0.0292,1.761826
239700,29962,9.444759e-5,0.326349,1.3859,43.64,0.0266,1.694114
239800,29975,9.4442876e-5,0.328842,1.3894,43.72,0.0280,1.717941
239900,29987,9.4438525e-5,0.345158,1.4122,42.18,0.0282,1.813275
240000,30000,9.4433795e-5,0.334302,1.3970,42.58,0.0284,1.738452
240100,30012,9.4429444e-5,0.335059,1.3980,47.61,0.0313,1.742324
240200,30025,9.4424715e-5,0.327253,1.3872,44.81,0.0270,1.706563
240300,30037,9.442035e-5,0.331834,1.3935,42.61,0.0280,1.731775
240400,30050,9.441562e-5,0.340079,1.4051,43.69,0.0279,1.760481
240500,30062,9.4411254e-5,0.332358,1.3943,42.93,0.0273,1.728203
240600,30075,9.4406525e-5,0.334963,1.3979,42.28,0.0278,1.731300
240700,30087,9.440216e-5,0.353251,1.4237,43.11,0.0283,1.842142
240800,30100,9.439743e-5,0.334837,1.3977,43.56,0.0272,1.744218
240900,30112,9.439305e-5,0.330186,1.3912,43.16,0.0276,1.712261
241000,30125,9.4388306e-5,0.352973,1.4233,44.20,0.0281,1.869516
241100,30137,9.438394e-5,0.326316,1.3859,46.88,0.0315,1.696332
241200,30150,9.43792e-5,0.343347,1.4097,42.73,0.0285,1.791628
241300,30162,9.437482e-5,0.340736,1.4060,43.43,0.0280,1.778670
241400,30175,9.437007e-5,0.354752,1.4258,43.86,0.0289,1.874395
241500,30187,9.436568e-5,0.355178,1.4264,44.58,0.0261,1.846836
241600,30200,9.4360934e-5,0.323842,1.3824,43.28,0.0280,1.693186
241700,30212,9.4356554e-5,0.334363,1.3970,43.19,0.0270,1.755875
241800,30225,9.4351795e-5,0.331011,1.3924,43.37,0.0297,1.731342
241900,30237,9.43474e-5,0.347102,1.4150,43.39,0.0282,1.826272
242000,30250,9.434264e-5,0.331224,1.3927,43.72,0.0283,1.724662
242100,30262,9.433826e-5,0.349588,1.4185,47.17,0.0307,1.831271
242200,30275,9.433349e-5,0.337131,1.4009,43.15,0.0265,1.745116
242300,30287,9.4329094e-5,0.335359,1.3984,42.58,0.0297,1.745828
242400,30300,9.4324336e-5,0.347080,1.4149,42.89,0.0279,1.822346
242500,30312,9.431994e-5,0.340152,1.4052,43.22,0.0276,1.777061
242600,30325,9.431517e-5,0.328139,1.3884,44.21,0.0270,1.702383
242700,30337,9.431077e-5,0.344812,1.4117,42.44,0.0271,1.781853
242800,30350,9.4306e-5,0.344136,1.4108,42.53,0.0266,1.801044
242900,30362,9.430158e-5,0.317593,1.3738,43.25,0.0288,1.658519
243000,30375,9.42968e-5,0.337177,1.4010,43.57,0.0277,1.759611
243100,30387,9.4292394e-5,0.338843,1.4033,48.66,0.0311,1.760071
243200,30400,9.428762e-5,0.340129,1.4051,43.54,0.0290,1.776741
243300,30412,9.428321e-5,0.337623,1.4016,43.39,0.0279,1.764036
243400,30425,9.4278425e-5,0.344086,1.4107,44.33,0.0270,1.781049
243500,30437,9.4274015e-5,0.332347,1.3942,43.33,0.0284,1.723520
243600,30450,9.426923e-5,0.335047,1.3980,43.62,0.0274,1.733167
243700,30462,9.4264804e-5,0.331819,1.3935,40.85,0.0282,1.729318
243800,30475,9.4260016e-5,0.349878,1.4189,44.66,0.0260,1.829507
243900,30487,9.425559e-5,0.350238,1.4194,42.90,0.0275,1.828267
244000,30500,9.4250805e-5,0.338142,1.4023,43.67,0.0282,1.765634
244100,30512,9.424638e-5,0.347975,1.4162,48.16,0.0298,1.823674
244200,30525,9.424158e-5,0.352051,1.4220,43.55,0.0271,1.828010
244300,30537,9.4237155e-5,0.330447,1.3916,42.90,0.0265,1.715792
244400,30550,9.423235e-5,0.327757,1.3879,43.13,0.0280,1.706665
244500,30562,9.4227915e-5,0.345414,1.4126,44.15,0.0273,1.800711
244600,30575,9.422311e-5,0.337449,1.4014,42.84,0.0274,1.755934
244700,30587,9.421869e-5,0.324990,1.3840,42.27,0.0282,1.688734
244800,30600,9.421387e-5,0.330477,1.3916,43.38,0.0288,1.734286
244900,30612,9.4209434e-5,0.346832,1.4146,43.55,0.0262,1.807938
245000,30625,9.420462e-5,0.328852,1.3894,42.59,0.0275,1.722382
245100,30637,9.420018e-5,0.354196,1.4250,47.72,0.0303,1.849044
245200,30650,9.419536e-5,0.352459,1.4226,44.11,0.0267,1.839459
245300,30662,9.4190924e-5,0.346173,1.4136,43.82,0.0290,1.820731
245400,30675,9.418609e-5,0.331440,1.3930,43.78,0.0282,1.736214
245500,30687,9.4181654e-5,0.334243,1.3969,43.14,0.0276,1.745932
245600,30700,9.417682e-5,0.329956,1.3909,42.58,0.0276,1.724689
245700,30712,9.417237e-5,0.319714,1.3767,42.68,0.0279,1.661868
245800,30725,9.416755e-5,0.338935,1.4035,45.64,0.0310,1.758698
245900,30737,9.41631e-5,0.345001,1.4120,43.55,0.0263,1.784776
246000,30750,9.415827e-5,0.337268,1.4011,42.93,0.0275,1.753936
246100,30762,9.415382e-5,0.328883,1.3894,47.15,0.0296,1.693380
246200,30775,9.414897e-5,0.331896,1.3936,43.01,0.0272,1.721121
246300,30787,9.414452e-5,0.337253,1.4011,42.70,0.0284,1.754939
246400,30800,9.413969e-5,0.341503,1.4071,43.22,0.0279,1.775244
246500,30812,9.4135205e-5,0.322783,1.3810,42.44,0.0286,1.668173
246600,30825,9.413037e-5,0.343225,1.4095,43.46,0.0281,1.810256
246700,30837,9.4125906e-5,0.338414,1.4027,44.09,0.0269,1.755708
246800,30850,9.412106e-5,0.322790,1.3810,43.03,0.0293,1.683559
246900,30862,9.411659e-5,0.338439,1.4028,42.39,0.0271,1.771901
247000,30875,9.411175e-5,0.337235,1.4011,43.34,0.0279,1.761543
247100,30887,9.410728e-5,0.336810,1.4005,47.87,0.0312,1.748036
247200,30900,9.410242e-5,0.328105,1.3883,42.54,0.0290,1.709498
247300,30912,9.409794e-5,0.347180,1.4151,44.59,0.0250,1.799313
247400,30925,9.409309e-5,0.349532,1.4184,43.66,0.0261,1.834059
247500,30937,9.408861e-5,0.330993,1.3924,42.93,0.0280,1.731014
247600,30950,9.408375e-5,0.329395,1.3901,43.56,0.0275,1.723468
247700,30962,9.407927e-5,0.325829,1.3852,43.44,0.0275,1.692972
247800,30975,9.407441e-5,0.334434,1.3971,44.29,0.0282,1.737689
247900,30987,9.406991e-5,0.329964,1.3909,42.64,0.0277,1.723713
248000,31000,9.406505e-5,0.329648,1.3905,42.08,0.0286,1.716536
248100,31012,9.406055e-5,0.328603,1.3890,47.34,0.0284,1.715458
248200,31025,9.405569e-5,0.338940,1.4035,44.59,0.0261,1.773022
248300,31037,9.4051196e-5,0.339531,1.4043,44.01,0.0273,1.767111
248400,31050,9.404632e-5,0.344095,1.4107,44.47,0.0280,1.787938
248500,31062,9.4041825e-5,0.352041,1.4220,44.92,0.0265,1.829431
248600,31075,9.403695e-5,0.326599,1.3862,43.07,0.0284,1.694213
248700,31087,9.403245e-5,0.345408,1.4126,43.28,0.0274,1.812871
248800,31100,9.4027564e-5,0.339407,1.4041,43.76,0.0288,1.777315
248900,31112,9.402307e-5,0.341686,1.4073,44.43,0.0272,1.784105
249000,31125,9.401818e-5,0.329792,1.3907,43.08,0.0272,1.722983
249100,31137,9.401368e-5,0.328998,1.3896,48.55,0.0294,1.722662
249200,31150,9.400879e-5,0.334897,1.3978,43.17,0.0285,1.758977
249300,31162,9.400428e-5,0.333158,1.3954,43.05,0.0269,1.735187
249400,31175,9.399939e-5,0.341863,1.4076,43.32,0.0282,1.795603
249500,31187,9.3994866e-5,0.323242,1.3816,43.30,0.0289,1.678386
249600,31200,9.398998e-5,0.322630,1.3808,43.49,0.0282,1.691802
249700,31212,9.3985465e-5,0.338121,1.4023,43.18,0.0275,1.763982
249800,31225,9.398056e-5,0.334387,1.3971,44.24,0.0279,1.746036
249900,31237,9.397605e-5,0.321118,1.3787,43.25,0.0287,1.663889
250000,31250,9.3971146e-5,0.335413,1.3985,43.32,0.0271,1.762972
250100,31262,9.396662e-5,0.330269,1.3913,47.91,0.0300,1.720135
250200,31275,9.396172e-5,0.337282,1.4011,42.74,0.0291,1.742841
250300,31287,9.395719e-5,0.335124,1.3981,42.96,0.0273,1.753332
250400,31300,9.395229e-5,0.341281,1.4067,43.51,0.0273,1.782990
250500,31312,9.394775e-5,0.342853,1.4090,42.12,0.0281,1.791161
250600,31325,9.394284e-5,0.336959,1.4007,43.97,0.0266,1.743158
250700,31337,9.39383e-5,0.340578,1.4058,44.31,0.0268,1.791806
250800,31350,9.39334e-5,0.332232,1.3941,44.24,0.0266,1.735550
250900,31362,9.392886e-5,0.348798,1.4174,43.52,0.0274,1.831531
251000,31375,9.392394e-5,0.347151,1.4150,43.16,0.0284,1.818313
251100,31387,9.3919385e-5,0.331612,1.3932,67.03,0.0420,1.726635
251200,31400,9.391447e-5,0.337224,1.4011,63.01,0.0391,1.757727
251300,31412,9.390993e-5,0.349566,1.4185,63.61,0.0383,1.829833
251400,31425,9.390501e-5,0.328938,1.3895,62.32,0.0401,1.713662
251500,31437,9.390045e-5,0.337059,1.4008,62.33,0.0407,1.754245
251600,31450,9.3895535e-5,0.331082,1.3925,62.12,0.0393,1.726862
251700,31462,9.389098e-5,0.324502,1.3833,62.84,0.0421,1.689222
251800,31475,9.388605e-5,0.338416,1.4027,62.31,0.0404,1.763666
251900,31487,9.388149e-5,0.325770,1.3851,63.19,0.0400,1.691724
252000,31500,9.387656e-5,0.339461,1.4042,43.32,0.0280,1.770085
252100,31512,9.3872004e-5,0.333119,1.3953,47.79,0.0315,1.743420
252200,31525,9.386706e-5,0.326692,1.3864,42.31,0.0286,1.698647
252300,31537,9.38625e-5,0.342158,1.4080,43.75,0.0292,1.794491
252400,31550,9.3857554e-5,0.343043,1.4092,43.99,0.0280,1.793672
252500,31562,9.3852985e-5,0.345835,1.4132,43.57,0.0292,1.805730
252600,31575,9.384804e-5,0.337092,1.4009,44.01,0.0274,1.761915
252700,31587,9.384347e-5,0.318916,1.3756,42.37,0.0280,1.645390
252800,31600,9.383852e-5,0.335136,1.3981,42.82,0.0279,1.755305
252900,31612,9.383395e-5,0.318820,1.3755,42.87,0.0276,1.665467
253000,31625,9.3829e-5,0.327025,1.3868,44.09,0.0276,1.704846
253100,31637,9.3824434e-5,0.336412,1.3999,47.21,0.0302,1.759623
253200,31650,9.381947e-5,0.333759,1.3962,43.57,0.0290,1.738814
253300,31662,9.38149e-5,0.340874,1.4062,43.53,0.0268,1.772257
253400,31675,9.380994e-5,0.353650,1.4243,43.28,0.0274,1.851691
253500,31687,9.3805356e-5,0.327401,1.3874,42.82,0.0271,1.694250
253600,31700,9.3800394e-5,0.334710,1.3975,43.38,0.0295,1.754559
253700,31712,9.379581e-5,0.306257,1.3583,41.40,0.0292,1.585939
253800,31725,9.379083e-5,0.333627,1.3960,42.54,0.0275,1.745819
253900,31737,9.378625e-5,0.338064,1.4022,43.76,0.0271,1.766444
254000,31750,9.378129e-5,0.332828,1.3949,42.74,0.0297,1.730527
254100,31762,9.377669e-5,0.343489,1.4099,49.50,0.0305,1.797303
254200,31775,9.377171e-5,0.324857,1.3838,43.86,0.0281,1.694970
254300,31787,9.376713e-5,0.334816,1.3977,43.70,0.0275,1.746058
254400,31800,9.376215e-5,0.346173,1.4136,43.40,0.0275,1.812487
254500,31812,9.375755e-5,0.323312,1.3817,43.20,0.0288,1.693795
254600,31825,9.375256e-5,0.331443,1.3930,43.73,0.0284,1.742150
254700,31837,9.374796e-5,0.330180,1.3912,43.25,0.0282,1.727433
254800,31850,9.374299e-5,0.329834,1.3907,42.13,0.0288,1.725583
254900,31862,9.373839e-5,0.336200,1.3996,43.07,0.0276,1.754495
255000,31875,9.37334e-5,0.318755,1.3754,44.20,0.0287,1.662625
255100,31887,9.3728784e-5,0.349581,1.4185,47.99,0.0280,1.821218
255200,31900,9.372379e-5,0.344407,1.4112,44.20,0.0261,1.815212
255300,31912,9.371918e-5,0.341948,1.4077,42.97,0.0289,1.792439
255400,31925,9.371419e-5,0.319592,1.3766,42.98,0.0286,1.678087
255500,31937,9.3709576e-5,0.336581,1.4002,43.12,0.0279,1.768802
255600,31950,9.3704584e-5,0.337291,1.4011,44.38,0.0264,1.751269
255700,31962,9.369997e-5,0.317462,1.3736,43.14,0.0285,1.648125
255800,31975,9.369495e-5,0.312170,1.3664,42.24,0.0283,1.615820
255900,31987,9.369034e-5,0.329444,1.3902,43.32,0.0278,1.707430
256000,32000,9.368533e-5,0.359006,1.4319,44.44,0.0276,1.903309
256100,32012,9.3680705e-5,0.327052,1.3869,45.81,0.0308,1.710296
256200,32025,9.36757e-5,0.342325,1.4082,44.10,0.0281,1.794171
256300,32037,9.367107e-5,0.336974,1.4007,43.10,0.0279,1.753681
256400,32050,9.3666065e-5,0.341674,1.4073,44.22,0.0278,1.786383
256500,32062,9.366142e-5,0.344110,1.4107,43.65,0.0285,1.806400
256600,32075,9.365642e-5,0.344608,1.4114,43.52,0.0283,1.786622
256700,32087,9.3651775e-5,0.344353,1.4111,44.67,0.0269,1.803903
256800,32100,9.3646755e-5,0.333009,1.3952,43.57,0.0284,1.748595
256900,32112,9.364213e-5,0.330106,1.3911,43.90,0.0280,1.725504
257000,32125,9.363711e-5,0.340155,1.4052,41.59,0.0273,1.790958
257100,32137,9.3632465e-5,0.311991,1.3661,46.61,0.0323,1.617432
257200,32150,9.362743e-5,0.342710,1.4088,44.11,0.0291,1.811272
257300,32162,9.362279e-5,0.326917,1.3867,43.24,0.0289,1.705272
257400,32175,9.361775e-5,0.339278,1.4039,44.21,0.0268,1.773235
257500,32187,9.361311e-5,0.323633,1.3821,43.08,0.0272,1.679830
257600,32200,9.3608076e-5,0.341008,1.4064,42.81,0.0279,1.782636
257700,32212,9.3603434e-5,0.327490,1.3875,43.47,0.0276,1.716091
257800,32225,9.35984e-5,0.335166,1.3982,43.46,0.0279,1.746202
257900,32237,9.359374e-5,0.324600,1.3835,43.72,0.0279,1.687904
258000,32250,9.358871e-5,0.336287,1.3997,41.87,0.0271,1.765859
258100,32262,9.358405e-5,0.338634,1.4030,47.19,0.0306,1.773214
258200,32275,9.3579e-5,0.328311,1.3886,43.81,0.0265,1.703696
258300,32287,9.3574345e-5,0.325532,1.3848,43.18,0.0273,1.696497
258400,32300,9.3569295e-5,0.317142,1.3732,43.68,0.0283,1.646117
258500,32312,9.3564624e-5,0.329126,1.3898,43.30,0.0282,1.724199
258600,32325,9.3559574e-5,0.325219,1.3843,43.47,0.0295,1.699599
258700,32337,9.35549e-5,0.325372,1.3845,42.16,0.0286,1.689970
258800,32350,9.3549854e-5,0.338591,1.4030,44.18,0.0267,1.771859
258900,32362,9.35452e-5,0.324675,1.3836,42.85,0.0283,1.693204
259000,32375,9.354013e-5,0.332096,1.3939,45.00,0.0276,1.730375
259100,32387,9.353546e-5,0.323425,1.3819,48.18,0.0300,1.674874
259200,32400,9.35304e-5,0.337466,1.4014,44.25,0.0286,1.761794
259300,32412,9.352573e-5,0.327936,1.3881,43.30,0.0304,1.711480
259400,32425,9.352065e-5,0.314881,1.3701,45.55,0.0287,1.624381
259500,32437,9.351598e-5,0.325296,1.3844,49.98,0.0307,1.693927
259600,32450,9.351091e-5,0.322865,1.3811,45.49,0.0293,1.680431
259700,32462,9.350623e-5,0.340608,1.4058,45.07,0.0265,1.787308
259800,32475,9.350115e-5,0.337352,1.4012,43.73,0.0273,1.764082
259900,32487,9.349648e-5,0.336085,1.3995,42.55,0.0293,1.766558
260000,32500,9.34914e-5,0.320609,1.3780,42.22,0.0288,1.662851
260100,32512,9.348671e-5,0.340833,1.4061,45.40,0.0299,1.771628
260200,32525,9.348162e-5,0.336312,1.3998,43.70,0.0289,1.770826
260300,32537,9.3476934e-5,0.332137,1.3939,43.22,0.0276,1.727963
260400,32550,9.347184e-5,0.331355,1.3929,44.96,0.0268,1.724568
260500,32562,9.3467155e-5,0.322516,1.3806,44.14,0.0259,1.679351
260600,32575,9.346206e-5,0.327104,1.3869,42.32,0.0271,1.709976
260700,32587,9.345736e-5,0.332117,1.3939,42.46,0.0275,1.723659
260800,32600,9.345228e-5,0.319928,1.3770,43.29,0.0270,1.654442
260900,32612,9.344758e-5,0.332223,1.3941,43.62,0.0289,1.739349
261000,32625,9.344249e-5,0.333053,1.3952,42.99,0.0285,1.733068
261100,32637,9.343779e-5,0.325007,1.3840,47.86,0.0284,1.693472
261200,32650,9.343268e-5,0.336608,1.4002,44.46,0.0259,1.742742
261300,32662,9.342798e-5,0.341321,1.4068,42.78,0.0256,1.779011
261400,32675,9.3422874e-5,0.338141,1.4023,44.44,0.0271,1.766859
261500,32687,9.341816e-5,0.330852,1.3922,43.75,0.0283,1.724070
261600,32700,9.3413066e-5,0.324248,1.3830,43.76,0.0275,1.682506
261700,32712,9.340834e-5,0.330491,1.3917,43.84,0.0282,1.734499
261800,32725,9.340324e-5,0.341169,1.4066,43.72,0.0273,1.779710
261900,32737,9.339853e-5,0.335235,1.3983,43.06,0.0279,1.755039
262000,32750,9.3393406e-5,0.332412,1.3943,43.70,0.0276,1.724408
262100,32762,9.338869e-5,0.333819,1.3963,47.07,0.0309,1.743028
262200,32775,9.338357e-5,0.312966,1.3675,42.88,0.0285,1.615783
262300,32787,9.3378854e-5,0.325507,1.3847,43.53,0.0263,1.685357
262400,32800,9.337373e-5,0.334022,1.3966,43.77,0.0286,1.746580
262500,32812,9.3369e-5,0.329286,1.3900,43.85,0.0273,1.727531
262600,32825,9.336388e-5,0.335839,1.3991,43.12,0.0262,1.749508
262700,32837,9.335915e-5,0.339264,1.4039,42.52,0.0285,1.771953
262800,32850,9.335403e-5,0.323730,1.3823,44.21,0.0252,1.687189
262900,32862,9.33493e-5,0.331883,1.3936,43.13,0.0271,1.719248
263000,32875,9.334416e-5,0.330388,1.3915,43.59,0.0272,1.732082
263100,32887,9.333943e-5,0.333937,1.3965,46.85,0.0317,1.721681
263200,32900,9.3334296e-5,0.321307,1.3789,42.47,0.0280,1.682692
263300,32912,9.332955e-5,0.341238,1.4067,43.07,0.0261,1.774935
263400,32925,9.3324416e-5,0.315406,1.3708,43.46,0.0289,1.641085
263500,32937,9.3319686e-5,0.332798,1.3949,44.26,0.0282,1.737704
263600,32950,9.3314535e-5,0.331581,1.3932,43.61,0.0274,1.738388
263700,32962,9.330979e-5,0.332189,1.3940,43.84,0.0274,1.724636
263800,32975,9.3304654e-5,0.337776,1.4018,43.81,0.0266,1.760061
263900,32987,9.3299896e-5,0.342885,1.4090,43.74,0.0270,1.794830
264000,33000,9.329476e-5,0.327292,1.3872,42.85,0.0263,1.699619
264100,33012,9.329e-5,0.347158,1.4150,47.91,0.0290,1.804897
264200,33025,9.328485e-5,0.314925,1.3702,43.22,0.0283,1.639231
264300,33037,9.328009e-5,0.323095,1.3814,43.33,0.0266,1.686524
264400,33050,9.327494e-5,0.327765,1.3879,42.08,0.0277,1.715037
264500,33062,9.327018e-5,0.321494,1.3792,43.47,0.0287,1.671441
264600,33075,9.326503e-5,0.328149,1.3884,43.39,0.0270,1.700947
264700,33087,9.326027e-5,0.316014,1.3716,43.09,0.0266,1.640440
264800,33100,9.3255105e-5,0.330554,1.3917,43.95,0.0271,1.714375
264900,33112,9.3250346e-5,0.324489,1.3833,43.27,0.0296,1.699251
265000,33125,9.3245166e-5,0.353918,1.4246,43.49,0.0276,1.862167
265100,33137,9.324041e-5,0.307232,1.3597,45.51,0.0312,1.598086
265200,33150,9.323523e-5,0.336271,1.3997,44.09,0.0281,1.769965
265300,33162,9.3230454e-5,0.332186,1.3940,43.27,0.0290,1.733788
265400,33175,9.322529e-5,0.327509,1.3875,44.05,0.0268,1.705420
265500,33187,9.3220515e-5,0.344022,1.4106,43.85,0.0266,1.806557
265600,33200,9.321535e-5,0.330570,1.3918,42.62,0.0288,1.718098
265700,33212,9.321056e-5,0.325513,1.3847,42.96,0.0279,1.691670
265800,33225,9.320538e-5,0.335984,1.3993,44.23,0.0275,1.752196
265900,33237,9.320061e-5,0.340329,1.4054,44.49,0.0268,1.782599
266000,33250,9.319543e-5,0.333230,1.3955,42.78,0.0284,1.729432
266100,33262,9.319064e-5,0.345745,1.4130,48.85,0.0299,1.805831
266200,33275,9.318546e-5,0.345426,1.4126,45.06,0.0265,1.800566
266300,33287,9.318067e-5,0.332045,1.3938,44.21,0.0278,1.729599
266400,33300,9.317548e-5,0.327654,1.3877,44.17,0.0263,1.705536
266500,33312,9.317069e-5,0.317145,1.3732,43.69,0.0285,1.637700
266600,33325,9.3165494e-5,0.335429,1.3985,43.81,0.0278,1.744345
266700,33337,9.316071e-5,0.330085,1.3911,43.68,0.0288,1.733734
266800,33350,9.315551e-5,0.333617,1.3960,43.20,0.0279,1.751977
266900,33362,9.315071e-5,0.323711,1.3822,42.36,0.0285,1.681593
267000,33375,9.3145514e-5,0.324665,1.3836,44.19,0.0268,1.682908
267100,33387,9.314071e-5,0.350293,1.4195,47.07,0.0297,1.850959
267200,33400,9.31355e-5,0.313524,1.3682,42.18,0.0280,1.609557
267300,33412,9.31307e-5,0.330408,1.3915,44.26,0.0275,1.729165
267400,33425,9.312549e-5,0.327175,1.3870,44.21,0.0271,1.695629
267500,33437,9.312069e-5,0.346274,1.4138,43.75,0.0263,1.802867
267600,33450,9.311548e-5,0.328987,1.3896,43.42,0.0286,1.713802
267700,33462,9.311066e-5,0.354065,1.4248,44.61,0.0278,1.870592
267800,33475,9.310545e-5,0.326138,1.3856,43.46,0.0295,1.709028
267900,33487,9.3100636e-5,0.325650,1.3849,43.14,0.0284,1.694912
268000,33500,9.309543e-5,0.332481,1.3944,42.87,0.0288,1.734652
268100,33512,9.309061e-5,0.324117,1.3828,46.43,0.0313,1.679875
268200,33525,9.3085386e-5,0.340010,1.4050,44.54,0.0276,1.773235
268300,33537,9.308057e-5,0.332666,1.3947,42.82,0.0283,1.738150
268400,33550,9.3075345e-5,0.322968,1.3812,42.46,0.0282,1.699681
268500,33562,9.307053e-5,0.330663,1.3919,42.33,0.0271,1.728747
268600,33575,9.306529e-5,0.329733,1.3906,43.05,0.0277,1.709266
268700,33587,9.306047e-5,0.322286,1.3803,42.92,0.0268,1.669982
268800,33600,9.3055234e-5,0.324246,1.3830,43.00,0.0281,1.699166
268900,33612,9.30504e-5,0.339938,1.4049,43.36,0.0287,1.766217
269000,33625,9.304518e-5,0.341561,1.4071,43.24,0.0273,1.778608
269100,33637,9.304035e-5,0.340790,1.4061,48.86,0.0294,1.792050
269200,33650,9.303511e-5,0.335332,1.3984,44.16,0.0264,1.732973
269300,33662,9.303026e-5,0.309397,1.3626,42.88,0.0280,1.606370
269400,33675,9.3025024e-5,0.328253,1.3885,43.57,0.0281,1.717199
269500,33687,9.302018e-5,0.334006,1.3966,43.98,0.0271,1.747399
269600,33700,9.301494e-5,0.339341,1.4040,43.83,0.0272,1.774688
269700,33712,9.3010094e-5,0.334895,1.3978,42.84,0.0297,1.760358
269800,33725,9.3004855e-5,0.332966,1.3951,43.55,0.0273,1.738401
269900,33737,9.300001e-5,0.328382,1.3887,44.49,0.0271,1.707543
270000,33750,9.299476e-5,0.330084,1.3911,43.07,0.0274,1.722419
270100,33762,9.298991e-5,0.342441,1.4084,48.47,0.0291,1.792928
270200,33775,9.298466e-5,0.321844,1.3797,41.98,0.0283,1.687823
270300,33787,9.29798e-5,0.327631,1.3877,43.89,0.0267,1.709934
270400,33800,9.2974544e-5,0.335847,1.3991,43.46,0.0265,1.751971
270500,33812,9.296968e-5,0.329253,1.3899,44.55,0.0256,1.721086
270600,33825,9.296443e-5,0.323257,1.3816,43.45,0.0289,1.690441
270700,33837,9.295957e-5,0.322542,1.3806,44.29,0.0290,1.679836
270800,33850,9.29543e-5,0.331770,1.3934,45.22,0.0290,1.739624
270900,33862,9.294944e-5,0.333921,1.3964,47.14,0.0305,1.730494
271000,33875,9.2944174e-5,0.318568,1.3752,45.67,0.0296,1.646455
271100,33887,9.293931e-5,0.331928,1.3937,48.79,0.0318,1.733041
271200,33900,9.293403e-5,0.325535,1.3848,45.64,0.0303,1.701712
271300,33912,9.292917e-5,0.322112,1.3800,44.25,0.0294,1.678343
271400,33925,9.292389e-5,0.345993,1.4134,46.10,0.0277,1.825425
271500,33937,9.291903e-5,0.317677,1.3739,45.65,0.0289,1.660342
271600,33950,9.2913746e-5,0.336882,1.4006,47.51,0.0270,1.746534
271700,33962,9.290887e-5,0.316681,1.3726,44.98,0.0287,1.650279
271800,33975,9.290359e-5,0.330332,1.3914,44.49,0.0296,1.717841
271900,33987,9.2898714e-5,0.316837,1.3728,43.54,0.0279,1.653078
272000,34000,9.289342e-5,0.339589,1.4044,45.83,0.0270,1.772548
272100,34012,9.288854e-5,0.329487,1.3903,47.74,0.0299,1.725828
272200,34025,9.288326e-5,0.318334,1.3748,42.99,0.0292,1.653112
272300,34037,9.287837e-5,0.329043,1.3896,44.15,0.0292,1.739835
272400,34050,9.287307e-5,0.323625,1.3821,44.66,0.0281,1.683266
272500,34062,9.2868184e-5,0.335379,1.3985,44.32,0.0281,1.763313
272600,34075,9.286289e-5,0.330153,1.3912,44.63,0.0289,1.706671
272700,34087,9.2858e-5,0.337699,1.4017,44.93,0.0293,1.758702
272800,34100,9.28527e-5,0.341181,1.4066,43.45,0.0282,1.781631
272900,34112,9.284781e-5,0.319128,1.3759,44.56,0.0296,1.666582
273000,34125,9.28425e-5,0.332841,1.3949,43.36,0.0271,1.750714
273100,34137,9.283761e-5,0.337187,1.4010,48.69,0.0313,1.757449
273200,34150,9.28323e-5,0.346414,1.4140,44.92,0.0272,1.811395
273300,34162,9.282741e-5,0.334543,1.3973,45.15,0.0280,1.756947
273400,34175,9.28221e-5,0.326560,1.3862,43.22,0.0303,1.700943
273500,34187,9.2817194e-5,0.339678,1.4045,43.77,0.0285,1.766509
273600,34200,9.281187e-5,0.324541,1.3834,44.43,0.0279,1.697265
273700,34212,9.2806964e-5,0.329407,1.3901,42.43,0.0269,1.709695
273800,34225,9.280165e-5,0.324755,1.3837,111.50,0.0724,1.696088
273900,34237,9.279675e-5,0.322928,1.3812,44.06,0.0286,1.694014
274000,34250,9.279142e-5,0.332537,1.3945,43.18,0.0285,1.746627
274100,34262,9.2786504e-5,0.332610,1.3946,50.72,0.0317,1.746937
274200,34275,9.278119e-5,0.329968,1.3909,44.64,0.0296,1.732999
274300,34287,9.2776274e-5,0.312310,1.3666,42.90,0.0293,1.609840
274400,34300,9.277095e-5,0.333059,1.3952,45.30,0.0290,1.756255
274500,34312,9.276603e-5,0.311106,1.3649,45.43,0.0278,1.619779
274600,34325,9.27607e-5,0.330427,1.3916,43.86,0.0273,1.725146
274700,34337,9.275577e-5,0.335539,1.3987,43.52,0.0278,1.741340
274800,34350,9.2750444e-5,0.320771,1.3782,44.23,0.0295,1.674253
274900,34362,9.274551e-5,0.326461,1.3861,44.47,0.0291,1.704611
275000,34375,9.274017e-5,0.353786,1.4245,45.39,0.0289,1.848377
275100,34387,9.273525e-5,0.345029,1.4120,50.09,0.0309,1.817507
275200,34400,9.272991e-5,0.334176,1.3968,45.69,0.0291,1.744160
275300,34412,9.272498e-5,0.341464,1.4070,45.49,0.0289,1.788776
275400,34425,9.271962e-5,0.335225,1.3983,45.00,0.0280,1.745656
275500,34437,9.271469e-5,0.321703,1.3795,45.54,0.0288,1.677504
275600,34450,9.270935e-5,0.335521,1.3987,46.69,0.0310,1.750329
275700,34462,9.27044e-5,0.333530,1.3959,46.13,0.0294,1.740474
275800,34475,9.269906e-5,0.338207,1.4024,47.00,0.0277,1.764999
275900,34487,9.2694114e-5,0.320473,1.3778,45.07,0.0295,1.659444
276000,34500,9.268876e-5,0.332847,1.3949,42.54,0.0281,1.735983
276100,34512,9.268381e-5,0.315039,1.3703,67.00,0.0429,1.635139
276200,34525,9.2678456e-5,0.336013,1.3994,62.80,0.0418,1.751485
276300,34537,9.267351e-5,0.332466,1.3944,64.37,0.0396,1.735961
276400,34550,9.266815e-5,0.310391,1.3640,63.33,0.0441,1.633088
276500,34562,9.2663206e-5,0.328632,1.3891,64.96,0.0419,1.730414
276600,34575,9.2657836e-5,0.332466,1.3944,64.53,0.0404,1.722581
276700,34587,9.265289e-5,0.315747,1.3713,64.33,0.0402,1.647816
276800,34600,9.264752e-5,0.324652,1.3835,65.36,0.0419,1.698468
276900,34612,9.264256e-5,0.353418,1.4239,65.56,0.0398,1.848490
277000,34625,9.263719e-5,0.335506,1.3986,63.44,0.0405,1.756658
277100,34637,9.2632225e-5,0.347794,1.4159,49.62,0.0303,1.826740
277200,34650,9.262684e-5,0.320639,1.3780,44.34,0.0280,1.680175
277300,34662,9.262189e-5,0.332321,1.3942,44.06,0.0303,1.742220
277400,34675,9.261651e-5,0.320130,1.3773,43.85,0.0274,1.676876
277500,34687,9.2611546e-5,0.313187,1.3678,43.90,0.0284,1.633187
277600,34700,9.260616e-5,0.329653,1.3905,44.79,0.0305,1.725929
277700,34712,9.2601185e-5,0.324246,1.3830,43.73,0.0278,1.691605
277800,34725,9.25958e-5,0.315770,1.3713,43.68,0.0294,1.652204
277900,34737,9.2590824e-5,0.325171,1.3843,44.66,0.0292,1.705497
278000,34750,9.258544e-5,0.340752,1.4060,45.00,0.0276,1.791696
278100,34762,9.258046e-5,0.340772,1.4060,50.57,0.0303,1.785456
278200,34775,9.2575065e-5,0.326725,1.3864,43.09,0.0284,1.696461
278300,34787,9.257009e-5,0.334379,1.3971,43.40,0.0286,1.762977
278400,34800,9.256469e-5,0.334358,1.3970,43.47,0.0290,1.739704
278500,34812,9.255971e-5,0.326714,1.3864,44.66,0.0285,1.707003
278600,34825,9.255431e-5,0.330857,1.3922,45.04,0.0269,1.722677
278700,34837,9.254932e-5,0.326448,1.3860,44.31,0.0296,1.713249
278800,34850,9.254392e-5,0.332091,1.3939,45.98,0.0295,1.741499
278900,34862,9.253893e-5,0.321152,1.3787,45.42,0.0295,1.665166
279000,34875,9.253353e-5,0.339638,1.4044,46.25,0.0280,1.786483
279100,34887,9.252854e-5,0.324613,1.3835,49.82,0.0316,1.689226
279200,34900,9.252313e-5,0.341561,1.4071,45.69,0.0288,1.788331
279300,34912,9.251812e-5,0.338074,1.4022,44.38,0.0309,1.780864
279400,34925,9.2512724e-5,0.312110,1.3663,44.81,0.0297,1.610424
279500,34937,9.250772e-5,0.319817,1.3769,45.38,0.0283,1.662866
279600,34950,9.2502305e-5,0.322196,1.3802,44.21,0.0291,1.692571
279700,34962,9.24973e-5,0.336630,1.4002,44.85,0.0277,1.757723
279800,34975,9.2491886e-5,0.322880,1.3811,45.48,0.0282,1.693025
279900,34987,9.248688e-5,0.341777,1.4074,45.53,0.0282,1.778845
280000,35000,9.248145e-5,0.332553,1.3945,43.50,0.0289,1.748385
280100,35012,9.2476446e-5,0.338032,1.4022,48.21,0.0317,1.770419
280200,35025,9.247102e-5,0.343566,1.4100,44.48,0.0277,1.790320
280300,35037,9.246601e-5,0.324766,1.3837,44.27,0.0279,1.693942
280400,35050,9.2460585e-5,0.335992,1.3993,43.93,0.0286,1.766222
280500,35062,9.2455564e-5,0.334775,1.3976,45.13,0.0280,1.749908
280600,35075,9.245014e-5,0.309788,1.3631,44.15,0.0290,1.616991
280700,35087,9.2445116e-5,0.336102,1.3995,43.00,0.0284,1.759797
280800,35100,9.243967e-5,0.321219,1.3788,43.59,0.0284,1.666922
280900,35112,9.243465e-5,0.325541,1.3848,43.62,0.0286,1.697603
281000,35125,9.2429225e-5,0.338871,1.4034,43.99,0.0297,1.774445
281100,35137,9.2424205e-5,0.323951,1.3826,47.06,0.0318,1.696547
281200,35150,9.241875e-5,0.319100,1.3759,44.13,0.0303,1.684287
281300,35162,9.241373e-5,0.318051,1.3744,43.35,0.0298,1.659634
281400,35175,9.240827e-5,0.337197,1.4010,46.05,0.0265,1.758118
281500,35187,9.240325e-5,0.334404,1.3971,45.19,0.0269,1.740219
281600,35200,9.239779e-5,0.337059,1.4008,44.51,0.0270,1.742183
281700,35212,9.239276e-5,0.334296,1.3970,44.67,0.0278,1.762681
281800,35225,9.2387316e-5,0.313613,1.3684,41.23,0.0272,1.624444
281900,35237,9.2382266e-5,0.325597,1.3849,45.16,0.0281,1.684326
282000,35250,9.2376824e-5,0.333541,1.3959,45.11,0.0287,1.737819
282100,35262,9.2371774e-5,0.333994,1.3965,47.47,0.0307,1.746808
282200,35275,9.236632e-5,0.307407,1.3599,43.12,0.0297,1.585710
282300,35287,9.236127e-5,0.310780,1.3645,43.07,0.0297,1.632087
282400,35300,9.235581e-5,0.327757,1.3879,45.01,0.0287,1.715844
282500,35312,9.235076e-5,0.334829,1.3977,45.04,0.0271,1.747102
282600,35325,9.2345304e-5,0.322858,1.3811,44.88,0.0283,1.668561
282700,35337,9.234024e-5,0.333423,1.3957,43.85,0.0273,1.739296
282800,35350,9.233477e-5,0.326556,1.3862,44.06,0.0271,1.689824
282900,35362,9.232972e-5,0.323560,1.3820,42.11,0.0273,1.692691
283000,35375,9.232425e-5,0.318987,1.3757,44.43,0.0272,1.663975
283100,35387,9.23192e-5,0.349184,1.4179,48.16,0.0301,1.826143
283200,35400,9.231371e-5,0.328798,1.3893,45.57,0.0292,1.716312
283300,35412,9.230866e-5,0.313182,1.3678,44.48,0.0282,1.610834
283400,35425,9.230318e-5,0.338831,1.4033,45.44,0.0287,1.753294
283500,35437,9.229811e-5,0.334677,1.3975,45.27,0.0274,1.745215
283600,35450,9.229263e-5,0.323332,1.3817,45.48,0.0305,1.676306
283700,35462,9.228756e-5,0.331810,1.3935,44.79,0.0277,1.728988
283800,35475,9.228208e-5,0.318195,1.3746,44.49,0.0285,1.649985
283900,35487,9.227701e-5,0.318151,1.3746,43.46,0.0297,1.648940
284000,35500,9.227151e-5,0.322912,1.3811,44.85,0.0284,1.673032
284100,35512,9.226645e-5,0.322949,1.3812,48.13,0.0332,1.678087
284200,35525,9.226095e-5,0.315197,1.3705,44.76,0.0287,1.647766
284300,35537,9.225588e-5,0.331454,1.3930,45.00,0.0277,1.736204
284400,35550,9.225038e-5,0.309281,1.3624,43.66,0.0294,1.618557
284500,35562,9.2245304e-5,0.322311,1.3803,43.89,0.0293,1.679390
284600,35575,9.22398e-5,0.321772,1.3796,45.42,0.0270,1.669830
284700,35587,9.2234724e-5,0.314257,1.3692,44.09,0.0283,1.636634
284800,35600,9.2229224e-5,0.340524,1.4057,43.01,0.0276,1.783457
284900,35612,9.222413e-5,0.322585,1.3807,43.07,0.0283,1.679333
285000,35625,9.221863e-5,0.326971,1.3868,42.08,0.0277,1.687330
285100,35637,9.221354e-5,0.328881,1.3894,45.73,0.0290,1.714544
285200,35650,9.220802e-5,0.334475,1.3972,43.76,0.0277,1.751249
285300,35662,9.220294e-5,0.331813,1.3935,43.52,0.0281,1.732254
285400,35675,9.219743e-5,0.338308,1.4026,42.63,0.0272,1.777668
285500,35687,9.219232e-5,0.329460,1.3902,42.85,0.0284,1.719149
285600,35700,9.2186805e-5,0.324600,1.3835,43.62,0.0270,1.688636
285700,35712,9.218171e-5,0.303961,1.3552,42.95,0.0278,1.585837
285800,35725,9.21762e-5,0.307458,1.3600,45.72,0.0277,1.601238
285900,35737,9.217109e-5,0.332085,1.3939,44.38,0.0286,1.736846
286000,35750,9.2165574e-5,0.327664,1.3877,44.97,0.0271,1.697094
286100,35762,9.2160466e-5,0.317996,1.3744,47.62,0.0301,1.658896
286200,35775,9.2154936e-5,0.334660,1.3975,43.80,0.0296,1.734819
286300,35787,9.214983e-5,0.330795,1.3921,43.38,0.0276,1.717808
286400,35800,9.21443e-5,0.332058,1.3938,44.65,0.0282,1.743794
286500,35812,9.213919e-5,0.338924,1.4034,43.93,0.0281,1.774034
286600,35825,9.213366e-5,0.323186,1.3815,45.38,0.0284,1.684556
286700,35837,9.212854e-5,0.328282,1.3886,45.11,0.0274,1.725506
286800,35850,9.212301e-5,0.334478,1.3972,47.19,0.0311,1.735837
286900,35862,9.211789e-5,0.344691,1.4116,43.84,0.0276,1.802829
287000,35875,9.211234e-5,0.339653,1.4045,44.47,0.0288,1.793247
287100,35887,9.2107235e-5,0.348210,1.4165,51.36,0.0315,1.813405
287200,35900,9.210169e-5,0.334488,1.3972,42.48,0.0277,1.739606
287300,35912,9.209657e-5,0.333041,1.3952,44.06,0.0279,1.731460
287400,35925,9.209101e-5,0.329079,1.3897,43.35,0.0283,1.726527
287500,35937,9.208589e-5,0.315634,1.3711,43.57,0.0282,1.642361
287600,35950,9.208034e-5,0.328209,1.3885,43.73,0.0274,1.693373
287700,35962,9.2075206e-5,0.341537,1.4071,42.56,0.0278,1.792815
287800,35975,9.206965e-5,0.309417,1.3626,46.19,0.0296,1.607666
287900,35987,9.2064525e-5,0.344302,1.4110,45.50,0.0292,1.797218
288000,36000,9.205897e-5,0.315637,1.3711,45.77,0.0290,1.661045
288100,36012,9.205383e-5,0.333648,1.3961,49.70,0.0320,1.745753
288200,36025,9.204827e-5,0.323659,1.3822,45.90,0.0300,1.684875
288300,36037,9.2043134e-5,0.335092,1.3981,45.81,0.0275,1.748727
288400,36050,9.2037575e-5,0.319569,1.3765,45.81,0.0291,1.668491
288500,36062,9.2032424e-5,0.322010,1.3799,46.28,0.0298,1.689495
288600,36075,9.2026865e-5,0.336840,1.4005,45.38,0.0294,1.764842
288700,36087,9.202171e-5,0.342011,1.4078,47.94,0.0302,1.787707
288800,36100,9.2016155e-5,0.339819,1.4047,46.73,0.0306,1.782862
288900,36112,9.2011e-5,0.322911,1.3811,46.80,0.0284,1.684890
289000,36125,9.2005415e-5,0.333451,1.3958,46.31,0.0307,1.737400
289100,36137,9.2000264e-5,0.326606,1.3863,51.93,0.0336,1.724461
289200,36150,9.199469e-5,0.334696,1.3975,46.18,0.0294,1.747180
289300,36162,9.198954e-5,0.340146,1.4052,45.46,0.0292,1.780466
289400,36175,9.1983966e-5,0.314978,1.3702,46.24,0.0283,1.638608
289500,36187,9.19788e-5,0.324930,1.3839,45.43,0.0296,1.687189
289600,36200,9.197321e-5,0.314532,1.3696,45.76,0.0297,1.633110
289700,36212,9.196806e-5,0.330822,1.3921,46.70,0.0294,1.733106
289800,36225,9.196247e-5,0.319806,1.3769,45.08,0.0293,1.688706
289900,36237,9.195731e-5,0.330863,1.3922,46.67,0.0291,1.721673
290000,36250,9.1951704e-5,0.336891,1.4006,45.80,0.0302,1.773626
290100,36262,9.194655e-5,0.318976,1.3757,49.39,0.0318,1.660545
290200,36275,9.194095e-5,0.327046,1.3869,45.30,0.0313,1.715804
290300,36287,9.1935784e-5,0.332801,1.3949,47.86,0.0294,1.744706
290400,36300,9.193018e-5,0.334331,1.3970,43.35,0.0284,1.751418
290500,36312,9.1925016e-5,0.334906,1.3978,41.38,0.0270,1.752689
290600,36325,9.191941e-5,0.327796,1.3879,43.36,0.0293,1.720236
290700,36337,9.191423e-5,0.319183,1.3760,45.65,0.0296,1.665718
290800,36350,9.190863e-5,0.323737,1.3823,45.12,0.0292,1.699989
290900,36362,9.190345e-5,0.317749,1.3740,45.33,0.0300,1.657525
291000,36375,9.189785e-5,0.329599,1.3904,43.84,0.0269,1.719889
291100,36387,9.189267e-5,0.311738,1.3658,47.88,0.0299,1.632099
291200,36400,9.188705e-5,0.329385,1.3901,44.71,0.0266,1.733559
291300,36412,9.188187e-5,0.324186,1.3829,43.26,0.0280,1.683442
291400,36425,9.187625e-5,0.323924,1.3825,43.02,0.0287,1.689093
291500,36437,9.187107e-5,0.308743,1.3617,43.55,0.0284,1.610573
291600,36450,9.186544e-5,0.330081,1.3911,44.46,0.0279,1.717831
291700,36462,9.186026e-5,0.325196,1.3843,44.36,0.0278,1.693403
291800,36475,9.185464e-5,0.334178,1.3968,44.20,0.0275,1.753829
291900,36487,9.184945e-5,0.319677,1.3767,44.20,0.0281,1.666633
292000,36500,9.1843816e-5,0.329688,1.3905,45.87,0.0282,1.712498
292100,36512,9.183862e-5,0.334087,1.3967,48.39,0.0311,1.734158
292200,36525,9.183299e-5,0.319555,1.3765,44.47,0.0293,1.664629
292300,36537,9.1827795e-5,0.330880,1.3922,45.06,0.0312,1.728453
292400,36550,9.182215e-5,0.344025,1.4106,45.87,0.0274,1.798360
292500,36562,9.181695e-5,0.320216,1.3774,46.20,0.0296,1.671040
292600,36575,9.181132e-5,0.329877,1.3908,45.51,0.0277,1.725207
292700,36587,9.180611e-5,0.337661,1.4017,46.79,0.0277,1.758365
292800,36600,9.180048e-5,0.324146,1.3828,45.15,0.0291,1.685593
292900,36612,9.179526e-5,0.331223,1.3927,45.97,0.0277,1.738070
293000,36625,9.1789625e-5,0.324997,1.3840,46.61,0.0303,1.690506
293100,36637,9.1784415e-5,0.328980,1.3895,48.54,0.0289,1.698415
293200,36650,9.177877e-5,0.314464,1.3695,43.12,0.0288,1.636671
293300,36662,9.1773545e-5,0.322748,1.3809,43.87,0.0295,1.685591
293400,36675,9.17679e-5,0.320011,1.3771,45.20,0.0289,1.663383
293500,36687,9.1762675e-5,0.323549,1.3820,45.45,0.0299,1.685162
293600,36700,9.175703e-5,0.339938,1.4049,45.91,0.0300,1.789724
293700,36712,9.1751805e-5,0.333809,1.3963,45.04,0.0301,1.752184
293800,36725,9.174616e-5,0.336360,1.3998,46.38,0.0301,1.760517
293900,36737,9.174092e-5,0.311572,1.3656,45.94,0.0305,1.620658
294000,36750,9.173527e-5,0.322261,1.3802,45.89,0.0283,1.682311
294100,36762,9.173005e-5,0.309768,1.3631,47.83,0.0319,1.608261
294200,36775,9.1724374e-5,0.331553,1.3931,44.37,0.0295,1.726368
294300,36787,9.171915e-5,0.317434,1.3736,44.62,0.0279,1.629863
294400,36800,9.1713475e-5,0.313140,1.3677,44.39,0.0269,1.635716
294500,36812,9.170825e-5,0.335108,1.3981,43.92,0.0277,1.767833
294600,36825,9.1702575e-5,0.331757,1.3934,43.27,0.0288,1.726669
294700,36837,9.169734e-5,0.328114,1.3883,43.32,0.0275,1.718890
294800,36850,9.169166e-5,0.319482,1.3764,43.50,0.0286,1.669763
294900,36862,9.168642e-5,0.334586,1.3974,47.00,0.0321,1.748883
295000,36875,9.168075e-5,0.323121,1.3814,45.74,0.0310,1.699704
295100,36887,9.167551e-5,0.320005,1.3771,49.71,0.0320,1.670136
295200,36900,9.166983e-5,0.320205,1.3774,45.64,0.0287,1.661189
295300,36912,9.166458e-5,0.309912,1.3633,44.31,0.0302,1.610712
295400,36925,9.1658905e-5,0.322673,1.3808,43.47,0.0292,1.677698
295500,36937,9.165365e-5,0.309179,1.3623,43.90,0.0296,1.601120
295600,36950,9.164796e-5,0.330385,1.3915,44.93,0.0297,1.727925
295700,36962,9.164271e-5,0.326578,1.3862,44.04,0.0296,1.708541
295800,36975,9.163702e-5,0.326776,1.3865,43.81,0.0296,1.723075
295900,36987,9.1631766e-5,0.330395,1.3915,43.29,0.0278,1.723874
296000,37000,9.1626076e-5,0.323392,1.3818,45.45,0.0303,1.674099
296100,37012,9.162082e-5,0.333484,1.3958,51.02,0.0315,1.746280
296200,37025,9.161512e-5,0.335480,1.3986,45.27,0.0291,1.758862
296300,37037,9.1609865e-5,0.317725,1.3740,43.84,0.0296,1.659392
296400,37050,9.160416e-5,0.316996,1.3730,44.09,0.0304,1.666944
296500,37062,9.159889e-5,0.327088,1.3869,44.63,0.0292,1.697463
296600,37075,9.15932e-5,0.323555,1.3820,43.98,0.0290,1.688433
296700,37087,9.1587935e-5,0.326913,1.3867,47.37,0.0278,1.701857
296800,37100,9.158222e-5,0.324445,1.3833,44.20,0.0285,1.694285
296900,37112,9.157695e-5,0.321133,1.3787,42.96,0.0261,1.668894
297000,37125,9.157123e-5,0.329662,1.3905,44.36,0.0294,1.713499
297100,37137,9.156596e-5,0.336549,1.4001,47.55,0.0316,1.766841
297200,37150,9.156024e-5,0.324610,1.3835,44.24,0.0271,1.681846
297300,37162,9.1554975e-5,0.324010,1.3827,46.49,0.0287,1.685472
297400,37175,9.154926e-5,0.338623,1.4030,45.91,0.0294,1.775196
297500,37187,9.154399e-5,0.318396,1.3749,45.10,0.0291,1.650741
297600,37200,9.1538255e-5,0.334044,1.3966,46.38,0.0299,1.764286
297700,37212,9.153297e-5,0.324867,1.3838,46.56,0.0288,1.692228
297800,37225,9.1527254e-5,0.317706,1.3740,46.56,0.0293,1.660549
297900,37237,9.152197e-5,0.327472,1.3875,46.50,0.0273,1.696422
298000,37250,9.151624e-5,0.327672,1.3877,45.47,0.0298,1.709770
298100,37262,9.1510956e-5,0.312618,1.3670,49.18,0.0305,1.623968
298200,37275,9.150522e-5,0.326138,1.3856,58.99,0.0378,1.689244
298300,37287,9.1499925e-5,0.331668,1.3933,46.45,0.0289,1.731522
298400,37300,9.149419e-5,0.323311,1.3817,44.42,0.0276,1.668864
298500,37312,9.1488895e-5,0.313986,1.3689,44.34,0.0280,1.639580
298600,37325,9.148316e-5,0.316576,1.3724,43.71,0.0275,1.650943
298700,37337,9.1477865e-5,0.330786,1.3921,43.16,0.0278,1.721384
298800,37350,9.147213e-5,0.334803,1.3977,43.89,0.0282,1.747454
298900,37362,9.146682e-5,0.322194,1.3802,43.43,0.0281,1.689212
299000,37375,9.146109e-5,0.324184,1.3829,44.33,0.0293,1.694985
299100,37387,9.1455775e-5,0.320843,1.3783,46.98,0.0303,1.665218
299200,37400,9.145003e-5,0.328333,1.3887,44.46,0.0291,1.713525
299300,37412,9.144473e-5,0.320355,1.3776,45.71,0.0283,1.666833
299400,37425,9.143897e-5,0.304889,1.3565,45.43,0.0305,1.587171
299500,37437,9.143367e-5,0.312715,1.3671,43.60,0.0306,1.625418
299600,37450,9.142791e-5,0.319214,1.3760,45.57,0.0305,1.683500
299700,37462,9.14226e-5,0.327300,1.3872,46.89,0.0297,1.703226
299800,37475,9.1416834e-5,0.311402,1.3653,43.08,0.0291,1.613682
299900,37487,9.141152e-5,0.318941,1.3757,46.18,0.0277,1.660177
300000,37500,9.140576e-5,0.304556,1.3560,43.91,0.0291,1.580992
300100,37512,9.140045e-5,0.314159,1.3691,50.26,0.0352,1.637196
300200,37525,9.1394686e-5,0.324100,1.3828,46.30,0.0319,1.699154
300300,37537,9.138936e-5,0.331275,1.3927,46.01,0.0282,1.749055
300400,37550,9.13836e-5,0.335159,1.3982,44.70,0.0292,1.733918
300500,37562,9.137827e-5,0.336865,1.4006,44.27,0.0291,1.761143
300600,37575,9.1372494e-5,0.327619,1.3877,44.64,0.0284,1.716048
300700,37587,9.136717e-5,0.335973,1.3993,44.23,0.0268,1.763889
300800,37600,9.1361406e-5,0.340150,1.4052,43.58,0.0279,1.789149
300900,37612,9.1356065e-5,0.338267,1.4025,46.20,0.0278,1.765702
301000,37625,9.135029e-5,0.318273,1.3748,43.54,0.0288,1.666347
301100,37637,9.134495e-5,0.331287,1.3928,51.15,0.0308,1.727658
301200,37650,9.133917e-5,0.305705,1.3576,42.83,0.0282,1.577457
301300,37662,9.1333844e-5,0.312169,1.3664,46.06,0.0299,1.625387
301400,37675,9.132805e-5,0.323306,1.3817,44.84,0.0289,1.687579
301500,37687,9.132271e-5,0.308708,1.3617,45.11,0.0299,1.599736
301600,37700,9.1316935e-5,0.327499,1.3875,44.95,0.0289,1.712237
301700,37712,9.131158e-5,0.327326,1.3873,44.30,0.0294,1.705504
301800,37725,9.130579e-5,0.323685,1.3822,44.65,0.0284,1.700762
301900,37737,9.130045e-5,0.328797,1.3893,46.00,0.0277,1.709974
302000,37750,9.1294656e-5,0.333998,1.3965,55.33,0.0355,1.753221
302100,37762,9.12893e-5,0.336153,1.3996,69.19,0.0415,1.757064
302200,37775,9.128351e-5,0.319004,1.3758,44.74,0.0302,1.660259
302300,37787,9.1278154e-5,0.315026,1.3703,44.22,0.0303,1.654310
302400,37800,9.127235e-5,0.338531,1.4029,45.81,0.0293,1.768056
302500,37812,9.126699e-5,0.334389,1.3971,45.02,0.0294,1.747449
302600,37825,9.126119e-5,0.322305,1.3803,44.65,0.0293,1.681955
302700,37837,9.125583e-5,0.317612,1.3738,45.87,0.0291,1.649654
302800,37850,9.1250025e-5,0.321335,1.3790,46.38,0.0290,1.688002
302900,37862,9.124467e-5,0.309437,1.3627,45.21,0.0305,1.610823
303000,37875,9.123885e-5,0.305903,1.3579,43.97,0.0290,1.606848
303100,37887,9.1233494e-5,0.323979,1.3826,47.78,0.0291,1.676043
303200,37900,9.1227674e-5,0.329508,1.3903,45.58,0.0273,1.724722
303300,37912,9.1222304e-5,0.326890,1.3866,43.94,0.0266,1.709059
303400,37925,9.12165e-5,0.315939,1.3715,43.03,0.0290,1.646130
303500,37937,9.121111e-5,0.326205,1.3857,45.18,0.0278,1.706089
303600,37950,9.120531e-5,0.311469,1.3654,44.19,0.0274,1.622625
303700,37962,9.119994e-5,0.329492,1.3903,43.12,0.0276,1.721786
303800,37975,9.11941e-5,0.336564,1.4001,43.63,0.0285,1.753701
303900,37987,9.118873e-5,0.331654,1.3933,44.43,0.0285,1.736966
304000,38000,9.11829e-5,0.316229,1.3719,45.01,0.0300,1.646277
304100,38012,9.117751e-5,0.330095,1.3911,50.07,0.0319,1.732936
304200,38025,9.117169e-5,0.312851,1.3673,45.73,0.0310,1.649169
304300,38037,9.116631e-5,0.327336,1.3873,44.35,0.0292,1.715307
304400,38050,9.116047e-5,0.334704,1.3975,44.34,0.0277,1.763057
304500,38062,9.115509e-5,0.336557,1.4001,44.87,0.0291,1.763056
304600,38075,9.114925e-5,0.331138,1.3926,45.85,0.0287,1.744146
304700,38087,9.1143855e-5,0.325570,1.3848,44.57,0.0293,1.704310
304800,38100,9.113802e-5,0.331581,1.3932,45.26,0.0282,1.734564
304900,38112,9.1132635e-5,0.323058,1.3813,45.01,0.0268,1.676117
305000,38125,9.1126785e-5,0.328279,1.3886,44.43,0.0286,1.718481
305100,38137,9.112139e-5,0.324052,1.3827,47.96,0.0315,1.688843
305200,38150,9.111555e-5,0.321191,1.3788,44.96,0.0271,1.673291
305300,38162,9.111015e-5,0.330828,1.3921,43.71,0.0291,1.721392
305400,38175,9.110429e-5,0.305875,1.3578,43.54,0.0277,1.582379
305500,38187,9.1098904e-5,0.331204,1.3926,45.66,0.0275,1.735940
305600,38200,9.109304e-5,0.331286,1.3928,45.03,0.0298,1.728838
305700,38212,9.108764e-5,0.318794,1.3755,45.71,0.0313,1.664313
305800,38225,9.108179e-5,0.328691,1.3891,44.81,0.0284,1.712355
305900,38237,9.107638e-5,0.335990,1.3993,48.51,0.0302,1.754680
306000,38250,9.107051e-5,0.324145,1.3828,44.14,0.0301,1.690241
306100,38262,9.10651e-5,0.312812,1.3673,49.26,0.0333,1.649683
306200,38275,9.105925e-5,0.336266,1.3997,44.88,0.0292,1.763714
306300,38287,9.105382e-5,0.339593,1.4044,43.48,0.0278,1.783091
306400,38300,9.104796e-5,0.326290,1.3858,42.87,0.0282,1.704298
306500,38312,9.1042544e-5,0.324588,1.3835,44.49,0.0277,1.687234
306600,38325,9.103668e-5,0.324231,1.3830,44.70,0.0260,1.674705
306700,38337,9.103125e-5,0.324850,1.3838,43.72,0.0270,1.680123
306800,38350,9.102539e-5,0.339638,1.4044,44.91,0.0271,1.784839
306900,38362,9.101996e-5,0.327346,1.3873,43.13,0.0270,1.723529
307000,38375,9.101408e-5,0.312702,1.3671,43.04,0.0273,1.621666
307100,38387,9.100865e-5,0.302267,1.3529,46.92,0.0305,1.580985
307200,38400,9.1002774e-5,0.325134,1.3842,43.68,0.0280,1.703703
307300,38412,9.0997346e-5,0.309263,1.3624,42.84,0.0275,1.603720
307400,38425,9.099147e-5,0.331087,1.3925,44.68,0.0280,1.735258
307500,38437,9.098604e-5,0.322887,1.3811,44.84,0.0270,1.691053
307600,38450,9.0980146e-5,0.324892,1.3839,44.17,0.0259,1.698245
307700,38462,9.097472e-5,0.325000,1.3840,42.76,0.0275,1.688552
307800,38475,9.0968824e-5,0.322757,1.3809,43.33,0.0275,1.681084
307900,38487,9.0963396e-5,0.329670,1.3905,44.72,0.0291,1.728989
308000,38500,9.09575e-5,0.326165,1.3856,44.58,0.0298,1.715348
308100,38512,9.095206e-5,0.334069,1.3966,48.75,0.0310,1.752256
308200,38525,9.094617e-5,0.323832,1.3824,43.78,0.0293,1.701952
308300,38537,9.094071e-5,0.302297,1.3530,43.58,0.0284,1.578579
308400,38550,9.093482e-5,0.317009,1.3730,42.73,0.0285,1.651537
308500,38562,9.0929374e-5,0.340400,1.4055,44.05,0.0275,1.765851
308600,38575,9.0923466e-5,0.322097,1.3800,44.10,0.0290,1.694179
308700,38587,9.091802e-5,0.340788,1.4061,42.33,0.0291,1.796179
308800,38600,9.0912115e-5,0.326906,1.3867,44.40,0.0285,1.707965
308900,38612,9.090666e-5,0.333793,1.3963,44.74,0.0277,1.741154
309000,38625,9.090075e-5,0.319018,1.3758,43.62,0.0258,1.671839
309100,38637,9.089529e-5,0.324053,1.3827,45.51,0.0334,1.690442
309200,38650,9.0889385e-5,0.318486,1.3750,44.74,0.0267,1.659862
309300,38662,9.088393e-5,0.323511,1.3820,43.23,0.0273,1.693980
309400,38675,9.0878006e-5,0.328934,1.3895,44.31,0.0269,1.709754
309500,38687,9.087255e-5,0.311528,1.3655,42.54,0.0284,1.620611
309600,38700,9.0866626e-5,0.309029,1.3621,43.72,0.0276,1.615462
309700,38712,9.086117e-5,0.326232,1.3857,41.80,0.0265,1.693078
309800,38725,9.085525e-5,0.326276,1.3858,39.27,0.0262,1.705052
309900,38737,9.0849775e-5,0.335952,1.3993,39.12,0.0258,1.755610
310000,38750,9.084385e-5,0.322417,1.3805,40.32,0.0258,1.701463
310100,38762,9.083838e-5,0.317042,1.3731,42.81,0.0282,1.653415
310200,38775,9.0832444e-5,0.330027,1.3910,39.61,0.0251,1.723296
310300,38787,9.082697e-5,0.329558,1.3904,39.25,0.0255,1.730363
310400,38800,9.0821035e-5,0.316729,1.3726,39.17,0.0263,1.652428
310500,38812,9.081556e-5,0.333739,1.3962,39.69,0.0246,1.753426
310600,38825,9.0809626e-5,0.321136,1.3787,39.23,0.0262,1.683612
310700,38837,9.0804155e-5,0.334403,1.3971,42.12,0.0253,1.744351
310800,38850,9.079822e-5,0.328199,1.3885,39.76,0.0257,1.718331
310900,38862,9.079273e-5,0.347900,1.4161,41.02,0.0245,1.827927
311000,38875,9.078678e-5,0.326005,1.3854,39.03,0.0244,1.687455
311100,38887,9.078131e-5,0.313061,1.3676,43.82,0.0274,1.618100
311200,38900,9.077536e-5,0.317650,1.3739,40.23,0.0268,1.657775
311300,38912,9.076987e-5,0.318233,1.3747,41.14,0.0255,1.670664
311400,38925,9.076392e-5,0.328853,1.3894,44.09,0.0285,1.720660
311500,38937,9.075843e-5,0.329646,1.3905,44.36,0.0287,1.713215
311600,38950,9.075248e-5,0.321754,1.3795,44.37,0.0278,1.681471
311700,38962,9.074698e-5,0.331805,1.3935,44.81,0.0277,1.734497
311800,38975,9.074103e-5,0.326903,1.3867,43.17,0.0277,1.688533
311900,38987,9.073553e-5,0.326899,1.3867,45.66,0.0303,1.700119
312000,39000,9.072956e-5,0.323993,1.3826,46.60,0.0273,1.684187
312100,39012,9.072406e-5,0.320534,1.3779,50.25,0.0315,1.674533
312200,39025,9.071811e-5,0.321134,1.3787,64.66,0.0381,1.661761
312300,39037,9.0712594e-5,0.341556,1.4071,59.55,0.0346,1.786611
312400,39050,9.070664e-5,0.320443,1.3777,45.40,0.0303,1.675255
312500,39062,9.070113e-5,0.328218,1.3885,46.83,0.0282,1.711123
312600,39075,9.069516e-5,0.309099,1.3622,44.23,0.0300,1.613669
312700,39087,9.068966e-5,0.326187,1.3857,45.55,0.0281,1.712040
312800,39100,9.068368e-5,0.307970,1.3607,44.25,0.0304,1.600272
312900,39112,9.0678164e-5,0.308683,1.3616,46.17,0.0297,1.621359
313000,39125,9.067218e-5,0.328116,1.3883,46.25,0.0306,1.722389
313100,39137,9.066667e-5,0.314477,1.3695,52.63,0.0336,1.626970
313200,39150,9.06607e-5,0.326646,1.3863,45.65,0.0303,1.713470
313300,39162,9.065517e-5,0.335888,1.3992,44.87,0.0277,1.764661
313400,39175,9.064919e-5,0.320950,1.3784,44.20,0.0295,1.685166
313500,39187,9.0643676e-5,0.318840,1.3755,44.10,0.0293,1.674387
313600,39200,9.0637695e-5,0.335844,1.3991,44.13,0.0297,1.763553
313700,39212,9.0632166e-5,0.327031,1.3868,45.57,0.0298,1.708419
313800,39225,9.0626185e-5,0.317496,1.3737,43.83,0.0279,1.657806
313900,39237,9.0620655e-5,0.325381,1.3846,45.32,0.0276,1.700145
314000,39250,9.061466e-5,0.317637,1.3739,46.03,0.0282,1.642163
